32,0,167,-32.491
28,0,63,-32.4127
24,0,170,-32.5294
22,0,175,-32.8457
22,0,161,-32.3975
20,0,124,-33
20,0,156,-32.8846
20,0,68,-32.9265
21,0,158,-32.7215
24,0,161,-32.7888
20,0,84,-32.7143
22,0,81,-32.7654
39,0,168,-32.369
43,0,141,-32.0496
45,0,93,-31.5591
28,0,174,-32.4368
23,0,171,-32.6199
36,0,57,-32.3333
33,0,169,-32.6746
32,0,52,-30.8462
24,0,151,-32.404
29,0,157,-32.6815
37,0,81,-32.3457
24,0,163,-32.8528
36,0,197,-32.5178
24,0,84,-32.2619
31,0,135,-32.5926
27,0,169,-32.9408
26,0,177,-32.6667
31,0,61,-32.2623
27,0,170,-32.4941
22,0,67,-32.6119
34,0,171,-32.807
24,0,86,-32.407
26,0,30,-31.4333
25,0,169,-32.7811
41,0,181,-32.5912
29,0,145,-32.8069
37,0,75,-31.5467
30,0,146,-32.6301
31,0,168,-32.7202
38,0,162,-32.642
24,0,53,-32.0943
36,0,81,-32.5926
61,0,194,-32.2784
37,0,166,-32.6627
24,0,163,-32.8466
37,0,180,-32.6
26,0,51,-32.3529
22,0,145,-32.6621
21,0,175,-32.6629
21,0,43,-31.1163
45,0,99,-31.5253
22,0,132,-32.5833
20,0,29,-32.5172
22,0,179,-32.7318
21,0,159,-32.9182
20,0,162,-32.9259
38,0,172,-32.5756
37,0,197,-32.4569
23,0,171,-32.6374
46,0,80,-32.5125
24,0,164,-32.8293
23,0,148,-32.8446
23,0,104,-32.0577
45,0,167,-32.2695
34,0,93,-32.5161
21,0,134,-33
25,0,153,-32.6405
21,0,115,-32.687
41,0,173,-32.1272
26,0,34,-31.7647
25,0,162,-32.4321
34,0,146,-32.2603
41,0,180,-32.4611
21,0,158,-32.6772
24,0,90,-32.4222
48,0,164,-32.1524
25,0,187,-32.5936
39,0,150,-32.5
44,0,173,-32.3584
31,0,153,-32.4052
27,0,58,-32.569
23,0,150,-32.2067
22,0,149,-32.7584
22,0,163,-32.6503
21,0,147,-32.6463
31,0,166,-32.5241
41,0,167,-32.5868
31,0,199,-32.6734
23,0,130,-32.8308
40,0,156,-32.4551
34,0,92,-32.2174
30,0,155,-32.7419
20,0,144,-32.5278
20,0,36,-33
35,0,154,-32.5714
26,0,134,-32.694
38,0,104,-32.8077
28,0,35,-32.5143
30,0,82,-32.5
29,0,40,-31.65
33,0,68,-32.0882
23,0,28,-30.7143
24,0,57,-32.2456
22,0,155,-32.8452
40,0,81,-32.0247
27,0,36,-31.7222
22,0,60,-32.3833
20,0,92,-32.9565
24,0,156,-32.8269
39,0,165,-32.6242
23,0,174,-32.4195
30,0,153,-32.9216
23,0,77,-32.013
22,0,61,-32.0656
33,0,86,-32.0233
23,0,162,-32.679
31,0,178,-32.4213
45,0,100,-32.04
26,0,149,-32.6376
26,0,89,-32.4494
22,0,147,-32.5986
26,0,62,-32
25,0,150,-32.5267
36,0,78,-32.9487
26,0,146,-32.7055
36,0,190,-32.5632
22,0,155,-32.6258
29,0,82,-32.5732
33,0,110,-32.7455
21,0,128,-32.75
21,0,165,-32.7515
24,0,153,-32.8497
42,0,85,-32.6706
22,0,180,-32.5333
27,0,71,-32.3944
27,0,90,-32.2111
21,0,117,-32.6923
27,0,115,-32.9913
30,0,172,-32.436
32,0,159,-32.5472
20,0,68,-32.5147
25,0,160,-32.8125
26,0,79,-32.9367
40,0,187,-32.4439
22,0,38,-32.1842
40,0,91,-32.4176
28,0,165,-32.897
53,0,192,-32.599
33,0,88,-32.4773
24,0,76,-32.0526
26,0,49,-32.4898
22,0,75,-32.1733
24,0,35,-31.7429
20,0,73,-32.6849
20,0,90,-32.7889
22,0,69,-32.058
54,0,185,-32.3514
25,0,77,-32.5195
38,0,86,-31.9535
25,0,82,-32.878
42,0,93,-32.5161
21,0,285,-32.7158
23,0,42,-32.1905
29,0,169,-32.5976
21,0,46,-32.5217
30,0,156,-32.7564
34,0,114,-32.1053
26,0,139,-32.1511
26,0,106,-32.5283
20,0,139,-32.7194
26,0,72,-32.4306
22,0,169,-32.7101
20,0,154,-32.2857
35,0,139,-32.5396
22,0,156,-32.8013
27,0,164,-32.9329
29,0,164,-32.7927
29,0,85,-31.7059
32,0,137,-32.4526
34,0,179,-32.743
30,0,148,-32.5473
23,0,132,-32.447
41,0,185,-32.8054
49,0,98,-31.9184
30,0,94,-32.4787
30,0,98,-32.4694
29,0,128,-32.8828
28,0,150,-32.54
38,0,94,-32.1489
30,0,149,-32.8456
30,0,148,-32.8581
58,0,178,-32.0899
27,9,55,-32.7455
28,0,75,-32.4267
62,0,187,-32.2781
24,0,47,-31.5745
33,0,177,-32.6497
44,0,187,-32.4973
24,0,49,-32.2857
35,0,57,-31.8596
35,0,44,-31.1818
21,2,75,-32.4667
26,4,144,-32.7292
31,0,155,-32.7935
51,0,84,-32.0833
20,0,86,-32.9767
27,0,84,-32.4524
60,0,113,-32.2212
34,0,50,-31.74
27,0,33,-32.8182
22,10,121,-32.595
34,0,63,-31.7778
40,0,145,-32.3931
30,0,64,-31.6094
40,0,98,-32.5
29,3,145,-32.5448
43,0,176,-32.7727
47,0,188,-32.5798
36,0,148,-32.2365
36,0,167,-32.8683
40,0,95,-32.4947
56,0,108,-31.787
43,0,444,-32.6532
46,2,156,-32.4615
24,0,145,-32.5724
50,0,183,-32.5956
42,0,149,-32.4966
25,0,152,-32.8947
48,0,186,-32.7903
32,0,73,-32.3699
20,0,26,-31.5769
25,0,27,-32.1111
45,0,184,-32.2935
38,5,75,-32.4933
20,0,160,-32.4813
35,0,189,-32.2963
33,0,70,-32.0571
21,0,152,-32.6842
33,0,80,-32.6375
64,0,188,-31.8511
38,0,103,-32.1068
22,0,190,-32.6211
27,9,68,-32.5735
36,0,146,-32.5616
21,1,84,-32.6905
28,0,80,-32.85
20,0,103,-33
31,0,70,-31.8143
22,0,72,-31.8611
22,0,80,-32.6375
22,0,149,-32.7517
23,0,130,-32.5846
23,0,151,-32.5563
24,15,37,-32.1351
25,0,124,-32.5565
24,0,104,-32.9519
35,0,100,-32.76
23,0,77,-32.1039
41,0,91,-32.1978
20,0,182,-32.6813
29,0,151,-32.7616
20,0,134,-32.2687
21,0,168,-32.994
20,0,72,-32.4444
29,0,95,-32.0632
21,0,103,-32.767
28,0,167,-32.4431
29,0,170,-32.5235
21,0,78,-33
21,0,170,-32.7706
21,0,164,-32.7866
24,0,149,-32.9128
23,0,122,-32.2623
46,0,171,-32.2398
42,0,103,-32.5146
43,0,169,-32.7278
26,0,46,-32.1087
21,0,90,-32.3778
29,0,68,-32.6176
25,0,157,-32.6242
20,0,179,-32.6034
20,0,180,-32.8611
24,0,158,-32.1203
20,0,96,-32.5521
21,0,132,-32.7424
20,0,84,-32.9167
20,0,163,-32.589
20,0,157,-32.9363
34,0,169,-32.7574
25,0,175,-32.44
32,0,99,-31.9091
25,0,83,-32
42,0,164,-32.6829
33,0,93,-32.4731
39,0,170,-32.3882
27,0,187,-32.6471
28,0,151,-32.5629
28,0,161,-32.7019
24,0,168,-32.9048
23,0,129,-32.6667
21,0,98,-33
20,0,150,-32.76
25,0,173,-32.815
32,0,161,-32.7143
40,0,182,-32.6703
21,0,147,-32.6599
37,0,147,-32.6803
21,0,149,-32.906
20,0,153,-32.6275
42,0,160,-32.4125
25,0,91,-32.2527
23,0,157,-32.4968
20,0,80,-32.175
25,0,182,-32.5549
42,0,167,-32.5269
27,0,163,-32.8037
31,0,180,-32.3444
29,0,81,-31.5185
41,0,166,-32.4277
39,0,124,-32.7984
23,20,30,-32.1667
23,0,156,-32.4936
20,4,34,-32.0588
20,12,27,-32
48,0,177,-32.4124
64,0,178,-31.6236
35,0,177,-32.5141
32,7,76,-32.3158
40,0,109,-32.156
33,0,169,-32.4201
30,0,196,-32.4949
30,0,164,-32.6646
23,0,31,-31.9677
35,0,92,-32.3696
42,0,153,-32.3987
28,0,173,-32.7746
29,0,165,-32.4909
20,0,107,-32.4953
37,0,181,-32.2652
24,0,161,-32.8882
28,0,149,-32.5906
29,0,163,-32.7055
38,0,82,-32.4268
26,0,163,-32.9141
24,0,175,-32.6914
22,0,66,-32.4091
39,0,152,-32.6447
46,0,178,-32.1517
33,0,100,-32.73
30,0,158,-32.5823
24,0,164,-32.7256
23,0,179,-32.6927
37,0,94,-31.9043
37,0,168,-32.6012
28,0,105,-32.9429
25,0,156,-32.7115
46,0,160,-32.5438
27,0,166,-32.8554
36,0,158,-32.7722
50,0,115,-32.3304
25,0,147,-32.6803
29,8,70,-32.6
43,0,197,-32.8528
28,0,144,-32.5139
38,0,180,-32.0722
20,0,70,-31.9429
22,0,156,-32.8654
21,1,156,-32.9103
30,0,154,-32.7338
29,0,85,-31.9176
20,21,35,-32.3714
31,0,78,-32.4231
22,0,157,-32.6943
36,12,72,-32.2778
20,0,134,-32.9104
40,0,85,-32.2118
24,0,172,-32.4884
21,0,40,-32.375
26,0,153,-32.7843
24,0,44,-31.7273
20,0,153,-32.8301
25,6,64,-32.5469
20,0,151,-32.8742
44,0,94,-32.2553
33,0,157,-32.9108
36,0,145,-32.7724
35,0,161,-32.5901
48,0,149,-32.3087
33,0,167,-32.5928
30,0,87,-32.6207
39,0,168,-32.6488
25,0,166,-32.6084
21,0,164,-32.439
20,0,81,-32.4444
28,0,159,-32.522
28,0,173,-32.8728
39,0,136,-32.75
37,0,171,-32.5322
33,0,188,-32.4681
32,0,83,-32.4217
20,0,140,-32.6929
32,0,160,-32.6375
27,0,152,-32.8882
26,0,168,-32.75
36,8,164,-32.6037
21,0,179,-32.7709
26,0,78,-32.3333
29,0,146,-32.1164
20,60,26,-31.8077
46,0,124,-31.9355
30,0,75,-32.8267
30,0,87,-32.4138
52,0,183,-32.3115
34,0,174,-32.4943
49,0,175,-32.5314
28,5,160,-32.175
35,0,181,-32.8287
20,1,145,-32.7103
30,0,135,-32.9407
39,0,153,-32.5359
31,0,154,-32.4351
39,0,199,-32.0955
39,0,177,-32.6328
40,0,174,-32.4023
29,0,158,-32.4873
37,0,177,-32.904
30,0,171,-32.614
38,0,254,-32.4291
23,2,164,-32.5854
27,9,161,-32.6273
21,0,175,-32.4229
25,0,149,-32.349
27,0,82,-32.439
34,9,184,-32.6685
46,0,162,-32.4136
43,0,161,-32.323
21,0,152,-32.5526
26,0,161,-32.7143
28,0,153,-32.8105
43,0,162,-32.4568
25,0,162,-32.5123
29,0,164,-32.5549
38,0,151,-32.6556
35,0,154,-32.8571
20,1,154,-32.6818
23,0,179,-32.6257
23,0,167,-32.7006
50,0,163,-32.3497
28,0,186,-32.6237
42,0,185,-32.7676
21,0,146,-32.4932
52,0,162,-32.3272
29,0,85,-32.6235
37,0,186,-32.4301
43,0,162,-32.4753
34,0,78,-31.8462
20,0,173,-32.5318
20,0,144,-32.3958
32,9,181,-32.8785
22,0,88,-32.8068
42,0,186,-32.3495
27,0,185,-32.6054
30,0,106,-32.7075
21,0,168,-32.7381
32,0,156,-32.1795
27,0,162,-32.7716
21,2,155,-32.529
21,2,76,-32.7237
24,0,163,-32.362
24,0,163,-32.6626
21,0,154,-32.4935
49,0,167,-32.6048
36,0,157,-32.6497
26,0,89,-32.5056
25,0,170,-32.5765
29,0,126,-32.9841
25,0,163,-32.7791
22,0,99,-32.2929
27,0,85,-32.6353
21,0,160,-32.7938
24,0,86,-32.6977
32,0,164,-32.7561
28,0,171,-32.6491
30,0,132,-32.2121
25,0,166,-32.8313
22,0,158,-32.7722
28,0,165,-32.4
21,0,74,-32.6892
41,0,148,-32.4527
21,0,80,-32.4375
21,0,115,-32.6348
25,0,143,-32.7063
21,0,158,-32.7911
20,0,120,-32.8333
27,0,182,-32.3187
43,0,182,-32.0385
22,0,74,-32.2027
23,0,148,-32.8108
33,0,173,-32.6705
20,0,133,-32.6842
20,0,166,-32.5181
21,0,30,-31.3333
28,0,92,-32.413
23,0,79,-32.7595
28,0,157,-32.242
28,0,62,-32.7258
30,0,154,-32.5779
54,0,108,-32.0926
22,0,137,-32.6277
22,0,156,-32.7372
30,0,143,-32.5175
28,0,155,-32.2323
21,0,169,-32.8402
22,0,196,-32.1684
23,0,56,-32.1429
23,0,36,-31.9444
20,0,28,-32.1786
24,0,142,-32.6197
39,0,150,-32.1667
35,0,186,-32.828
35,0,167,-32.8922
27,0,55,-31.9273
28,0,83,-32.7108
24,0,72,-32.7639
21,0,163,-32.8098
28,0,149,-32.7651
32,0,81,-32.0247
36,0,58,-32.0517
20,0,154,-32.8831
37,0,170,-32.6235
20,0,35,-31.6
28,0,180,-32.3389
36,0,316,-32.3766
21,0,81,-32.0494
33,0,48,-31.9167
32,0,151,-32.5099
29,0,158,-32.8291
20,0,69,-32.2609
52,0,346,-32.6243
25,0,89,-32.3483
23,0,55,-31.9091
24,0,143,-32.6783
21,0,95,-32.4526
22,0,78,-32.8846
21,0,129,-32.7442
36,0,78,-32.6026
33,0,145,-32.869
29,0,167,-32.4311
24,0,75,-32.3733
22,0,79,-31.6962
28,0,144,-32.6181
25,0,152,-32.7697
23,0,55,-32.4727
41,0,162,-32.0185
20,0,129,-32.8992
27,0,173,-32.5665
48,0,102,-32.098
23,0,30,-33
29,0,69,-32.1884
22,0,140,-32.8714
29,0,102,-32.1765
22,0,157,-32.7261
27,0,99,-32.6364
22,0,153,-32.5752
24,0,65,-31.4923
24,0,86,-32.5814
25,0,149,-32.3826
25,0,78,-32.6667
35,0,178,-32.7303
50,0,173,-32.5376
21,0,65,-32.9077
29,0,73,-32.137
34,0,84,-32.3452
31,0,93,-31.9462
24,0,44,-32.4091
22,0,46,-32.087
34,0,90,-32.3778
43,0,172,-32.436
29,0,173,-32.7052
22,0,130,-32.7769
20,0,152,-32.5592
54,0,178,-32.073
40,0,99,-32.0303
30,0,80,-31.7625
23,0,64,-31.8125
30,0,86,-32.2442
22,0,155,-32.6839
36,0,164,-32.4878
21,0,35,-32.8
24,0,167,-32.8862
21,0,121,-32.7355
20,0,149,-32.5772
25,0,156,-32.641
38,0,160,-32.625
21,0,101,-32.9307
24,0,155,-32.4
22,0,160,-32.5688
33,0,56,-32.1429
22,0,102,-32.2451
35,0,84,-32.8571
24,0,92,-32.7283
33,0,88,-31.9091
37,0,88,-32.4432
31,0,106,-32.3679
47,0,142,-32.669
25,0,184,-32.7174
30,0,169,-32.3846
26,0,162,-32.9383
34,0,166,-32.759
35,0,180,-32.3444
39,0,82,-32.7439
20,0,170,-32.5
23,0,91,-32.6813
29,0,179,-32.7765
20,0,76,-32.5921
25,0,155,-32.4645
38,0,176,-32.4034
39,0,96,-31.4583
51,0,98,-32.0306
21,0,139,-32.2446
22,0,159,-32.8553
23,0,122,-32.5246
30,0,142,-32.4789
22,0,152,-32.6908
27,0,153,-32.8758
40,0,166,-32.4157
37,0,85,-32.1882
29,0,106,-32.6604
31,0,157,-32.8089
23,0,153,-32.0784
50,0,174,-32.1494
26,0,157,-32.2866
36,0,169,-32.3964
22,0,156,-32.891
27,0,143,-32.6643
64,0,165,-32.5273
32,0,155,-32.7677
33,0,154,-32.474
34,0,175,-32.6914
39,0,77,-31.8571
33,0,192,-32.6562
33,0,179,-32.1955
26,0,71,-31.6197
44,0,95,-32.4211
27,0,176,-32.9773
56,0,179,-32.0894
28,0,140,-32.6286
25,0,53,-31.8491
37,0,90,-32.3778
26,0,36,-32.2222
23,0,80,-32.1125
23,0,125,-32.872
24,0,46,-32.4348
22,0,142,-32.8732
27,0,90,-32.0444
21,0,65,-32.7231
28,0,162,-32.7346
25,0,125,-32.4
26,0,76,-32.4211
30,0,63,-32.1587
25,0,28,-31.1786
20,0,158,-32.6519
38,0,92,-31.9674
21,0,160,-32.6375
23,0,143,-32.9231
31,0,171,-32.5848
25,0,162,-32.7099
39,0,164,-32.7378
30,0,189,-32.5238
35,0,156,-32.1538
40,0,180,-32.4722
37,0,156,-32.6154
39,0,80,-32.475
20,0,143,-32.5594
33,0,148,-32.8986
30,0,233,-32.721
45,0,86,-32.6744
20,0,144,-32.9514
31,0,166,-32.2651
27,0,161,-32.7516
28,0,80,-32.875
26,0,137,-32.5328
20,0,149,-32.5034
28,0,76,-32.7368
27,0,145,-32.4
34,0,95,-31.9579
33,0,80,-31.9625
30,0,172,-32.4942
31,0,144,-32.5625
20,0,56,-32.25
31,0,304,-32.7434
52,0,106,-32.066
21,0,104,-32.1731
21,0,153,-32.3595
28,0,166,-32.4518
50,0,142,-32.1549
44,0,112,-32.5893
37,0,161,-32.5652
39,0,146,-32.5
32,0,82,-32.3049
29,0,76,-32.3421
20,0,68,-31.9706
34,0,175,-31.9943
34,0,85,-32.4118
35,0,76,-32.6053
21,0,174,-32.9253
32,0,146,-32.6644
30,0,166,-31.7952
26,0,94,-32.8511
20,0,119,-32.7563
40,0,179,-32.3464
25,0,91,-32.1319
24,0,82,-32.4146
27,0,175,-32.6343
29,0,141,-32.3901
26,0,117,-32.6667
27,0,90,-32.3222
36,0,89,-32.5506
38,0,99,-32.3838
20,0,148,-32.8716
28,0,164,-32.3171
25,0,175,-32.6629
32,0,82,-32
35,0,168,-32.3512
51,0,119,-32.4538
30,0,102,-32.4216
45,0,167,-32.3174
28,0,141,-32.922
42,0,161,-32.5776
29,0,173,-32.4162
35,0,180,-32.3667
39,0,169,-32.568
40,0,170,-31.9294
40,0,158,-32.6013
22,0,150,-31.6667
22,0,149,-32.7315
22,0,154,-32.6234
26,0,155,-32.5742
37,0,172,-32.4535
20,0,123,-32.9512
50,0,189,-32.6085
27,0,167,-32.5749
32,0,171,-32.4327
24,0,73,-32.5753
27,0,77,-32.2727
29,0,176,-32.625
27,0,84,-32.131
30,0,181,-32.2652
24,0,132,-33
24,0,168,-32.7798
35,0,144,-32.5139
24,0,148,-32.6824
20,0,138,-32.6304
25,0,159,-32.5283
25,0,146,-32.6233
24,0,147,-32.8027
20,0,151,-32.6887
20,0,150,-32.3133
22,0,160,-32.7188
20,0,160,-32.7875
37,0,101,-32.2277
22,0,160,-32.45
22,0,90,-32.9778
24,0,174,-32.7356
25,0,176,-32.5398
44,0,177,-32.0791
33,0,172,-32.4128
46,0,106,-32.434
25,0,83,-32.4096
24,0,98,-32.5612
27,0,156,-32.3846
21,0,176,-32.3977
50,0,161,-32.0994
20,0,158,-32.4937
38,0,86,-31.907
39,0,173,-32.3526
23,0,60,-32.5833
22,0,162,-32.679
31,0,77,-32.5844
29,0,139,-32.4532
26,0,68,-32.0588
29,0,165,-32.1212
23,0,168,-32.5238
20,0,70,-31.5429
24,0,32,-32.6562
31,0,159,-32.5409
20,0,138,-32.9638
21,0,162,-32.8519
21,0,145,-32.7931
20,0,133,-32.6316
39,0,181,-32.326
22,0,164,-32.5732
51,0,89,-32.5618
24,0,174,-32.7931
33,0,181,-32.4365
23,0,78,-32.4231
29,0,134,-32.5522
38,0,58,-32.5862
39,0,180,-32.4333
22,0,83,-32.6265
22,0,168,-32.494
57,0,208,-32.4808
30,0,159,-32.6478
37,0,95,-31.9895
26,0,90,-32.8
26,0,179,-32.838
25,0,97,-32.6495
24,0,159,-32.6667
23,0,89,-32.5506
39,0,172,-32.6453
21,0,153,-32.4641
47,0,174,-32.3046
30,0,88,-32.7614
24,0,299,-32.786
23,0,185,-32.9405
54,0,124,-32.0887
22,0,133,-32.7143
20,0,166,-32.9639
34,0,171,-32.4386
20,0,166,-32.7048
21,0,137,-32.4891
24,0,93,-32.7634
22,0,190,-32.7211
28,0,186,-32.6183
38,0,107,-32.5794
23,0,161,-32.3665
26,0,142,-32.7183
30,0,79,-32.7468
36,0,98,-32.6633
33,0,156,-32.7949
20,0,163,-32.6503
25,0,163,-32.8282
31,0,147,-32.517
43,0,197,-32.7462
23,0,170,-32.5706
20,0,39,-32.5128
21,0,151,-32.4834
23,0,169,-32.5799
21,0,177,-32.5763
20,0,140,-32.6071
41,0,115,-32.1826
34,0,203,-32.4828
29,0,147,-32.6054
31,0,187,-32.6524
27,0,178,-32.3315
36,0,156,-32.4679
55,0,180,-32.3556
21,0,188,-32.2713
23,0,136,-32.8529
31,0,104,-32.1538
22,0,149,-32.6779
20,0,69,-32.6087
26,0,121,-32.2479
20,0,166,-32.7892
35,0,108,-32.6944
22,0,166,-32.8373
28,0,170,-32.5824
22,0,180,-32.5889
22,0,163,-32.638
49,0,184,-32.6685
20,0,161,-32.8509
25,0,103,-32.4951
38,0,150,-32.64
21,0,112,-32.2143
23,0,112,-32.4286
24,0,139,-32.6619
26,0,164,-32.6341
22,1,33,-31.0303
21,0,97,-32.3918
21,0,165,-32.9273
33,0,177,-32.3898
27,0,185,-32.7405
42,0,167,-32.4311
21,0,162,-32.7099
31,0,112,-32.7857
31,0,95,-32.0421
20,0,76,-32.2632
26,0,145,-32.3586
23,0,89,-32.4831
27,0,158,-32.6266
21,0,179,-32.6425
26,2,150,-32.9533
25,3,153,-32.5621
21,0,177,-32.5085
23,0,155,-32.9355
32,0,88,-32.2273
21,0,171,-32.5205
38,10,89,-32.573
39,0,168,-32.3036
26,2,157,-32.8408
43,2,111,-32.009
27,3,143,-32.6014
20,0,117,-32.9915
23,3,148,-32.7568
22,12,160,-32.775
21,17,151,-32.8212
22,30,34,-31.5294
36,0,112,-32.4911
28,0,83,-32.1084
25,0,147,-32.6531
27,18,153,-32.4444
29,57,143,-32.9371
24,2,153,-32.7451
26,47,45,-31.9111
26,7,82,-32.3659
23,2,154,-32.4351
20,1,127,-32.5039
20,1,147,-32.7551
23,31,37,-32
38,0,284,-32.5352
22,2,90,-32.7556
20,6,70,-32.9
32,38,48,-32.1667
23,0,178,-32.9551
20,0,125,-32.864
25,0,168,-32.8333
40,0,103,-32.4272
32,0,157,-32.3312
45,0,156,-32.4295
58,0,111,-32.2793
21,0,196,-32.7041
41,0,169,-32.2071
23,12,79,-32.6076
26,36,31,-30.7742
22,0,147,-32.9456
56,0,185,-32.4541
20,0,116,-32.6638
37,0,106,-32.0943
24,0,110,-32.6
46,0,170,-32.6647
37,0,178,-32.4213
32,0,127,-32.2441
32,0,77,-31.8961
22,0,81,-32.3333
53,0,107,-31.5981
32,0,164,-32.4939
50,0,100,-31.83
34,0,188,-32.633
35,0,97,-32.4948
36,0,159,-32.761
29,0,154,-32.6753
27,0,138,-32.6159
24,0,184,-32.9293
46,0,97,-32.3196
23,0,179,-32.9665
22,0,174,-32.5747
28,0,151,-32.6424
20,60,28,-32
47,0,101,-31.8416
53,0,156,-31.9231
38,0,149,-32.6242
25,3,34,-32.2941
26,0,96,-32.3021
27,0,77,-32.4156
22,0,113,-32.9115
20,0,161,-32.4658
36,0,151,-32.6556
22,0,53,-32.4717
31,0,86,-32.8953
39,0,160,-32.55
27,0,37,-31.5946
37,0,174,-32.4828
32,0,173,-32.5896
23,0,60,-32.4333
23,0,150,-32.8867
26,0,171,-32.1228
27,0,46,-33
26,0,187,-32.8663
39,0,131,-32.2824
54,0,104,-31.9423
33,0,160,-32.525
26,0,184,-32.7283
27,0,150,-32.8533
42,0,174,-32.523
27,0,163,-32.5828
40,0,177,-32.6328
26,0,56,-32.8929
24,0,142,-32.9085
37,0,173,-32.6127
36,0,89,-32.3371
27,0,66,-31.7879
29,0,91,-32.7253
28,0,128,-32.7422
41,0,96,-32.2083
20,0,186,-32.8011
32,0,159,-32.6541
23,0,208,-32.875
46,0,186,-32.3548
22,0,164,-32.8902
24,0,182,-32.7912
24,0,164,-32.5976
32,0,69,-32.5217
36,0,77,-31.961
33,0,94,-32.3191
39,0,179,-32.6648
37,0,160,-32.7125
23,0,84,-32.5
23,0,79,-32.6835
23,0,177,-32.435
33,0,178,-32.4663
26,0,170,-32.7059
31,0,83,-32.3373
22,0,31,-32.1935
45,0,164,-32.2622
21,0,163,-32.8098
55,0,158,-32.0443
30,0,213,-32.8169
25,0,166,-32.8133
31,0,186,-32.7043
22,0,28,-31.3214
31,0,145,-32.5793
26,0,136,-32.9706
28,0,36,-32.3056
36,0,151,-32.4371
46,0,131,-32.6489
37,0,149,-32.6174
23,0,67,-32.4627
31,0,161,-32.6149
27,0,164,-32.7073
33,0,172,-32.7209
50,0,162,-32.0802
24,0,54,-31.6481
22,0,62,-32.5161
24,0,92,-32.6957
20,0,120,-32.9083
34,0,92,-32.3152
22,0,173,-32.6763
40,0,177,-32.7514
52,0,175,-32.6171
25,0,103,-32.6602
32,0,82,-32.3902
24,0,125,-32.608
38,0,167,-32.485
22,0,148,-32.8176
25,0,53,-32.1887
25,0,67,-32.7463
20,0,170,-32.6353
27,0,76,-32.3684
44,0,163,-32.6748
22,0,67,-32.6567
25,0,119,-32.5798
20,0,110,-32.8364
21,0,73,-32.2055
28,0,170,-32.6294
23,0,124,-32.5484
32,0,194,-32.5412
51,0,102,-31.9608
38,0,181,-32.3812
24,0,107,-32.3364
25,0,82,-32.6341
32,0,86,-32.6279
31,0,151,-32.5364
37,0,92,-32.4239
21,0,163,-32.9387
24,0,147,-32.8367
25,0,186,-32.4355
25,0,137,-32.562
56,0,326,-32.7025
51,0,182,-32.4121
33,0,97,-32.2784
21,60,34,-31.0882
26,0,76,-32.7368
21,0,125,-32.744
25,0,181,-32.8398
30,0,159,-32.6101
37,0,155,-32.4774
21,0,116,-32.8707
25,0,164,-32.7378
37,0,144,-32.0625
44,0,168,-32.4821
26,0,45,-32.0667
28,0,182,-32.8352
25,0,159,-32.3333
25,60,43,-33
24,56,50,-32.34
28,2,134,-32.7313
42,0,110,-32.4636
33,3,191,-32.6126
24,0,134,-32.7761
20,0,75,-32.4267
26,0,59,-32.5085
26,60,69,-32.3188
31,0,161,-32.7391
29,24,57,-32.4912
34,0,58,-32.5862
20,0,69,-32.8696
27,0,163,-32.7178
22,0,132,-32.5606
46,0,99,-32.5758
22,0,130,-32.7923
37,0,147,-32.1973
36,0,108,-32.5833
28,0,112,-32.9554
43,0,95,-32.2211
20,0,75,-32.6267
22,0,123,-32.7561
58,0,119,-32.0672
26,0,110,-32.4364
29,0,131,-32.4809
29,5,141,-32.6809
26,0,40,-32.325
30,0,161,-32.5404
45,0,90,-31.7444
22,0,29,-32.6897
28,0,148,-32.6689
25,3,97,-32.1237
20,0,84,-32.2381
25,0,91,-32.5714
32,0,110,-32.6364
52,0,103,-31.165
23,0,36,-32
23,0,70,-32.6429
26,0,69,-32.6232
25,0,138,-32.5725
35,0,141,-32.4397
25,0,162,-32.7654
47,0,170,-32.1941
36,0,134,-32.5597
22,0,54,-32.6852
20,0,52,-32.4423
29,0,145,-32.669
22,9,50,-32.58
32,0,162,-32.5309
20,0,151,-32.7219
22,0,150,-32.9533
25,0,96,-32.7292
35,0,161,-32.118
28,0,139,-32.8345
21,0,158,-32.6456
23,46,55,-32.2545
35,0,96,-32.1771
33,0,160,-32.3438
44,0,90,-32.1556
20,0,56,-32.4286
31,0,150,-32.7333
32,0,81,-32.3333
24,40,43,-32.186
24,0,155,-32.671
43,0,87,-31.9885
27,12,140,-32.7071
35,0,167,-32.2695
23,60,29,-31.9655
40,0,191,-32.6754
33,2,162,-32.6173
22,0,164,-32.8841
21,12,39,-32.7436
24,5,89,-32.7978
31,0,175,-32.8743
34,0,143,-32.4895
22,24,39,-32.5385
27,0,189,-32.709
20,10,145,-32.9172
23,2,43,-32.1628
26,0,90,-32.7333
37,0,96,-32.5625
26,0,90,-32.4222
20,37,168,-32.6548
51,0,157,-32.6178
27,0,95,-32.4842
25,35,140,-32.7357
26,0,172,-32.5988
22,0,80,-32.0375
29,0,85,-32.3882
21,0,82,-32.3902
32,0,80,-32.2875
20,0,125,-33
39,0,150,-32.4867
21,0,106,-32.2925
22,0,117,-32.5897
22,0,148,-32.6824
24,0,64,-32.9844
27,0,166,-32.4157
25,0,153,-32.8431
24,0,95,-32.8211
35,0,107,-32.5607
33,0,95,-32.4
36,0,107,-32.2336
26,0,140,-32.75
21,0,186,-32.914
25,0,186,-32.8925
30,0,175,-32.6514
24,0,156,-32.5064
37,0,139,-32.1367
25,0,177,-32.7006
22,0,153,-32.7908
38,0,171,-32.345
32,0,194,-32.6701
36,0,52,-31.9808
24,0,165,-32.8182
20,0,29,-31.7586
25,0,114,-32.4298
40,0,188,-32.2553
28,0,42,-31.5476
42,0,183,-32.6831
38,0,99,-32.4646
29,0,168,-32.5
34,0,198,-32.7121
30,0,98,-32.6429
47,0,86,-31.9651
40,0,96,-32.2604
22,0,165,-32.8061
27,0,139,-32.6259
40,0,163,-32.362
27,0,75,-32.2133
65,0,107,-32.1495
53,0,83,-31.3614
67,0,97,-31.5567
41,0,106,-32.3396
43,0,74,-32.3784
43,0,179,-32.5531
22,0,170,-32.8294
36,0,101,-32.4851
39,0,80,-32.175
32,0,76,-32.6842
26,0,164,-32.5061
22,0,148,-32.7973
25,0,62,-32.6129
23,0,163,-32.6748
69,0,106,-31.5377
46,0,178,-32.9719
27,0,177,-32.4068
22,0,125,-32.568
32,0,88,-32.7273
30,0,51,-32.5098
33,0,54,-31.9815
28,0,91,-32.8132
31,0,183,-32.8087
22,0,39,-32
26,0,60,-32.6667
46,0,157,-32.5159
26,0,86,-32.4302
42,0,149,-32.7584
24,0,152,-32.7303
27,0,91,-32.2637
36,0,137,-32.708
26,0,76,-32.3289
22,0,165,-32.7091
24,0,154,-32.6494
23,0,154,-32.6688
37,0,138,-32.2899
33,0,96,-32.1042
23,0,154,-32.3701
24,0,153,-32.5294
25,0,46,-32.5435
25,0,79,-32.038
41,0,72,-32.375
61,0,166,-32.506
46,0,152,-32.8553
35,0,160,-32.7625
23,0,150,-32.52
37,0,90,-32.4889
26,0,137,-32.2555
27,0,74,-32.3243
21,0,137,-32.4891
24,0,162,-32.9074
49,0,191,-32.2199
26,0,152,-32.6184
20,0,48,-31.9167
22,0,172,-32.7267
20,0,151,-32.7616
51,0,85,-31.9294
21,0,144,-32.6875
38,0,86,-32.0233
38,0,88,-31.6705
68,0,181,-32.4254
20,0,147,-32.6259
39,0,164,-32.5915
33,10,78,-31.8974
38,0,158,-32.4367
23,0,186,-32.7742
47,0,84,-32.381
24,0,136,-32.7941
54,0,158,-32.6139
23,0,108,-32.6204
31,0,167,-32.5868
22,0,152,-32.7237
27,0,82,-32.6829
25,0,162,-32.7346
22,0,41,-32.8049
28,0,185,-32.8432
23,0,103,-32.6019
23,0,76,-32.1711
67,0,179,-32.2291
35,0,153,-32.3922
39,0,168,-32.1071
31,0,89,-32.3146
25,0,163,-32.773
30,0,157,-32.6369
55,0,163,-32.4663
22,0,156,-32.9038
25,0,202,-32.7525
32,0,60,-32.2667
63,0,170,-32.3235
30,0,167,-32.3713
25,0,156,-32.3141
37,0,175,-32.64
31,0,70,-32.9286
26,0,162,-32.7901
41,0,90,-31.7
41,0,87,-31.908
38,0,90,-32.0222
56,0,89,-32.236
34,0,71,-32.7465
38,0,140,-32.6643
34,0,146,-32.7945
29,0,77,-31.974
24,0,174,-32.6092
24,0,171,-32.924
26,0,132,-32.9773
21,0,163,-32.3681
21,0,152,-32.3553
24,0,156,-32.6346
31,0,68,-32.3971
22,0,194,-32.7474
51,0,106,-32.1792
32,0,123,-32.7073
34,0,107,-32.7944
30,0,94,-32.3298
31,0,134,-32.306
45,0,108,-32.463
46,0,88,-32.125
22,0,85,-32.8235
30,0,39,-31.1795
34,0,94,-31.9149
21,0,165,-32.7273
44,0,165,-32.303
26,0,149,-32.3826
37,0,180,-32.7611
47,0,166,-32.4518
20,0,133,-32.8421
48,0,169,-32.5917
47,0,85,-31.9412
29,0,161,-32.3851
25,0,67,-31.791
21,0,157,-32.828
21,0,22,-31.2273
28,0,129,-32.6124
24,0,75,-32.08
32,0,111,-32.2973
37,0,176,-32.1364
22,0,85,-32.7647
37,0,78,-32.6795
39,0,102,-32.4314
22,0,149,-32.0805
40,0,160,-32.575
58,0,86,-31.8372
22,0,155,-32.6258
36,0,83,-32.6145
38,0,98,-32.4082
31,0,78,-31.1923
21,0,131,-32.542
56,0,93,-32.2581
29,0,137,-32.8321
21,0,156,-32.6474
53,0,84,-32.5476
34,0,119,-32.6471
34,0,143,-32.1818
48,0,90,-32.5111
32,0,141,-32.2908
38,0,99,-32.5556
41,0,170,-32.6353
28,0,173,-32.6821
23,0,67,-32.9851
38,0,98,-32.4592
38,0,186,-32.5484
39,0,152,-32.6711
37,0,116,-31.8621
21,0,176,-32.767
36,0,177,-32.6384
23,0,170,-32.8824
22,0,71,-32
21,0,128,-32.6406
29,0,100,-32.63
21,0,140,-32.6929
40,0,103,-32.6311
31,0,186,-32.7151
29,0,67,-32.3881
60,0,198,-32.298
52,0,95,-32.4421
21,0,144,-32.6528
34,0,60,-32.0833
22,0,145,-32.6414
32,0,134,-32.5597
46,0,158,-32.481
24,0,169,-32.7811
34,0,157,-32.1592
22,0,77,-32.3896
70,0,139,-32.3813
41,0,161,-32.4783
68,0,111,-31.8739
25,0,150,-32.7867
34,0,81,-31.9012
38,0,84,-32.3333
49,0,82,-32.0976
24,0,170,-32.9059
25,0,141,-32.7234
25,0,167,-32.6587
26,0,72,-31.8472
29,0,87,-32.4023
50,0,172,-32.3488
44,0,100,-32.33
27,0,142,-32.2254
33,0,77,-32.7403
32,0,86,-32.314
31,0,175,-32.7314
20,0,159,-32.7799
24,0,93,-32.7204
22,0,77,-32.5584
34,0,82,-32.2561
35,0,86,-32.1512
30,0,169,-32.4201
31,0,160,-32.7875
42,0,166,-32.5181
30,0,146,-32.7877
28,0,147,-32.5306
24,0,83,-32.5542
38,0,164,-32.5366
34,0,159,-32.7296
37,0,168,-32.4048
35,0,93,-31.8602
37,0,156,-32.6026
29,0,79,-31.9747
25,0,89,-32.191
26,0,140,-32.7357
22,0,94,-32.6277
33,0,166,-32.5361
21,0,153,-32.8105
33,0,152,-32.2632
37,0,158,-32.6139
23,6,168,-32.756
23,0,157,-32.3312
31,3,177,-32.6158
28,0,121,-32.2397
21,3,87,-32.6782
33,0,167,-32.6228
31,0,176,-32.1591
24,0,149,-32.6711
35,0,152,-32.2566
32,0,163,-32.4601
20,5,56,-32.875
20,0,74,-32.2568
35,0,161,-32.2174
31,0,170,-32.5
25,0,152,-32.8289
29,2,196,-32.5714
28,0,82,-32.7439
25,2,92,-32.4022
25,0,144,-32.3194
34,0,94,-32.2234
27,0,65,-32.6923
28,0,142,-32.3803
27,0,173,-32.8439
26,0,182,-32.6868
25,3,88,-32.5455
27,0,175,-32.7029
21,0,208,-32.7788
20,0,144,-32.7153
23,0,59,-32.5254
54,0,106,-32.1698
24,0,127,-32.7165
20,0,182,-32.8187
30,0,167,-32.5928
30,0,158,-32.481
34,0,93,-32.4624
20,0,123,-32.878
23,0,142,-32.6761
21,0,141,-32.8014
21,0,164,-32.6646
34,0,185,-32.8378
23,0,101,-32.8614
26,0,87,-32.5632
35,0,93,-32.0968
29,0,93,-32.5054
28,0,184,-32.5163
42,0,97,-32.3196
48,0,184,-32.4891
54,0,181,-32.3536
29,0,87,-32.1264
20,0,84,-32.3571
37,0,166,-32.4337
41,0,86,-32.5
20,0,150,-32.66
23,0,65,-32.8769
20,0,133,-32.8346
20,0,126,-32.4127
33,2,126,-32.381
40,3,87,-31.6207
20,3,143,-32.958
23,0,105,-32.3619
22,0,148,-32.6554
20,0,164,-32.5549
20,19,135,-32.9556
21,0,125,-32.776
20,0,165,-32.6242
22,0,86,-32.7093
21,0,178,-32.427
48,0,165,-32.1455
50,4,88,-31.6818
37,0,85,-31.6941
44,3,172,-32.436
28,0,166,-32.2349
41,0,180,-32.9278
20,0,97,-32.8041
23,0,164,-32.7744
24,0,180,-32.6778
23,0,140,-32.9071
36,2,199,-32.8995
46,0,175,-32.4114
23,0,80,-32.55
27,0,160,-32.5375
21,0,159,-32.6164
25,0,176,-32.2784
22,0,140,-32.5786
24,0,91,-32.3187
27,4,149,-32.5973
23,1,184,-32.5978
55,0,125,-32.424
22,0,35,-32.0857
23,0,155,-32.9355
33,0,151,-32.2583
20,0,83,-32.5663
21,0,161,-32.7329
20,0,130,-32.4
21,0,155,-32.6452
21,0,175,-32.76
29,0,147,-32.7619
29,0,156,-32.8269
32,0,146,-32.8151
61,0,107,-32.1121
20,0,169,-32.645
27,0,85,-32.1882
34,0,69,-31.971
32,0,102,-32.549
53,0,165,-31.9879
47,0,106,-31.9717
47,0,118,-32.5085
49,0,187,-32.615
22,0,141,-32.6879
20,0,142,-32.493
21,0,76,-32.7632
22,0,89,-32.3933
23,0,127,-32.5512
24,0,166,-32.9398
46,0,175,-32.4514
24,0,41,-31.1707
33,0,64,-32.8281
28,0,103,-32.301
23,0,145,-32.4621
22,0,162,-32.8395
34,0,151,-32.4967
29,0,76,-32.8158
33,0,175,-32.5371
21,0,161,-32.7578
21,0,152,-32.7368
21,0,91,-31.8022
35,0,85,-32.4588
64,0,108,-32.5741
20,0,137,-32.4234
22,0,144,-32.6667
23,0,106,-32.5849
26,0,87,-32.7816
22,0,67,-32.209
26,5,156,-32.6538
34,0,142,-32.9225
26,0,151,-32.755
31,0,134,-32.7985
30,0,88,-32.8977
38,0,160,-32.525
20,0,163,-32.638
56,0,192,-32.3542
37,0,151,-32.543
23,0,40,-32.425
20,0,170,-32.7824
23,0,153,-32.8366
25,0,89,-32.3708
32,0,152,-32.5395
26,0,164,-32.6402
21,0,38,-32.8684
43,0,80,-32.125
24,0,163,-32.9264
22,0,154,-32.5779
20,0,147,-32.7551
39,0,175,-32.6286
33,0,159,-32.6667
28,4,71,-32.7606
30,11,69,-32.8551
27,0,184,-32.5054
22,0,166,-32.2711
40,0,163,-32.8344
21,0,68,-32.8235
23,0,196,-32.7245
26,0,83,-32.8916
41,0,59,-31.7119
33,0,76,-32.4079
21,0,81,-32.7037
51,0,98,-31.5918
25,0,52,-32.0577
29,6,204,-32.902
31,0,49,-32.0816
29,0,81,-32.5309
31,0,70,-32.0857
22,0,147,-32.7959
29,0,85,-32.9176
28,7,75,-32.7467
20,0,50,-32.98
23,0,165,-32.6061
38,0,175,-32.9086
21,0,142,-32.5211
29,0,177,-32.5706
39,0,170,-32.5647
31,0,183,-32.8251
20,0,160,-32.6063
23,0,169,-32.6627
21,0,77,-32.6753
21,0,207,-32.9082
40,0,187,-32.4652
21,0,160,-32.8875
29,0,56,-32.8036
22,0,33,-31.697
32,0,180,-32.5833
32,0,74,-33
34,0,142,-32.4718
31,0,164,-32.378
20,0,169,-32.7751
22,0,113,-32.6372
24,0,156,-32.5064
26,0,153,-32.5882
22,0,151,-32.3113
26,0,71,-32.2676
48,0,182,-32.511
22,2,167,-32.5988
24,6,158,-32.5633
27,0,149,-32.8255
20,0,155,-32.6774
30,0,152,-32.5
26,0,158,-32.0886
29,0,60,-32.6667
22,0,163,-32.7975
27,0,143,-32.5105
22,0,84,-32.6786
20,0,151,-32.9536
24,0,77,-32.961
35,0,80,-32.55
20,8,33,-30.9394
22,0,136,-32.8015
25,0,124,-32.8952
23,0,159,-32.9119
28,0,49,-32.9184
42,0,175,-32.2
30,0,160,-32.6562
21,0,134,-32.9328
46,0,109,-32.4771
25,0,50,-32.96
30,1,47,-31.6809
34,0,176,-32.4091
25,0,113,-32.3805
28,0,87,-32.6552
26,0,77,-32.026
23,2,67,-32.7164
33,0,123,-32.5041
20,16,56,-32.2857
31,0,81,-31.7284
33,0,89,-32.3258
25,0,63,-32.619
24,0,166,-32.6145
32,0,178,-32.3034
28,0,108,-32.6019
30,0,146,-32.5822
22,0,80,-32.4625
37,0,159,-32.4591
21,0,130,-32.5615
22,0,151,-32.6755
22,0,150,-32.3067
22,0,94,-32.2766
21,0,166,-32.8554
23,0,87,-32.5287
23,0,189,-32.2751
26,0,126,-32.7381
26,0,128,-32.4531
22,2,78,-32.3077
31,0,86,-32.686
24,0,121,-32.7603
21,1,89,-32.4494
29,1,152,-32.7895
22,0,153,-32.7974
22,0,149,-32.8121
23,0,158,-32.6899
22,0,118,-32.7373
21,0,160,-32.625
30,0,363,-32.4931
21,0,156,-32.7949
23,0,167,-32.7904
28,0,88,-32.6136
23,0,159,-32.4025
35,0,165,-32.3212
20,0,157,-32.7197
32,0,108,-32.6852
35,0,184,-32.7011
28,0,168,-32.7143
38,0,170,-32.3176
21,0,166,-32.6627
36,0,282,-32.7128
26,0,165,-32.5394
20,0,162,-32.5
26,0,165,-32.6545
22,0,72,-32.4861
20,0,131,-32.4351
36,0,87,-32.4943
26,0,203,-32.7192
23,0,181,-32.4807
23,0,66,-32.8636
20,0,139,-32.3381
21,0,146,-32.8219
25,0,85,-32.4588
36,0,142,-32.5915
22,0,31,-31.7097
20,0,156,-32.6282
24,0,147,-32.7755
30,0,168,-32.7202
20,0,145,-32.8483
33,0,58,-32.5862
40,0,102,-32.7157
20,0,159,-32.0692
26,0,147,-32.6054
39,0,113,-32.6549
30,2,166,-32.488
28,0,85,-32.2941
43,0,180,-32.1833
24,0,79,-32.3797
32,0,155,-32.4774
42,0,132,-32.6212
21,0,134,-32.4403
30,0,162,-32.537
20,0,75,-32.68
21,0,203,-32.8571
31,0,157,-32.465
40,0,100,-32.42
30,0,150,-32.7733
45,0,121,-32.3306
23,1,124,-32.8871
22,0,146,-32.3973
47,0,86,-32.2442
24,0,70,-31.8571
25,0,125,-32.824
27,0,116,-32.5517
21,0,123,-32.6992
23,0,82,-32.8049
22,0,160,-32.3937
32,0,156,-32.5
21,0,148,-32.7432
20,0,140,-32.2643
24,0,162,-32.6975
24,0,162,-32.679
26,0,167,-32.6467
20,0,132,-32.3409
25,0,98,-32.6633
21,0,158,-32.6835
38,0,154,-32.1948
31,0,169,-32.4201
22,0,152,-32.8224
23,0,156,-32.8077
34,0,74,-31
33,0,154,-32.6688
49,0,158,-32.1899
27,0,42,-31.7381
38,0,87,-32.1379
20,0,191,-32.534
31,0,153,-32.8758
23,0,105,-32.5048
38,0,97,-32.1031
25,0,70,-32.4
23,0,45,-32.9333
20,0,153,-32.549
36,0,98,-31.602
42,0,174,-32.408
20,0,203,-32.8424
20,0,36,-31.8333
23,0,140,-32.3786
22,0,171,-32.538
24,0,168,-32.4762
25,0,144,-32.5
21,0,148,-32.4459
21,0,43,-32.7907
22,0,143,-32.5175
43,0,167,-32.3413
22,0,147,-32.7551
27,0,71,-32.5211
21,0,140,-32.6857
33,0,174,-32.6552
21,0,76,-32.4211
26,0,172,-32.6453
20,0,147,-32.5306
54,0,167,-32.6587
27,0,143,-32.4545
23,0,84,-32.4762
21,0,159,-32.5409
30,0,147,-32.4354
22,0,131,-32.4885
33,0,92,-32.4891
25,0,87,-32.8621
36,0,154,-32.3636
21,0,133,-32.2707
20,0,146,-32.1918
20,0,133,-32.7594
23,0,129,-32.9225
20,0,75,-32.4933
21,0,161,-32.677
21,0,90,-32.5778
37,0,77,-32.2468
24,0,67,-32.4328
21,0,78,-32.9103
21,0,146,-32.1986
23,0,149,-32.9128
25,0,147,-32.6803
30,0,69,-32.5942
26,0,86,-32.7326
52,0,85,-31.8471
52,0,83,-32.3494
21,0,180,-32.9167
30,0,44,-31.75
30,0,160,-32.3563
48,0,178,-32.8427
28,0,61,-32.459
67,0,179,-31.8101
20,0,73,-32.8219
22,0,135,-32.9037
55,0,157,-32.2102
31,0,79,-32.3671
34,0,155,-32.6
31,0,145,-32.6
27,0,136,-32.8971
41,0,170,-32.2588
28,2,135,-32.7259
34,0,74,-31.8514
23,0,155,-32.9355
36,0,79,-32.4177
33,0,71,-32.3944
31,0,65,-32.4154
27,0,70,-32.8571
22,0,115,-32.5304
58,0,180,-32.2556
49,0,176,-32.3182
49,3,163,-32.4724
22,0,176,-32.9091
23,0,77,-32.5065
78,0,172,-32.1337
50,0,168,-32.4881
42,0,168,-32.3214
24,0,71,-32.1831
34,0,160,-32.75
28,0,132,-32.6288
21,0,131,-32.771
27,0,163,-32.5706
47,0,147,-32.8844
23,0,76,-32.7237
22,0,61,-32.6393
41,0,172,-32.3895
22,0,92,-32.6413
32,0,154,-32.1429
34,0,147,-32.7891
35,0,151,-32.6358
21,0,169,-32.3432
26,0,162,-32.5556
26,0,154,-32.4481
30,0,168,-32.6071
32,0,143,-32.7063
54,0,176,-32.5568
24,0,69,-32.6667
29,0,87,-32.1954
27,0,63,-32.4286
49,0,149,-32.0872
29,0,127,-32.7323
25,0,140,-32.6286
55,0,175,-32.1143
34,0,170,-32.1471
39,0,176,-32.483
52,0,161,-32.2981
32,0,83,-31.7952
35,0,161,-32.5652
28,0,187,-32.4332
21,0,139,-32.7626
20,0,159,-32.3962
20,0,155,-32.9419
42,0,92,-32.6413
81,0,176,-32.358
36,0,145,-32.5793
36,0,136,-32.6324
62,0,165,-32.6848
22,0,136,-32.8162
21,0,151,-32.9404
44,0,172,-32.593
21,0,146,-32.4384
37,0,139,-32.6835
49,0,85,-31.6706
53,0,91,-30.989
56,0,198,-32.1162
22,0,59,-31.5763
36,0,175,-32.5943
48,0,83,-32.2169
20,0,139,-32.518
25,0,147,-32.3265
42,0,174,-32.4598
33,0,153,-32.6471
28,0,54,-32.2963
23,0,191,-32.6545
28,0,151,-32.8808
27,0,171,-32.9064
40,0,78,-32.2821
20,0,30,-32.6
34,0,107,-32.5888
20,0,145,-32.9034
21,0,148,-32.5338
30,0,176,-32.3182
33,0,100,-32.14
23,0,82,-32.6951
33,0,69,-31.6522
21,0,62,-31.3387
32,0,153,-32.7843
37,0,185,-32.3676
36,0,128,-32.4297
28,0,158,-32.5886
72,0,187,-32.0535
22,0,139,-32.8777
41,0,149,-32.0268
26,0,53,-31.5283
39,0,162,-32.5864
22,0,147,-32.7551
28,0,131,-32.6031
29,0,149,-32.7651
21,0,79,-32.6456
20,0,130,-32.5923
57,0,171,-32.1871
24,0,159,-32.566
20,0,137,-32.9854
49,0,189,-32.3598
21,0,91,-32.1429
77,0,186,-32.3441
35,0,138,-32.8188
39,0,110,-32.2909
46,0,170,-32.2882
40,0,180,-32.3667
26,0,74,-32.8243
27,0,160,-32.8438
27,0,151,-32.7881
55,0,112,-31.8571
33,0,181,-32.3039
32,0,161,-32.5528
44,0,159,-32.1887
26,0,163,-32.6012
65,0,165,-31.9455
54,0,108,-32.5741
64,0,169,-32.3787
48,0,97,-32
25,2,150,-32.6467
26,0,175,-32.8571
45,0,176,-32.3693
44,0,93,-31.5699
24,0,46,-32.0217
67,0,168,-32.5119
39,0,159,-32.239
40,0,85,-32.2118
53,0,164,-32.5122
41,0,181,-32.4199
25,0,138,-32.7609
27,0,86,-32.0814
23,0,44,-32.5682
23,0,151,-32.9338
47,0,186,-32.4946
31,0,63,-31.9841
20,0,129,-32.8605
25,0,140,-32.6571
33,0,78,-32.0385
20,0,166,-32.5783
22,0,163,-32.2454
41,0,181,-32.1934
23,0,79,-32.6962
26,0,74,-32.2297
22,0,125,-32.568
26,0,168,-32.5833
33,0,196,-32.6378
27,0,164,-32.8171
34,0,88,-32.7614
22,0,148,-32.7568
29,0,168,-32.7202
22,0,161,-32.4348
20,0,126,-32.6746
30,0,143,-32.7972
35,0,150,-32.54
27,0,195,-32.8615
20,0,131,-32.5344
22,0,137,-32.8102
35,0,129,-32.7209
22,0,141,-32.6525
30,0,155,-32.7032
28,0,153,-32.1373
35,0,55,-31.8364
20,0,185,-32.6486
21,0,152,-32.4605
21,0,126,-32.8492
27,0,73,-32.7671
26,0,184,-31.9891
36,3,195,-32.6051
26,0,53,-31.8113
27,0,250,-32.74
29,0,166,-32.6747
23,0,160,-32.7563
31,0,166,-32.6145
41,0,83,-33
20,0,163,-32.7546
23,0,161,-32.7205
36,0,168,-32.1369
52,0,176,-32.7443
32,0,184,-32.5707
35,0,88,-32.6591
33,0,100,-32.85
72,0,182,-32.2198
64,0,191,-32.3351
38,0,152,-32.6316
32,0,173,-32.578
23,0,163,-32.1963
58,0,181,-32.7735
30,0,153,-32.7451
25,0,161,-32.9379
22,0,87,-32.5747
22,0,63,-32.619
24,0,85,-31.9647
27,0,149,-32.8188
23,0,136,-32.875
21,0,150,-32.4533
24,0,144,-32.6875
25,0,132,-32.4318
43,0,110,-32.2364
21,0,127,-32.6063
41,0,172,-32.6686
33,0,186,-32.8387
48,0,178,-32.1236
33,0,70,-32.4
32,0,135,-32.7481
26,0,33,-31.4848
21,0,171,-32.5556
38,0,120,-32.7417
49,0,79,-32.1899
24,0,78,-32.8462
48,0,85,-31.8824
27,0,77,-32.2987
59,0,190,-32.4211
20,0,155,-32.9806
32,0,157,-32.242
64,0,112,-32.1429
65,0,112,-32.0714
36,0,73,-32.5068
26,0,140,-32.4143
41,0,75,-32.5467
34,0,173,-32.3295
57,0,115,-31.6435
24,0,159,-32.5723
20,0,159,-32.2893
27,0,80,-31.9125
24,0,111,-32
26,0,196,-32.8827
38,0,160,-32.3563
37,0,174,-31.9138
20,0,147,-32.2177
24,0,140,-32.1143
24,0,154,-32.5909
20,0,41,-32.6098
25,0,80,-32.1625
57,0,101,-31.2772
25,0,38,-32.0789
22,0,64,-32.0156
33,0,117,-32.2906
28,0,93,-32.7419
47,0,85,-32.3059
29,0,73,-31.863
41,0,83,-31.2048
44,0,147,-32.5034
28,0,154,-32.7208
21,0,150,-32.5867
32,0,162,-32.5309
41,0,172,-32.5349
22,0,165,-32.6121
22,0,87,-32.3678
31,0,150,-32.5867
21,0,155,-32.6516
20,0,145,-32.8414
29,0,149,-32.2752
21,0,138,-32.8333
41,0,177,-32.7458
21,0,159,-32.7484
53,0,167,-32.4251
20,0,126,-32.5556
37,0,164,-32.4085
24,0,156,-32.2179
46,0,172,-32.4767
27,0,68,-32.5294
35,0,136,-32.8309
24,0,162,-32.537
39,0,186,-32.5376
21,0,158,-32.6519
45,0,184,-32.4783
52,0,83,-32.3012
70,0,175,-32.1086
54,0,194,-32.2732
27,0,49,-32.3469
75,0,180,-32.2167
29,0,135,-32.6222
25,0,174,-32.9253
35,0,147,-32.8435
40,0,78,-32.0641
24,0,154,-32.6169
24,0,69,-32.4348
27,0,172,-32.9419
21,0,91,-32.5934
33,0,173,-32.474
42,0,177,-32.6384
24,0,141,-32.4681
27,0,68,-32.2941
27,0,154,-32.8442
38,0,120,-32.3417
26,0,65,-32.8154
36,0,131,-32.7939
66,0,190,-32.1474
62,0,182,-32.1868
72,0,186,-32.4462
24,0,146,-32.8425
24,0,150,-32.7
36,0,143,-32.4476
32,0,129,-32.4341
62,0,177,-32.5367
38,0,174,-32.2529
35,0,71,-32.662
57,0,167,-32.521
29,0,161,-32.6335
27,0,80,-32.9625
27,0,154,-32.6688
21,0,42,-31.5952
22,0,26,-32.5385
26,0,32,-32
34,0,83,-32.3855
24,0,154,-32.7078
32,0,171,-32.2749
41,0,144,-32.6597
35,0,85,-32
21,0,159,-32.673
70,0,193,-32.513
54,0,80,-32.25
22,0,137,-32.2701
20,0,31,-32.3548
34,0,167,-32.6766
34,0,144,-32.5694
39,0,77,-31.8831
24,0,122,-32.7787
49,0,132,-32.1667
49,0,172,-31.8605
34,0,163,-32.7669
57,0,87,-32.4023
38,0,52,-32.7115
41,0,165,-32.5879
25,0,167,-32.6108
39,0,180,-32.5111
74,0,183,-32.2568
26,0,134,-31.9478
31,0,172,-32.8198
23,0,143,-32.8392
22,0,126,-32.8492
46,0,155,-32.7032
42,0,163,-32.3436
41,0,163,-32.319
49,0,165,-32.3576
34,0,117,-32.5641
20,0,25,-32.4
28,0,85,-32.1647
29,0,91,-32.7582
20,0,87,-32.2759
49,0,165,-32.503
25,0,147,-32.5034
40,0,80,-32.0375
23,0,80,-32.5625
30,0,78,-32.5256
26,0,67,-32.9552
28,0,77,-32.5714
37,0,92,-32.4022
39,0,172,-32.4826
28,0,74,-32.1216
32,0,150,-32.2267
26,0,65,-32.2769
22,0,157,-32.8471
27,0,167,-32.9401
26,0,140,-32.85
24,0,61,-32.8033
31,0,139,-32.1942
21,0,150,-32.7267
35,0,157,-32.7261
39,0,192,-32.5365
47,0,82,-32.1951
54,0,271,-32.3063
63,0,160,-32.1938
23,0,146,-32.8356
29,0,69,-32.2899
24,0,136,-32.5368
33,0,76,-31.9211
40,0,187,-32.6524
56,0,165,-32.0727
58,0,95,-31.5158
23,0,163,-32.7853
21,0,138,-32.7029
26,0,159,-32.4591
29,0,121,-32.9669
43,0,66,-32.2879
31,0,173,-32.8208
53,0,165,-32.4909
59,0,104,-32.7596
35,0,162,-32.5617
24,0,70,-32.7
21,0,80,-32.6625
45,0,168,-32.6726
53,0,91,-32.1099
35,0,156,-32.6218
33,0,170,-32.7353
36,0,159,-32.5723
22,0,125,-32.576
39,0,162,-32.6235
22,0,124,-32.6048
22,0,63,-32.1429
31,0,79,-32.038
28,0,106,-32.4717
40,0,80,-32.275
45,0,158,-32.2215
22,0,126,-32.8889
20,0,156,-32.8718
23,0,91,-32.7473
44,0,170,-32.5588
21,0,146,-32.8904
26,0,151,-32.9139
41,0,88,-32.2614
22,0,154,-32.7013
34,0,58,-32.6379
24,0,84,-32.5952
46,0,179,-32.5754
22,0,31,-32.5806
39,0,180,-32.6167
27,0,119,-33
38,0,142,-32.7113
42,0,87,-32.4023
29,0,125,-32.784
25,0,113,-32.8319
44,0,175,-32.1943
20,0,170,-32.7471
40,0,176,-32.7273
29,0,190,-32.4474
28,0,61,-31.3443
48,0,165,-32.4848
21,0,166,-32.8012
46,0,107,-32.0935
40,0,90,-32.0667
40,0,105,-32.3238
41,0,163,-32.2945
30,0,155,-32.4903
43,0,155,-32.5032
21,0,84,-31.7024
40,0,158,-32.4937
21,0,166,-32.4398
30,0,153,-32.6471
41,0,87,-32.3908
35,0,140,-32.5071
27,0,148,-32.6622
37,0,103,-31.9515
31,0,163,-32.454
42,0,88,-32.6023
20,0,133,-32.594
32,0,151,-32.543
38,0,149,-32.1141
24,0,187,-32.1658
40,0,119,-32.4538
22,0,143,-32.5874
22,0,166,-32.6627
31,0,170,-32.6941
36,0,162,-32.1296
21,0,161,-32.7267
45,0,173,-32.6994
42,0,165,-32.6788
28,0,161,-32.5404
25,0,183,-32.8907
26,0,169,-32.7219
44,0,148,-32.6419
29,0,54,-32.4444
47,0,133,-32.7895
34,0,155,-32.3161
33,0,76,-32.6316
43,0,77,-32.013
41,0,186,-32.3172
24,0,132,-32.7045
25,0,152,-32.7368
30,0,168,-32.5714
33,0,166,-32.6084
43,0,99,-32.2424
31,0,172,-32.564
51,0,161,-32.5342
31,0,180,-32.2833
42,0,76,-32.1579
28,0,141,-32.5603
28,0,68,-32.5588
37,0,181,-32.6133
60,0,168,-32.3214
29,0,136,-32.3971
58,0,87,-31.8851
69,0,177,-32.3559
49,0,152,-32.0592
36,0,81,-32.5185
29,0,143,-32.5385
46,0,173,-32.8844
38,0,147,-32.5986
24,0,159,-32.5409
20,0,115,-32.7478
31,0,162,-32.8086
20,0,157,-32.7516
28,0,168,-32.631
39,0,158,-32.519
21,0,134,-32.6418
55,0,165,-32.2242
26,0,77,-32.7792
23,0,185,-32.4703
34,0,168,-32.256
33,0,194,-32.1495
40,0,163,-32.5337
57,0,99,-31.8889
33,0,162,-32.6049
27,0,179,-32.6369
25,0,130,-32.9462
35,0,132,-32.7727
27,0,169,-32.9645
20,0,91,-32.8791
36,0,135,-32.6148
35,0,139,-32.5108
20,0,137,-32.4599
21,0,150,-32.7067
41,0,69,-31.6812
39,0,112,-32.7589
46,0,76,-31.6316
26,0,153,-32.7908
21,0,29,-32.0345
21,0,147,-32.9048
64,0,181,-32.1547
34,0,118,-32.2797
23,0,52,-32.2692
37,0,156,-32.5064
22,0,76,-32.9474
57,0,191,-32.0366
29,0,69,-32
59,0,172,-32.0581
45,0,95,-32.1579
55,0,114,-32.0877
42,0,167,-32.6707
23,0,138,-32.7536
28,0,54,-32.4259
44,0,170,-32.3647
42,0,153,-32.7255
72,0,173,-32.0462
62,0,168,-32.244
26,0,155,-32.8516
25,0,57,-32.5439
47,0,85,-31.6118
20,0,152,-32.3882
33,0,78,-31.6538
26,0,53,-32.283
27,0,124,-32.5887
20,0,83,-33
51,0,158,-32.1203
27,0,132,-32.6894
21,0,45,-32.6444
44,0,53,-31.4906
32,0,162,-32.4074
49,0,185,-32.427
30,0,43,-30.8372
58,0,193,-32.6269
47,0,179,-32.4078
23,0,138,-32.6739
28,0,152,-32.3684
34,0,140,-32.4714
45,0,176,-32.1477
43,0,164,-32.6159
20,0,21,-31.8571
58,0,171,-32.614
34,0,153,-32.5229
58,0,89,-32.2022
20,0,147,-32.6599
41,0,172,-32.8314
31,0,66,-32.1212
31,0,166,-32.4759
66,0,90,-32.0889
20,0,168,-32.494
47,0,156,-32.2244
43,0,158,-32.3481
33,0,65,-31.8308
23,0,127,-32.8583
20,0,134,-32.7388
33,0,78,-31.4872
27,0,147,-32.7211
42,0,139,-32.4245
21,0,87,-32.8161
50,0,185,-32.7297
22,0,154,-32.7922
27,0,159,-32.5975
23,0,155,-32.6774
49,0,80,-31.675
41,0,85,-32.4471
28,0,99,-32.6061
37,0,84,-32.2738
24,0,143,-32.6364
28,0,157,-32.879
70,0,182,-32.3462
46,0,121,-32.4545
21,0,151,-32.702
20,0,102,-32.7647
29,0,99,-32.7778
52,0,180,-32.3278
60,0,173,-32.3121
58,0,171,-32.4035
44,0,87,-32.2759
23,0,157,-32.7261
49,0,150,-32.0133
48,0,168,-32.4643
51,0,169,-32.2308
63,0,199,-31.8744
44,0,92,-31.3587
41,0,142,-32.5423
47,0,76,-32.3947
66,0,170,-32.5294
40,0,152,-32.6382
41,0,162,-32.4568
40,0,87,-32.3103
31,0,165,-32.3636
37,0,155,-32.6194
26,0,147,-32.7279
61,0,186,-32.4624
24,0,100,-32.49
32,0,139,-32.0072
34,0,116,-32.3621
53,0,160,-32.5125
50,0,166,-32.4277
35,0,148,-32.8784
54,0,170,-32.4059
59,0,174,-32.4195
38,0,66,-32.4848
25,0,100,-32.72
40,0,73,-32.5616
23,0,66,-32.7121
30,0,85,-32.2471
29,0,70,-32.1857
45,0,171,-32.7602
21,0,136,-32.9485
20,0,159,-32.9057
62,0,179,-32.4022
36,0,113,-32.6637
23,0,159,-32.8302
23,0,157,-32.8471
32,0,160,-32.65
43,0,165,-32.6848
36,0,180,-32.7778
24,0,170,-32.6529
44,0,93,-32.5914
22,0,167,-32.2455
34,0,177,-32.5537
48,0,185,-32.6595
53,0,169,-32.3787
26,0,153,-32.634
58,0,173,-32.7572
23,0,170,-32.3118
33,0,160,-32.2188
44,0,152,-32.1908
30,0,76,-32.6316
22,0,163,-32.4663
25,0,61,-31.8033
43,0,116,-32.4224
30,0,148,-32.5541
44,0,187,-32.5294
55,0,178,-32.7697
59,0,90,-32.1111
49,0,161,-32.323
28,0,142,-32.5352
28,0,68,-31.8971
24,0,154,-32.5195
24,0,61,-32.4426
71,0,163,-32.3006
67,0,189,-31.9788
55,0,87,-32.023
21,0,181,-32.7017
50,0,164,-32.6585
30,0,181,-32.8232
31,0,170,-32.7882
39,0,98,-32.5918
34,0,59,-31.2712
66,0,177,-31.9774
43,0,82,-31.8049
54,0,192,-32.3698
22,0,101,-32.8317
23,0,177,-32.7288
35,0,94,-32.734
58,0,87,-32.069
32,0,81,-32.358
51,0,112,-32.0357
28,0,165,-32.8485
31,0,75,-32.2267
22,0,167,-32.7425
34,0,178,-32.7865
47,0,90,-32.4222
23,0,46,-31.8261
32,0,161,-32.1553
25,0,147,-32.8707
56,0,171,-32.6257
26,0,88,-32.2273
27,0,154,-32.3052
28,0,163,-32.5337
24,0,78,-32.4487
25,0,67,-33
21,0,61,-32.5902
34,0,120,-31.9917
48,0,161,-32.354
31,0,64,-32.0156
21,0,65,-32.6
33,0,124,-32.379
23,0,171,-32.8304
32,0,94,-32.6383
35,0,167,-32.8204
39,0,165,-32.7394
52,0,74,-32.1081
42,0,77,-32.2987
50,0,151,-32.6556
21,0,104,-32.7692
31,0,85,-32.2235
20,0,51,-32.0196
60,0,166,-32.5241
67,0,97,-31.9691
51,0,146,-32.6575
56,0,189,-32.3122
49,0,160,-32.6063
28,0,164,-32.7134
25,0,77,-32.9351
21,0,153,-32.5882
39,0,176,-32.7102
33,0,63,-32.3968
44,0,159,-32.6038
28,0,73,-32.4521
24,0,166,-32.8614
35,0,80,-32.2125
23,0,179,-32.8268
45,0,176,-32.4489
21,0,147,-32.5102
32,0,88,-31.5795
42,0,92,-32.5326
41,0,163,-32.5521
61,0,173,-32.3121
31,0,156,-32.3782
57,0,154,-32.2857
22,0,161,-32.441
20,0,134,-32.6269
50,0,90,-31.4889
72,0,170,-32.1412
26,0,57,-32.5263
41,0,154,-32.7922
30,0,75,-32.64
23,0,84,-32.4881
27,0,100,-32.73
29,0,151,-32.947
21,0,144,-32.5694
40,0,75,-32.12
21,0,96,-32.7396
20,0,120,-33
35,0,82,-32.0122
78,0,184,-32.4457
51,0,168,-31.8333
47,0,173,-32.3006
34,0,173,-32.711
22,0,134,-32.5448
64,0,198,-32.5101
37,0,174,-32.7989
33,0,98,-32.3367
22,0,148,-32.4324
66,0,168,-32.3512
25,0,80,-32.7625
27,0,153,-32.7059
31,0,159,-32.3962
27,0,164,-32.9146
24,0,125,-32.952
38,0,95,-32.3789
28,0,148,-32.7095
48,0,104,-32.5962
22,0,57,-32.9825
60,0,188,-31.9255
27,0,171,-32.538
40,0,178,-32.5225
41,0,141,-32.7376
47,0,184,-32.1522
50,0,169,-32.6509
47,0,176,-32.3693
52,0,183,-32.1858
36,0,106,-32.5849
58,0,170,-32.5412
26,0,187,-32.7754
37,0,100,-32.44
36,0,62,-32.5968
59,0,179,-32.4413
31,0,180,-32.6722
25,0,164,-32.8476
23,0,141,-32.6028
20,0,133,-32.9699
20,0,158,-32.557
25,0,114,-32.5351
20,0,151,-32.5232
26,0,38,-31.8158
55,0,167,-32.6527
45,0,168,-32.0298
32,0,48,-31.6458
36,0,151,-32.404
23,0,160,-32.8125
22,2,162,-32.8333
26,0,198,-32.2677
30,0,175,-32.7143
41,0,145,-32.3517
28,0,139,-32.6259
20,0,95,-32.9368
24,21,26,-32.2308
37,10,171,-32.5439
23,12,34,-32.7647
21,0,43,-31.814
25,0,201,-32.6119
42,0,99,-32.4949
26,0,157,-32.414
24,0,133,-32.3684
22,0,139,-32.7122
33,0,75,-32
40,0,189,-32.7249
26,0,157,-32.8471
22,2,29,-32
20,0,129,-32.5194
21,0,44,-32.1136
39,0,144,-32.5417
20,1,26,-32
23,0,144,-32.75
21,23,29,-31.7241
23,0,142,-32.6761
50,0,177,-32.435
22,3,39,-31.6923
31,0,181,-32.779
25,0,151,-32.8013
20,0,151,-32.9669
22,0,39,-32.1282
24,0,169,-32.7456
26,0,163,-32.3926
33,0,173,-32.6416
27,0,179,-32.7486
35,0,169,-32.716
21,0,101,-32.3168
20,0,27,-31.2593
20,0,26,-32.4231
21,0,85,-32.6588
22,0,122,-32.9508
21,0,32,-32.3438
31,0,167,-32.8982
20,0,54,-32.537
21,0,165,-32.6061
20,0,23,-32
20,0,23,-32.087
21,0,26,-29.8462
20,0,48,-31.9375
33,0,190,-32.6368
42,0,93,-32.2581
40,0,97,-31.8247
21,0,160,-32.7625
25,0,179,-32.7318
22,0,37,-32.7838
29,0,92,-32.4022
20,0,138,-32.8913
23,0,142,-32.4789
31,0,161,-32.5155
24,0,140,-32.8
24,0,161,-32.7329
23,0,81,-32.0494
21,0,119,-32.6471
20,0,81,-32.8272
28,0,151,-32.6887
51,0,94,-31.8191
27,0,137,-32.7372
39,0,174,-32.6609
31,0,160,-32.8062
32,0,167,-32.5269
23,0,129,-32.814
22,0,167,-32.6407
24,0,164,-32.8415
27,0,169,-32.497
25,0,78,-32.5128
25,0,172,-32.8372
29,0,96,-32.1042
29,0,168,-32.5119
25,0,127,-32.7402
25,0,61,-32.082
24,0,182,-32.8407
20,0,128,-32.8359
20,0,152,-32.8487
20,0,72,-32.1528
20,18,108,-32.537
20,0,164,-32.4146
28,0,126,-32.8016
23,0,65,-33
25,0,82,-32.9146
21,0,147,-32.7619
24,0,168,-32.9107
21,0,110,-32.8182
32,0,165,-32.8061
28,0,140,-32.9786
23,0,132,-32.9545
31,0,61,-32.7213
30,0,160,-32.9188
21,0,151,-32.7152
20,0,72,-32.625
22,0,185,-32.427
20,0,146,-32.9726
20,0,113,-32.7788
21,0,150,-32.9933
20,0,159,-32.7107
33,0,72,-32.5694
25,0,86,-32.8953
34,0,62,-32.4516
34,0,139,-32.2734
34,0,170,-32.5059
24,0,151,-32.9868
44,0,138,-32.6522
34,0,168,-32.5357
35,0,65,-32.8154
39,0,78,-32.1026
40,0,72,-32.6806
32,0,58,-32.1897
20,0,111,-32.7928
23,0,149,-32.3557
28,0,78,-32.9103
27,0,157,-32.828
26,0,119,-32.7899
37,0,79,-32.2658
22,0,153,-32.5229
25,0,77,-32.5195
23,0,62,-32.6452
33,0,84,-32.6905
22,0,60,-32.8
22,0,113,-32.7876
20,0,129,-32.9922
27,0,179,-32.7654
28,0,67,-33
26,0,86,-32.1744
29,0,137,-32.7664
29,0,66,-32.3182
20,0,143,-32.979
20,0,153,-32.6078
20,0,141,-32.5532
27,0,69,-32.1014
22,0,149,-32.4362
33,0,84,-32.7857
20,0,122,-32.8197
22,0,76,-32.3421
21,0,37,-31.8919
20,0,35,-31.8286
21,0,223,-32.7982
47,0,114,-32.5439
22,0,121,-32.7603
20,0,37,-32.4595
20,0,164,-32.5854
22,0,77,-32.0909
21,0,155,-32.9161
21,0,167,-32.8144
28,0,155,-32.7484
20,0,207,-32.7681
27,0,134,-32.791
20,0,154,-32.8961
25,0,171,-32.6082
26,0,55,-32.0364
26,0,89,-32.6517
23,0,72,-32.3611
20,0,167,-32.7545
23,0,153,-32.9608
22,0,38,-32.4474
26,0,91,-32.0879
21,0,156,-32.4615
20,0,62,-32.0968
20,0,73,-32.6849
20,0,32,-32.0312
21,0,92,-32.2717
22,0,82,-32.6707
20,0,174,-32.4713
25,0,157,-32.879
29,0,165,-32.6545
20,0,157,-32.4713
23,0,86,-32
22,0,197,-32.9137
26,0,78,-31.6538
21,0,152,-32.9013
33,0,155,-32.8839
34,8,160,-32.45
30,7,151,-32.7616
33,7,94,-32.0319
24,2,153,-32.4967
23,0,79,-32.557
42,0,85,-32.3059
20,0,102,-32.7255
21,0,165,-32.8303
23,2,215,-32.4372
24,0,169,-32.8817
29,0,97,-32.6495
30,0,64,-32.9688
23,0,119,-32.6639
23,0,163,-32.8589
26,0,168,-32.7381
30,0,163,-32.8528
20,0,120,-32.2833
21,1,165,-32.8061
21,0,164,-32.6707
30,0,177,-32.4689
21,0,194,-32.7371
22,0,67,-32.9701
27,0,135,-32.5704
26,0,92,-32.3478
24,0,129,-32.7752
20,0,156,-32.7628
20,4,58,-32.8793
33,0,108,-32.2037
22,0,149,-32.5034
26,0,53,-32.434
30,0,148,-32.7027
23,0,183,-32.6776
24,0,155,-32.4323
20,1,140,-32.7429
25,0,48,-32.5208
25,0,182,-32.8516
38,0,199,-32.5075
26,0,145,-32.9517
23,0,81,-31.8889
39,0,182,-32.4725
45,0,167,-32.3234
28,0,159,-32.956
34,0,180,-32.5778
20,0,48,-32.5208
20,0,110,-32.6727
29,0,179,-32.4078
23,0,34,-32.4412
44,0,166,-32.6566
30,0,80,-32.3125
28,0,184,-32.4293
21,0,32,-31.25
27,0,67,-32.5821
28,0,90,-32.9111
31,0,173,-32.4798
25,0,136,-32.3824
20,0,143,-32.8811
38,0,178,-32.7978
32,0,93,-32.1075
33,0,95,-32.4526
29,0,163,-32.5521
47,0,207,-32.5169
27,0,77,-32.2727
24,0,131,-32.4656
35,0,171,-32.8129
20,0,236,-32.7373
38,0,91,-32.3736
42,0,179,-32.4413
47,0,171,-32.269
36,0,167,-32.7665
24,0,171,-32.4152
30,0,158,-32.8354
46,0,183,-32.5847
25,0,179,-32.838
27,0,95,-32.6947
22,0,119,-32.8571
20,0,144,-32.7778
22,0,165,-32.1515
26,0,157,-32.7261
55,0,118,-31.6356
32,0,168,-32.3214
23,0,53,-32.2264
32,0,180,-32.8
25,0,95,-32.3579
37,0,95,-32.5053
26,0,33,-32.1212
22,0,41,-32.0976
25,0,52,-32.4038
33,0,147,-32.8163
24,0,175,-32.2743
57,0,195,-32.4
21,0,65,-31.7846
29,0,124,-32.0323
26,0,66,-32.7273
27,0,147,-32.6122
22,0,28,-32.8571
38,0,190,-32.6158
36,0,73,-32.2329
28,0,151,-32.6954
21,0,174,-32.6494
30,0,179,-32.8212
28,0,162,-32.8765
22,0,68,-32.7353
26,0,163,-32.4479
22,0,161,-32.6646
22,0,251,-32.7729
22,0,130,-32.9077
60,0,199,-32.2513
26,0,162,-32.7407
23,0,139,-32.9209
21,0,66,-32.4545
38,0,170,-32.4235
24,12,151,-32.6689
34,51,57,-31.8246
24,0,106,-32.9811
38,9,158,-32.4747
54,0,100,-32.37
36,0,168,-32.3929
22,0,154,-32.3961
22,2,145,-32.9793
50,0,167,-32.5808
23,0,180,-32.45
32,0,94,-32.2447
21,0,81,-32.6667
31,56,76,-31.9737
45,0,77,-32.6623
30,0,158,-32.6646
25,2,43,-32.6047
41,0,181,-32.4144
28,7,154,-32.7468
29,0,73,-32.137
45,0,198,-32.6768
42,0,193,-32.7358
21,3,88,-32.3182
29,0,189,-32.6772
39,0,191,-32.7853
43,0,212,-32.4858
20,0,153,-32.7582
25,0,188,-32.5798
26,0,159,-32.7421
38,4,186,-32.7204
36,0,160,-32.325
23,0,165,-32.7455
52,0,213,-32.6667
23,0,163,-32.5276
26,0,177,-32.6328
45,0,191,-32.712
30,0,147,-32.8912
23,0,168,-32.8274
26,6,93,-32.9462
28,0,172,-32.9884
20,0,136,-32.8897
62,0,193,-32.4456
29,0,105,-32.6857
49,0,187,-32.2032
21,0,150,-32.8
27,0,127,-32.8031
22,0,185,-32.7946
35,0,163,-32.8405
30,0,146,-32.8973
28,0,190,-32.7947
28,0,37,-31.8108
42,0,190,-32.6368
36,0,100,-32.58
24,0,168,-32.8631
26,0,88,-32.5568
31,0,190,-32.7526
33,0,163,-32.8589
21,0,96,-32.6562
22,0,169,-32.7456
45,0,168,-32.7976
23,0,169,-32.7811
20,0,199,-32.6181
27,0,166,-32.5904
25,0,181,-32.6961
25,0,176,-32.6932
31,0,262,-32.5573
27,0,36,-31.5278
38,0,186,-32.6129
28,0,64,-32.8125
27,0,164,-32.75
40,0,176,-32.6023
43,0,176,-32.5114
23,0,153,-32.5033
22,0,63,-32.3175
44,0,196,-32.6224
31,0,213,-32.554
28,0,176,-32.4659
32,0,193,-32.7047
24,0,181,-32.6575
23,0,168,-32.7619
28,0,87,-32.2529
25,0,91,-32.9121
30,0,99,-32.3838
28,0,97,-32.4742
23,0,192,-32.7865
52,0,183,-32.4809
21,0,51,-32.4902
28,0,180,-32.5556
53,0,172,-32.5174
25,0,177,-32.6836
23,0,216,-32.8611
20,0,163,-32.5092
27,0,91,-32.1319
21,0,170,-32.5176
21,0,105,-32.8952
53,0,167,-32.2395
23,0,85,-32.4353
27,0,150,-32.7733
21,0,76,-32.7763
20,0,97,-32.567
21,0,138,-32.8913
32,0,171,-32.4912
49,0,157,-32.5732
24,0,109,-32.1835
27,0,177,-32.4859
22,0,73,-32.3014
54,0,188,-32.3245
31,0,75,-32.6667
32,0,87,-32.5402
22,0,166,-32.3795
67,0,148,-32.5473
61,0,189,-32.3228
49,0,133,-31.8045
31,0,180,-32.6333
21,0,129,-32.5736
28,0,91,-31.4725
29,0,208,-33
28,0,157,-32.7643
21,0,175,-32.7371
37,0,192,-32.6667
46,0,206,-32.466
22,0,163,-32.4049
68,0,174,-32.477
21,0,182,-32.6484
50,0,119,-31.7479
32,0,152,-32.8618
30,0,180,-32.5944
30,0,56,-32.2679
28,0,53,-31.7547
26,0,180,-32.6167
29,0,92,-32.4457
30,0,158,-32.5316
53,0,188,-32.2447
29,0,157,-32.7643
20,0,187,-32.6578
22,0,133,-32.7444
22,0,150,-32.7533
23,0,177,-32.678
36,0,189,-32.5714
27,0,28,-30.9643
25,0,107,-32.9252
24,0,26,-32.2692
22,0,85,-32.9529
26,0,186,-32.8656
40,0,98,-32.7755
31,0,97,-32.732
48,0,100,-31.87
25,0,54,-31.5185
28,0,213,-32.7559
22,0,30,-32.1333
21,0,131,-32.7023
20,0,151,-32.9934
22,0,165,-32.6121
30,0,154,-32.6364
20,0,182,-32.9011
35,0,181,-32.895
32,0,113,-31.9912
49,0,169,-32.7692
21,0,130,-32.9
22,0,24,-32.375
23,0,33,-32.5455
21,0,51,-31.5882
42,0,197,-32.5939
21,0,159,-32.6918
20,0,158,-32.943
33,0,189,-32.8254
21,0,90,-32.9444
26,0,174,-32.7644
55,0,100,-32.8
40,0,157,-32.0573
21,0,122,-32.459
30,0,121,-32.8264
22,0,169,-32.8698
26,0,198,-32.8737
21,0,166,-32.6446
25,0,158,-32.7152
28,60,34,-32.2647
23,3,86,-32.6047
36,0,157,-32.8025
47,0,172,-32.4593
24,0,168,-32.5714
25,0,166,-32.6024
28,60,31,-32.4839
50,0,138,-32.4348
25,0,142,-32.8099
34,0,165,-32.4
24,0,34,-31.6176
29,5,55,-31.9818
27,0,88,-32.375
24,0,154,-32.7078
48,0,125,-31.696
35,0,68,-32.2353
21,0,94,-32.766
32,0,75,-32.4933
24,54,25,-31.12
33,0,92,-32.4022
25,60,28,-32.6071
23,0,79,-32.5949
26,60,27,-32.1111
35,9,154,-32.8636
42,0,182,-32.2912
30,0,172,-32.5756
52,0,117,-32.4103
34,0,87,-32.4368
22,0,42,-32.4524
44,0,148,-32.6149
25,0,161,-32.6894
24,0,156,-32.8462
23,3,160,-32.4625
20,0,151,-32.7483
31,0,149,-32.349
28,0,188,-32.8404
27,0,75,-32.2267
35,0,150,-32.72
22,60,25,-31.08
26,0,170,-32.7765
23,0,163,-32.8834
33,0,58,-31.7414
27,4,177,-32.5311
44,0,180,-32.5611
34,0,146,-32.7534
40,0,184,-32.8587
24,0,163,-32.7914
23,0,156,-32.6731
23,0,52,-31.4038
30,0,173,-32.711
34,10,177,-32.7006
26,0,61,-32.8197
24,0,94,-32.6277
27,0,170,-32.9
22,0,31,-32.0968
30,0,34,-32
42,0,99,-32.7273
28,0,148,-32.4865
32,0,170,-32.7824
23,0,48,-32.1667
25,0,176,-32.7045
24,0,87,-32.6207
28,0,179,-32.7207
21,0,52,-32.8077
45,0,195,-32.5487
24,0,152,-32.6513
20,0,62,-32.2742
24,0,154,-32.9481
29,0,163,-32.1104
33,0,163,-32.8712
20,0,28,-32.5
25,0,48,-32.4167
23,0,139,-32.8201
30,0,182,-32.9231
41,0,180,-32.6389
21,0,157,-32.707
25,0,182,-32.8571
24,0,154,-32.7078
26,0,170,-32.8471
33,0,68,-31.8971
20,0,118,-32.6949
27,0,170,-32.6765
25,0,40,-31.8
21,0,27,-32.4444
22,0,158,-32.5633
22,0,45,-32.7333
24,0,103,-32.699
20,0,37,-31.2162
41,0,107,-32.3271
20,0,35,-32.8
21,0,36,-32.4444
29,0,169,-32.6627
29,0,96,-32.9792
24,0,44,-32.6364
30,0,157,-32.4013
24,0,73,-32.4795
30,0,42,-31.881
23,0,156,-32.5577
22,0,130,-32.5923
25,0,172,-32.6453
22,0,78,-31.9231
42,0,102,-32.3627
27,0,162,-32.8642
23,0,173,-32.7688
66,0,171,-32.1228
70,0,199,-32.3367
21,0,111,-32.9369
24,0,81,-32.642
27,0,166,-32.6265
43,0,164,-32.4268
20,0,77,-32.7662
20,0,111,-32.7568
27,0,138,-32.587
29,0,32,-31.9688
21,0,189,-32.5556
33,0,165,-32.6606
44,0,174,-31.8563
44,0,194,-32.6186
27,0,195,-32.8513
29,0,132,-32.7652
20,0,39,-32.641
50,0,202,-32.3713
21,0,91,-32.8022
27,5,86,-32.7674
22,0,146,-32.274
39,0,166,-32.8193
27,3,173,-32.289
42,0,100,-32.44
40,0,173,-32.7861
25,16,79,-32.557
33,3,98,-32.2041
36,7,108,-32.6019
20,0,117,-32.8376
27,0,196,-32.6429
25,0,154,-32.3701
24,0,166,-33
20,0,162,-32.8086
37,0,171,-32.5556
27,0,150,-32.3067
24,13,51,-32.4706
25,17,51,-31.9804
29,1,188,-32.5851
39,0,167,-32.1377
39,0,163,-32.8344
33,0,138,-32.5725
21,6,86,-32.593
20,60,25,-32.12
22,22,90,-32.8222
20,20,22,-31.8182
22,0,178,-32.7528
20,0,113,-32.6903
20,0,89,-32.7416
26,0,181,-32.6796
26,0,153,-32.8301
21,0,40,-32.3
39,0,177,-32.4802
31,0,156,-32.5449
20,0,145,-32.869
30,0,173,-32.7861
33,0,165,-32.3333
23,0,132,-32.5606
21,0,105,-32.7429
30,0,91,-32.7582
23,0,135,-32.7926
21,0,163,-32.7669
30,0,178,-32.7865
24,0,179,-32.8827
21,0,121,-32.6694
31,0,34,-32.4118
21,0,161,-32.8137
22,0,139,-32.2878
20,0,153,-32.7516
24,0,197,-32.4315
20,0,131,-32.7557
35,0,145,-32.5241
22,0,168,-32.7381
20,0,70,-32.7429
36,0,183,-32.694
20,0,54,-32.963
52,0,164,-31.9268
28,0,161,-32.9006
25,0,44,-32.1818
31,0,90,-32.4333
21,0,145,-32.869
21,0,158,-32.7785
23,0,40,-31.025
22,0,27,-32.2593
24,0,164,-32.6402
47,0,172,-32.6337
24,0,168,-32.3929
23,0,86,-32.3372
27,0,184,-32.7935
21,0,166,-32.7651
26,0,170,-32.7588
30,0,170,-32.7
48,0,247,-32.7004
30,0,167,-32.7006
21,0,47,-32.3617
22,0,52,-32.5769
36,0,181,-32.4088
24,0,169,-32.4911
20,0,44,-31.9318
27,0,130,-32.5538
34,0,175,-32.7086
36,0,81,-32.2346
35,0,143,-32.6154
57,0,97,-32.3505
40,0,75,-32.3867
29,0,156,-32.6218
37,0,82,-32.4512
27,0,101,-32.5644
26,0,130,-32.5538
32,0,137,-32.7591
33,0,161,-32.646
24,0,131,-32.3817
20,0,74,-32.8378
37,0,181,-32.6133
30,0,90,-32.2667
28,0,59,-32.7797
41,0,188,-32.3564
20,0,90,-32.6444
24,0,60,-32.5333
23,0,50,-32.82
30,0,82,-32.0854
34,0,182,-32.3681
23,0,89,-32.4494
23,0,157,-32.9682
31,0,133,-32.8797
25,0,51,-32.098
32,0,163,-32.6196
26,0,85,-32.4471
23,0,94,-32.1702
25,0,109,-32.4862
20,0,116,-32.9138
42,0,180,-32.7556
24,0,41,-32.9512
21,0,159,-32.1824
36,0,171,-32.5614
35,0,84,-32.4643
21,0,152,-32.7829
29,0,149,-32.6174
40,0,197,-32.5635
20,0,168,-32.9107
21,0,34,-31.9118
23,0,82,-32.8902
23,0,71,-32.831
37,0,186,-32.8925
26,0,182,-32.3956
30,0,169,-32.8343
23,0,158,-32.8481
23,0,111,-32.8649
43,0,170,-32.4294
28,0,63,-31.8413
23,0,86,-32.6279
21,0,74,-31.8514
23,0,88,-32.6136
38,0,98,-31.8163
28,0,95,-31.9895
23,0,151,-32.457
20,0,138,-32.7174
21,0,75,-32.48
24,0,132,-32.0606
25,0,160,-32.6125
20,0,171,-32.4035
24,0,55,-32.4182
32,0,172,-32.7791
20,0,140,-32.95
34,0,74,-32.5135
30,0,78,-32.3462
20,0,57,-32.2632
20,0,134,-32.3433
21,0,144,-32.6389
34,0,152,-32.3553
25,0,80,-32.8125
22,0,133,-32.5639
25,0,144,-32.8333
22,0,158,-32.5949
22,0,151,-32.7483
20,0,91,-32.7253
23,0,194,-32.5155
26,0,162,-32.5
46,0,170,-32.8412
23,0,51,-32.2157
52,0,179,-32.4246
25,0,109,-32.6789
31,0,174,-32.3908
35,0,90,-32.8333
30,0,124,-32.4516
28,0,156,-32.8526
30,0,116,-32.569
27,0,76,-32.1974
22,0,146,-32.6096
26,0,175,-32.6686
25,0,170,-32.7471
26,0,72,-32.7361
28,0,137,-32.927
31,0,120,-32.6
20,0,155,-32.729
45,0,130,-32.5
40,0,166,-32.6024
36,0,156,-32.4808
20,0,36,-32.3889
47,0,148,-32.3716
27,0,155,-32.2
25,0,155,-32.5742
24,0,46,-32.6304
33,0,82,-32.3415
26,0,172,-32.7907
42,0,101,-31.8515
22,0,120,-32.6167
40,0,84,-31.8452
25,0,149,-32.8389
29,0,52,-31.5
22,0,126,-32.8175
23,0,121,-32.6942
24,0,52,-32.8462
21,0,90,-32.4667
23,0,153,-32.8431
35,0,163,-32.4969
35,0,171,-32.3743
23,0,138,-32.3043
26,0,76,-32.3026
29,0,175,-32.8343
28,0,162,-32.9074
20,0,39,-32.3846
24,0,192,-32.3906
45,0,166,-32.3012
21,0,41,-32
31,0,127,-32.8504
35,0,149,-32.7248
23,0,69,-32.6812
34,0,82,-32.061
33,0,81,-31.9136
35,0,79,-32.481
36,0,171,-32.5556
21,0,143,-32.7273
25,0,173,-32.6301
24,0,161,-32.795
20,0,129,-32.2326
29,0,151,-32.1391
24,0,162,-32.537
30,0,136,-32.7132
20,0,189,-32.7725
23,0,54,-32.2593
30,0,152,-32.5329
22,0,143,-32.5524
28,0,171,-32.7135
21,0,144,-32.7917
22,0,80,-32.8125
37,0,113,-32.5487
25,0,58,-33
21,0,87,-32.6552
21,0,134,-32.4104
26,0,135,-32.2519
20,0,153,-32.8497
23,0,158,-32.057
31,0,169,-32.3905
32,0,157,-32.6178
21,0,162,-32.8827
21,0,173,-32.8266
26,0,153,-32.6732
22,0,145,-32.9034
25,0,82,-33
39,0,154,-32.7208
23,0,142,-32.6268
24,0,152,-32.6513
39,0,173,-32.6994
24,0,50,-31.54
20,0,131,-32.5878
30,0,187,-32.6738
20,0,58,-32.7931
20,0,118,-32.6102
35,0,76,-32.0789
38,0,162,-32.7654
31,0,134,-32.5448
26,0,145,-32.9241
30,0,84,-32.7976
23,0,72,-32.5
21,0,158,-32.9177
33,0,165,-32.6303
20,0,160,-32.7313
24,0,145,-32.531
28,0,87,-32.6782
24,0,145,-32.9103
21,0,182,-32.4945
43,0,146,-32.3562
21,0,46,-32.5435
33,0,189,-32.7513
22,0,151,-32.6026
24,0,143,-32.7343
35,0,151,-32.6225
26,0,147,-32.6667
26,0,59,-32.678
25,0,80,-32.375
30,0,154,-32.6234
25,0,130,-32.7
55,0,102,-32
23,0,165,-32.503
28,0,89,-32.618
46,0,98,-31.6531
21,0,23,-30.8261
31,0,95,-32.6632
28,0,63,-32.2063
38,0,134,-32.3284
22,0,155,-32.6645
43,0,97,-32.1856
55,0,173,-32.4162
28,0,154,-32.7468
44,0,97,-31.9175
34,0,160,-32.525
22,0,76,-32.6974
35,0,173,-32.6763
26,0,81,-32.2963
31,0,175,-32.8057
41,0,164,-32.439
20,0,68,-32.4118
21,0,47,-32.4894
22,0,73,-32.6438
23,0,38,-31.7895
24,0,153,-32.8105
24,0,171,-32.7602
27,0,65,-32.1231
32,0,161,-32.559
36,0,94,-32.6702
29,0,269,-32.6357
46,0,184,-32.5652
26,0,76,-32.6711
24,0,61,-33
25,0,154,-32.7597
25,0,137,-32.5912
24,0,154,-32.539
25,0,162,-32.6296
21,0,84,-32.0357
21,0,160,-32.7313
25,0,74,-32.2568
24,0,151,-32.6026
20,0,160,-32.7125
23,0,169,-32.929
34,0,163,-32.7178
23,0,166,-32.8193
21,0,77,-32.2208
31,0,175,-32.3257
33,0,134,-32.5746
20,0,47,-32.5532
24,0,180,-32.7444
22,0,173,-32.7977
23,0,178,-32.8876
24,0,59,-32.322
23,0,79,-32.6076
23,0,200,-32.515
21,0,89,-32.236
27,0,153,-32.6209
22,0,141,-32.8014
26,0,144,-32.9236
21,0,161,-32.6522
22,0,97,-32.6082
21,1,76,-32.3158
39,3,156,-32.5385
20,2,149,-32.7383
20,1,124,-32.9355
20,0,149,-32.5436
33,12,113,-32.4867
28,0,154,-32.7403
34,10,132,-32.5682
20,0,171,-32.883
27,0,154,-32.5455
20,0,184,-32.7772
22,0,154,-32.8701
35,0,159,-32.2579
24,0,51,-32.7255
25,0,126,-32.2619
27,0,67,-32.2985
25,0,153,-32.7582
26,0,185,-32.6432
31,0,167,-32.7844
40,0,183,-32.4973
22,0,143,-32.2098
25,6,82,-32.7683
20,6,86,-32.407
47,0,190,-32.4842
30,0,169,-32.497
25,0,45,-32.2667
23,0,166,-32.6265
37,6,147,-32.3129
34,0,99,-32.1515
22,0,83,-32.7229
21,0,68,-32.4559
47,0,145,-32.2966
22,0,146,-32.6781
49,0,88,-32.4886
20,0,81,-32.9383
45,0,157,-32.8217
22,7,58,-32.2931
22,0,59,-32.7458
31,0,90,-32.4556
27,0,46,-32.0217
33,0,151,-32.4503
26,0,168,-32.619
26,0,166,-32.747
26,0,134,-32.8881
40,0,175,-32.5257
22,0,152,-32.5526
23,6,32,-32.4062
42,2,199,-32.4925
23,0,148,-32.25
43,0,100,-32.59
20,0,87,-32.5287
48,0,187,-32.3957
30,0,174,-32.6207
40,0,90,-31.8889
25,2,160,-32.6938
47,0,161,-32.5839
40,0,164,-32.6463
37,0,178,-32.5674
23,0,78,-32.9487
47,0,169,-32.6036
20,0,56,-32.6607
20,0,194,-32.9072
35,0,167,-32.1497
26,0,117,-32.8974
37,0,100,-32.25
24,0,120,-32.6333
20,0,125,-32.672
20,0,81,-32.2222
38,0,95,-32.1789
33,0,142,-32.7183
20,0,165,-32.497
20,0,154,-32.3571
26,0,85,-32.3765
23,0,173,-32.6763
25,0,184,-32.5326
22,0,45,-32.6444
32,0,153,-32.6993
22,0,102,-32.902
32,0,99,-32.6263
35,0,160,-32.4875
29,0,79,-32.0253
22,0,136,-32.8676
39,0,162,-32.4815
25,0,143,-32.3776
21,0,155,-32.7742
22,0,165,-32.9091
20,0,104,-32.9038
22,0,155,-32.7935
24,0,150,-32.48
30,0,95,-32.6105
25,0,159,-32.6667
20,0,65,-32.9231
28,0,138,-32.9058
27,0,169,-32.8521
25,0,131,-32.916
23,0,169,-32.6391
26,0,77,-32.5325
28,0,149,-32.5235
25,0,149,-32.9664
20,0,137,-32.4307
29,0,72,-32.5278
27,0,183,-32.7486
27,0,117,-32.6838
20,0,146,-32.9452
20,0,139,-32.7698
25,0,121,-32.7025
24,0,94,-32.4149
25,0,154,-32.8442
24,0,138,-32.3913
23,0,141,-32.5816
32,0,157,-32.5096
24,0,43,-32.3953
22,0,134,-32.6418
25,0,161,-32.6646
35,0,144,-32.625
20,0,50,-31.82
23,0,100,-32.66
21,0,154,-32.5649
21,0,169,-32.8876
42,2,162,-32.8333
22,2,183,-32.8361
25,0,146,-32.5753
20,0,101,-32.4257
36,7,107,-32.4299
36,2,136,-32.3603
21,0,138,-32.9565
21,2,117,-32.8889
24,0,138,-32.7319
21,6,60,-32.5
27,13,105,-32.6857
26,0,180,-32.6
35,3,107,-32.5794
24,0,92,-32.587
35,7,133,-32.4812
21,0,124,-32.9758
21,0,159,-32.8931
21,0,324,-32.6605
24,0,35,-32.6857
39,1,181,-32.6906
33,0,80,-32.2625
25,1,157,-32.6752
21,0,125,-31.952
23,0,82,-32.9024
27,0,167,-32.7305
29,0,159,-32.6101
31,0,88,-32.2727
31,0,49,-32.0204
44,0,162,-32.5247
25,0,173,-32.7052
22,0,74,-32.2703
20,0,169,-32.3077
21,0,156,-32.6667
20,0,197,-32.7208
44,0,96,-32.4062
24,0,123,-33
49,0,87,-32.0345
28,0,168,-32.8036
22,0,159,-32.8931
39,0,172,-32.3663
42,0,115,-32.2435
38,0,207,-32.4203
21,0,151,-32.8742
22,0,150,-32.54
40,0,122,-32.7131
39,0,94,-31.8191
20,0,158,-32.8671
21,0,155,-32.5742
22,0,92,-32.5217
21,0,192,-32.5781
20,0,170,-32.4176
23,0,172,-32.6395
40,0,169,-32.3195
24,0,180,-32.65
21,0,35,-31.5143
25,0,114,-32.8421
27,0,52,-32.25
20,0,168,-32.6607
40,0,254,-32.8228
21,0,136,-32.7868
37,0,185,-32.1676
31,0,199,-32.6231
25,0,163,-32.6258
24,0,72,-33
20,0,47,-32.2979
45,0,95,-32.3368
21,0,179,-32.7933
25,0,39,-32.2308
33,0,93,-32.2151
39,0,196,-32.449
27,0,188,-32.7713
24,0,168,-32.8512
23,0,141,-32.4681
20,0,82,-32.7073
31,0,180,-32.6556
44,0,193,-32.4197
20,0,158,-32.6203
20,0,162,-32.463
20,0,151,-32.6159
28,0,159,-32.3459
25,0,164,-32.4695
22,0,65,-32.2923
26,0,159,-32.7925
49,0,100,-32.44
20,0,194,-32.8144
32,0,180,-32.3778
24,0,79,-32.6835
28,0,149,-32.7248
33,0,97,-32.1959
36,0,165,-32.2
28,0,175,-32.76
27,0,150,-32.76
20,0,125,-32.656
38,0,165,-32.1333
20,0,92,-32.5543
21,0,166,-32.6627
21,0,151,-32.755
20,0,147,-32.6599
24,0,93,-32.5806
22,0,93,-32.6774
37,0,88,-32.6591
24,0,140,-32.8571
20,0,51,-32.3529
21,0,160,-32.5625
32,0,155,-32.7548
22,0,166,-32.7831
23,0,156,-32.4231
26,0,164,-32.5671
21,0,97,-32.5052
23,0,159,-32.5535
25,0,192,-32.6406
21,0,144,-32.8403
45,0,172,-32.2791
33,0,173,-32.6821
42,0,198,-32.8636
22,0,114,-32.2544
21,0,179,-32.8994
27,0,145,-32.869
24,0,116,-32.7759
37,0,149,-32.4228
21,0,150,-32.8867
40,0,83,-32.5542
24,0,150,-32.9867
24,0,165,-32.7818
57,0,102,-32.3137
23,0,28,-31.2857
21,0,35,-31.8286
46,0,193,-32.6943
30,0,176,-32.6307
45,0,166,-32.3494
59,0,176,-32.6534
29,0,117,-32.4103
59,0,165,-32.4909
29,0,152,-32.7434
20,0,157,-32.6306
22,0,154,-32.987
20,0,44,-32.6818
23,0,77,-32.7403
29,0,156,-32.8205
22,0,87,-32.6322
22,0,159,-32.8491
22,0,162,-32.6852
53,0,171,-32.4678
21,0,30,-31.7
20,0,89,-32.6629
22,0,48,-32.6042
64,0,191,-32.2827
20,0,153,-32.8758
20,0,152,-32.8355
32,0,171,-32.848
30,0,169,-32.497
43,0,98,-32.1327
39,0,107,-32.2804
22,0,56,-32.625
24,0,84,-32.4762
30,0,142,-32.3521
26,0,196,-32.5408
21,0,148,-32.7432
26,0,168,-32.5476
20,0,180,-32.8611
27,0,141,-32.7943
35,0,181,-32.4365
26,0,132,-32.5758
25,0,99,-32.4141
21,0,179,-32.7933
21,0,170,-32.9235
27,0,158,-32.2532
20,2,101,-32.6634
20,0,197,-32.7056
20,10,115,-32.9478
24,0,153,-32.719
25,0,44,-32.3182
33,0,161,-32.118
25,0,157,-32.9108
22,0,153,-32.8562
25,0,137,-32.6496
21,0,84,-32.5595
20,0,92,-32.2826
20,0,169,-32.2485
29,0,111,-32.4505
39,0,161,-32.6335
25,0,160,-32.5875
25,0,186,-32.5376
22,0,161,-32.6894
22,0,138,-32.7754
20,0,171,-32.8538
20,0,162,-32.9321
33,0,161,-32.6832
20,0,33,-32.3939
48,0,170,-32.4118
25,0,134,-32.7463
30,0,171,-32.5088
22,0,55,-32.2182
48,0,167,-32.6168
22,0,52,-32.6731
24,0,149,-32.8523
25,0,76,-32.8947
27,0,87,-31.7816
39,0,174,-32.092
21,0,125,-32.64
23,0,176,-32.8693
32,0,148,-32.7838
25,0,128,-32.7031
23,0,158,-32.6582
20,0,110,-32.6545
21,0,175,-32.9886
22,0,170,-32.7176
20,0,166,-32.7892
32,0,172,-32.7209
28,0,179,-32.4469
45,0,179,-32.257
36,0,160,-32.5
48,0,181,-32.6685
37,0,167,-32.6048
31,0,167,-32.3293
38,0,190,-32.5737
21,0,57,-32.7895
20,0,25,-31.44
26,0,150,-32.7667
51,0,178,-32.4438
21,0,159,-32.761
22,0,168,-32.7976
24,0,174,-32.5402
27,0,141,-32.8582
22,0,159,-32.7862
46,0,170,-32.6647
22,0,167,-32.4132
27,0,176,-32.8239
23,0,140,-32.5786
22,0,163,-32.6135
23,0,190,-32.4474
38,0,102,-32.0882
22,0,105,-32.9333
30,0,135,-32.7111
24,0,103,-33
20,0,174,-32.908
22,0,156,-32.5
23,0,78,-32.6026
20,0,77,-32.5455
25,0,70,-31.2143
21,0,68,-32.75
25,0,147,-32.7619
38,0,175,-32.3086
56,0,145,-32.8483
23,0,174,-32.8103
33,0,195,-32.2769
24,0,170,-32.9824
37,0,170,-32.4706
24,0,144,-32.7917
29,0,181,-32.5414
21,2,80,-32.975
22,0,154,-32.7078
22,0,151,-32.4106
23,0,170,-32.8
41,0,160,-32.9062
21,0,139,-32.518
21,0,94,-31.9574
24,0,91,-32.3956
26,0,148,-32.6892
40,0,168,-32.744
27,0,123,-32.8455
26,0,163,-32.8221
23,0,164,-32.811
35,0,88,-32.0568
22,0,141,-32.7801
27,0,78,-32.8846
28,0,91,-32.4615
43,0,172,-32.5349
23,0,160,-32.5187
39,0,178,-32.3371
20,0,46,-32.2174
31,0,76,-32.4605
39,0,89,-32.5618
28,0,79,-32.7975
26,0,144,-33
32,0,161,-32.3416
20,0,102,-32.9608
33,0,171,-32.6257
25,0,151,-32.596
29,0,80,-32.1875
26,0,170,-32.9294
24,0,145,-32.3655
41,0,99,-32.2626
26,0,126,-32.6508
41,0,172,-32.686
24,0,34,-32.1471
23,0,158,-32.6646
37,0,84,-32.1548
50,0,175,-32.1143
28,0,128,-32.4062
22,0,170,-32.7706
24,0,108,-32.8519
23,0,105,-32.9333
24,0,64,-32.4531
27,0,171,-32.9064
28,0,117,-32.7521
51,0,99,-32.2727
24,0,50,-32.42
53,0,181,-32.1657
23,0,152,-32.4211
27,0,139,-32.3957
48,0,179,-32.4972
23,0,147,-32.7755
30,0,148,-32.5135
26,0,140,-32.8071
42,0,183,-32.5246
24,0,137,-32.5693
29,0,152,-32.6974
22,0,91,-32.6703
23,0,75,-32.92
52,0,186,-32.5215
30,0,189,-32.7407
42,0,176,-32.5966
20,0,89,-32.8315
20,0,132,-32.7121
27,6,163,-32.9264
22,1,129,-32.6357
22,0,139,-32.4748
20,0,129,-32.7597
27,0,219,-32.6621
21,3,155,-32.6065
23,1,181,-32.7293
21,0,78,-32.6538
28,0,89,-32.1348
41,0,92,-32.3261
21,0,142,-32.8028
30,0,87,-31.8276
23,0,140,-32.7214
21,0,82,-32.1585
38,0,105,-32.2667
47,0,103,-31.8058
30,0,148,-32.3919
21,0,192,-32.8021
25,0,173,-32.6474
20,0,151,-32.9272
22,0,113,-32.7434
28,0,153,-32.7908
20,0,47,-32.6383
33,0,125,-32.68
36,0,165,-32.7455
28,0,307,-32.671
23,0,77,-32.7273
35,0,93,-32.6667
32,0,79,-32.0759
23,0,159,-32.6352
26,0,136,-32.7721
21,0,161,-32.4472
24,0,190,-32.4579
34,0,103,-32.0194
20,0,132,-32.7348
20,0,30,-31.9667
45,0,192,-32.651
20,0,166,-32.6325
25,0,181,-32.768
39,0,112,-32.5
30,0,94,-32.0745
33,0,171,-32.5146
21,0,139,-32.7914
24,0,160,-32.975
32,0,147,-32.5986
37,0,189,-32.4815
30,0,123,-32.1545
21,0,31,-30.871
21,0,156,-32.5385
27,4,149,-32.5973
22,0,175,-32.7943
39,24,64,-32.2031
54,60,146,-32.5548
68,54,98,-32.6429
33,57,43,-32.0698
65,34,164,-32
21,0,97,-33
37,14,174,-32.546
20,0,175,-32.8571
20,0,76,-32.6974
45,0,175,-32.6114
23,0,185,-32.6811
21,0,142,-32.6408
24,0,105,-32.5714
32,0,149,-32.5973
21,0,190,-32.9895
20,0,90,-32.7222
22,0,168,-32.881
21,0,135,-32.163
29,0,173,-32.6532
25,0,190,-32.7526
24,0,167,-32.7964
23,0,99,-32.8586
39,0,174,-32.4713
27,0,89,-32.2809
42,0,161,-32.5217
31,0,168,-32.756
28,0,146,-32.6986
21,0,144,-32.9097
23,0,158,-32.6519
43,0,192,-32.6302
60,0,220,-32.2182
25,0,27,-32.037
35,0,165,-32.5576
30,0,166,-32.9217
41,0,104,-32.3077
25,0,100,-32.82
26,0,45,-32.2667
53,0,169,-32.0651
21,0,156,-32.5192
24,0,86,-32.814
22,0,129,-32.9922
29,0,93,-32.4301
42,0,257,-32.5331
20,0,154,-32.6169
52,0,180,-32.6111
49,0,179,-32.4972
54,0,188,-32.0213
25,0,176,-32.7216
31,0,158,-32.7405
26,0,176,-32.3636
52,0,189,-32.4021
25,0,170,-32.7647
26,0,160,-32.9188
38,0,119,-32.563
21,0,143,-32.951
24,0,206,-32.6456
33,0,198,-32.697
21,0,26,-32.6923
23,0,132,-32.8485
20,0,127,-32.811
26,0,176,-32.5682
58,0,118,-32.1356
22,0,26,-32.1538
35,0,179,-32.6648
42,0,173,-32.7572
25,0,184,-32.7446
38,0,149,-32.5369
26,0,182,-32.7527
22,0,84,-32.8452
31,0,153,-32.3203
39,0,137,-32.438
22,0,153,-32.6144
21,2,29,-31.4828
44,0,151,-32.3113
21,0,87,-32.023
21,0,125,-32.888
22,0,170,-32.4824
60,0,193,-32.6684
39,0,100,-32.36
21,0,155,-32.9226
53,0,181,-32.5635
21,0,173,-32.3584
26,0,89,-31.9326
27,0,74,-32.5811
34,0,70,-32.9286
47,0,95,-32.3474
21,0,63,-32.9206
22,0,68,-32.6618
23,0,150,-32.78
53,0,197,-32.4061
23,0,73,-32.8356
45,0,170,-32.9
37,0,84,-32.6905
27,0,197,-32.6904
29,0,96,-32.4896
37,0,193,-32.5233
25,0,155,-32.7097
39,0,173,-32.6994
21,0,149,-32.7248
28,0,92,-32.663
22,0,77,-32.8182
22,1,53,-33
30,0,142,-33
35,0,187,-32.5829
20,0,151,-32.4172
61,0,187,-32.6578
40,0,178,-32.8483
22,0,82,-32.5122
39,0,174,-32.7184
28,0,89,-32.382
20,0,103,-32.6505
24,0,97,-32.268
31,0,172,-32.4535
23,0,36,-31.8889
54,0,192,-32.2083
22,0,148,-32.7568
38,0,170,-32.7294
23,0,81,-32.7778
25,0,169,-32.787
25,0,119,-32.8655
24,0,145,-32.6759
26,0,154,-32.5065
35,0,171,-32.9181
24,0,177,-32.5989
23,0,84,-32.4048
27,0,158,-32.7658
37,0,164,-32.7805
24,0,182,-32.7088
22,0,173,-32.6012
24,0,158,-32.6709
20,0,162,-32.9568
32,0,162,-32.8457
20,0,155,-32.7742
23,0,157,-32.828
39,0,176,-32.5398
27,0,166,-32.6807
20,0,50,-32.72
20,0,152,-32.9934
32,0,147,-32.8367
23,0,180,-32.6167
28,0,54,-31.6481
24,0,25,-30.6
25,0,29,-30.6207
21,0,84,-32.7143
21,0,74,-31.9324
48,0,98,-32.3878
35,0,99,-32.6869
30,0,169,-32.929
33,0,80,-32.325
25,0,87,-32.2299
25,2,39,-31.9231
21,0,151,-32.8079
24,0,155,-32.9935
32,3,44,-32.7273
20,0,28,-31.3571
33,0,190,-32.8263
22,0,55,-31.4364
28,0,159,-32.9182
20,0,158,-32.9684
21,0,156,-32.6667
24,0,76,-32.3816
35,2,179,-32.6425
66,0,182,-32.2692
24,0,87,-32.9195
28,0,181,-32.7017
21,0,145,-32.6966
21,2,28,-31.4286
25,0,130,-32.8692
23,0,172,-32.6744
20,60,32,-32.5312
22,58,39,-31.9231
20,0,78,-33
22,0,198,-32.1313
31,0,99,-32.1313
28,0,180,-32.8056
23,0,62,-32.6452
26,0,87,-32.6782
34,0,184,-32.712
31,0,170,-32.4941
40,0,122,-32.6639
20,0,151,-32.8013
23,0,26,-31
60,0,188,-32.4521
22,0,105,-32.6095
40,0,121,-32.2314
27,0,159,-32.5975
26,0,87,-32.4023
48,0,104,-31.9808
22,0,97,-32.6186
40,0,162,-32.5741
40,0,92,-32
39,0,168,-32.3393
23,0,29,-31.5517
38,0,157,-32.6752
29,0,85,-32.5412
28,0,183,-32.8033
28,0,179,-32.6257
22,0,186,-32.9785
38,0,92,-32.1957
25,0,146,-32.7055
25,0,177,-32.7514
25,0,138,-32.7029
28,1,107,-32.7196
39,0,81,-32.0741
23,0,97,-32.4639
20,0,61,-32.3607
23,0,178,-32.7135
21,0,81,-32.4815
24,0,148,-32.7973
26,0,167,-32.6766
25,0,156,-32.2051
52,0,189,-32.3545
25,0,151,-32.7285
32,0,174,-32.8391
27,2,66,-32.3182
21,0,152,-32.625
28,0,145,-32.7793
25,0,134,-32.5896
21,0,142,-32.5634
27,0,85,-32.6824
22,0,61,-32.6885
22,0,25,-31.56
45,0,163,-32.2025
20,0,165,-32.8545
32,0,155,-32.5935
26,0,157,-32.5796
32,0,163,-32.7975
33,0,174,-32.7011
23,0,155,-32.471
27,0,168,-32.2857
31,0,158,-32.8228
31,0,178,-32.6404
42,0,174,-32.3678
34,0,166,-32.7169
26,0,37,-31.6757
24,0,26,-32.6538
26,0,163,-32.8098
20,0,79,-32.8608
23,0,49,-32.6327
62,0,185,-32.3459
20,0,159,-32.7421
20,0,90,-32.8667
20,0,161,-32.7888
53,0,171,-32.4269
26,0,182,-32.5769
42,0,102,-32.4706
47,0,184,-31.962
24,0,59,-32.4915
35,0,107,-32.2523
47,0,191,-32.5759
35,0,162,-32.8086
23,0,167,-32.8982
24,0,71,-32.3239
26,0,81,-32.5185
21,0,33,-32.3636
39,0,88,-32.7727
34,0,172,-32.593
33,0,151,-32.2715
28,0,180,-32.5556
38,0,90,-32.7556
36,0,177,-32.678
23,0,194,-32.7423
25,0,113,-32.646
27,0,159,-32.6855
44,0,183,-32.5628
43,0,79,-32.5949
24,0,77,-32.5065
24,0,28,-32.5357
31,0,162,-32.7593
29,0,171,-32.5146
31,0,161,-32.6708
28,0,60,-32.6833
22,0,27,-32.8148
33,0,68,-32.2353
29,0,177,-32.8023
24,0,158,-32.7278
26,3,161,-32.5714
20,0,162,-32.9506
23,0,187,-32.6952
27,0,167,-32.8862
20,0,60,-32.8
22,0,119,-32.9664
26,0,84,-32.4048
33,0,177,-32.8814
36,0,191,-32.5236
25,11,160,-32.9562
28,0,169,-32.4615
21,0,149,-32.5973
26,0,163,-32.9387
20,0,129,-32.4651
23,0,52,-32.6346
21,0,77,-32.5844
21,0,123,-32.9024
23,0,89,-32.236
20,0,102,-31.6667
25,0,137,-32.6496
20,0,169,-32.8047
23,0,153,-32.8039
33,0,56,-32.5536
27,0,134,-32.8582
28,0,162,-32.6605
20,0,153,-32.6275
21,0,56,-31.7143
27,0,186,-32.7043
20,0,27,-32.8889
25,0,91,-32.6044
23,7,82,-31.7683
20,0,178,-32.7191
31,0,134,-32.5448
34,0,183,-32.6393
21,2,192,-32.7656
20,0,151,-32.8675
22,2,206,-32.5437
21,0,155,-32.8387
25,0,143,-32.8182
22,0,81,-32.5802
24,27,28,-30.1786
27,51,39,-32.1795
22,36,25,-32.32
22,0,94,-32.5638
21,0,32,-32.25
22,0,171,-32.3041
20,8,153,-32.4575
28,0,56,-32.5714
24,0,147,-32.6871
20,0,152,-32.6513
26,39,44,-31.4773
45,0,184,-32.6685
33,1,188,-32.5798
26,2,52,-32.4808
24,0,149,-32.7315
21,0,44,-32.8636
22,0,170,-32.4647
21,0,137,-32.781
26,0,72,-32.6806
22,0,42,-32.2857
23,0,177,-32.6271
31,0,126,-32.2143
23,0,164,-32.7256
24,0,148,-32.973
25,60,38,-31.7895
32,60,148,-32.6081
20,0,50,-32.8
22,0,158,-32.7089
21,60,22,-31.9091
20,0,136,-32.7279
29,0,46,-32.5
31,60,87,-32.3103
30,0,92,-32.4783
20,1,145,-32.7655
24,0,49,-31.8367
30,0,181,-32.7569
30,0,176,-32.5341
26,3,58,-32.5172
28,36,29,-30.7931
33,0,166,-32.8072
29,0,149,-32.7852
43,0,186,-32.6667
22,4,22,-32.0909
34,0,195,-32.7846
23,4,172,-32.9012
22,0,44,-32.75
22,60,32,-32.5
30,0,151,-32.6887
25,0,154,-32.7597
35,0,200,-32.71
24,0,45,-32.1556
25,17,191,-32.7068
25,3,103,-32.8544
24,8,168,-32.506
27,2,179,-32.7598
29,0,185,-32.1946
23,0,46,-32.5217
21,50,84,-32.869
24,0,153,-32.9346
31,19,138,-32.5217
21,60,36,-32.4722
25,0,103,-32.6214
26,0,171,-32.5497
21,6,129,-33
20,0,166,-32.7771
20,0,145,-32.9862
24,10,48,-32.1458
24,4,193,-32.5855
25,60,40,-33
29,2,154,-32.6753
23,0,121,-32.6446
48,10,113,-32.1593
26,20,155,-32.6129
23,23,139,-32.6547
20,0,183,-32.6831
25,2,119,-32.2773
22,60,33,-32.0606
21,11,54,-32.0926
49,0,126,-32.4365
21,60,27,-32.2222
20,11,181,-32.8343
21,0,114,-32.5351
20,0,110,-32.5909
20,1,196,-32.5816
21,0,159,-32.3522
22,0,129,-32.6434
21,0,61,-32.8033
24,0,166,-32.3735
20,1,143,-32.4685
20,0,175,-32.72
23,0,45,-32.1111
25,0,180,-32.7389
20,0,185,-32.7838
21,5,92,-32.8696
20,0,159,-32.4088
21,2,167,-32.9341
20,0,67,-32.9851
32,0,190,-32.4474
24,0,135,-32.9185
23,0,135,-32.837
36,0,112,-32.5536
21,0,41,-32.8537
30,0,87,-32.8966
26,0,163,-32.8098
29,0,138,-32.6377
22,0,168,-32.8155
32,0,174,-32.8333
23,0,177,-32.5932
24,0,77,-33
26,0,93,-32.4624
21,0,75,-32.9733
46,0,88,-32.6023
23,0,80,-32.525
28,0,83,-31.747
24,0,150,-32.7133
40,0,127,-32.3307
23,0,52,-32.6154
43,0,104,-32.1731
26,0,143,-32.6573
25,0,174,-32.8046
24,0,162,-32.5617
37,0,176,-32.5284
37,0,163,-31.9509
25,0,156,-32.6538
43,0,179,-32.5978
29,0,64,-32.0625
22,0,151,-32.6623
22,0,88,-32.5227
20,0,84,-32.5476
31,0,95,-32.4105
41,0,108,-32.5463
25,0,98,-32.1224
42,0,177,-32.4011
20,0,153,-32.4837
48,0,154,-32.4805
31,0,177,-32.6667
35,0,191,-32.6126
23,0,75,-32.2
20,0,80,-32.3125
21,0,153,-32.549
33,0,174,-32.3908
28,0,184,-32.6576
22,0,153,-32.7255
21,0,74,-32.3378
23,0,63,-31.5397
31,0,79,-32.2152
29,0,147,-32.449
20,0,61,-31.9508
25,0,259,-32.7529
39,0,173,-32.5665
22,0,147,-32.8639
40,0,107,-31.4953
27,0,150,-32.7
20,0,165,-32.8727
23,0,45,-32.7778
20,0,101,-32.6832
25,0,83,-32.5783
21,0,47,-32.6809
22,0,136,-32.5956
54,0,200,-32.29
23,0,74,-32.7027
25,0,87,-32.7471
33,0,152,-32.7697
42,0,176,-32.7045
58,0,174,-31.7184
23,0,154,-32.6818
22,0,175,-32.8743
22,0,156,-32.6346
21,0,171,-32.7544
25,0,143,-32.7413
28,0,135,-32.9852
25,0,138,-32.8261
37,0,163,-32.6442
39,0,113,-32.1593
43,0,113,-32.4602
23,0,189,-32.6349
34,0,161,-32.8571
36,0,133,-32.6767
48,0,99,-32.1111
32,0,75,-32.68
32,0,92,-32.6196
28,0,59,-31.9661
35,0,164,-32.5122
35,0,81,-32.6543
38,0,188,-32.5585
30,0,172,-32.7674
31,0,144,-32.8542
21,0,83,-32.9277
20,0,160,-32.4062
23,0,170,-32.6588
47,0,157,-32.4076
25,0,86,-32.3372
26,0,155,-32.7097
22,0,147,-32.9932
22,0,58,-32.9138
25,0,176,-32.4375
20,0,154,-32.9805
20,5,82,-32.9756
22,0,65,-31.8
20,0,147,-32.9524
22,0,167,-32.6527
23,0,66,-32.8182
22,0,204,-32.75
25,0,153,-32.6667
21,0,167,-32.8024
22,0,45,-32.4222
52,0,172,-32.5814
21,0,44,-32.1818
23,0,77,-32.5455
30,0,89,-32.4382
21,0,155,-32.7161
23,0,144,-32.6944
22,0,150,-32.7867
21,0,89,-32.7528
20,0,142,-32.8239
25,1,143,-32.2168
20,5,67,-33
23,0,184,-32.9185
20,0,159,-32.8868
22,5,166,-32.8675
20,0,102,-32.7353
28,0,58,-32.4655
28,2,82,-32.5976
21,0,151,-32.7219
21,0,78,-32.8718
20,0,152,-32.7105
20,0,53,-32.3019
22,0,77,-32.4545
20,0,134,-32.7463
25,0,158,-32.8924
25,0,118,-33
44,0,86,-31.6279
22,0,67,-32.597
21,0,159,-32.6352
22,0,99,-32.7879
32,0,149,-32.5705
20,0,104,-32.9231
30,0,156,-32.4487
20,0,141,-32.8794
46,0,163,-32.4724
34,0,86,-32.3023
21,0,156,-32.5769
20,0,85,-32.9176
22,0,134,-32.709
39,0,108,-32.5926
33,0,80,-32.6375
20,0,129,-32.814
26,0,174,-32.7069
28,0,84,-32.0714
22,0,143,-32.4825
25,0,194,-32.8402
24,0,142,-32.331
22,0,182,-32.5549
24,0,133,-32.4737
23,0,167,-32.5389
20,0,71,-32.2113
25,0,177,-32.5819
20,0,71,-32.2676
31,0,141,-32.6028
31,0,183,-32.7486
20,0,100,-32.67
22,0,108,-32.3889
42,0,179,-32.5978
21,0,224,-32.8884
25,0,142,-32.6408
36,0,91,-32.5495
20,0,162,-32.784
34,0,157,-32.7452
21,0,157,-32.242
21,0,49,-32.3265
21,0,145,-33
27,0,159,-32.7296
22,0,129,-32.8372
21,0,167,-32.6347
27,0,148,-32.5743
20,0,175,-32.7314
25,0,163,-32.5031
21,0,171,-32.8596
20,0,159,-32.7673
26,0,81,-32.5802
22,0,171,-32.883
22,0,147,-32.7959
24,0,152,-32.6513
27,0,134,-32.0299
22,0,176,-32.7841
41,0,165,-32.4424
35,0,159,-32.7673
25,0,148,-32.9865
22,0,149,-32.3289
20,0,166,-32.4096
23,0,181,-32.7017
23,0,154,-32.3701
28,0,90,-32.8222
21,0,110,-32.6273
20,0,115,-33
24,0,131,-32.5573
24,0,144,-32.8958
20,0,359,-32.8384
24,0,95,-32.4211
21,0,138,-32.9275
28,0,162,-32.6481
39,0,344,-32.5
27,4,150,-32.82
23,4,133,-32.8872
45,0,147,-32.7211
20,0,145,-32.8276
24,0,73,-32.6164
31,0,89,-32.618
35,0,89,-32.7079
25,1,54,-32.8333
21,0,163,-32.8221
46,0,92,-31.8696
25,0,169,-32.9349
21,0,178,-32.8034
21,0,129,-32.876
23,0,156,-32.6987
21,0,154,-32.8766
26,0,55,-32.4
31,0,164,-32.939
32,0,69,-31.9855
21,0,138,-32.9275
23,0,158,-32.6519
52,0,194,-32.4072
33,17,128,-32.8359
27,11,150,-32.9533
26,0,47,-31.9787
23,0,107,-32.6822
20,19,42,-33
65,0,93,-32
24,6,88,-32.5
30,12,52,-32.6923
20,3,142,-32.993
20,3,151,-32.5364
31,0,151,-32.4901
21,6,82,-32.9024
32,0,91,-32.1099
24,8,137,-32.6131
23,0,38,-33
20,0,148,-32.8041
26,0,134,-32.5746
20,0,153,-32.9804
21,0,144,-32.6458
33,0,161,-32.7267
25,0,86,-32.3256
22,0,175,-32.6686
40,0,176,-32.6307
20,0,140,-32.4143
21,0,68,-32.75
23,0,155,-32.9548
40,0,156,-32.4808
26,0,141,-32.3901
44,0,153,-32.8758
20,0,175,-32.6114
23,0,39,-32.0769
27,0,117,-32.7265
22,0,94,-32.9787
24,0,179,-32.6816
26,0,120,-32.575
27,0,102,-32.6863
29,0,171,-32.4444
20,0,135,-32.7556
23,0,171,-32.6784
23,0,131,-32.5725
40,0,162,-32.4321
30,0,184,-32.663
20,0,138,-32.6957
22,0,113,-32.9115
22,0,75,-32.3867
21,0,149,-32.6644
28,0,169,-32.7929
53,0,178,-32.3371
20,0,140,-32.8643
23,0,141,-32.9078
21,0,51,-31.8824
24,0,163,-32.7914
21,0,159,-32.9119
20,0,152,-32.6776
24,0,87,-32.8736
36,0,175,-32.4571
26,0,43,-32.2558
36,0,81,-32.6543
21,0,87,-32.4138
34,0,157,-32.7962
27,0,178,-32.8876
23,0,153,-32.8301
21,0,115,-32.9043
45,0,188,-32.4734
36,0,175,-32.5429
20,0,147,-32.7279
37,0,197,-32.7259
43,0,181,-32.7017
25,0,92,-32.2609
25,0,160,-32.225
30,0,178,-32.1966
54,0,185,-32.2541
23,0,166,-32.8373
25,0,149,-32.5906
28,0,160,-32.8375
20,0,144,-32.8889
25,0,77,-32.1688
20,0,168,-32.6429
27,0,168,-32.7024
25,0,155,-32.6516
21,0,155,-32.6
20,0,120,-32.425
20,0,99,-32.6768
20,0,148,-32.9257
21,0,149,-32.7651
22,0,139,-32.8993
24,0,158,-32.9114
20,0,142,-32.7394
21,0,168,-32.7798
29,0,175,-32.5714
22,0,99,-32.3737
23,0,131,-32.6412
23,0,160,-32.5438
21,0,162,-32.4259
21,0,177,-32.9435
25,0,182,-32.5714
22,0,98,-32.5306
20,0,165,-32.7576
21,0,115,-32.713
22,0,81,-32.5926
23,0,76,-32.3816
23,0,146,-32.8767
21,0,59,-32.9492
39,0,95,-32.8947
28,0,164,-32.2805
23,0,163,-32.6748
22,0,173,-32.7977
32,0,86,-32.2674
33,0,88,-31.9886
31,0,169,-32.5444
23,0,139,-32.6043
21,0,128,-32.9688
20,0,166,-32.5904
22,0,159,-32.566
24,0,154,-32.6753
24,0,93,-32.2151
27,0,140,-32.55
33,0,165,-32.5879
22,0,125,-32.792
23,0,172,-32.843
30,0,186,-32.3656
30,0,75,-31.9733
25,0,168,-32.7857
37,0,170,-32.3
20,1,145,-32.8966
31,0,87,-31.7931
23,0,125,-32.344
30,0,168,-32.3333
43,0,166,-32.2229
36,0,92,-31.663
22,0,125,-32.624
38,0,69,-32.2754
36,0,169,-32.497
32,0,87,-32.2759
31,0,164,-32.4512
22,0,149,-32.604
30,0,155,-32.6194
24,0,94,-32.5745
30,0,96,-32.2083
20,0,25,-31.92
24,0,31,-33
36,0,274,-32.8942
21,0,124,-32.5242
40,0,103,-32.3883
29,0,79,-31.2785
22,0,169,-32.8757
20,0,66,-32.3182
20,0,137,-32.438
40,0,105,-31.9333
36,0,163,-32.6626
20,0,146,-32.6301
20,0,155,-32.5484
20,0,79,-32.2911
23,0,152,-32.4342
23,0,126,-32.7222
21,0,163,-32.6319
21,0,179,-32.3687
34,0,105,-32.0762
29,0,139,-32.446
36,0,174,-32.4483
27,0,158,-32.5253
21,0,164,-32.9024
67,0,188,-32.3777
40,0,161,-32.5217
29,0,57,-31.8947
33,0,42,-30.8333
34,0,64,-32.4688
30,0,85,-32.5294
25,0,153,-32.4248
22,0,133,-32.9023
52,0,205,-32.278
29,0,151,-32.4437
22,0,54,-32.6111
23,0,76,-32.25
72,0,206,-32.665
38,0,184,-32.4348
41,0,177,-32.4407
31,0,165,-32.7273
35,0,175,-32.28
21,0,173,-32.7341
22,0,188,-32.3138
28,0,166,-32.7289
49,0,165,-32.4848
21,0,114,-32.7018
20,0,156,-32.891
23,0,71,-32.1831
33,0,177,-32.7853
22,0,191,-32.5131
47,0,163,-32.6994
58,0,171,-32.2339
21,0,34,-32.4118
47,0,170,-32.4118
21,0,29,-32.2069
26,0,58,-31.3276
20,0,95,-32.6526
34,0,163,-32.638
21,0,169,-32.6213
45,0,161,-32.4783
39,0,179,-32.352
30,0,198,-32.7121
34,0,72,-32.75
20,0,57,-32.4561
29,0,70,-32.8714
20,0,114,-32.7895
20,0,160,-32.9813
23,0,163,-32.3558
22,0,146,-32.637
31,0,155,-32.3032
51,0,175,-32.2286
60,0,202,-32.0495
59,0,191,-32.6178
23,0,164,-32.6402
33,0,70,-32.1571
29,0,99,-32.6364
34,0,55,-32.1455
25,0,166,-32.7289
54,0,191,-32.1414
49,0,168,-32.6071
24,0,84,-32.4167
40,0,164,-32.4329
45,0,167,-32.3174
45,0,184,-32.6359
20,0,157,-32.7898
36,0,189,-32.5503
20,0,158,-32.6519
22,0,132,-32.1894
75,0,106,-31.6887
35,0,94,-32.3617
50,0,169,-32.2544
27,0,154,-32.6104
76,0,177,-32.2712
56,0,165,-32.4364
24,0,149,-32.302
47,0,187,-32.6364
38,0,176,-32.5341
37,0,176,-32.6818
43,0,83,-32.4819
30,0,140,-32.2429
32,0,184,-32.6033
20,0,153,-32.6667
23,0,58,-32.2759
29,0,36,-31.75
29,0,100,-32.47
22,0,104,-32.2404
28,0,32,-32.1875
23,0,31,-30.9355
21,0,70,-32.1571
21,0,164,-32.1951
57,0,167,-32.2515
42,0,71,-32.5211
48,0,181,-32.558
36,0,174,-32.5172
62,0,177,-32.4859
34,0,97,-32.4433
28,0,33,-32.3636
21,0,30,-31.7333
31,0,164,-32.3354
23,0,85,-32.5882
39,0,162,-32.7407
24,0,180,-32.3889
69,0,175,-32.36
39,0,173,-32.6416
22,0,155,-32.729
65,0,182,-32.2967
46,0,158,-32.2405
61,0,181,-32.337
41,0,189,-32.1534
34,0,164,-32.6585
28,0,145,-32.931
36,0,48,-30.5417
44,0,87,-32.3793
23,0,127,-32.7008
21,0,170,-32.6941
31,0,151,-32.5563
32,0,166,-32.4036
54,0,174,-32.6379
23,0,167,-32.485
23,0,134,-32.7687
48,0,172,-32.314
55,0,187,-32.3743
32,0,156,-32.4551
67,0,118,-32.2288
55,0,114,-32.114
26,0,150,-32.84
22,0,71,-32.9859
44,0,157,-32.4777
35,0,173,-32.4451
21,0,168,-32.7381
23,0,100,-32.77
32,0,73,-32.411
50,0,190,-32.3947
49,0,185,-32.4865
28,0,162,-32.6914
42,0,92,-32.5
21,0,148,-32.6689
23,0,83,-33
20,0,126,-32.7143
20,0,112,-33
22,0,157,-32.7006
20,0,139,-32.8489
20,0,118,-32.8983
21,0,157,-32.9108
31,0,155,-32.3806
20,0,120,-32.7167
36,0,37,-32.4865
31,0,165,-32.6061
32,0,49,-31.6122
33,0,84,-32.5238
25,0,144,-33
60,0,197,-32.6447
52,0,179,-32.3855
35,0,59,-31.1017
26,0,65,-32.4308
39,0,63,-32.5397
30,0,37,-31.8108
42,0,159,-32.4717
44,0,134,-32.6493
41,0,151,-32.5563
42,0,164,-32.1037
33,0,40,-30.025
27,0,155,-32.7032
34,0,175,-31.9257
30,0,196,-32.1071
56,0,174,-32.6207
38,0,132,-32.3485
34,0,159,-32.4403
50,0,194,-32.232
29,0,164,-32.811
33,0,158,-32.9051
51,0,165,-32.7091
39,0,183,-32.4317
34,0,72,-32.0694
32,0,187,-32.5187
23,0,40,-31.675
20,0,143,-32.7692
48,0,148,-32.7095
29,0,46,-32
36,0,72,-32.6944
33,0,180,-32.2667
25,0,162,-32.679
27,0,145,-32.7172
48,0,186,-32.6452
38,0,150,-32.4067
23,0,170,-32.6
20,0,137,-32.6788
25,0,150,-32.6867
21,3,145,-32.6759
21,0,155,-32.9161
20,1,156,-32.8205
61,0,164,-32.3293
47,0,165,-32.6485
43,0,175,-32.8
20,1,156,-32.4295
33,4,177,-32.1864
29,0,64,-32.3125
22,0,184,-32.712
35,0,85,-32.0824
25,0,158,-32.2848
26,0,69,-32.4493
20,0,142,-32.331
24,0,75,-32.6533
29,0,31,-31.4194
28,3,30,-31.8
31,0,89,-32.6966
21,0,195,-32.6359
24,0,161,-32.646
31,0,50,-32.34
29,0,83,-32.1566
26,0,96,-32.5938
20,2,61,-32.4918
56,3,181,-32.2707
23,0,89,-32.5843
24,0,164,-32.5366
21,2,96,-32.2292
21,0,87,-32.5287
53,0,169,-32.3846
23,1,93,-32.5591
75,0,174,-32.0747
57,0,164,-32.1951
26,0,170,-32.8647
30,0,159,-32.5597
68,0,184,-32.3859
21,39,34,-31.3235
42,0,138,-32.4638
60,2,180,-31.9778
32,0,157,-32.7962
22,0,173,-32.5376
39,8,172,-32.3953
63,0,183,-32.2623
59,0,200,-32.415
47,0,87,-32.4023
25,0,140,-32.2857
29,0,39,-31.1538
25,0,160,-32.6562
60,0,184,-32.1739
29,0,160,-32.0375
41,0,192,-32.4635
20,0,173,-32.6474
38,0,164,-32.5
22,0,149,-32.7248
31,0,161,-32.5466
26,5,37,-32.2703
43,0,174,-32.3908
30,0,177,-32.3107
23,0,151,-32.8477
55,0,151,-32.245
21,0,130,-32.4538
26,0,151,-32.7682
