20,0,89,-32.5281
29,0,54,-31.3704
29,0,187,-32.1497
22,0,109,-32.6239
24,0,146,-32.411
27,0,74,-31.6081
40,0,146,-32.1849
31,0,157,-32.1401
23,0,150,-32.3533
20,0,209,-32.7847
22,0,161,-32.2547
28,0,51,-31.8627
31,0,33,-30.4545
26,0,67,-31.9403
22,0,164,-32.7195
23,0,83,-32.0964
25,0,71,-32.5352
22,0,84,-32.5357
20,0,131,-32.4122
23,0,76,-31.8684
25,0,174,-32.5345
33,0,151,-31.9205
21,0,165,-32.8
26,0,146,-32.2877
34,0,168,-32.6667
30,0,75,-32.04
37,0,158,-31.6076
22,0,51,-32.6471
28,0,174,-32.8161
24,0,127,-32.622
35,0,71,-32.2254
20,0,146,-32.4315
35,0,67,-31.9403
34,0,68,-32
23,0,77,-32.3636
32,0,84,-31.9524
42,0,161,-32.3416
26,0,161,-32.4348
22,0,172,-32.5233
31,0,151,-32.2914
32,0,148,-32.1419
26,0,190,-32.4316
23,0,185,-32.6757
48,0,174,-32.023
35,0,176,-31.7727
23,0,157,-32.414
38,0,76,-31.75
23,0,76,-32.1316
28,0,159,-32.5094
22,0,99,-32.3434
22,0,192,-32.4427
23,0,190,-32.5789
43,0,156,-32.5
29,0,53,-32.7547
29,0,158,-32.5696
23,0,151,-32.245
21,0,67,-32.1493
30,0,87,-32.5517
20,0,159,-32.3585
21,0,60,-32.7
29,0,85,-31.3294
28,0,83,-32.6145
33,0,157,-32.5414
27,0,57,-32.1404
35,0,83,-31.7952
28,0,152,-32.4474
22,0,51,-32.1765
21,0,46,-32.9565
33,0,70,-31.7
20,0,92,-32.6522
21,0,114,-32.3596
20,0,113,-32.6991
24,0,70,-31.5429
31,0,38,-31.3158
21,0,153,-32.8366
20,0,82,-32.7317
22,0,167,-32.3713
40,0,85,-32.5529
20,0,105,-32.7143
25,0,70,-32.4857
20,0,146,-32.4384
29,0,37,-31.4595
37,0,163,-32.5031
42,0,188,-32.4096
20,0,170,-32.7529
40,0,104,-31.75
28,0,96,-31.9479
27,0,65,-31.9692
27,0,74,-32.2703
20,0,160,-32.575
36,0,154,-32.4935
31,0,157,-32.5223
27,0,155,-32.3806
30,0,86,-32.407
29,0,94,-32.6915
23,0,32,-32.625
22,0,141,-32.4397
20,0,142,-32.6197
23,0,160,-32.5625
20,0,156,-32.4231
21,0,69,-32.8261
34,0,76,-32.3026
24,0,252,-32.3571
20,0,175,-32.52
28,0,171,-32.3158
41,0,67,-31.3284
31,0,50,-32.16
34,0,64,-31.3594
22,0,159,-32.4969
21,0,108,-32.4722
22,0,74,-32.1081
34,0,92,-32.3696
22,0,177,-32.3785
29,0,137,-32.3942
35,0,97,-31.6804
25,0,79,-32.7595
32,0,71,-32.0704
22,0,188,-32.7819
20,0,192,-32.8333
26,0,155,-32.3226
37,4,41,-30.5122
36,0,179,-32.4972
30,5,47,-32.8298
40,0,166,-32.6687
39,0,159,-32.4465
23,2,76,-32.6842
25,0,149,-32.2416
37,0,173,-32.2948
34,0,70,-31.9857
27,0,47,-31.617
27,0,53,-32.4717
31,0,62,-31.9194
31,0,48,-31.5208
34,4,93,-31.6344
46,0,148,-32.4595
25,0,43,-31.093
32,0,82,-32.1341
31,1,69,-31.5652
33,0,179,-32.5251
26,0,153,-32.6732
36,0,92,-31.4674
29,0,160,-32.2437
36,0,153,-32.268
26,11,74,-32.6081
30,0,146,-32.2603
25,0,151,-32.4834
28,0,150,-32.52
35,0,73,-32.274
30,0,92,-32.413
35,0,149,-31.9866
26,0,149,-32.4698
22,0,150,-32.1533
39,0,169,-32.284
34,0,174,-32.3736
33,10,67,-32.0597
30,0,158,-32.557
28,0,100,-32.65
22,0,51,-32.5882
39,0,144,-32.2917
21,0,160,-32.7313
27,0,164,-32.6402
30,0,83,-32.1928
35,0,147,-32.2585
20,0,82,-32.4512
21,0,158,-32.538
27,0,148,-32.5676
20,0,192,-32.526
22,0,73,-32.2055
27,7,140,-32.6643
29,0,145,-32.4207
20,0,170,-32.1176
20,0,145,-32.3793
20,0,197,-32.7766
20,0,218,-32.6606
23,0,165,-32.4242
27,0,164,-32.2439
24,0,176,-32.6193
23,0,162,-32.1481
24,0,88,-31.875
22,0,149,-32.0268
23,0,146,-32.5137
33,0,89,-32.8202
31,0,103,-32.2039
37,0,166,-32.0542
25,0,26,-31.4615
23,0,182,-32.7033
29,0,152,-32
29,0,264,-32.5379
20,0,86,-31.7791
23,0,169,-32.6036
20,0,160,-32.0688
21,0,167,-32.6347
21,0,95,-32.4526
21,0,176,-32.8693
20,0,142,-32.7887
21,0,155,-32.5419
20,0,148,-32.777
23,0,165,-32.6182
20,0,208,-32.601
22,0,183,-32.4208
38,0,149,-31.8322
22,0,85,-32.0588
20,0,160,-32.2625
39,0,81,-32.2593
27,0,91,-32.4066
44,0,163,-32.4847
37,0,165,-31.8788
35,0,149,-32.3691
22,0,151,-32.6954
23,0,158,-32.3101
20,0,141,-31.9858
29,0,142,-32.0704
20,0,134,-32.4627
28,0,145,-32.0621
23,0,153,-32.732
25,5,56,-31.9821
34,0,68,-32.0441
39,0,164,-32.2927
31,0,172,-32.186
20,0,143,-32.6434
35,0,71,-31.507
46,0,95,-31.6211
27,5,79,-32.1646
23,0,179,-32.6592
29,0,161,-32.4037
38,0,82,-32.1098
22,0,151,-32.3245
31,0,162,-32.5
20,0,153,-32.0719
23,60,31,-32.2258
20,0,140,-32.7071
32,0,180,-31.9389
23,0,173,-32.1445
24,0,432,-32.6157
22,0,75,-32.1467
23,0,144,-32.2569
28,0,154,-32.513
20,0,93,-32.3548
24,4,55,-31.5636
31,0,164,-32.7561
22,0,64,-32.3594
27,0,169,-32.6627
27,0,151,-32.3046
20,0,59,-32.2034
20,0,155,-32.1613
25,0,86,-32.1977
32,0,151,-32.6821
30,0,161,-32.5031
24,0,143,-32.2657
25,0,92,-32.1739
28,0,84,-32.119
30,0,142,-32.4648
23,0,141,-32.6596
28,0,77,-32.6234
29,0,151,-32.0993
23,0,74,-31.2838
33,0,86,-31.6977
26,0,160,-32.375
50,0,120,-31.95
25,0,80,-32.2875
24,0,158,-32.2405
21,0,160,-32.3
25,3,167,-32.1916
32,0,81,-32.5802
57,0,168,-32.0774
30,0,157,-32.2675
32,0,163,-32.5828
32,0,150,-32.34
35,0,174,-32.1724
21,5,168,-32.5476
29,0,146,-32.7808
24,0,76,-32.0263
23,0,160,-32.1437
34,0,158,-32.2722
38,0,153,-32.0784
22,0,153,-32.4314
21,28,47,-32.3617
38,0,157,-32.2484
26,0,148,-32.5946
38,0,166,-32.2349
26,0,141,-32.4184
41,0,157,-32.242
29,0,89,-31.9663
31,0,156,-32.3782
35,0,166,-32.2229
35,0,158,-32.3544
20,0,156,-32.641
20,3,147,-32.7755
25,0,124,-32.5403
25,0,152,-32.0855
20,0,141,-32.5319
30,0,147,-32.619
27,0,159,-32.5094
26,0,147,-32.4286
38,0,162,-32.4321
29,0,191,-32.3665
35,0,167,-32.2515
38,0,166,-32.3916
21,0,227,-32.3789
40,0,84,-31.9881
27,0,134,-32.2687
23,0,158,-32.5886
20,0,168,-32.4345
27,0,155,-32.2258
26,0,163,-32.0123
31,0,155,-31.729
30,0,86,-32.2558
35,0,180,-32.5833
25,0,168,-32.4167
21,0,158,-32.4557
23,0,181,-32.4586
28,0,162,-32.4259
39,0,165,-32.2909
28,0,160,-32.3375
21,0,154,-31.9416
26,0,93,-32.5376
23,0,176,-32.75
22,0,160,-32.5312
20,0,146,-32.3082
23,0,148,-32.6554
41,0,84,-32.2976
27,0,159,-32.7736
22,0,171,-32.2398
26,0,156,-32.8141
39,0,157,-32.1465
44,0,170,-32.2118
30,0,91,-32.3077
28,3,160,-32.5
34,0,157,-32.0318
20,0,158,-32.5063
22,0,164,-32.128
23,0,153,-32.3137
29,0,160,-32.4625
22,0,145,-32.3793
22,0,165,-32.2909
36,0,155,-31.8903
31,0,155,-32.2194
42,0,80,-31.7125
40,0,80,-32.1625
21,0,146,-32.3014
40,0,161,-32.3602
42,0,85,-31.7647
43,0,154,-31.9416
34,0,154,-32.2468
26,0,131,-32.3511
23,0,156,-32.5833
22,11,59,-32.1356
35,0,87,-32.3448
21,0,124,-32.7823
22,0,152,-32.6447
24,0,144,-32.2569
21,0,169,-32.4734
37,0,88,-32.6591
22,0,153,-32.4052
27,0,79,-32.4557
22,0,156,-32.5705
25,0,162,-32.2531
24,0,145,-32.8276
24,0,146,-32.4247
30,0,152,-31.9605
28,0,110,-32.3091
27,0,152,-32.6776
24,0,141,-32.6596
31,0,133,-32.3383
23,0,154,-32.5065
20,0,116,-32.3362
29,0,149,-32.7248
20,0,150,-32.1667
25,0,142,-32.2606
22,0,80,-32.1625
21,0,151,-32.2848
35,0,156,-32.5833
21,0,149,-32.443
28,0,92,-32.1304
21,0,67,-32.0597
36,0,156,-32.109
34,0,81,-32.1728
21,0,157,-31.9936
23,0,148,-32.223
22,0,29,-32.0345
29,0,86,-31.7558
28,0,167,-32.6347
22,0,146,-32.2466
22,0,42,-32.1667
22,0,64,-32.2031
20,0,142,-32.5211
38,0,137,-32.7007
23,0,184,-32.4783
26,0,69,-32.058
27,0,74,-32.1486
44,0,85,-31.5647
20,0,167,-32.5928
24,0,42,-31.8333
21,0,130,-32.6615
20,0,148,-31.973
23,0,72,-32.3472
23,0,150,-32.42
30,0,154,-32.4286
30,0,159,-32.434
33,0,124,-32.2177
22,0,146,-32.5068
35,0,144,-32.1667
25,0,157,-32.1911
31,0,156,-32.4615
22,0,136,-32.5
25,0,158,-32.6013
26,0,145,-32
36,0,72,-31.4722
31,0,146,-32.5822
22,0,91,-32.2088
24,0,156,-32.0256
22,0,87,-31.8851
28,0,157,-32.1529
34,0,157,-32.414
25,0,147,-32.5646
21,0,133,-32.7895
21,0,142,-32.1338
20,0,120,-32.6917
21,0,68,-32.5882
34,0,159,-32.4717
21,0,159,-32.434
22,0,147,-32.6259
28,0,268,-32.6082
27,0,154,-32.3766
28,0,161,-32.3478
44,0,138,-32.2029
31,0,106,-32.0566
31,0,161,-32.5404
22,0,147,-32.1905
42,0,159,-32.1824
26,0,147,-32.2381
37,0,77,-32.2078
26,0,67,-32.6269
35,0,81,-31.642
24,0,165,-32.3636
21,0,144,-32.3333
40,0,157,-32.1847
33,0,162,-32.4506
37,0,76,-31.8947
28,0,135,-32.4296
26,0,162,-32.6914
22,0,160,-32.3813
23,0,137,-32.7956
24,0,133,-32.3684
30,0,94,-32.2128
35,0,77,-32.1429
32,0,166,-32.3494
20,0,27,-32.4815
30,0,74,-32.3784
50,0,166,-32.1024
29,0,93,-32.2043
33,0,98,-31.7449
33,0,142,-32.0704
33,0,160,-32.2563
29,0,165,-32.503
25,0,152,-32.5724
22,0,113,-31.9469
28,0,152,-32.3947
40,0,165,-32.2727
34,0,158,-32.4051
23,0,162,-32.5247
20,0,144,-32.4444
22,0,137,-32.7372
26,0,95,-31.9263
23,0,149,-32.3557
21,0,70,-32.6429
33,0,150,-32.3733
20,0,153,-32.0458
27,0,143,-32.6154
26,0,159,-32.6352
20,0,64,-33
21,0,152,-32.3684
23,0,42,-32.1667
21,0,179,-32.4022
49,0,179,-32.0782
27,0,82,-32.5366
29,0,88,-32.5341
25,0,155,-32.3355
23,0,176,-32.7443
34,0,160,-32.475
41,0,178,-32.4775
22,0,60,-32.4
28,0,159,-32.3082
28,0,146,-32.5479
26,0,54,-31.6667
28,0,85,-31.6941
24,0,75,-31.88
22,0,33,-32.6061
48,0,102,-31.3824
29,0,71,-32.3239
27,0,159,-32.2264
21,0,46,-32.413
39,0,92,-32.163
23,0,153,-32.5033
35,0,69,-32.087
43,0,89,-32.4382
20,0,84,-32.5595
20,0,28,-31.6071
29,0,88,-32.6932
34,0,74,-32.1622
20,0,155,-32.471
33,0,85,-32.3412
22,0,157,-32.4013
33,0,167,-32.2994
21,0,44,-31.8864
47,0,169,-32.4497
27,0,165,-31.9091
36,0,170,-31.9706
32,0,73,-32.1781
24,0,154,-32.3442
23,0,129,-32.3411
25,0,44,-31.5
22,0,147,-32.3129
24,0,163,-32.0982
20,0,181,-32.5801
23,0,191,-32.555
21,0,35,-31.7143
23,0,66,-32.3485
26,0,162,-32.4877
27,0,143,-32.0769
21,0,37,-32.0811
24,0,78,-32.3205
20,0,150,-32.34
26,0,83,-32.8916
26,0,88,-32.2841
27,0,151,-32.1457
24,0,165,-32.6121
40,0,157,-32.4713
47,0,88,-32.5114
28,0,151,-32.1126
22,0,84,-32.7738
21,0,153,-32.3922
30,0,157,-32.3312
32,0,160,-32.1187
20,0,156,-32.5897
23,0,148,-32.0743
27,0,167,-32.5689
21,0,153,-32.2876
21,0,158,-32.2089
27,0,160,-32.4562
24,0,144,-32.4028
25,0,162,-32.2901
29,0,151,-32.4172
33,0,317,-32.2776
26,0,160,-32.4562
23,0,127,-32.5906
32,0,112,-32.5179
38,0,95,-32.2421
30,0,83,-32.0361
35,0,169,-32.0769
29,0,163,-32.227
22,0,25,-30.56
54,0,107,-31.9065
43,0,158,-32.1203
35,0,81,-32.0864
43,0,106,-31.9151
22,0,144,-31.9722
23,0,159,-32.0189
26,0,147,-32.1565
20,0,178,-32.691
21,0,88,-33
25,0,166,-32.3133
37,0,90,-32.3333
29,0,151,-32.5695
27,0,87,-32.7356
29,0,75,-31.4533
20,0,153,-32.183
23,0,85,-32.0588
39,0,152,-32.3092
36,0,237,-32.4684
29,0,165,-32.2242
41,0,85,-32.0235
36,0,57,-32.4912
37,0,164,-32.3171
21,0,48,-32.4583
31,0,157,-32.4777
31,0,83,-32.5542
21,0,49,-32.0816
27,0,177,-32.435
20,0,164,-32.6829
28,0,158,-32.1329
44,0,162,-32.358
26,0,77,-32.5974
23,0,163,-32.3865
30,0,162,-31.7407
33,0,79,-31.7342
22,0,150,-32.28
22,0,90,-32.8778
26,0,153,-32.2745
30,0,161,-32.528
24,0,78,-31.8974
22,0,148,-32.7905
43,0,164,-32.2805
27,0,126,-32.3175
39,0,72,-32.0694
29,0,141,-31.9504
40,0,156,-32.141
20,0,73,-32.6164
26,0,163,-32.4908
25,0,154,-32.2403
21,0,154,-32.4351
25,0,160,-32.3
28,0,83,-31.8916
31,0,161,-32.4037
31,0,149,-32.0537
34,0,174,-32.2414
21,0,75,-32.12
21,0,45,-32.5111
23,0,57,-32.5439
26,0,60,-32.1333
26,0,169,-32.2308
23,0,88,-32.1705
20,0,156,-32.5513
26,0,83,-32.4578
35,0,187,-32.6203
27,0,94,-32.3936
24,0,123,-32.7967
22,0,166,-32.7289
23,0,92,-32.337
20,0,150,-32.2867
30,0,90,-32.2667
24,0,154,-32.4675
29,0,94,-31.8511
22,0,173,-32.289
25,0,182,-32.6429
31,0,90,-32.9111
25,0,163,-32.5276
20,0,156,-32.5705
29,0,91,-32.2747
34,0,153,-32.1111
23,0,141,-32.1064
24,0,157,-32.3439
20,0,262,-32.9275
26,0,84,-31.6905
32,0,190,-32.4895
25,0,58,-32.3103
20,0,157,-32.5287
54,0,110,-32.1818
29,0,174,-32.3506
24,0,154,-32.2403
30,0,150,-32.3867
29,0,153,-32.4967
20,0,173,-32.7688
20,0,152,-32.3816
23,0,95,-32.4105
24,0,169,-32.5089
32,0,83,-32.4819
40,0,168,-32.3869
44,0,91,-31.7582
25,0,166,-32.012
31,0,180,-32.3111
35,0,164,-32.1707
22,0,52,-32.2692
26,0,149,-32.2349
24,0,159,-32.3333
26,0,170,-32.3176
24,0,141,-32.2908
35,0,100,-32.49
24,0,81,-31.7407
39,0,172,-32.3314
20,0,157,-32.707
34,0,169,-32.5444
35,0,159,-32.5031
22,0,158,-32.6456
24,0,79,-32.7089
21,0,188,-32.4628
21,0,62,-32.4839
25,0,170,-32.4941
38,0,96,-32.4062
44,0,113,-32.5929
42,0,94,-32.1064
43,0,169,-32.0888
25,0,167,-32.5509
24,0,145,-31.8138
36,0,148,-32.5608
22,0,97,-32.8247
27,0,140,-32.5857
25,0,317,-32.6088
20,0,146,-32.863
20,0,171,-32.8246
23,0,65,-32.2769
22,0,45,-32.1111
34,0,177,-32.4802
20,0,155,-32.5677
52,0,103,-32.7476
21,1,87,-32.2874
24,0,74,-31.8514
35,5,98,-32.051
23,3,78,-31.9615
22,8,149,-32.3691
23,4,149,-32.5168
25,0,152,-32.4145
21,14,156,-32.2821
33,2,95,-32.1579
23,0,149,-32.2752
37,0,177,-32.3898
35,3,86,-31.5
22,0,94,-31.8404
20,3,148,-32.0878
20,1,166,-32.5181
41,2,173,-32.2312
21,4,175,-32.4
34,2,172,-32.1977
29,0,175,-32.5771
23,5,178,-32.2079
21,0,157,-32.293
21,0,109,-32.1284
20,0,148,-32.1824
25,30,43,-32.4884
22,17,95,-32.2526
35,4,150,-32.36
22,11,146,-32.6301
21,3,73,-32.0137
20,0,163,-32.3742
25,4,133,-32.0977
27,0,159,-32.4717
23,0,173,-32.5029
20,0,170,-32.7588
25,1,155,-32.5032
21,0,138,-32.6232
21,13,91,-32.2857
28,0,160,-31.975
21,16,139,-32.705
20,2,154,-32.5065
20,0,155,-32.6129
29,24,51,-31.7059
27,16,163,-32.5092
44,0,98,-32.3469
30,33,181,-32.5028
25,60,26,-31.3462
53,0,103,-32.1068
20,0,62,-32.5161
20,0,159,-32.9245
30,0,157,-32.414
23,11,121,-32.9256
33,1,95,-31.8526
30,0,87,-32.4368
32,0,87,-32.069
26,0,107,-32.5327
24,34,29,-31.2759
24,0,171,-32.1813
22,0,157,-32.5414
39,0,185,-32.6865
59,0,181,-32.3867
23,0,191,-32.4293
24,0,167,-32.3653
20,0,209,-32.5311
20,0,146,-32.274
23,1,155,-32.2903
30,0,91,-32.2527
21,0,158,-32.4304
21,0,154,-32.3961
24,0,177,-32.8305
23,0,168,-32.1964
21,0,96,-32.4062
23,0,175,-32.72
27,0,166,-32.1325
26,0,92,-32.3804
34,0,170,-32.1529
25,0,153,-32.2418
36,0,172,-32.4884
40,0,167,-32.5689
39,0,106,-32.3491
22,0,194,-32.8814
39,0,190,-32.3789
37,0,82,-32.1463
24,0,149,-32.0805
24,0,199,-32.593
35,0,83,-32.2169
24,0,50,-32.38
25,0,85,-32.3412
23,0,150,-32.28
28,0,65,-32.2462
28,0,152,-32.4803
43,0,96,-31.4375
20,0,168,-32.6845
26,0,178,-32.5618
23,0,149,-32.302
27,0,167,-32.2216
34,0,88,-31.9886
25,0,103,-32.6408
25,0,50,-31.62
27,0,111,-32.4054
23,0,148,-32.3378
25,0,152,-32.3947
35,0,210,-32.3857
30,0,165,-32.5091
32,0,183,-32.3224
28,0,168,-32.3631
30,0,163,-32.0613
27,0,70,-32.2714
20,0,169,-32.1183
45,0,181,-31.9282
23,0,159,-32.2264
20,0,175,-32.8743
26,0,157,-32.3185
28,0,104,-32.2404
21,0,223,-32.6413
41,0,198,-32.2929
22,0,39,-32.3333
33,0,156,-32.3654
28,0,84,-32.2976
22,0,88,-32.3068
31,0,190,-32.4
32,0,76,-31.9079
20,0,191,-32.7225
36,0,93,-32.3011
33,0,133,-32.3609
22,0,150,-32.78
22,0,172,-32.6163
31,0,144,-32.9583
27,13,195,-32.4821
29,0,158,-32.5823
30,1,198,-32.4141
24,0,188,-32.4096
22,0,85,-32.4235
23,0,46,-31.7609
28,5,178,-32.4382
47,0,176,-32.5227
31,0,88,-32.3295
21,0,37,-31.6486
21,0,235,-32.4723
22,0,96,-32.7396
38,0,184,-32.5543
23,0,150,-32.4867
26,0,157,-32.3376
38,6,194,-32.1443
22,0,51,-32.6275
31,0,90,-32.4556
40,0,111,-32.1441
25,0,167,-32.4731
26,0,145,-32.2207
32,4,174,-32.4483
24,0,76,-32.4868
22,0,80,-31.7625
20,0,209,-32.5885
21,0,165,-32.6667
21,0,176,-32.8409
30,0,168,-32.3452
22,0,134,-32.6567
26,0,40,-32.15
23,0,147,-32.2721
20,0,147,-32.6803
21,0,63,-32.5714
27,0,148,-32.277
21,0,148,-32.7635
31,0,153,-32.1307
22,0,69,-32.3043
25,12,33,-30.7879
21,0,161,-32.4224
22,0,76,-32.6184
29,0,156,-32.3846
27,0,144,-32.4236
32,0,161,-31.9938
24,0,37,-32.3243
26,0,156,-32.7628
23,0,315,-32.3619
23,0,160,-32.4125
34,0,171,-32.3216
21,0,154,-32.3377
32,0,106,-31.8113
20,0,166,-32.7771
25,0,155,-32.4645
26,1,154,-32.539
20,0,144,-32.1458
22,0,51,-32.8039
20,6,82,-31.7927
25,0,166,-32.3072
22,1,168,-32.25
20,0,164,-32.4268
22,6,203,-32.867
24,60,27,-32.2963
29,0,164,-32.3415
28,18,96,-32.3021
20,0,65,-32.2308
23,0,77,-32.2597
33,0,166,-32.4518
20,0,105,-32.7238
20,0,201,-32.4378
32,0,82,-31.6341
25,4,158,-32.8797
23,0,149,-32.6107
22,0,150,-32.4133
20,0,187,-32.6203
20,0,115,-32.4174
24,0,129,-32.1008
38,0,198,-32.7424
34,0,161,-32.4161
29,0,157,-32.3439
21,0,164,-32.4939
24,0,34,-31.2059
22,0,165,-32.4242
21,0,181,-32.2597
20,0,120,-32.475
21,0,152,-32.5197
20,0,171,-32.4678
23,0,138,-32.087
20,0,93,-32.3226
41,0,83,-32.3735
37,0,175,-32.3829
27,0,177,-32.2825
21,0,154,-32.6818
31,0,157,-32.2038
25,0,40,-32.175
22,0,155,-32.0774
20,0,36,-30.7222
26,0,63,-32.4127
24,0,154,-32.3896
25,0,174,-32.2644
22,0,141,-32.2553
27,0,158,-32.5633
44,0,209,-32.5359
20,0,151,-32.2914
35,0,68,-31.8824
33,0,75,-32.04
21,0,86,-32.093
37,0,97,-32.1753
37,0,84,-32.1905
27,0,156,-32.4359
41,0,89,-31.5393
22,0,45,-31.2889
22,0,37,-30.7838
29,0,146,-32.1438
36,0,167,-32.5509
32,0,148,-32.4257
27,0,271,-32.5092
21,0,97,-32.567
20,0,145,-32.0759
43,0,77,-31.1429
21,0,92,-32.837
22,0,159,-32.327
32,0,158,-32.2532
57,0,93,-32.2366
20,0,165,-32.4909
36,0,87,-31.7586
30,0,165,-32.3455
27,0,131,-32.2137
22,0,155,-32.7355
20,0,151,-32.5695
20,0,145,-32.5655
44,0,79,-31.6962
51,0,93,-31.957
34,0,155,-32.529
31,0,70,-31.6714
34,0,171,-32.6608
31,0,77,-31.987
45,0,147,-32.0612
33,0,75,-32.44
22,0,35,-31.8286
38,0,156,-32.1026
34,0,82,-31.7805
22,0,84,-32.5
25,0,148,-32.5743
43,0,83,-32.3855
25,0,147,-32.4218
50,0,84,-32.0595
31,0,167,-32.4611
40,0,155,-32.2839
22,0,167,-32.2096
33,0,156,-32.0064
28,0,148,-32.4459
26,0,149,-32.0134
29,0,161,-32.4534
40,0,57,-32.1404
49,0,82,-31.3537
32,0,163,-32.3129
23,0,75,-31.8267
59,0,84,-31.5714
36,0,176,-32.5398
23,0,155,-32
39,0,167,-32.491
24,0,152,-32.2105
38,0,85,-32.0706
24,0,78,-32.359
20,0,140,-32.4
36,0,64,-31.9688
25,0,158,-32.5127
25,0,66,-31.8636
43,0,99,-32.0202
21,0,26,-31.6154
29,0,137,-32.1825
41,0,64,-31.1094
29,0,86,-32.0698
29,0,141,-32.2199
49,0,104,-31.4327
20,0,133,-32.4361
26,0,140,-32.3857
34,0,152,-32.6184
34,0,171,-32.3684
20,0,131,-32.5573
29,0,90,-32.3
20,0,75,-31.84
20,0,143,-32.3986
23,0,47,-32.5319
43,0,165,-32.503
21,0,161,-32.205
53,0,104,-31.9712
31,0,58,-31.6379
35,0,88,-32.6364
20,0,151,-32.702
21,0,139,-32.2302
32,0,89,-32.4382
27,0,164,-32.5488
40,0,165,-32.0727
38,0,172,-32.1628
28,0,151,-31.947
20,0,163,-32.3313
33,0,220,-32.6227
25,0,147,-32.3537
60,0,92,-32.1739
20,0,221,-32.371
24,0,76,-31.8947
39,0,149,-32.0336
36,0,86,-31.6512
33,0,161,-32.5963
28,0,187,-32.6257
42,0,177,-32.4633
32,0,88,-31.1023
26,0,162,-32.358
30,0,187,-32.0214
23,0,184,-32.4348
28,0,180,-32.5722
35,0,165,-31.9091
46,0,188,-31.8936
30,0,165,-32.0788
56,0,100,-31.12
23,0,150,-32.1133
21,0,155,-32.3161
32,0,167,-32.0299
31,0,97,-32.0412
38,0,164,-32.1341
31,0,153,-31.9542
24,0,158,-32.2975
32,0,155,-32.0645
30,0,144,-32.4722
27,0,167,-32.1916
22,0,82,-32.4634
33,0,69,-32
28,0,170,-32.6059
28,0,170,-32.3471
26,0,166,-32.1687
20,0,133,-32.2707
29,0,79,-32.5443
36,0,162,-32.5
29,0,82,-32.0976
33,0,89,-31.8427
21,0,198,-32.5707
23,0,53,-32.1509
21,0,153,-32.2157
38,0,167,-32.2395
29,1,150,-32.3133
40,0,78,-31.7821
21,0,149,-32.8322
21,0,153,-32.2353
24,0,155,-32.7032
28,0,140,-32.0786
24,2,147,-32.5578
24,0,81,-32.1728
21,5,57,-31.6491
40,0,167,-32.0958
22,0,156,-32.5705
20,0,158,-32.5886
24,0,145,-32.6207
28,0,164,-32.0366
38,0,172,-32.4884
23,0,49,-31.5306
21,0,156,-32.2115
38,0,159,-32.2138
32,0,83,-32.3012
20,0,153,-32.6928
28,0,239,-32.749
24,0,156,-32.2051
30,0,163,-32.5767
26,0,84,-32.2262
23,0,159,-32.5723
39,0,170,-32.6529
27,0,86,-32.0814
28,0,173,-32.4335
35,3,87,-31.5862
37,3,83,-31.8434
28,1,153,-32.3464
26,0,128,-31.8516
20,0,158,-32.7025
41,0,81,-30.4938
34,0,61,-32.8852
33,0,250,-32.64
28,0,145,-32.5793
20,0,146,-32.411
20,0,141,-32.7589
28,0,155,-32.7226
21,0,166,-32.8554
24,0,162,-31.963
20,0,139,-32.4173
23,0,80,-32.125
20,0,170,-32.3118
20,0,143,-32.7413
23,0,97,-32.1237
23,0,42,-32.5714
20,0,88,-32.8977
21,0,65,-32.1692
35,0,152,-32.2632
29,0,151,-32.649
23,4,161,-32.5963
21,0,135,-32.3185
36,0,159,-32.5346
25,0,179,-32.3296
20,0,145,-32.4621
30,0,81,-32.3951
20,0,64,-31.8438
27,0,146,-32.5205
30,0,164,-32.2622
20,0,179,-32.1955
27,3,74,-32.6486
20,0,145,-32.5103
48,0,98,-32.102
22,0,156,-32.2692
22,0,80,-32.5625
31,0,171,-32.6842
27,0,96,-32.3438
33,0,99,-31.697
21,0,89,-32.1348
29,0,157,-32.4459
23,0,56,-31.8214
45,0,113,-32.0442
24,0,136,-32.4853
27,0,155,-32.3742
32,0,172,-32.1047
22,0,179,-31.9162
30,0,201,-32.6517
35,0,151,-32.4371
35,0,169,-32.2367
30,0,155,-32.2516
21,0,137,-32.5839
21,0,80,-32.5
31,0,165,-32.2485
28,0,154,-32.3182
23,0,177,-32.2373
20,0,163,-32.3436
28,2,66,-31.2879
54,0,95,-32.0947
22,0,151,-32.2185
26,0,69,-32.5362
34,0,74,-31.9459
30,0,50,-32.4
37,0,222,-32.7973
30,0,55,-32.4545
34,0,181,-32.3646
34,0,90,-32.1889
23,0,70,-31.6571
22,0,48,-31.0417
20,0,64,-32.4844
21,0,102,-32.598
21,0,172,-31.907
22,0,92,-32.0978
23,0,159,-32.6101
38,0,102,-32.3431
24,0,77,-32.2208
28,0,76,-32.6184
45,0,96,-32.2917
33,0,67,-32.0448
24,0,161,-32.2733
22,0,88,-32.375
29,0,76,-32.3816
22,0,163,-32.5399
22,4,60,-32.5167
25,0,92,-32.2826
21,0,123,-32.5772
31,0,74,-32.4324
23,0,157,-32.414
31,0,58,-32.3793
24,0,159,-32.673
21,0,169,-32.645
31,0,83,-32.1325
26,0,304,-32.4836
26,0,158,-32.0696
33,0,166,-32.3795
26,0,168,-32.369
24,0,160,-32.125
44,0,179,-32.1564
26,0,79,-32.2152
22,0,87,-32.6782
36,0,173,-32.6185
23,0,83,-32.759
23,0,166,-32.3614
27,0,141,-32.1702
22,0,144,-32.3889
20,0,145,-32.2138
32,0,153,-32.6013
20,0,173,-32.3642
20,0,91,-31.956
25,0,79,-32.1392
21,0,162,-32.6235
20,0,146,-32.8219
27,0,169,-32.355
22,0,148,-32.6149
20,0,146,-32.2671
31,0,136,-32.5294
22,0,141,-32.5035
24,0,104,-32.5577
20,0,97,-32.3711
23,0,161,-32.6894
23,0,54,-32.4259
24,0,79,-32.481
24,0,187,-32.1444
24,0,80,-32.225
20,0,162,-32.8457
37,0,154,-32.7208
26,0,147,-32.4014
26,0,142,-32.4789
20,0,28,-32.3214
30,0,81,-31.716
29,0,149,-32.1208
25,0,155,-32.4065
22,0,154,-32.2987
26,0,137,-32.1606
22,0,168,-32.3869
23,0,155,-32.1161
23,0,140,-32.3571
34,0,146,-32.274
21,0,150,-32.5333
32,0,103,-32.2039
22,0,154,-32.1623
27,0,152,-32.5
23,0,153,-32.8889
20,0,63,-32.6032
32,0,143,-32.6084
20,0,129,-32.814
25,0,142,-32.6056
25,0,77,-31.974
22,0,132,-32.1439
27,0,97,-32.1134
26,0,160,-32.6938
25,0,121,-32.0331
22,0,142,-32.3028
21,0,174,-32.2816
22,0,66,-32.1212
26,0,159,-32.3585
21,0,30,-31.4333
20,0,166,-32.4518
20,0,157,-32.1146
21,0,51,-31.902
22,0,141,-32.461
24,0,143,-32.4545
34,0,59,-32.2203
32,0,165,-32.3394
22,0,167,-32.024
21,0,92,-32.5761
28,0,140,-32.6
28,0,126,-32.2937
38,0,87,-32.3333
20,0,79,-32.9367
22,0,68,-32.3676
40,0,166,-32.2952
20,0,89,-32.2247
22,0,164,-32.3963
21,0,81,-32.358
20,0,66,-31.4394
21,0,145,-32.2966
21,0,167,-32.479
20,0,141,-32.3546
58,0,95,-31.5684
29,0,58,-30.6379
35,0,166,-32.6506
46,0,77,-31.974
23,0,64,-32.4688
24,0,160,-32.3375
33,0,168,-32.256
43,0,149,-32.4027
27,0,99,-32.303
20,0,144,-32.2847
21,0,69,-32.3623
30,0,164,-32.3171
29,0,100,-31.55
20,0,167,-32.6647
22,0,157,-32.5541
27,0,162,-32.0926
25,0,165,-32.6303
30,0,191,-32.5864
27,0,137,-32.3504
31,0,167,-32.4192
26,0,157,-32.4395
32,0,162,-32.463
26,0,171,-32.345
22,0,138,-31.7971
22,0,134,-32.694
24,0,147,-32.381
32,0,78,-32.2436
29,0,141,-31.9007
20,0,156,-32.3205
21,0,161,-32.8075
21,0,70,-32.2286
24,0,83,-32.0241
36,0,156,-32.2628
21,0,147,-32.2177
22,0,142,-32.3521
24,0,128,-32.4297
21,0,162,-32.1481
29,0,170,-32.3235
43,0,141,-31.6312
26,0,171,-32.5731
20,0,123,-32.187
22,0,150,-32.16
35,0,146,-32.2808
57,0,171,-32.0994
36,0,81,-32.1728
20,0,82,-32.1951
58,0,155,-31.8903
45,0,167,-32.0299
26,0,157,-31.9809
20,0,135,-32.2963
29,0,140,-32.6286
26,0,302,-32.3974
20,0,61,-31.9508
22,0,158,-32.1266
28,0,146,-32.226
21,0,158,-32.3354
24,0,147,-32.3401
27,0,104,-32.2788
33,0,140,-32.6
29,0,45,-31.2222
28,0,66,-32.2727
24,0,81,-32.358
31,0,150,-32.1267
23,0,150,-32.4133
21,0,40,-32.65
66,0,170,-31.9647
24,0,134,-32.6642
24,0,159,-32.2516
31,0,157,-32.3248
20,0,139,-32.7554
24,0,51,-32
24,0,56,-31.8571
35,0,163,-32.2883
35,0,152,-32.3553
25,0,155,-32.5032
31,0,138,-32.1957
24,0,138,-32.5652
26,0,141,-32.6312
21,0,67,-31.8358
23,0,53,-32.0189
22,0,173,-32.3931
20,0,67,-32.4478
27,0,88,-31.8523
33,0,137,-32.6131
22,0,147,-32.449
29,0,190,-32.2684
26,0,172,-32.4186
38,0,165,-32.2424
24,0,164,-32.2622
30,0,145,-32.6621
24,0,79,-32.5823
45,0,172,-31.9302
26,0,42,-31.881
57,0,86,-31.8721
34,0,79,-32.038
26,0,61,-31.9672
28,0,160,-32.3813
34,0,141,-31.9504
32,0,158,-32.0063
31,0,87,-32.3448
41,0,81,-31.8025
26,0,43,-31.907
37,0,95,-32.1474
47,0,146,-32.2945
23,0,132,-32.3182
35,0,88,-32.1932
31,0,153,-32.3137
34,0,157,-32.5924
26,0,147,-32.4354
32,0,153,-32.549
29,0,150,-31.7467
42,0,160,-32.1875
25,0,98,-32.2449
41,0,90,-32.0111
36,0,172,-32.064
21,0,159,-32.3774
30,0,157,-32.5732
29,0,138,-31.9928
26,0,146,-32.4863
39,0,161,-31.9752
29,0,77,-31.7662
48,0,98,-31.4184
35,0,142,-32.1338
21,0,163,-32.4417
52,0,83,-31.5663
26,0,162,-32.5926
45,0,87,-31.5057
22,0,78,-32.5
22,0,162,-32.2654
20,0,154,-32.7857
40,0,155,-32.0194
26,0,156,-32.3974
26,0,101,-32.3069
26,0,80,-32.475
28,0,119,-31.9664
32,0,129,-32.3798
40,0,130,-32.5846
22,0,143,-32.3566
42,0,167,-32.3353
28,0,194,-32.2784
34,0,175,-32.8229
39,7,140,-32.35
26,0,150,-32.2333
31,0,95,-32.6737
50,0,185,-32.0432
23,0,77,-32.6883
32,0,95,-32.8316
42,0,188,-32.2766
28,0,149,-32.2617
41,0,70,-30.9857
23,0,53,-31.3019
22,0,82,-32.6707
22,0,244,-32.8975
51,0,170,-32.3059
29,0,149,-32.1477
25,7,46,-31.7826
39,0,80,-32.15
30,0,151,-32.2119
22,0,77,-32.5844
39,0,145,-32.4138
34,0,161,-32.6335
56,0,172,-32.2326
25,0,175,-32.28
22,0,145,-32.0897
30,0,144,-32.2569
25,0,160,-32.5375
24,0,151,-32.2119
23,0,156,-32.2692
24,0,164,-32.1951
41,0,83,-31.8916
21,0,68,-32.1324
21,0,154,-32.3052
29,0,156,-32.3974
48,0,83,-31.2289
40,0,144,-32.5903
28,0,217,-32.6267
34,0,88,-32.3295
28,0,155,-31.8194
37,0,149,-31.4564
28,0,145,-32.4621
32,0,144,-32.4236
48,0,153,-31.8562
37,0,159,-32.239
25,0,66,-31.3333
30,0,156,-32.4103
36,0,95,-32.0842
28,0,172,-32.4302
29,0,66,-31.8485
33,0,157,-32.293
20,0,65,-32.3231
22,0,80,-32.2375
55,0,168,-31.8095
52,0,173,-31.5723
37,0,139,-32.3885
42,0,145,-32.1724
20,0,122,-32.1967
22,0,160,-32.2875
35,0,167,-31.8383
45,0,178,-32.073
21,0,36,-32.1944
43,0,157,-32.0191
33,0,80,-31.8625
22,0,159,-32.3711
41,0,165,-32.4848
27,0,127,-32.2205
45,0,82,-31.6829
25,0,144,-32.1806
43,0,186,-32.0914
24,0,86,-32.0465
27,0,131,-32.0153
34,0,73,-32.2466
35,0,63,-32.3175
24,0,108,-32.037
21,0,100,-32.12
23,0,30,-31.9667
62,0,105,-31.5905
36,0,156,-32.391
38,0,159,-32.239
38,0,149,-32.396
32,0,145,-32.7241
25,0,163,-32.1043
34,0,188,-32.6117
24,0,148,-32.5405
22,0,147,-32.102
51,0,178,-31.7697
24,0,165,-32.2061
34,0,143,-32.2517
36,0,151,-32.4437
38,0,114,-31.7719
37,0,162,-32.4012
33,0,193,-32.4041
25,0,109,-32.7431
42,0,159,-32.3396
32,0,177,-32.5876
28,0,135,-32.2519
32,0,66,-31.8788
20,0,99,-32.6061
32,0,169,-32.432
39,0,244,-32.6148
36,0,70,-31.9429
32,0,164,-32.4329
40,0,137,-32.4453
20,0,26,-32.0385
30,0,150,-32.34
35,0,144,-32.6528
35,0,138,-32.1667
45,0,147,-32.1837
52,0,166,-32.1687
20,0,105,-32.6286
25,0,154,-32.0844
21,0,171,-32.5556
32,0,219,-32.3607
30,0,148,-32.3176
25,0,194,-32.6598
50,0,77,-32.0519
31,0,149,-32.4899
22,0,147,-32.381
28,0,117,-32.3248
52,0,182,-32.4011
21,0,39,-32.1538
28,0,154,-32.6558
34,0,93,-32.5806
29,0,144,-32.3125
35,0,151,-32.7219
26,0,151,-32.3245
32,0,61,-32.1803
42,0,85,-31.8118
25,0,86,-32.3372
51,0,83,-32.494
25,0,66,-32.0152
28,0,104,-32.0288
37,0,152,-32.4408
31,0,77,-32.3377
25,0,150,-32.3333
38,0,76,-31.9605
34,0,73,-32.4521
51,0,96,-32.7083
24,0,106,-32.6981
25,0,83,-32.7229
24,0,157,-32.5223
22,0,79,-32.5823
30,0,68,-31.9265
41,0,148,-32.5405
21,0,133,-32.2556
21,0,84,-32.6429
28,0,82,-32.4878
25,0,163,-32.5583
24,0,147,-32.4762
33,0,150,-32.2
33,0,141,-31.9574
44,0,87,-32.6552
41,0,64,-31.6875
46,0,72,-31.7083
39,0,80,-31.875
42,0,89,-32.0562
28,0,173,-32.3584
21,0,172,-32.6977
39,0,157,-32.5478
25,0,58,-32.3276
34,0,158,-32.443
26,0,167,-32.012
42,0,151,-32.702
38,0,167,-32.0719
53,0,146,-32.1027
44,0,149,-31.8591
42,0,156,-32.4231
44,0,156,-32.2628
32,0,74,-32.3919
26,0,149,-32.2953
40,0,84,-32.3095
35,0,151,-32.4106
20,0,69,-32.2754
33,0,97,-32.4845
67,0,172,-32.2151
31,0,58,-32.5345
31,0,160,-32.5688
42,0,57,-32.7193
21,0,70,-32.6
20,0,152,-32.0658
21,0,135,-32.2444
40,0,86,-31.6395
23,0,127,-32.2205
49,0,177,-32.3672
39,0,164,-32.6159
32,0,275,-32.5527
34,0,158,-32.4177
31,0,168,-32.0833
39,0,161,-32.4224
29,0,152,-32.2171
25,0,164,-32.4085
25,0,148,-32.6757
40,0,170,-32.1294
53,0,154,-32.2403
21,0,163,-32.1288
21,0,133,-32.4662
24,0,159,-32.6478
31,0,168,-32.4881
34,0,142,-32.4648
39,0,154,-32.4091
26,0,156,-32.5705
42,0,180,-32.3111
37,0,168,-32.7738
20,0,40,-31.95
40,0,146,-32.1849
30,0,158,-31.9304
40,0,146,-32.4452
20,0,142,-32.4507
50,0,79,-31.9494
22,0,155,-32.6516
35,0,155,-32.3806
48,0,170,-32.2353
34,0,101,-32.6436
36,0,143,-32.6993
46,0,137,-32.2847
28,0,142,-32.6056
43,0,144,-32.6042
33,0,148,-32.3784
24,0,141,-32.6738
23,0,51,-32.9608
25,0,155,-32.4839
36,0,152,-32.4605
27,0,47,-32.5106
34,0,146,-32.6027
23,0,123,-32.4228
20,0,146,-32.7123
55,0,135,-32.0296
45,0,83,-31.9157
25,0,45,-31.3556
45,0,156,-32.1923
39,0,90,-32.4
22,0,154,-32.013
21,0,151,-32.5894
26,0,151,-32.3046
43,0,155,-32.3613
59,0,167,-32.3892
24,0,139,-32.0072
40,0,76,-32.3421
53,0,169,-32.2426
20,0,175,-32.8686
52,0,169,-31.9645
42,0,83,-32.2169
40,0,150,-32.24
29,0,157,-32.6688
41,0,156,-32.3077
27,0,83,-32.3494
36,0,82,-32.2317
24,0,170,-32.5353
47,0,159,-32
22,0,84,-32.8333
20,0,142,-32.5845
26,0,145,-32.2345
27,0,63,-32.9683
20,0,147,-32.3061
21,0,175,-32.7371
22,0,190,-32.4
20,0,46,-32.0652
44,0,202,-32.5495
22,0,183,-32.7486
25,0,169,-32.5858
23,0,47,-31.8936
21,0,153,-32.2157
41,0,148,-31.9797
40,0,157,-32.0318
51,0,152,-31.9934
32,0,148,-32.3851
41,0,82,-31.7317
44,0,159,-32.6352
34,0,185,-32.4973
35,0,147,-32.4694
32,0,155,-32.2323
30,0,151,-32.6755
39,0,167,-32.3174
23,0,152,-32.4539
24,0,81,-32.8148
30,0,138,-32.5507
43,0,135,-32.1852
34,0,77,-31.6623
25,0,130,-31.6923
23,0,118,-32.6271
34,0,165,-32.4121
20,0,30,-32.4667
46,0,136,-32.3382
22,0,81,-32.5556
22,0,50,-31.88
20,0,50,-32.38
58,0,150,-31.7933
63,0,81,-32
45,0,86,-32.4651
20,0,148,-32.3986
25,0,156,-32.1538
38,0,155,-32.4774
32,0,109,-32.3945
36,0,166,-32.4157
23,0,167,-32.3772
38,0,91,-32.2747
33,0,102,-31.9314
72,0,170,-32.4
25,0,155,-32.3484
22,0,34,-31.8235
27,0,148,-32.3784
29,0,86,-32.2209
35,0,80,-32.1625
22,0,138,-32.3913
28,0,64,-32.4844
22,0,143,-32.6853
21,0,97,-32.4639
21,0,172,-32.4767
21,0,160,-32.6125
27,0,156,-32.2756
37,0,182,-32.544
32,0,41,-31.878
42,0,175,-32.1257
45,0,165,-32.6061
32,0,172,-32.1744
33,0,124,-32.7016
43,0,159,-32.3962
47,0,133,-32.5489
46,0,90,-31.4444
21,0,137,-32.7956
51,0,87,-32.2529
50,0,169,-32.2249
40,0,111,-32.2793
45,0,181,-32.3536
21,0,43,-32.9535
52,0,161,-32.354
29,0,80,-31.9625
21,0,213,-32.5305
40,0,151,-32.1325
36,0,94,-32.6489
58,0,180,-31.9611
51,0,88,-32.1932
32,0,79,-32.4557
38,0,153,-32.5817
39,0,77,-32.3896
40,0,200,-32.405
39,0,106,-32.5566
35,0,158,-32.4557
27,0,156,-32.5321
40,0,149,-32.1074
26,0,308,-32.0487
25,0,33,-31.1212
39,0,157,-32.5732
21,0,137,-32.4307
55,0,177,-32.4294
28,0,134,-32.4552
41,0,117,-31.8547
35,0,162,-32.6358
30,0,145,-32.3517
34,0,259,-32.7297
48,0,163,-32.3988
29,0,141,-32.2766
27,0,136,-32.7132
57,0,92,-32.2065
34,0,150,-32.0533
30,0,172,-32.2384
34,0,150,-32.0867
31,0,76,-32.4737
20,0,188,-32.0798
31,0,82,-32.1707
47,0,92,-31.3587
43,0,153,-32.366
22,0,75,-32.0133
26,0,160,-32.4188
35,0,154,-32.2013
26,0,134,-32.3955
27,0,161,-32.2484
38,0,94,-32.4043
45,0,158,-32.0633
39,0,172,-32.4651
26,0,138,-32.942
37,0,155,-32.6129
23,0,156,-32.7821
25,0,176,-32.4375
20,0,158,-32.2595
20,0,140,-32.7929
40,0,82,-31.7195
58,0,157,-31.8217
20,0,173,-32.5434
53,0,91,-31.0769
40,0,149,-32.5906
45,0,95,-31.7263
20,0,77,-32.4935
50,0,147,-32.2925
44,0,150,-32.1333
28,0,142,-32.493
20,0,70,-32.6143
45,0,175,-32.5429
34,0,89,-32.0674
21,0,181,-32.2155
25,0,172,-32.6628
31,0,150,-32.2733
33,0,164,-32.5366
31,0,83,-32.2771
36,0,159,-32.239
47,0,87,-31.7356
55,0,164,-31.8476
20,0,166,-32.3193
22,0,95,-32.3789
22,0,132,-32.6136
27,0,131,-32.5802
50,0,78,-32.1026
31,0,145,-32.331
51,0,166,-32.0361
35,0,56,-31.375
37,0,82,-32.061
44,0,158,-32.6076
31,0,160,-31.9563
22,0,147,-32.0612
26,0,143,-32.0839
31,0,157,-31.9873
34,0,169,-32.1006
49,0,181,-32.0773
23,0,90,-32.7111
48,0,150,-32.56
28,0,121,-32.8512
40,0,81,-31.6296
24,0,99,-32.6162
36,0,152,-32.2105
21,0,141,-32.305
39,0,160,-32.3687
21,0,92,-32.4457
35,0,138,-32.3406
22,0,63,-32.2063
24,0,130,-32.3538
25,0,167,-32.5689
24,0,137,-32.4672
25,0,106,-32.5755
55,0,153,-32.1699
21,0,156,-32.6026
38,0,80,-32.2625
28,0,149,-32.1208
41,0,167,-32.1078
33,0,161,-32.6149
23,0,147,-31.7619
42,0,169,-32.2959
57,0,162,-31.9568
49,0,77,-31.8701
27,0,155,-32.5871
29,0,174,-32.4023
23,0,175,-32.6571
26,0,95,-32.6632
28,0,156,-32.4295
31,0,169,-32.5385
46,0,155,-32.3097
23,0,148,-32.3716
39,0,158,-32.7532
22,0,159,-32.7107
21,0,132,-32.1061
47,0,161,-32.472
29,0,84,-31.9643
37,0,161,-32.1863
26,0,166,-32.4578
25,0,66,-31.6061
21,0,59,-32.8983
36,0,79,-31.6962
44,0,279,-32.2509
27,0,165,-32.6303
47,0,169,-32.2189
39,0,171,-31.8538
22,0,152,-32.6513
41,0,75,-31.8933
29,0,160,-32.5625
21,0,64,-32.7812
43,0,71,-32.0563
20,0,111,-32.9009
20,0,173,-32.5954
53,0,82,-31.7073
53,0,157,-32.0828
40,0,140,-32.1357
47,0,102,-32.1373
22,0,162,-32.4506
30,0,140,-32.0143
34,0,149,-32.2953
78,0,167,-32.479
40,0,86,-32.4884
20,0,134,-32.6194
35,0,146,-32.4178
20,0,50,-32.4
23,0,191,-32.6387
30,0,121,-32.1818
26,0,178,-32.5618
22,0,142,-32.3169
28,0,163,-32.5951
51,0,173,-32.185
37,0,163,-32.0368
43,0,163,-32.3374
50,0,67,-31.5075
28,0,143,-32.6364
36,0,93,-32.4086
39,0,169,-32.3491
40,0,74,-32.2568
40,0,86,-32.4419
22,0,88,-32.5114
44,0,101,-32.0594
25,0,145,-32.2138
27,0,148,-32.5811
49,0,172,-31.4942
63,0,154,-31.9351
38,0,156,-31.8654
28,0,147,-32.4966
28,0,140,-32.5786
28,0,141,-31.9291
55,0,159,-32.2642
22,0,96,-31.9479
42,0,135,-32.2593
30,0,128,-32.5391
24,0,158,-32.5127
21,0,146,-32.4041
25,0,131,-32.5878
21,0,199,-32.9146
30,0,87,-32.3793
26,0,85,-32.4471
21,0,26,-31.5385
32,0,142,-32.1127
45,0,159,-32.5346
26,6,153,-32.5294
27,0,42,-32.6429
26,0,167,-32.485
30,0,133,-32.3759
21,0,169,-32.4201
22,0,172,-32.5233
20,0,229,-32.7817
20,0,160,-32.925
21,0,147,-32.415
22,15,31,-32.3226
24,0,147,-32.4898
24,0,86,-32.5465
33,10,262,-32.7786
22,0,179,-32.3743
20,0,162,-32.2407
26,0,101,-32.4455
27,0,167,-32.1677
31,0,158,-32.2911
20,0,161,-32.6335
21,0,151,-32.3775
21,0,88,-32.0114
25,0,79,-32.3797
20,0,60,-32.7833
21,0,164,-32.4634
24,0,75,-32.24
31,0,168,-32.0536
23,0,159,-32.1572
21,0,224,-32.4821
23,0,83,-32.6024
20,0,175,-32.3714
20,0,25,-32.44
22,0,163,-32.5706
28,0,165,-32.1818
25,0,157,-32.6306
21,0,291,-32.5911
21,0,26,-32
26,0,208,-32.7596
24,0,175,-32.1429
21,0,151,-32.8278
31,0,177,-32.3333
23,0,79,-31.9873
20,0,62,-31.9194
21,0,172,-32.6337
21,0,77,-32.7662
26,0,155,-32.6839
21,0,166,-32.747
23,0,48,-32.3958
24,0,107,-32.243
23,0,218,-32.4358
47,0,86,-31.6744
24,0,150,-32.1933
21,0,139,-32.5899
23,0,148,-32.223
22,0,185,-32.7568
27,0,159,-32.1761
28,0,179,-32.4246
39,0,187,-32.5668
26,0,95,-32.7053
28,0,99,-32.2323
37,0,162,-32.4753
30,0,164,-32.1463
20,0,137,-32.7226
24,0,171,-32.4211
29,0,172,-32.5233
27,0,154,-32.2922
25,0,74,-31.7027
20,0,164,-32.2195
22,0,75,-32.56
35,0,99,-32.697
33,0,141,-32.4043
21,0,150,-32.48
23,0,162,-32.463
28,0,149,-32.5503
20,0,149,-32.3356
21,0,183,-32.6557
20,0,45,-32.2889
23,0,154,-32.4091
29,0,162,-32.0988
20,0,164,-32.7378
21,0,160,-32.4312
23,0,117,-32.3932
21,0,63,-32.6508
42,0,136,-32.25
23,0,145,-32.2414
30,0,62,-32.129
22,0,168,-32.2083
24,0,66,-32.3485
25,0,177,-32.6497
20,0,66,-32.5303
29,0,159,-32.4465
23,0,91,-32.8132
25,0,140,-32.7643
30,0,79,-31.3671
21,0,131,-32.6641
20,0,180,-32.6444
20,0,175,-32.7771
23,0,36,-32.25
22,0,65,-32.4615
23,0,66,-32.1667
22,0,129,-32.5736
21,0,163,-32.6074
27,0,177,-32.0056
25,0,159,-32.5849
21,0,152,-32.7105
26,0,102,-32.0098
25,0,161,-32.2422
29,0,181,-32.1934
20,0,148,-32.6892
22,0,70,-32.7
24,0,136,-32.375
22,0,99,-31.7778
20,0,60,-32.3
22,2,143,-32.8601
21,6,140,-32.5357
25,3,83,-32.1084
31,0,87,-31.6782
20,0,90,-32.0222
25,0,180,-32.35
25,0,96,-32.6979
21,0,177,-32.1751
22,0,154,-32.2532
21,0,131,-32.5496
22,0,145,-32.4414
32,0,178,-32.3989
24,0,132,-32.1667
21,0,168,-32.5595
28,0,155,-32.529
42,0,165,-32.3576
21,0,157,-32.5605
30,0,171,-32.4211
30,0,156,-32.4551
21,0,144,-32.8889
21,0,163,-32.3558
22,0,166,-32.741
20,0,135,-32.763
29,0,68,-31.9559
24,0,153,-32.268
22,0,41,-31.1951
21,0,49,-32.2857
25,0,158,-31.9557
31,0,151,-32.4636
26,0,139,-32.6763
21,0,150,-32.24
22,0,162,-32.4444
20,0,172,-32.5872
33,0,166,-32.259
28,0,187,-32.6364
22,0,133,-32.4511
23,0,32,-30.9688
41,0,168,-32.4048
25,0,162,-32.7531
28,0,177,-32.4294
22,0,214,-32.4579
28,0,62,-30.9355
20,0,70,-32.7
23,0,85,-32.5294
20,0,121,-32.3306
22,0,166,-32.259
29,0,155,-32.6258
28,0,184,-32.4891
29,0,83,-31.7952
46,0,105,-31.5524
22,0,163,-32.546
29,0,158,-32.6013
24,0,200,-32.45
23,0,153,-32.4118
29,0,156,-32.5321
20,0,187,-32.5401
23,0,161,-32.559
29,0,108,-32.2963
24,0,76,-32.1184
24,0,162,-32.4198
24,0,104,-32.6923
24,0,59,-31.7627
33,0,163,-32.3252
22,0,31,-32.129
24,0,83,-32.012
24,0,170,-32.5941
25,0,168,-32.5774
32,0,143,-32.3776
23,0,149,-32.4631
20,0,326,-32.4202
27,0,146,-32.5411
21,0,166,-32.7711
23,0,145,-32.5655
24,0,155,-32.329
28,0,86,-32.407
21,4,170,-32.6765
23,0,93,-32.3978
30,16,87,-32.6552
28,0,91,-32.6813
22,0,154,-32.3636
24,0,147,-32.415
25,0,149,-32.7315
39,0,160,-32.375
31,0,154,-32.6234
25,0,143,-32.3846
20,0,139,-32.0863
21,0,155,-32.129
22,0,73,-32.2877
23,0,159,-32.4528
31,0,165,-32.4545
48,0,172,-32.0407
31,0,190,-32.6211
34,0,164,-32.1829
32,13,92,-32.4783
23,0,188,-31.6649
20,0,163,-32.6442
25,0,97,-32.1237
46,0,179,-32.1955
26,0,94,-32.1702
24,0,202,-32.8564
39,0,183,-32.4372
21,0,177,-32.5424
23,0,45,-32.4222
45,0,98,-32.3776
22,0,58,-32.4483
24,0,162,-32.4198
21,0,92,-32.9348
21,0,57,-31.8596
24,0,116,-32.5345
25,0,178,-32.073
20,0,173,-32.7746
36,0,170,-32.5588
20,0,104,-32.3654
23,0,159,-32.3836
24,0,61,-31.8033
25,0,89,-32.236
24,0,81,-32.2593
22,0,171,-32.5029
22,0,195,-32.5128
23,0,165,-32.4606
28,0,109,-32.3761
21,0,312,-32.6506
22,0,85,-31.7882
22,0,82,-31.9268
33,0,183,-32.3333
23,0,342,-32.5234
25,0,95,-32.6421
25,0,171,-32.3626
20,0,168,-32.4583
21,0,169,-32.716
32,0,194,-32.3711
21,0,43,-32.6744
44,0,177,-32.1921
26,0,50,-32.22
25,0,163,-32.6319
27,0,149,-32.7047
24,0,169,-32.6627
23,0,52,-32.9615
21,0,52,-31.7885
25,0,168,-31.8571
20,0,63,-32.0794
20,0,183,-32.4536
24,0,169,-32.8639
23,0,109,-32.422
42,0,91,-32.3187
21,0,133,-32.7519
27,0,168,-32.3512
29,0,152,-31.9145
29,13,154,-32.2727
21,23,33,-31.3636
25,54,157,-32.293
25,0,176,-32.4602
23,60,27,-32.7407
20,4,137,-32.6496
34,0,77,-32.4156
34,0,183,-32.4372
40,0,133,-32.0376
34,0,63,-32.4762
22,60,26,-32
40,15,89,-32.2247
31,0,68,-32.2206
32,15,50,-31.88
23,0,46,-32.3261
24,54,25,-31.88
36,0,121,-32.5537
29,0,167,-32.5269
25,0,33,-31.7879
24,0,163,-32.4969
25,0,154,-32.4286
30,0,154,-32.5195
29,0,107,-32.7009
22,0,176,-32.2386
28,0,154,-32.6883
32,0,133,-32.0977
36,0,180,-32.5667
28,5,70,-32.3286
23,0,95,-32.6737
23,14,57,-32.2105
23,0,44,-32.0227
22,0,39,-32.9744
33,0,94,-31.6915
26,0,176,-32.25
33,0,159,-32.6478
31,0,57,-32.5965
22,0,42,-31.619
22,0,161,-32.9503
47,0,169,-32.5621
20,0,139,-32.4892
20,0,147,-32.5306
36,0,163,-32.7178
44,0,103,-32.2913
36,0,94,-32.4043
24,0,55,-32.4
39,0,174,-32.1782
20,0,164,-32.5244
20,0,173,-32.5954
21,0,156,-32.5641
32,0,156,-32.3718
29,0,168,-32.2024
49,0,99,-31.9495
33,0,72,-32.375
34,0,103,-32.4757
21,0,34,-31.1765
26,0,165,-32.4667
27,0,157,-32.3631
33,0,88,-31.875
35,0,90,-32.5
23,0,153,-32.451
22,0,162,-32.1667
20,0,164,-32.3232
29,0,157,-32.3822
28,0,164,-31.9146
20,0,220,-32.7409
20,0,162,-32.1543
21,0,160,-32.3813
32,0,79,-32.3038
22,0,161,-32.4596
20,0,166,-32.9217
33,0,96,-32.3333
22,0,92,-32.3696
23,0,159,-32.239
23,0,173,-32.1618
20,0,158,-32.8671
23,5,146,-32.5479
21,7,80,-33
44,0,169,-32.3314
40,12,111,-32.1261
24,1,161,-32.4969
23,0,165,-32.4182
30,1,178,-32.5281
26,16,49,-31.3061
21,60,26,-31.9231
21,0,156,-32.5192
24,2,154,-32.7468
29,2,188,-32.6117
30,0,91,-32.0989
22,0,139,-32.2518
23,0,148,-31.9527
21,0,181,-32.7293
23,2,161,-32.7329
20,0,216,-32.6343
49,0,167,-31.8802
30,0,205,-32.7024
29,0,74,-32.4054
26,0,171,-32.4561
29,0,113,-32.5044
22,0,155,-32.2968
20,0,61,-32.5902
24,0,166,-32.4277
20,0,158,-32.4494
21,0,101,-32.6733
21,0,47,-32.6809
21,0,182,-32.9451
21,3,190,-32.7263
21,0,170,-32.3059
20,0,144,-32.5278
24,0,182,-32.3571
20,0,165,-32.2242
23,0,75,-32.3467
20,0,209,-32.5981
20,0,131,-32.2595
22,0,156,-32.6923
20,0,137,-32.5328
21,0,176,-32.5
24,0,193,-32.6528
24,0,45,-32.2444
21,0,151,-32.4967
21,0,149,-32.3087
20,0,75,-32.2267
41,0,84,-31.7738
25,0,82,-32.5976
25,0,116,-32.6983
37,0,155,-32.3097
27,0,162,-32.5741
22,0,149,-32.0872
20,0,59,-32.4746
22,0,133,-32.4511
22,0,155,-32.6581
20,0,46,-32.0652
29,0,154,-32.5
23,0,164,-32.1585
30,0,171,-32.5322
20,0,142,-32.6127
26,0,153,-32.5294
21,0,145,-32.7724
26,0,63,-32.1905
23,0,143,-32.2238
31,0,164,-32.5732
21,0,31,-31.8387
30,0,97,-32.3711
42,0,92,-31.7717
34,0,86,-32.4186
21,0,148,-32.6892
27,0,152,-32.4013
29,0,148,-32.6014
26,0,72,-32.1528
43,0,183,-32.2842
25,0,78,-32.5897
23,0,141,-31.8582
20,0,149,-32.7248
24,0,154,-32.026
35,0,141,-32.3617
23,0,133,-32.1955
30,0,157,-32.1783
23,0,156,-32.4936
28,0,175,-32.68
21,0,79,-32.2152
25,0,176,-32.2784
26,0,139,-32.482
20,0,46,-31.9348
24,0,45,-32.2222
29,0,54,-32.4444
30,0,86,-32.1744
23,0,162,-32.6914
35,0,153,-32.2745
26,0,141,-32.4255
21,0,165,-32.2848
20,0,182,-32.5055
20,0,183,-32.6503
20,0,83,-32.3614
21,0,154,-32.5195
25,0,60,-32.2667
23,0,144,-32.6806
26,0,162,-32.5679
35,0,249,-32.4056
20,0,168,-32.0119
28,0,77,-32.039
27,0,170,-32.5824
24,0,81,-32.4938
25,0,53,-31.3208
20,0,75,-32.8
20,0,55,-32.7091
26,0,152,-32.6118
32,0,94,-32.117
20,0,161,-32.9255
24,0,173,-32.0289
21,0,100,-32.42
33,0,161,-32.5093
35,0,173,-32.3873
28,0,58,-32.0345
29,0,85,-32.6235
24,0,80,-32.2375
22,0,40,-32.075
23,0,169,-32.8521
22,0,125,-32.32
26,0,179,-32.905
39,0,93,-31.9892
21,0,159,-32.7358
20,0,164,-32.189
23,0,163,-32.5092
21,0,80,-32.475
20,0,40,-31.875
25,0,163,-32.4847
30,0,169,-32.3787
20,0,51,-32.0784
28,0,140,-32.5214
26,0,173,-32.3353
31,0,79,-32.7342
25,0,159,-32.7107
24,0,62,-32.9677
22,0,81,-32.3951
23,0,148,-32.6689
24,0,148,-32.7973
24,0,146,-32.7466
27,0,161,-32.1925
29,0,167,-32.2515
38,0,165,-32.0606
21,0,145,-32.5931
22,0,61,-32.3279
20,0,155,-32.5097
21,0,149,-32.6779
20,0,134,-32.209
33,0,196,-32.3673
32,0,170,-32.1
34,0,159,-32.3899
29,0,89,-31.6629
20,0,154,-32.6753
25,0,52,-32.3846
22,0,83,-32.5904
27,0,84,-32.1667
34,0,66,-31.7273
30,0,155,-32.0903
21,0,183,-32.5027
36,0,189,-32.4497
20,0,157,-32.5796
27,0,79,-32.2405
23,0,38,-31.7105
26,0,141,-32.1489
38,0,175,-32.3771
28,0,89,-32.0787
37,0,51,-31.3725
27,0,97,-32.701
40,0,149,-32.4698
28,0,151,-32.5298
22,0,156,-32.5641
24,0,56,-32.5
20,0,163,-32.5399
21,0,187,-32.7647
21,0,42,-32
25,0,97,-32.5155
22,0,62,-32.5161
21,0,165,-32.5212
25,0,141,-32.617
20,0,80,-32.325
21,0,147,-32.619
20,0,152,-32.2895
20,0,160,-32.6375
20,0,35,-31.8286
21,0,150,-32.7067
31,0,162,-32.3025
24,0,148,-32.5676
21,0,149,-32.5235
24,1,82,-32.7073
20,0,160,-32.375
25,4,79,-31.3544
34,0,153,-32.4183
20,0,176,-32.5398
20,0,151,-32.4702
29,19,136,-32.3015
22,0,178,-32.6742
22,0,308,-32.7695
21,0,155,-32.2645
21,0,125,-32.424
37,0,167,-32.4551
28,0,150,-32.5
22,0,144,-32.5625
21,0,148,-32.5878
22,0,81,-32.1728
28,0,165,-32.3091
23,0,163,-32.6074
21,0,160,-31.9312
26,0,153,-31.8235
32,0,174,-32.1494
21,0,162,-32.1667
22,0,152,-32.7895
30,0,90,-31.8333
25,16,98,-32.9388
21,0,144,-32.6667
36,0,181,-32.4641
20,0,98,-32.3265
26,0,65,-32.1846
34,0,190,-32.3263
23,0,86,-32.2442
33,0,183,-32.0055
27,8,76,-32.4079
24,0,81,-32.5802
26,0,178,-32.7191
26,0,162,-32.3148
24,0,51,-32.4902
24,0,150,-31.96
42,0,157,-32.4268
21,0,153,-32.5163
20,0,75,-32.5867
25,0,127,-32.1575
23,0,183,-32.623
25,0,156,-32.6795
20,0,173,-32.2197
46,0,197,-32.0609
22,0,166,-32.1446
22,0,66,-31.7727
21,0,155,-32.2129
27,0,167,-32.3473
21,0,192,-32.8177
34,0,99,-32.4747
26,0,157,-32.4395
26,0,107,-32.0561
20,0,143,-32.5455
21,0,692,-33
27,0,101,-32.4455
20,0,144,-32.8681
23,0,82,-32.1463
20,0,162,-32.5185
21,0,88,-32.2273
26,0,161,-32.5714
20,0,145,-32.6
22,0,69,-31.942
33,0,155,-32.4839
25,0,92,-32.4457
23,0,175,-32.8914
20,0,96,-32.5104
30,0,169,-32.2367
25,0,190,-32.6474
20,0,148,-32.6419
26,0,167,-32.497
29,0,151,-32.404
25,0,176,-32.6477
22,0,61,-32.1475
26,0,154,-32.2662
23,0,191,-32.6178
22,0,181,-32.6298
27,0,188,-32.4202
20,0,24,-31.2917
25,0,161,-32.4534
22,0,64,-32.1719
20,0,155,-32.7742
23,0,218,-32.789
20,0,157,-32.5032
20,0,74,-31.9189
29,0,159,-31.7673
20,0,177,-32.4237
20,0,41,-32.3902
33,0,110,-32.5364
24,0,173,-32.6358
20,0,190,-32.7632
21,0,95,-32.1895
21,0,178,-32.5843
23,0,148,-32.7365
24,0,163,-32.5644
26,0,155,-32.3871
23,0,244,-32.8115
21,0,140,-32.6643
20,0,141,-32.8156
26,0,182,-32.489
26,0,243,-32.5432
24,0,158,-32.7405
26,0,88,-32.4432
25,2,145,-31.8828
21,0,56,-32.75
21,0,165,-32.5333
20,0,156,-32.3205
24,2,86,-32.4884
33,2,157,-32.1975
29,4,164,-32.378
27,2,93,-32.6882
21,0,118,-32.1356
33,0,156,-32.5
20,13,34,-32.3235
29,2,179,-32.2067
22,0,166,-32.7952
28,2,161,-32.4099
20,9,144,-32.4653
24,2,151,-32.0662
22,4,88,-32.7045
21,0,152,-32.5855
20,0,185,-32.5676
20,0,101,-32.5941
31,0,80,-31.7125
25,0,159,-32.1006
22,0,165,-32.2121
29,0,153,-32.5359
26,0,153,-32.7451
27,0,173,-32.0809
22,0,126,-32.8413
21,0,57,-32.5439
22,0,153,-32.2941
38,0,104,-31.7308
20,0,149,-32.5436
27,0,155,-31.8129
22,0,156,-32.6667
21,0,161,-32.6025
22,0,149,-32.2617
21,0,134,-32.8955
29,0,73,-32.1096
24,0,150,-32.3333
22,0,79,-32.4051
22,0,160,-32.45
23,0,135,-32.3481
33,0,145,-32.1655
20,0,163,-32.5828
21,0,155,-32.2065
28,0,195,-32.1692
40,0,93,-31.7634
30,0,84,-32.5238
20,0,109,-31.7982
24,0,149,-32.651
23,0,182,-32.2308
26,0,174,-32.3966
20,0,52,-32.3654
21,0,94,-32.0851
23,0,90,-32.1444
21,5,174,-32.1494
21,0,82,-32.4146
51,0,152,-32.2566
25,0,80,-31.2875
23,0,176,-32.5
24,0,147,-32.0952
49,0,150,-32.5667
24,0,167,-32.4251
29,0,155,-32.2774
21,0,86,-32.6628
25,0,138,-32.5435
24,0,70,-32.4429
24,0,105,-31.8571
22,0,159,-32.3333
29,0,157,-32.6561
31,0,141,-32.5816
22,0,156,-32.2628
24,0,175,-32.5657
21,0,148,-32.5405
30,0,37,-32.8108
22,0,42,-32.6905
24,0,47,-32.2766
35,0,154,-32.2468
22,0,53,-32.1698
30,0,152,-32.3158
21,0,159,-32.5786
26,0,105,-32.2667
22,0,169,-32.4142
21,0,74,-32.3243
21,0,162,-32.3704
31,0,82,-32.378
26,0,72,-32.7917
43,0,163,-32.1595
30,0,65,-31.7385
23,0,75,-32.5067
37,0,94,-31.7872
29,0,84,-32.131
22,0,152,-32.3618
39,0,164,-32.4695
33,0,178,-31.9719
29,0,169,-32.1893
21,0,89,-32.1236
25,0,162,-32.5062
22,0,148,-32.7568
24,0,172,-32.4651
23,0,88,-32.125
33,0,93,-32.3978
20,0,146,-32.3425
25,0,160,-32.2687
26,0,67,-32.4925
25,0,161,-32.5839
20,0,60,-32.1833
23,0,152,-32.1053
35,0,152,-32.6513
35,0,92,-32.163
23,0,46,-32.0652
30,0,158,-32.5063
23,0,50,-32.62
20,0,136,-32.1912
20,0,149,-32.6376
29,0,87,-31.9425
39,0,159,-32.2013
20,0,147,-32.3469
23,0,146,-32.1986
20,0,38,-32.0263
20,0,71,-32.507
28,0,165,-32.6424
20,0,164,-32.3171
34,0,147,-32.1224
27,0,144,-32.6389
38,0,94,-32.234
24,0,166,-32.4337
20,0,155,-32.671
34,0,164,-32.311
23,0,73,-32.2192
26,0,131,-32.2061
22,0,168,-32.7619
27,0,73,-31.726
26,0,145,-32.4138
23,0,87,-32.3908
33,0,151,-32.2649
23,0,88,-32.5114
21,0,95,-32.6526
34,0,163,-32.2393
21,0,103,-32.9806
28,0,154,-32.0974
45,0,161,-32.3975
24,0,158,-32.3544
34,0,166,-32.1506
21,0,150,-32.2867
22,0,131,-32.3664
24,0,138,-32.442
25,0,151,-31.8344
28,0,174,-32.2414
28,2,85,-32.7412
22,0,144,-32.4028
34,0,200,-32.67
25,0,83,-32.5301
20,0,274,-32.0547
26,0,149,-32.2886
22,0,153,-32.3464
30,0,90,-31.8556
21,0,164,-32.3354
22,0,158,-32.8418
36,0,183,-31.5738
31,0,76,-32.4474
38,0,148,-31.9865
20,0,57,-32.4912
30,0,181,-32.4751
22,0,168,-32.1488
20,0,212,-32.3349
41,0,167,-31.9701
24,0,169,-32.2249
21,0,84,-32.119
28,0,89,-31.6629
23,0,75,-32.28
21,0,73,-31.7397
21,0,167,-32.0958
36,0,168,-32.631
38,0,167,-31.8443
33,0,85,-31.9294
28,0,75,-32.28
24,0,117,-32.0171
25,0,48,-32.2083
36,0,131,-32.2214
33,0,90,-32.1667
47,0,183,-32.3934
24,0,66,-32.1061
24,0,153,-31.8431
25,0,78,-32.4615
34,0,157,-32.4268
25,0,143,-32.3357
40,0,164,-32.0732
21,0,66,-31.5606
25,0,141,-32.5816
26,0,170,-32
27,0,155,-32.2774
25,0,149,-32.8188
27,0,80,-31.45
21,0,139,-32.3237
29,0,153,-32.4967
30,0,164,-32.689
27,0,165,-32.7212
20,0,177,-32.4068
22,0,137,-32.2847
24,0,155,-32.2452
25,0,164,-32.3598
22,0,142,-32.2113
21,0,153,-32.3725
20,2,158,-32.3354
32,0,151,-32.5232
32,0,171,-32.2982
26,0,142,-32.0423
23,0,155,-32.3355
25,0,161,-32.3292
24,0,141,-32.2057
22,0,148,-32.4392
21,0,149,-32.2215
27,0,174,-31.7989
25,0,272,-32.5919
22,0,97,-32.2062
26,0,78,-32.3846
31,0,144,-32.375
29,0,160,-32.4875
26,0,168,-32.375
21,0,154,-32.6558
27,0,174,-32.4885
21,0,174,-32.7126
31,0,81,-32.0741
24,0,90,-32.7
48,28,162,-32.216
21,16,121,-32.2479
31,21,59,-31.7119
65,43,116,-32.1638
46,24,152,-32.25
25,6,156,-32.391
28,41,153,-32.5033
22,0,171,-32.3392
20,4,76,-32.5526
42,0,181,-32.0663
23,0,76,-32.4737
38,0,92,-31.8913
32,0,63,-31.8889
20,0,147,-32.8163
21,0,182,-32.2692
33,0,73,-32.1644
22,0,41,-32.2927
23,0,50,-32.28
43,0,173,-32.2832
21,0,91,-32.1868
27,0,93,-32.0215
30,0,158,-32.1139
38,0,157,-32.4841
20,0,157,-32.5732
20,0,141,-32.773
36,0,161,-32.5093
22,0,140,-32.7214
20,0,114,-32.1842
23,0,159,-32.7484
42,0,117,-32.1368
35,0,167,-32.3593
27,0,169,-32.497
31,0,102,-32.3529
47,0,180,-31.8556
21,0,159,-32.6855
21,0,153,-32.5948
20,0,199,-32.5879
21,0,162,-32.2901
21,3,41,-31.4146
39,0,113,-31.8319
24,0,154,-32.2597
20,0,170,-32.5706
24,0,156,-32.7115
25,2,157,-32.0318
23,0,160,-32.8687
32,0,164,-32.3598
44,0,163,-32.5092
42,0,186,-32.172
20,0,151,-32.1325
40,0,176,-32.4659
27,0,151,-32.5497
31,0,164,-32.4512
25,2,169,-32.7456
20,0,144,-32.5347
20,0,158,-32.6076
24,0,151,-32.0331
20,0,122,-32.459
20,0,175,-32.2571
20,0,142,-32.7606
20,0,179,-32.8212
32,0,165,-32.7152
36,0,107,-32.3925
20,0,139,-32.8129
20,0,100,-32.83
38,0,129,-32.4806
23,0,164,-32.4695
44,0,176,-31.8807
31,0,159,-32.195
22,0,167,-32.479
28,7,90,-32.7556
24,0,75,-32.04
24,0,160,-32.2188
29,0,166,-32.6265
23,0,169,-32.8935
20,0,158,-32.519
28,0,156,-32.4551
28,0,161,-32.4783
41,0,95,-32.1263
49,0,150,-32.42
40,0,180,-32.6444
21,0,26,-31.8077
21,0,151,-32.5828
33,0,99,-32.4141
28,0,157,-32.3503
20,0,158,-32.538
20,0,158,-32.7025
37,0,162,-31.8086
22,0,153,-32.2288
27,0,152,-32.6316
21,0,158,-32.1582
24,0,176,-32.3409
21,0,163,-32.6074
21,0,153,-32.5948
23,0,147,-32.3605
20,0,139,-32.8561
26,0,53,-31.3585
35,0,198,-32.5152
29,0,199,-32.5477
24,0,53,-32.3396
20,0,78,-32.6154
31,0,57,-32.5614
24,0,273,-32.3407
44,0,195,-32.1744
23,0,181,-32.674
38,0,106,-32.5755
21,0,178,-32.7809
35,0,188,-32.2394
21,0,158,-32.0759
26,0,146,-32.5822
25,2,41,-31.6098
29,0,167,-32.2814
20,0,172,-32.3663
28,0,152,-32.0263
24,0,163,-32.6933
22,0,157,-32.2675
35,0,147,-32.4422
25,0,154,-32.1364
25,0,162,-32.0617
24,0,66,-32.5606
26,3,155,-32.5871
20,0,98,-32.0918
20,0,64,-32.5156
21,0,114,-32.3947
42,0,155,-32.2774
20,0,153,-32.8039
23,0,155,-32.6065
30,0,91,-32.3956
32,0,173,-32.526
25,0,160,-32.375
21,0,164,-32.5793
22,0,96,-31.8229
26,0,157,-32.3439
20,0,147,-32.7211
23,0,175,-32.68
32,0,168,-32.3571
24,0,26,-31.1538
25,0,25,-31.4
28,0,214,-32.6916
22,0,83,-32.5422
21,0,148,-32.2973
26,0,168,-32.6071
38,0,75,-32.12
26,0,150,-32.62
24,0,74,-32.5
28,0,169,-32.426
22,0,157,-32.5223
20,0,148,-32.5405
32,0,172,-32.8372
21,0,156,-32.609
20,0,24,-32.1667
20,0,120,-32.0667
22,0,149,-32.5436
20,0,85,-32.7765
22,0,148,-32.5
22,0,155,-32.4774
20,0,74,-32.4459
21,0,194,-32.7784
27,5,62,-31.871
40,0,92,-32.2283
22,0,106,-32.5
20,0,164,-32.561
33,0,161,-32.4658
20,0,165,-32.8061
20,0,143,-32.7413
25,0,166,-32.2952
37,0,183,-32.377
24,0,190,-32.5158
24,0,78,-32.5769
21,0,115,-32.8174
21,0,159,-32.6352
25,0,90,-32.5667
35,0,169,-32.5266
21,0,185,-32.5297
44,0,172,-31.9012
21,0,183,-32.5082
32,0,167,-32.3593
32,0,160,-32.3687
26,0,104,-32.3173
22,0,34,-31.2059
20,0,60,-32.0333
23,0,35,-32.2571
23,0,140,-32.1929
35,0,146,-32.1575
26,0,167,-32.3892
20,0,146,-32.4863
22,0,168,-32.4643
23,0,143,-32.7762
21,0,181,-32.7293
26,0,43,-32.2558
21,1,185,-32.4541
23,0,156,-32.6667
26,0,96,-32.4375
23,0,57,-32.193
21,0,153,-32.6471
25,0,159,-32.5535
21,0,133,-32.6015
20,0,152,-32.8487
21,0,148,-32.6959
23,0,184,-32.8315
20,0,147,-32.3741
22,0,135,-32.8
21,0,152,-32.7763
20,0,154,-32.7403
21,0,81,-32.4198
20,0,161,-32.6832
21,0,195,-32.9538
21,0,151,-32.7682
20,0,79,-32.7975
21,0,77,-31.7143
20,0,162,-32.284
24,0,173,-32.4855
20,0,184,-32.9783
21,0,127,-32.7165
20,0,231,-32.6407
27,0,163,-32.6564
21,0,155,-32.4774
20,0,104,-32.5769
23,0,162,-32.8889
20,0,48,-32.0833
20,0,126,-32.4127
25,4,35,-32.3143
24,1,26,-32.8077
27,5,75,-31.9867
23,0,38,-31.9737
32,0,158,-32.1646
29,0,49,-32.2653
23,41,51,-32.1373
24,0,140,-32.55
20,0,186,-32.6129
23,1,167,-32.9102
20,0,131,-32.6412
20,6,157,-32.535
20,29,106,-32.6792
21,0,82,-32.5122
26,15,43,-32.186
23,1,162,-32.1173
25,60,35,-32.1143
21,0,160,-32.6125
21,0,87,-32.3908
22,0,30,-32.6333
27,0,172,-32.6279
35,0,174,-32.2701
23,0,200,-32.525
21,60,22,-31.9545
24,0,183,-32.6885
30,2,166,-32.4578
21,0,161,-32.8882
20,4,159,-32.7296
26,22,51,-32.5686
29,42,31,-31.8387
24,60,26,-31.7308
25,0,162,-32.3272
34,8,169,-32.574
21,60,25,-32.36
22,0,165,-32.3455
21,0,141,-32.4823
29,42,107,-32.3738
20,0,94,-32.5213
28,0,46,-32.3043
22,0,126,-32.119
31,0,159,-32.7421
25,0,98,-32.2347
22,0,68,-32.2941
20,0,174,-32.7816
24,0,148,-32.8108
20,0,145,-32.8345
21,0,185,-32.7351
25,0,181,-32.5525
25,0,176,-32.4943
21,0,178,-32.5
31,1,171,-32.6316
20,0,35,-31.8
20,0,117,-32.547
21,8,134,-32.097
33,0,115,-32.5826
20,20,33,-32.3333
22,0,192,-32.7917
22,0,75,-32.16
20,0,156,-32.2051
23,0,99,-32.9798
22,12,152,-32.1447
20,0,120,-32.2833
20,0,151,-32.3113
20,1,139,-32.6475
20,0,67,-31.7015
20,0,46,-32.0217
20,0,146,-32.9521
24,0,95,-32.1789
21,0,60,-32.0833
22,0,166,-32.1867
21,0,160,-32.5562
30,0,73,-32.0548
27,0,67,-32.791
22,0,152,-31.9474
40,0,162,-32.0617
20,0,101,-32.3465
21,0,175,-32.56
20,0,191,-32.4817
33,0,177,-32.1469
20,0,148,-32.4257
29,0,152,-32.5197
26,0,89,-31.9551
20,0,146,-32.1781
29,0,60,-31.9
32,0,94,-32.2447
25,0,82,-32.1463
31,0,80,-32.75
23,0,138,-32.587
21,0,180,-32.5056
31,0,69,-32.7246
20,0,145,-32.9655
32,0,80,-32.1
23,0,47,-32.5957
31,0,170,-32.3941
20,0,152,-32.5789
23,0,139,-32.2878
26,0,76,-32.0526
26,0,156,-32.5385
22,0,157,-32.3312
22,0,163,-32.4417
31,0,72,-32.7361
43,0,152,-32.7632
20,0,167,-32.5569
38,0,149,-32.7114
23,0,149,-32.0067
42,0,89,-31.9551
22,0,59,-32.661
33,0,64,-32.0312
20,0,154,-32.4286
38,0,65,-32.2769
26,0,171,-32.4444
23,0,127,-31.874
20,0,201,-32.7463
23,0,165,-32.4848
42,0,184,-32.375
34,0,163,-32.3313
27,0,79,-32.3418
30,0,103,-31.6699
44,0,107,-31.6542
31,0,83,-32.0723
36,0,164,-32.6768
31,0,177,-32.2486
46,0,156,-31.9551
34,0,98,-32.449
32,0,74,-32.2297
21,0,154,-32.2857
26,0,177,-32.5706
48,0,156,-32.6026
23,0,156,-32.4679
26,0,155,-32.1742
26,0,139,-32.1223
24,0,155,-32.6452
31,0,154,-32.0649
20,0,133,-32.7744
25,0,86,-32.4302
23,0,223,-32.3946
20,0,138,-32.6594
21,0,148,-32.5743
30,0,108,-32.2315
21,0,147,-32.4966
31,0,78,-32.141
21,0,207,-32.43
20,0,86,-32.5233
24,0,194,-32.4948
20,0,166,-32.4518
25,0,170,-32.9353
24,0,163,-32.2025
20,2,127,-32.4331
21,0,143,-32.3427
31,0,75,-32.1333
20,0,52,-32.25
23,0,146,-32.7055
23,0,147,-32.4966
21,0,156,-32.7372
27,0,154,-32.3766
20,0,161,-32.8137
21,0,156,-32.3782
22,0,98,-32.3265
20,0,84,-32.5119
25,0,171,-32.3743
20,0,153,-32.3137
22,0,72,-32.5139
21,0,155,-32.2903
22,0,151,-32.7748
24,0,168,-33
25,0,155,-32.5935
20,0,65,-32.8462
20,0,162,-32.7469
20,0,156,-32.5449
20,0,170,-32.2235
22,0,151,-32.7152
20,0,188,-32.5266
21,0,144,-32.5625
20,0,154,-32.7273
20,0,154,-32.2857
20,0,169,-32.5444
22,0,152,-31.8684
20,0,157,-32.4331
21,0,173,-32.2254
21,0,152,-32.1776
21,0,152,-32.8816
20,0,165,-32.6061
28,0,157,-32.3121
21,0,165,-32.5333
24,0,156,-32.25
29,0,162,-32.8457
21,0,141,-32.844
32,0,163,-32.319
22,0,144,-32.3889
20,0,42,-32.619
21,0,81,-32.9877
26,0,159,-32.3019
22,0,80,-31.8875
20,0,138,-32.4783
22,0,157,-32.4331
24,2,152,-32.8882
30,7,155,-32.2968
36,0,182,-32.467
20,0,143,-32.4965
29,0,54,-32.6296
20,0,155,-32.2968
20,0,144,-32.25
24,0,160,-32.6125
23,0,171,-32.4386
27,0,183,-32.5956
25,0,88,-32.25
22,0,154,-32.2078
21,0,121,-32.8347
24,0,223,-32.7668
25,0,157,-32.7707
25,0,63,-32.2222
35,0,162,-32.0556
26,0,142,-32.169
45,0,200,-32.615
20,0,68,-32.5
34,0,157,-32.4841
21,0,171,-32.7953
23,0,177,-32.4746
64,0,93,-31.6989
23,0,141,-32.1348
28,0,76,-32.2895
20,0,155,-32.1935
21,0,168,-32.4405
26,0,43,-32.5814
23,3,198,-32.803
21,0,182,-32.4066
22,0,157,-32.6433
25,0,97,-32.299
20,0,45,-32.3556
28,0,145,-32.2483
24,0,166,-32.2651
22,0,166,-32.512
25,0,81,-32.4074
22,0,156,-32.7115
29,0,145,-32.3103
29,0,160,-32.0438
27,0,168,-32.5714
21,0,518,-33
20,0,151,-32.6755
22,0,173,-32.3757
23,0,169,-32.6154
28,0,157,-32.6433
33,0,166,-32.1024
23,0,65,-32.1231
23,0,51,-32.0784
21,0,38,-32.5263
23,0,145,-32.3034
20,0,128,-32.4375
22,0,187,-31.9091
24,0,152,-32.7829
25,0,198,-32.4848
29,0,169,-32.6746
22,0,174,-32.5
36,0,164,-32.4146
20,0,201,-32.5771
21,0,99,-31.9091
25,0,86,-32.6512
35,0,190,-32.2421
24,0,156,-32.5962
20,0,68,-32.0588
22,0,136,-32.8971
20,0,106,-32.4434
21,0,141,-32.6596
22,0,159,-32.3459
31,0,153,-32.1242
23,0,152,-32.3947
39,0,150,-32.4933
41,0,152,-32.375
24,0,178,-32.6685
29,0,81,-31.9506
21,0,227,-32.793
20,0,156,-32.1026
28,0,83,-32.2169
20,0,129,-32.6124
20,0,154,-32.7468
21,0,1261,-32.7756
29,0,157,-32.465
26,0,164,-32.0976
27,0,70,-31.8714
24,0,164,-32.1341
28,0,139,-32.1007
23,0,55,-32.2364
21,0,151,-32.106
20,0,166,-32.4337
21,0,57,-32.614
20,1,153,-32.3856
21,2,140,-32.7714
45,0,158,-32.4367
26,0,88,-31.6023
31,0,164,-32.1829
24,0,30,-31.5
24,0,42,-32.7857
23,0,154,-32.1688
21,0,85,-32.5765
21,0,149,-32.4966
22,0,251,-32.749
36,0,87,-32.4713
22,0,139,-32.2446
25,0,161,-32.5776
24,0,153,-32.3399
20,0,92,-32.6087
20,0,179,-32.324
22,0,129,-32.6667
33,0,80,-31.6625
22,0,159,-32.4843
23,0,87,-32.6667
24,0,82,-32.1098
27,0,144,-32.5069
22,0,204,-32.7304
21,0,140,-32.4286
21,0,149,-32.0738
21,0,152,-32.3618
22,0,162,-32.4383
37,0,154,-32.2403
33,0,163,-31.8282
23,0,55,-31.9273
50,0,89,-31.5506
38,0,159,-32.7358
20,0,172,-32.2616
30,0,167,-32.3054
39,0,172,-32.0523
32,0,165,-32.4364
20,0,132,-32.197
27,0,163,-32.2638
35,0,38,-30.7368
34,0,150,-32.3933
39,0,170,-32.2294
29,0,155,-32.5419
24,0,165,-32.5697
30,0,44,-31.9545
20,0,152,-32.5132
29,0,154,-32.4221
53,0,158,-32.1835
36,0,156,-32.1603
29,0,136,-32.2941
33,0,158,-32.6646
20,0,164,-32.7012
39,0,164,-32.5976
27,0,81,-32.7778
27,0,181,-32.8619
23,0,145,-32.4828
25,0,126,-32.5556
23,0,48,-32.25
39,0,80,-32.1125
28,0,39,-32.6667
23,0,62,-32.0484
32,0,136,-32.3088
38,0,152,-32.3947
38,0,162,-32.2037
43,0,175,-32.0114
32,0,93,-32.6667
20,0,156,-32.3205
23,0,153,-32.2026
25,0,75,-32.5467
30,0,69,-32.6957
54,0,163,-32.2393
41,0,158,-32.2911
41,0,93,-32.172
29,0,78,-32.3077
20,0,146,-32.4658
52,0,191,-32.3874
32,0,38,-32.1316
40,0,142,-32.2324
39,0,165,-32.303
24,0,150,-32.6
38,0,157,-32.3758
39,0,156,-32.3269
69,0,186,-31.9516
34,0,76,-31.8158
41,0,141,-32.0071
55,0,155,-32.1548
33,0,159,-32.4969
34,0,156,-32.3077
21,0,80,-32.725
27,0,155,-32.2
23,0,178,-32.7584
40,0,169,-32.1716
43,0,156,-32.4744
26,0,143,-32.1608
25,0,159,-32.9937
23,0,151,-32.7947
25,0,35,-32.8286
37,0,88,-32.0227
50,0,87,-31.2529
28,0,187,-32.5775
22,0,28,-31
53,0,182,-32.533
23,0,93,-31.9785
31,0,103,-31.7864
20,0,141,-32.0709
35,0,139,-32.295
29,0,31,-31.6452
24,0,164,-32.439
45,0,86,-32.093
24,0,156,-32.2628
64,0,110,-31.9273
37,0,163,-32.1963
39,0,80,-32.2
23,0,141,-32.1986
36,0,153,-32.3399
45,0,109,-31.578
35,0,158,-32.0506
53,0,160,-32
23,0,42,-31.7381
42,0,83,-32.241
21,0,142,-32.6127
34,0,140,-32.3286
24,0,153,-32.6209
39,0,140,-32.3786
38,0,151,-32.596
33,0,138,-31.9348
34,0,168,-32.5357
20,0,148,-32.3986
22,0,154,-32.9416
30,0,170,-32.1647
30,0,164,-32.4695
53,0,166,-32.0542
30,0,150,-32.0467
20,0,158,-32.2468
30,0,160,-32.1812
35,0,90,-32.5
49,0,140,-32.35
35,0,165,-32.5697
22,0,144,-32.6111
21,0,158,-32.5506
20,0,130,-32.6077
26,0,47,-32.3617
27,0,73,-31.7534
23,0,77,-32.039
33,0,167,-32.2874
20,0,28,-32.6429
35,0,44,-31.75
20,0,46,-32.0435
39,0,84,-31.9881
20,0,29,-32.5517
21,0,74,-32.2838
20,0,184,-32.7717
20,0,172,-32.3023
26,0,162,-32.6543
23,0,142,-32.5493
32,0,59,-32.3559
26,0,30,-31.0667
32,0,162,-32.5741
32,0,166,-32.1687
29,0,156,-32.9231
47,0,167,-32.1257
48,0,156,-32.0705
32,0,156,-32.6538
39,0,163,-31.9509
26,0,70,-32.7
26,0,133,-32.0075
38,0,177,-32.6554
26,0,147,-32.3537
28,0,126,-32.3254
24,0,143,-32.5105
45,0,155,-32.1226
25,0,148,-32.4595
39,0,160,-32.2563
34,0,154,-32.3636
22,0,151,-32.0066
37,0,145,-32.5172
48,0,145,-32.069
37,0,143,-32
21,0,38,-31.8947
37,0,99,-31.9394
30,0,151,-32.4172
21,0,149,-32.5101
27,0,148,-32.3649
27,0,142,-32.4296
25,0,147,-32.4218
30,0,160,-32.425
40,0,152,-32.4408
23,0,173,-32.3699
31,0,141,-32.4894
42,0,172,-32.314
30,0,151,-32.1788
45,0,169,-32.4142
45,0,177,-32.3785
40,0,163,-32.4356
25,0,174,-32.3333
22,0,96,-32.6458
43,0,146,-32.4658
37,0,138,-32.2174
51,0,93,-31.9785
32,0,167,-32.3473
25,0,63,-32.381
34,0,156,-32.4679
23,0,98,-32.9082
22,0,148,-32.473
29,0,281,-32.1744
30,1,147,-32.6327
26,0,85,-32.5412
23,0,67,-31.5373
32,1,79,-32.2405
44,0,184,-32.3641
42,0,159,-31.9119
24,0,146,-32.3288
29,0,76,-32.1579
27,2,66,-32.2727
31,0,164,-32.378
36,0,103,-32.6214
23,0,79,-31.9114
36,0,166,-32.0602
22,54,30,-30.2
29,0,158,-32.5633
34,3,75,-32.24
28,2,79,-32.6456
31,0,164,-32.1524
40,2,61,-31.8197
47,0,169,-32.1243
35,2,38,-31.6842
29,0,70,-32.6143
38,0,103,-31.9806
42,0,57,-32.7193
46,0,175,-32.1086
33,3,37,-31.4865
21,7,106,-32.4811
28,0,162,-32.1049
56,0,91,-31.2967
28,3,69,-31.971
29,0,165,-32.103
43,0,136,-32.1176
23,0,167,-32.006
48,0,160,-32.0375
30,0,94,-32.2872
25,60,41,-32.1707
59,0,171,-32.1111
30,0,151,-32.6093
28,0,140,-32.75
21,0,164,-32.2134
23,0,160,-32.5
34,0,80,-32.2625
28,0,48,-32.2083
20,1,149,-32.4899
26,2,140,-32.2571
42,2,163,-32.3006
65,0,159,-32.0881
23,15,171,-32.1637
46,3,156,-31.9808
20,2,157,-32.242
22,0,146,-32.4315
41,2,167,-32.0359
34,0,163,-31.6626
29,3,142,-32.507
40,0,164,-32.2683
46,0,176,-32.267
42,0,159,-32.5031
27,0,81,-32.0494
31,0,136,-32.3088
51,0,176,-32.5739
20,0,100,-32.33
20,1,160,-32.4562
25,0,151,-32.7152
31,0,171,-32.4327
46,0,159,-32.5157
34,0,167,-32.2275
34,0,165,-32.2909
31,0,145,-32.5655
23,1,155,-32.3613
29,0,170,-31.9176
37,2,169,-32.3846
27,0,71,-32.1549
21,0,159,-32.2201
26,0,96,-32.0625
22,0,85,-32.3882
20,0,133,-32.4211
25,0,148,-32.5068
21,0,87,-32.7816
20,0,158,-32.6456
28,0,128,-32.2031
