76,0,192,-32.1406
79,0,202,-31.3861
64,0,202,-31.8663
80,0,198,-31.904
85,0,187,-32.016
81,0,191,-31.9843
73,0,184,-32.1467
73,0,190,-31.5158
85,0,201,-32.0896
53,0,171,-31.807
42,0,168,-32.6429
56,0,87,-30.5402
74,0,192,-32.1302
78,0,190,-31.5211
67,0,206,-32.3204
64,0,185,-31.8757
79,0,185,-32.1514
75,0,196,-31.8622
73,0,191,-31.9895
46,0,120,-32.0917
70,0,194,-31.7526
66,0,198,-32.3586
49,0,210,-32.3762
84,0,182,-31.967
81,0,171,-31.8421
67,0,173,-32.2139
63,0,183,-32.0492
70,0,165,-32.1515
63,0,192,-32.401
72,0,190,-31.8789
73,0,195,-32.2923
70,0,186,-31.6613
73,0,195,-31.6872
61,0,206,-31.7039
77,0,185,-31.9189
75,0,183,-32.2077
83,0,190,-32.0421
69,0,203,-32.069
40,0,164,-32.4634
57,0,184,-32.0326
70,0,193,-32.2642
42,0,182,-32.1319
67,0,183,-32.2459
78,0,193,-31.7254
60,0,203,-32.197
77,0,186,-31.9785
65,0,202,-32.1733
35,0,128,-32.5391
26,0,135,-32.5481
36,0,148,-32.3784
21,0,173,-32.5665
51,0,162,-32.4321
53,0,101,-31.5644
46,0,142,-31.993
29,0,57,-32.1053
52,0,155,-32.1419
42,0,168,-32.25
30,0,144,-32.4097
61,0,170,-31.5647
36,0,162,-32.4136
26,0,161,-32.4596
39,0,171,-32.5673
49,0,159,-32.1132
53,0,160,-31.8188
41,0,175,-32.2
30,0,183,-32.5792
63,0,204,-32.0147
52,0,167,-32.491
71,0,204,-32.0784
63,0,209,-31.622
78,0,200,-32.04
74,0,163,-31.5583
52,0,221,-32.5249
94,0,205,-31.6439
73,0,175,-31.5257
74,0,192,-32.0677
50,0,174,-32.1609
60,0,164,-32.0122
38,0,192,-32.2083
72,0,174,-32.0862
66,0,187,-32.0107
61,0,207,-31.9034
48,0,172,-32.093
77,0,187,-32.0535
48,0,192,-31.9948
61,0,207,-32.1014
76,0,193,-31.8808
92,0,180,-31.6667
77,0,198,-32.2677
62,0,182,-32.5
91,0,188,-31.9521
76,0,211,-32.327
81,0,179,-31.9218
69,0,185,-32
64,0,193,-32.2073
81,0,191,-32.3351
68,0,204,-32.1618
54,0,209,-32.4067
64,0,179,-31.9497
70,0,180,-31.5889
69,0,192,-32.276
70,0,195,-32.1846
66,0,166,-32.3795
69,0,203,-32.2414
58,0,174,-32
86,0,187,-31.9251
86,0,190,-31.8
71,0,185,-32.3243
73,0,196,-31.898
74,0,183,-31.8907
61,0,207,-32.3092
70,0,180,-32.0111
70,0,194,-32.1186
78,0,192,-32.2083
29,0,154,-32.4351
73,0,184,-32.163
53,3,162,-32.284
74,0,171,-31.883
57,0,178,-32.4944
52,0,173,-32.2659
52,0,169,-31.929
65,0,206,-32.1262
45,0,187,-32.5882
62,0,169,-31.8047
74,0,181,-32.0884
27,0,181,-32.6906
86,0,209,-31.8182
58,0,188,-32.016
61,0,184,-32.462
77,0,206,-31.6553
36,0,159,-32.478
67,0,204,-31.7598
46,0,186,-32.4946
51,0,188,-32.3138
64,0,193,-32.5181
63,0,199,-32.3819
76,0,193,-31.9275
47,0,203,-32.3005
73,0,189,-32.1164
88,0,179,-31.8156
80,0,201,-31.995
67,0,205,-31.8976
86,0,195,-32.1436
60,0,89,-31.3371
61,0,167,-31.5689
82,0,186,-31.8978
64,0,207,-31.8454
69,0,196,-32.0714
61,0,184,-32.0054
67,0,212,-32.1085
68,0,180,-32.3611
61,0,184,-32.0435
49,0,163,-32.4479
64,0,182,-31.8297
63,0,208,-32.0529
73,0,194,-32.1082
85,0,123,-31.3252
61,0,170,-31.6941
54,0,180,-32.1278
85,0,192,-32.0885
81,0,203,-32.1232
55,0,167,-32.3892
71,0,170,-31.8706
54,0,187,-32.1765
78,0,185,-32.0324
24,0,164,-32.7256
64,0,189,-32.254
41,0,182,-32.4505
41,0,151,-32.6159
57,0,187,-32.1337
46,0,146,-32.4589
33,0,164,-32.5854
49,0,173,-32.3526
44,0,153,-32.6144
35,0,131,-32.6031
22,0,134,-32.6418
50,0,162,-32.1728
46,0,169,-32.5503
44,0,120,-31.9417
27,0,95,-32.5368
22,0,149,-32.5436
36,0,156,-32.0192
63,0,160,-31.725
57,0,160,-31.9937
33,0,165,-32.5455
40,0,139,-32.5612
37,0,144,-32.0208
46,0,170,-32.1941
32,0,176,-32.6875
40,0,138,-32.4638
22,0,126,-32.4048
36,0,226,-32.6372
67,0,195,-31.6923
74,0,198,-32.2374
34,0,184,-32.2989
51,0,188,-32.1862
73,0,213,-31.7746
65,0,230,-32.1957
77,0,189,-32.1058
86,0,187,-31.8021
60,0,214,-32.1963
73,0,174,-31.9828
75,0,216,-32.0185
62,0,174,-32.1322
70,0,181,-31.8453
32,0,163,-32.2025
52,0,184,-32.0435
80,0,203,-31.8867
76,0,191,-31.822
84,0,176,-32.0455
54,0,193,-31.8497
82,0,195,-31.6256
59,0,194,-32.2784
51,0,161,-31.8944
56,0,180,-31.9222
71,0,90,-31.3111
68,0,184,-32.0272
50,0,199,-32.0302
50,0,185,-32.1892
62,0,188,-32.1277
65,0,192,-31.9323
54,0,162,-31.9753
57,0,174,-32.092
42,0,189,-32.3704
77,0,198,-31.8586
56,0,174,-32.4368
69,0,179,-32.2123
75,0,184,-32.0272
74,0,185,-32.0703
63,0,199,-32.3317
70,0,187,-32.2781
92,0,182,-32.2308
33,0,183,-32.1749
68,0,193,-32.1606
64,0,178,-31.7697
61,0,192,-32.1094
69,0,181,-31.9724
42,0,171,-32.2047
57,0,164,-32.061
89,0,179,-31.9274
59,0,182,-32.0934
73,0,164,-31.9024
80,0,180,-31.6389
60,0,186,-31.8602
44,0,179,-32.2346
58,0,213,-32.4601
61,0,188,-31.7872
71,0,197,-31.8274
75,0,191,-31.8586
57,0,175,-32.2286
67,0,192,-32.474
62,0,178,-32.2921
61,0,207,-32.1787
68,0,193,-31.7876
69,0,180,-31.8667
58,0,192,-32.1042
74,0,192,-31.9583
60,0,186,-32.3656
68,0,184,-31.5924
55,0,180,-31.7611
71,0,184,-32.3424
62,0,177,-32.0339
69,0,175,-31.6857
54,0,179,-31.8436
56,0,194,-32.1237
53,0,111,-32.1532
79,0,181,-31.8122
67,0,183,-32.0109
58,0,180,-31.75
36,0,180,-32.5278
90,0,181,-31.8343
74,0,193,-32.0466
65,0,184,-31.8424
59,0,207,-32.1111
67,0,172,-31.6744
69,0,168,-32.244
57,0,166,-32.1747
70,0,164,-32.0488
63,0,180,-32.0944
84,0,197,-31.9492
82,0,181,-32.2486
67,0,183,-32.1038
87,0,194,-32.1649
54,0,168,-32.2262
72,0,205,-31.7317
71,0,170,-32.1176
88,0,214,-32.3178
70,0,189,-32.4074
75,0,196,-31.699
49,0,171,-32.2105
65,0,202,-31.9158
39,0,172,-32.6512
62,0,208,-31.9519
75,0,188,-31.9628
67,0,179,-32.4693
55,0,202,-32.0941
67,0,176,-31.8409
75,0,176,-32.3807
61,0,185,-32.4541
66,0,176,-31.892
77,0,190,-31.8263
71,0,186,-32.3495
68,0,195,-31.7385
69,0,180,-32.1833
54,0,170,-32.0529
64,0,214,-32.4019
62,0,172,-32.0581
41,0,172,-32.0756
72,0,181,-31.9227
33,0,168,-32.7024
73,0,179,-32.0503
47,0,190,-32.3053
86,0,192,-31.875
50,0,182,-32.2582
66,0,175,-31.96
82,0,173,-32.237
71,0,192,-32.2188
73,0,191,-31.7016
73,0,196,-32.1122
66,0,173,-32.1156
46,0,196,-32.6071
44,0,167,-31.9701
39,0,156,-32.1923
43,0,169,-32.3669
29,0,165,-32.5394
48,0,106,-31.9245
28,0,150,-32.22
41,0,178,-32.191
53,0,179,-31.9274
50,0,171,-32.2573
34,0,175,-32.4457
34,0,101,-32.2277
57,0,171,-31.8187
42,0,153,-32.7451
33,0,132,-32.4924
42,0,150,-32.4667
45,0,152,-32.3026
54,0,157,-32.2548
58,0,166,-32.1867
20,0,190,-32.4895
34,0,138,-32.5145
41,0,152,-32.4671
38,0,153,-32.4118
26,0,135,-32.3037
32,0,172,-32.5698
39,0,141,-32.3972
44,0,151,-32.3709
43,0,177,-32.3277
23,0,155,-32.6
49,0,161,-31.7702
23,0,149,-32.5973
27,0,107,-32.5047
63,0,192,-31.9375
59,0,188,-32.1011
48,0,191,-31.9895
82,0,207,-31.9469
84,0,194,-31.8866
69,0,187,-32.0053
67,0,204,-32.1569
70,0,194,-32.1907
62,0,196,-32.2959
78,0,180,-31.5333
65,0,194,-31.7629
49,0,194,-31.7474
75,0,176,-31.8125
77,0,177,-31.6271
59,0,101,-32.2277
66,0,195,-31.8923
69,0,182,-32.1923
68,0,189,-31.836
54,0,192,-32.026
64,0,195,-32.0718
66,0,182,-32.1923
60,0,181,-31.768
86,0,188,-32.0266
83,0,204,-31.8578
77,0,214,-32.1308
66,0,198,-32.298
80,0,184,-32.3641
61,0,194,-31.9485
46,0,163,-32.3865
77,0,189,-31.8201
52,0,165,-32.0424
42,0,185,-32.1838
69,0,186,-32.1774
86,0,216,-31.7824
58,0,191,-32.4084
21,0,192,-32.474
49,0,168,-32.2857
61,0,190,-32.2
80,0,199,-31.9296
61,0,184,-31.6413
54,0,170,-32.3118
69,0,193,-31.6632
76,0,190,-31.6579
70,0,181,-31.6851
81,0,195,-31.6872
65,0,173,-32.3931
43,0,163,-32.4417
74,0,188,-32.0745
57,0,194,-31.9485
65,0,182,-31.8022
68,0,203,-32.0148
72,0,188,-31.9362
72,0,189,-32.0741
77,0,184,-32.0598
71,0,212,-31.8774
61,0,213,-32.0094
86,0,195,-32.0256
76,0,184,-32.1196
71,0,184,-31.8043
71,0,183,-31.6284
61,0,188,-32.4202
62,0,188,-32.4947
65,0,207,-32.0193
56,0,183,-32.071
57,0,176,-32.2841
52,0,163,-32.3067
56,0,116,-32.1638
82,0,208,-32.0769
79,0,196,-32.2194
56,0,168,-32.4583
56,0,185,-32.0108
65,0,176,-32.0966
81,0,203,-31.931
63,0,182,-32.2582
57,0,82,-31.4878
38,0,181,-32.3204
56,0,186,-32.2419
87,0,182,-32.0165
74,0,181,-31.8508
59,0,173,-31.7514
53,0,203,-32.1379
53,0,185,-32.7514
59,0,179,-32.0615
78,0,179,-31.6816
58,0,175,-31.9657
81,0,197,-31.934
77,0,188,-32.1064
57,0,184,-32.1359
53,0,180,-32.1389
45,0,177,-32.3446
67,0,197,-31.8731
75,0,182,-31.967
65,0,168,-31.4286
64,0,180,-32.0722
63,0,203,-32.1626
49,0,173,-32.474
56,0,175,-32.28
49,0,171,-32.1988
52,0,180,-32.1833
70,0,185,-32.373
33,0,105,-32.2952
72,0,171,-31.9474
77,0,201,-31.7363
74,0,183,-31.9016
68,0,195,-31.4462
75,0,185,-31.7676
82,0,195,-31.8205
62,0,187,-32.1765
66,0,178,-32.2191
53,0,107,-32.0935
72,0,201,-31.9303
48,0,180,-32.0111
81,0,181,-32.2928
71,0,200,-31.725
55,0,205,-32.2195
42,0,192,-32.224
69,0,192,-32.1042
69,0,209,-32.2249
81,0,195,-31.7641
78,0,176,-32.1193
54,0,192,-32.0312
61,0,191,-31.9581
72,0,185,-32.0757
69,0,177,-31.6836
81,0,198,-31.9949
23,0,196,-32.6888
65,0,177,-32.0113
71,0,201,-32.1692
69,0,206,-31.9757
54,0,178,-31.9438
77,0,189,-32.1217
65,0,171,-31.3977
59,0,199,-31.7236
62,0,198,-32.1162
36,0,190,-32.5526
51,0,171,-32.3216
65,0,184,-32.3641
59,0,166,-32.2831
56,0,178,-31.8876
66,0,190,-32.0842
40,0,166,-32.1205
51,0,190,-32.3632
63,0,178,-32.3427
20,0,109,-32.1468
64,0,174,-32.0057
62,0,178,-32.1236
66,0,182,-31.7418
57,0,180,-32.0944
52,0,190,-32.4684
45,0,172,-32.1337
58,0,181,-31.895
89,0,183,-31.9781
48,0,185,-32.1297
54,0,170,-32.3647
58,0,152,-31.9868
69,0,181,-32.105
39,0,167,-32.5389
26,0,71,-32.169
29,0,147,-32.5442
38,0,166,-32.5602
31,0,151,-32.5695
35,0,141,-32.5887
38,0,154,-32.1364
28,0,148,-32.2162
52,0,173,-31.6474
30,0,150,-32.5133
36,0,155,-32.3742
29,0,72,-32.625
27,0,125,-32.784
30,0,150,-32.2733
31,0,177,-32.6328
22,0,122,-32.8525
39,0,169,-31.9527
47,0,155,-32.2581
26,0,161,-32.2236
30,0,171,-32.4094
51,0,165,-31.8
22,0,124,-32.1452
26,0,182,-32.3187
32,0,155,-32.1419
46,0,171,-32.731
24,0,156,-32.4359
21,0,145,-32.6
30,0,161,-32.5217
33,0,171,-32.5848
68,0,189,-32.0794
69,0,177,-32.2486
79,0,174,-32.023
56,0,181,-31.9945
40,0,182,-32.4231
53,0,172,-32.2791
73,0,196,-32.051
51,0,180,-32.0278
46,0,176,-32.3352
66,0,202,-32.2822
47,0,201,-32.2488
81,0,197,-31.7665
84,0,194,-31.8814
68,0,199,-32.201
56,0,199,-32.1005
57,0,199,-32.0955
76,0,177,-31.8249
64,0,195,-32
67,0,189,-31.7884
60,0,190,-31.8368
75,0,178,-32.2191
71,0,216,-32.412
75,0,181,-32.3591
43,0,181,-32.2597
60,0,196,-32.1633
65,0,154,-32.1104
78,0,186,-31.8817
61,0,204,-31.8627
65,0,208,-32.0721
72,0,112,-30.8839
72,0,190,-31.9158
63,0,186,-31.9355
60,0,185,-32.1297
66,0,188,-32.1915
34,0,168,-32.3155
48,0,146,-32.4521
37,0,170,-31.9647
81,0,192,-32.1094
56,0,206,-32.2087
70,0,190,-32.2842
45,0,88,-32.2045
58,0,177,-32.0678
78,0,205,-32.2878
52,0,184,-31.875
82,0,191,-31.3298
74,0,194,-31.8969
55,0,194,-32.0773
69,0,206,-32.1553
68,0,178,-32.2303
72,0,180,-31.9722
66,0,193,-32.1865
53,0,179,-32.257
74,0,188,-31.7926
68,0,187,-32.0535
69,0,190,-31.8053
81,0,190,-31.7263
81,0,186,-32.1022
62,0,172,-31.9535
63,0,179,-32.2682
46,0,206,-32.1359
22,0,172,-32.564
78,0,201,-31.8408
71,0,182,-32.3407
62,0,173,-32.0347
71,0,180,-32.2944
76,0,202,-32.0099
73,0,183,-32.0437
66,0,182,-32.0604
39,0,187,-32.6043
69,0,177,-31.9774
79,0,191,-31.9162
69,0,183,-32.2732
62,0,187,-32.2995
54,0,184,-32.2772
58,0,176,-32.1648
66,0,201,-32.0697
74,0,186,-31.871
65,0,182,-32.0824
48,0,184,-32.2554
62,0,163,-32.2577
56,0,190,-32.2
24,0,145,-32.731
70,0,185,-31.9622
61,0,168,-32.3095
62,0,180,-32.1278
54,0,167,-32.024
61,0,173,-31.8092
52,0,186,-32.0376
78,0,183,-31.9454
77,0,187,-32.4225
62,0,189,-31.9206
72,0,195,-32.5692
70,0,195,-32.3538
42,0,194,-32.2113
51,0,171,-32.1813
57,0,176,-32.3864
78,0,186,-31.5161
83,0,201,-31.5672
77,0,183,-32.1311
68,0,182,-31.7363
45,0,191,-32.3403
65,0,197,-32.5381
76,0,177,-31.9209
53,0,165,-31.9152
62,0,194,-32.1649
70,0,200,-31.97
57,0,185,-31.8649
57,0,172,-31.8779
54,0,195,-32.2103
58,0,181,-32.0221
52,0,207,-32.1449
73,0,197,-32.3198
70,0,193,-32.2798
67,0,187,-32.2353
45,0,177,-32.339
56,0,197,-32.3959
63,0,204,-31.9118
83,0,209,-32.0813
75,0,173,-32.0347
58,0,166,-31.9639
51,0,188,-32.2234
73,0,195,-32.0667
73,0,175,-32.0114
29,0,158,-32.2468
79,0,189,-32.037
55,0,197,-32.2944
58,0,215,-31.986
70,0,174,-31.6552
40,0,66,-31.9091
70,0,195,-32.0718
47,0,92,-32.0435
62,0,196,-31.8061
55,0,200,-32.41
60,0,189,-32.1323
75,0,189,-31.9471
56,0,192,-31.9531
57,0,180,-32.15
47,0,187,-32.1337
69,0,209,-31.9234
53,0,181,-32.0552
58,0,159,-32.0503
80,0,183,-31.8033
32,0,63,-32.5714
34,0,184,-32.2283
65,0,134,-32.3358
31,0,151,-32.7285
34,0,160,-32.425
34,0,81,-32.0247
42,0,80,-32.075
41,0,150,-32.34
21,0,152,-32.5855
20,0,151,-32.5099
36,0,143,-32.4126
43,0,149,-32.0604
43,0,149,-32.1879
50,0,165,-32.6848
35,0,160,-32.6125
38,0,85,-31.6471
36,0,153,-32.4444
23,0,152,-32.6053
39,0,152,-32.2039
25,0,200,-32.67
29,0,168,-32.5119
21,0,134,-32.4403
49,0,164,-32.3598
28,0,139,-32.4892
21,0,123,-32.2439
37,0,157,-32.5414
61,0,173,-32
33,0,156,-32.6859
25,0,134,-32.5075
33,0,153,-32.4248
28,0,167,-32.4671
53,0,190,-32.0842
53,0,202,-31.8119
56,0,192,-32.25
64,0,196,-32.5765
55,0,192,-32.3125
85,0,183,-31.8634
51,0,184,-32.0707
62,0,193,-32.228
50,0,198,-32.6162
50,0,188,-31.75
46,0,189,-32.0317
62,0,207,-32.0193
28,0,197,-32.5076
36,0,189,-32.3439
45,0,179,-32.6201
58,0,200,-32.57
57,0,180,-32.2444
60,0,202,-32.099
48,0,188,-32.3138
70,0,188,-32.1383
58,0,189,-32.2275
60,0,156,-31.891
28,0,161,-32.3043
64,0,104,-31.5481
62,0,173,-31.9769
52,0,185,-32.3946
59,0,129,-31.5271
82,0,192,-32.3125
59,0,186,-32.0161
68,0,179,-31.8212
39,0,194,-32.0619
69,0,183,-31.9344
33,0,185,-32.5568
64,0,183,-31.9836
48,0,197,-32.3452
43,0,172,-32.7791
49,0,182,-32.2418
62,0,179,-32.1341
68,0,177,-31.8588
52,0,181,-32.1989
32,0,171,-32.4912
54,0,176,-32.142
54,0,104,-32.1635
33,0,158,-32.5823
48,0,184,-32.0489
58,0,188,-31.7979
43,0,186,-32.5484
60,0,202,-32.2723
55,0,174,-32.2989
55,0,184,-32.4348
48,0,189,-32.1905
35,0,186,-32.0323
28,0,169,-32.284
53,0,146,-31.9521
43,0,206,-32.2573
51,0,190,-32.0158
31,0,172,-32.564
34,0,160,-32.5063
25,0,137,-32.3285
23,0,152,-32.6645
40,0,161,-32.4286
26,0,141,-32.2057
41,0,164,-32.1646
47,0,144,-31.9444
21,0,129,-32.4031
36,0,204,-32.2157
21,0,251,-31.9004
29,0,187,-32.4064
69,0,203,-32.0443
50,0,177,-32.3277
35,0,184,-32.5598
71,0,182,-32.2143
44,0,161,-31.9876
45,0,188,-32.4255
49,0,166,-32.4518
70,0,202,-31.6188
50,0,198,-32.202
70,0,181,-31.9227
22,0,171,-32.3918
37,0,164,-32.4634
55,0,186,-31.8441
60,0,189,-32.3704
71,0,182,-31.989
66,0,185,-31.9135
44,0,92,-31.2283
57,0,185,-32.0541
43,0,190,-32.2895
54,0,174,-32.2241
21,0,171,-32.5965
22,0,160,-32.9375
52,0,183,-32.1475
46,0,173,-32.1734
77,0,188,-31.8191
51,0,180,-32.2667
64,0,196,-32.0051
73,0,187,-32.369
63,0,198,-32.0606
31,0,173,-32.1387
32,0,187,-32.3422
51,0,171,-32.1111
64,0,175,-32.2343
43,0,185,-32.3514
34,0,162,-32.6235
26,0,152,-32.5
21,0,159,-32.4717
57,0,157,-32.1911
23,0,110,-32.9545
22,0,149,-32.5839
22,0,141,-32.5745
42,0,164,-32.1524
38,0,149,-32.5839
24,0,160,-32.2875
75,0,198,-31.7424
56,0,199,-31.9095
71,0,195,-31.7846
50,0,173,-32.3931
31,0,171,-32.5088
69,0,191,-31.9267
39,0,161,-32.5652
74,0,184,-32.0163
61,0,203,-32.0246
54,0,180,-32.2167
68,0,179,-31.6872
49,0,187,-31.7273
71,0,186,-31.7097
68,0,174,-31.6264
56,0,174,-32.2874
63,0,157,-32.0255
37,0,163,-31.8344
66,0,193,-32.0518
47,0,180,-32.6056
47,0,175,-32.3143
41,0,180,-32.5167
58,0,185,-32.2378
71,0,190,-31.7421
58,0,161,-31.8012
67,0,182,-32.0714
33,0,178,-32.0506
75,0,189,-32.0635
46,0,142,-32.1338
27,0,171,-32.7836
58,0,182,-31.9945
40,0,184,-32.462
45,0,171,-32.2632
32,0,180,-32.5167
52,0,184,-32.2717
48,0,170,-32.3647
63,0,197,-32.2741
65,0,172,-32.0523
47,0,190,-32.2263
64,0,178,-31.7978
55,0,183,-31.8087
37,0,184,-32.4239
75,0,194,-31.9639
25,0,170,-32.6471
60,0,181,-31.8287
63,0,184,-32.0598
56,0,195,-32.3128
34,0,155,-32.4839
63,0,171,-31.8947
58,0,196,-32.0357
62,0,188,-32.2819
63,0,186,-32.0161
68,0,209,-32.244
43,0,204,-32.0392
59,0,183,-32.3443
31,0,143,-32.5664
21,0,152,-32.75
24,0,138,-32.7536
40,0,165,-32.5394
43,0,166,-31.9217
31,0,145,-32.4069
42,0,161,-32.0062
20,0,181,-32.7017
20,0,131,-32.4885
21,0,168,-32.4107
53,0,188,-32.1277
72,0,205,-32.3902
77,0,192,-31.8073
74,0,186,-32.086
62,0,169,-32.3195
52,0,95,-31.8947
62,0,180,-32
49,0,186,-32.457
58,0,196,-31.801
31,0,181,-32.2044
46,0,211,-32.3318
41,0,189,-32.3545
63,0,177,-32.0452
47,0,171,-32.5029
59,0,182,-32.2967
56,0,174,-32.3678
43,0,203,-32.0985
64,0,210,-31.881
50,0,200,-32.485
55,0,198,-32.2727
55,0,185,-32.2703
50,0,198,-32.1667
69,0,198,-32.0455
62,0,208,-32.5529
64,0,208,-32.2163
67,0,193,-32.1399
54,0,189,-32.3757
63,0,204,-31.902
66,0,196,-31.7398
67,0,184,-31.7663
50,0,188,-32.0372
76,0,177,-31.9379
68,0,196,-31.8622
36,0,174,-32.5057
57,0,186,-32.3226
48,0,174,-32.1034
66,0,177,-31.4746
56,0,182,-32.2582
58,0,180,-31.8889
62,0,202,-31.8663
66,0,115,-31.8
42,0,186,-32.5108
63,0,179,-31.905
36,0,168,-32
42,0,197,-32.0406
61,0,173,-32.1561
57,0,185,-32.2595
73,0,181,-31.9282
77,0,191,-31.6806
63,0,174,-31.6954
62,0,194,-32.1649
52,0,190,-32.0842
61,0,179,-31.9497
70,0,176,-31.983
50,0,192,-32.3438
54,0,176,-32.2216
68,0,181,-31.8729
60,0,188,-32.1915
65,0,190,-31.6368
60,0,188,-32.1649
61,0,213,-32.3052
42,0,179,-32.2849
64,0,175,-32.1029
45,0,183,-32.4863
62,0,188,-32.1862
73,0,109,-31.0092
29,0,197,-32.4772
75,0,190,-32.1526
57,0,183,-31.7486
61,0,191,-31.9529
67,0,209,-32.2249
63,0,185,-32.027
55,0,187,-32.2727
61,0,194,-31.7732
52,0,205,-32.2732
52,0,183,-32.4262
50,0,174,-32.3448
33,0,139,-32.4532
78,0,173,-32.2023
60,0,191,-32.4031
61,0,179,-32.0503
73,0,195,-32.0564
58,0,174,-32.3391
72,0,196,-32.0306
59,0,184,-32.4022
27,0,180,-32.3222
68,0,197,-32.3756
39,0,173,-32.4277
64,0,194,-31.9639
68,0,185,-32.1622
65,0,193,-32.0933
56,0,170,-32.1647
61,0,176,-31.983
71,0,184,-31.8315
64,0,191,-32.1361
70,0,199,-31.7889
34,6,188,-32.6064
69,0,196,-31.6122
39,0,178,-32.6629
59,0,193,-32.1606
23,0,93,-32.2258
33,0,172,-32.7151
46,0,184,-32.5
47,0,182,-32.4286
54,0,188,-32.4787
61,0,177,-31.9492
44,0,187,-32.0535
57,0,189,-32.127
33,0,159,-32.3585
59,0,195,-32.1128
62,0,189,-32.254
54,0,161,-31.795
44,0,169,-32.213
76,0,189,-32.2063
60,0,184,-31.663
58,0,218,-32.3945
24,0,194,-32.6082
47,0,190,-32.3789
67,0,190,-32.1263
35,0,173,-32.6358
65,0,180,-32.2222
68,0,192,-31.7083
56,0,186,-31.7097
51,0,175,-32.2971
63,0,187,-32.2299
31,0,190,-32.3263
62,0,184,-31.8207
64,0,182,-31.978
66,0,179,-32.1117
47,0,193,-32.171
59,0,189,-32.5344
70,0,188,-31.9468
76,0,197,-32.0863
62,0,195,-32.2
52,0,108,-31.6111
53,0,184,-31.9348
43,0,185,-32.5351
56,0,178,-31.9888
53,0,181,-32.2928
51,0,195,-32.3128
56,0,191,-32.0314
64,0,191,-31.9895
47,0,186,-32.4946
64,0,188,-31.9415
46,0,207,-32.4058
62,0,179,-31.6536
52,0,197,-32.5482
39,0,190,-32.5895
43,0,172,-32.1105
64,0,178,-31.9719
60,0,176,-31.9432
54,0,199,-32.3769
55,0,175,-32.3543
45,0,169,-32.2249
47,0,170,-32.3882
66,0,173,-32.1618
49,0,202,-32.4653
57,0,195,-32.0667
35,0,182,-32.2253
48,0,177,-32.0169
32,0,173,-32.2312
61,0,175,-32.1714
50,0,200,-32.48
46,0,191,-32.3089
57,0,198,-32.2879
46,0,172,-32.407
48,0,100,-31.82
34,0,198,-32.3889
37,0,89,-31.809
32,0,159,-32.3082
37,0,155,-32.5677
26,0,152,-32.125
31,0,160,-32.5375
34,0,165,-32.9091
44,0,156,-32.2628
40,0,159,-32.3962
51,11,170,-31.8471
46,13,178,-32.2921
64,10,204,-31.848
63,35,196,-31.8673
53,14,176,-32.1932
58,12,175,-32.3086
61,10,169,-32.0414
42,6,163,-32.3313
54,11,184,-31.7391
48,15,199,-32.4623
43,16,125,-32.152
64,13,202,-32.1238
58,11,185,-31.9784
69,23,203,-32.0394
50,5,188,-32.4415
60,14,193,-32.114
54,11,199,-32.3467
41,16,93,-31.871
23,5,97,-32.5979
35,19,155,-32.5613
20,4,122,-32.1885
29,7,120,-32.5167
48,24,156,-32.391
39,23,99,-32.2222
67,31,182,-32.2308
30,0,184,-32.4565
73,33,183,-31.9781
60,21,197,-32
25,10,147,-31.7211
58,28,177,-32.2486
53,9,196,-32.0612
39,10,165,-32.2545
68,60,177,-32.0169
75,28,216,-31.7778
67,53,168,-31.9405
70,26,194,-32.1546
54,11,178,-32.1517
58,18,177,-31.6554
48,9,104,-31.8077
42,0,182,-32.4231
49,8,188,-32.117
51,20,136,-31.875
21,9,62,-32.129
35,15,149,-32.8658
29,8,157,-32.6752
40,27,142,-32.4225
32,13,129,-32.5039
20,11,91,-32.5165
21,0,119,-32.6891
21,4,144,-32.7083
56,0,202,-32.1683
37,0,190,-32.4316
43,0,205,-32.5561
46,0,185,-32.2919
62,0,180,-32.05
46,0,167,-32.024
49,0,172,-32.1105
57,0,193,-32.2176
32,0,190,-32.4421
22,0,178,-32.5787
41,0,212,-32.2877
42,0,193,-32.3782
49,0,196,-32.1837
39,0,139,-32.295
30,0,91,-32.6264
26,0,71,-32.4648
25,0,137,-32.5182
24,0,121,-32.3884
43,0,177,-32.1864
36,0,185,-32.6216
55,0,201,-32.5274
58,0,200,-32.275
48,0,183,-32.2896
46,0,198,-32.197
30,0,181,-32.5414
38,0,191,-32.445
59,0,198,-32.2879
67,0,186,-32.4301
31,0,178,-32.618
44,0,182,-32.6593
56,0,182,-31.9341
38,0,178,-32.1685
26,0,169,-32.3905
51,0,202,-32.0545
71,0,104,-31.4327
68,0,179,-32.1844
40,0,168,-32.5179
44,0,177,-32.6328
45,0,183,-32.5792
63,0,185,-32.2865
49,0,175,-31.8286
51,0,187,-32.0481
58,0,196,-32.1888
62,0,199,-32.2412
26,0,77,-32.039
62,0,180,-31.9889
44,0,184,-32.288
38,0,174,-32.2241
40,0,182,-32.0769
48,0,190,-31.8368
60,0,169,-31.7278
61,0,184,-31.7337
66,0,211,-32.5308
63,0,212,-32.2689
51,0,172,-32.2907
26,0,157,-32.3121
54,0,179,-32.3128
62,0,178,-32.3933
32,0,176,-32.4148
39,0,185,-32.6054
26,0,169,-32.5385
53,0,186,-32.3333
50,0,180,-31.7611
35,0,192,-32.651
47,0,202,-32.5297
52,0,171,-32.0643
56,0,171,-32.0468
48,0,193,-32.3679
27,0,168,-32.2143
45,0,101,-32.0792
48,0,186,-32.0215
45,0,171,-32.0702
57,0,194,-31.9794
45,0,188,-32.25
66,0,184,-31.8967
43,0,170,-32.2882
54,0,186,-32.2204
46,0,184,-32.5326
43,0,178,-32.2303
24,0,197,-32.4924
57,0,180,-32.3222
43,0,200,-32.455
41,0,171,-32.4561
52,0,203,-32.335
66,0,192,-31.9896
33,0,99,-32.1818
56,0,177,-31.9153
24,0,170,-32.8529
50,0,198,-32.0404
60,0,192,-32.2865
53,0,193,-32.0674
47,0,95,-31.7474
38,0,171,-32.2047
45,0,185,-32.5027
43,0,194,-32.5258
50,0,103,-31.1845
43,0,180,-32.2111
38,0,179,-32.3073
46,0,163,-32.5828
59,0,189,-32.4021
46,0,172,-32.2558
27,0,164,-32.1829
46,0,188,-32.0638
22,0,166,-32.1265
42,0,177,-32.2938
33,0,227,-32.6828
49,0,167,-31.988
49,0,186,-32.1935
71,0,193,-31.9534
42,0,176,-32.1705
38,0,177,-32.5706
71,0,194,-31.9381
59,0,187,-31.4439
58,0,195,-32.3333
32,0,161,-32.5652
37,0,189,-32.7037
52,0,179,-31.9106
36,0,172,-32.2326
58,0,152,-31.9868
22,0,211,-32.7299
56,0,178,-32.0787
29,0,76,-31.7368
45,0,179,-32.352
43,0,175,-32.3829
49,0,191,-32.3665
36,0,152,-32.1776
25,0,171,-32.5146
32,0,142,-32.3662
42,0,159,-32.2579
33,0,175,-32.4629
42,0,179,-32.2067
22,0,111,-32.3694
37,0,155,-32.471
29,0,143,-32.0769
25,0,168,-32.5774
22,0,126,-32.5159
25,0,127,-32.4409
35,0,150,-32.5667
23,0,189,-32.3386
51,0,178,-32.3933
41,0,164,-32.061
29,0,143,-32.6573
41,0,190,-32.3526
63,0,212,-32.1745
28,0,184,-32.6739
53,0,193,-32.1658
57,0,192,-32.2708
36,0,95,-31.8737
45,0,181,-32.5028
55,0,186,-32.1129
56,0,182,-32.2527
54,0,185,-31.9892
61,0,201,-32.2338
61,0,187,-32.5668
52,0,160,-32.0875
46,0,197,-32.4112
54,0,187,-32.0481
43,0,161,-32.4845
48,0,215,-32.5628
60,0,211,-32.09
47,0,90,-31.5556
49,0,192,-32.5
65,0,186,-32.1882
30,0,219,-32.4475
52,0,178,-32.4157
48,0,164,-32.2073
50,0,179,-32.1676
65,0,193,-32.2021
60,0,184,-32.125
41,0,184,-32.5815
44,0,183,-32.3497
24,0,164,-32.2256
43,0,181,-32.4641
40,0,183,-32.1475
41,0,193,-32.228
36,0,180,-32.4556
65,0,202,-31.8614
37,0,153,-32.3791
64,0,173,-32.2775
51,0,181,-32.3315
48,0,170,-32.1588
69,0,189,-32.0423
56,0,169,-32.4024
57,0,196,-32.2347
63,0,182,-32.1758
55,0,180,-32.3889
58,0,192,-31.9844
32,0,174,-32.523
45,0,103,-31.5631
40,0,180,-32.5
42,0,201,-32.4975
27,0,155,-32.5419
33,0,181,-32.4088
39,0,185,-32.627
44,0,177,-32.3616
53,0,101,-31.7228
49,0,190,-32.2316
32,0,182,-32.511
23,0,147,-32.966
41,0,192,-32.4219
49,0,181,-32.3923
35,0,159,-32.3145
32,0,173,-32.5029
27,0,142,-32.5634
56,0,172,-32.3198
34,0,180,-32.3556
60,0,172,-32.2151
63,0,203,-32.4089
48,0,197,-32.3046
42,0,193,-32.4197
35,0,196,-32.1939
29,0,160,-32.4312
61,0,178,-32.2247
41,0,173,-32.3699
64,0,172,-31.8953
57,0,175,-31.64
48,0,176,-32.2557
28,0,173,-32.3295
59,0,178,-32.1685
26,0,175,-32.4629
59,0,180,-32.1889
36,0,173,-32.2717
39,0,183,-31.9563
21,0,175,-32.7771
52,0,181,-32.4862
58,0,187,-32.0321
45,0,175,-32.2457
32,0,180,-32.6111
54,0,206,-32.2524
62,0,182,-32.1758
40,0,195,-32.4513
39,0,172,-32.1395
39,0,176,-32.3466
44,0,158,-32.1835
43,0,194,-32.5928
45,0,175,-32.4343
52,0,160,-31.7812
49,0,180,-32.1222
43,0,175,-32.4686
49,0,186,-32.2419
28,0,156,-32.1603
30,0,179,-32.3464
41,0,95,-31.9053
26,0,126,-32.254
25,0,145,-32.3586
24,0,145,-32.7931
34,0,89,-32.7528
25,0,152,-32.4803
28,0,151,-32.5563
29,0,150,-32.7
29,0,147,-32.483
38,0,163,-32.5951
30,0,162,-32.5
23,0,128,-32.3594
24,0,151,-32.7417
21,0,178,-32.6798
37,0,171,-32.7018
31,0,166,-32.6265
29,0,133,-32.4135
48,0,167,-32.0599
47,0,181,-32.4199
32,0,182,-32.544
58,0,193,-32.4404
37,0,239,-32.6025
71,0,208,-32.4375
60,0,167,-32.0898
48,0,166,-32.1807
24,0,170,-32.5
25,0,161,-32.8199
57,0,194,-32.3299
65,0,179,-32.648
32,0,91,-32.5714
34,0,189,-32.3386
58,0,183,-32.0437
64,0,184,-32.1685
25,0,169,-32.284
38,0,180,-32.4556
25,0,134,-32.2239
29,0,157,-32.6178
27,0,154,-32.4545
37,0,141,-32.4397
24,0,152,-32.625
20,0,145,-32.8759
21,0,87,-32.2299
26,0,170,-32.4412
30,0,156,-32.6859
27,0,150,-32.48
33,0,159,-31.9686
40,0,207,-32.3333
65,0,194,-32.299
41,0,183,-32.3607
48,0,99,-31.596
48,0,210,-32.5095
42,0,171,-32.3158
32,0,175,-32.4686
42,0,168,-32.3214
37,0,189,-32.3386
38,0,195,-32.241
64,0,182,-32.4011
42,0,179,-32.2067
51,0,177,-32.4124
58,0,202,-32.1584
58,0,145,-31.8207
46,0,190,-32.2211
35,0,189,-32.4021
25,0,168,-32.1548
48,0,207,-32.4155
54,0,206,-32.0631
47,0,179,-32.2737
56,0,179,-32.2011
38,0,131,-32.6794
51,0,164,-32.4024
32,0,83,-32.3735
69,0,193,-32.0674
22,0,182,-32.6429
33,0,172,-32.407
52,0,197,-32.1117
43,0,170,-31.8882
60,0,194,-32.1082
42,0,177,-32.1921
44,0,106,-31.7075
46,0,187,-32.2193
45,0,177,-32.4463
40,0,186,-32.3548
63,0,190,-32.0263
53,0,160,-32.2563
57,0,193,-32.2124
43,0,190,-32.3474
58,0,178,-32.2303
60,0,100,-32
44,0,179,-32.2682
32,0,187,-32.246
29,0,171,-32.1228
21,0,122,-32.9098
27,0,99,-32.3232
24,0,134,-32.6045
23,0,162,-32.4198
22,0,119,-32.395
45,0,192,-32.3542
47,0,173,-32.2486
62,0,182,-31.989
66,0,178,-32.2191
42,0,171,-31.9942
35,0,172,-32.3895
52,0,201,-32.0597
51,0,193,-32.2642
56,0,190,-32.4842
44,0,207,-32.599
54,0,218,-32.0872
64,0,188,-32.3457
39,0,172,-32.5523
34,0,118,-32.0593
60,0,173,-32.0289
64,0,190,-32.2684
45,0,170,-32.0412
43,0,179,-31.933
42,0,87,-32.1264
32,0,182,-32.044
57,0,189,-32.127
44,0,206,-32.4563
37,0,188,-32.5053
54,0,192,-32.0312
36,0,186,-32.2742
37,0,189,-32.3386
38,0,158,-32.2658
39,1,197,-32.3299
26,0,171,-32.538
36,0,183,-32.1694
52,0,182,-32.0385
50,0,96,-31.9375
37,3,179,-32.3575
49,0,204,-32.4363
35,0,91,-32.4396
39,0,184,-32.1304
52,0,169,-32.4734
37,0,200,-32.385
63,0,178,-32.427
61,0,175,-32.04
34,0,181,-32.105
39,0,181,-32.0994
22,0,162,-32.642
26,0,180,-32.4722
38,0,178,-32.2135
24,0,162,-32.4691
31,0,86,-31.9535
44,0,196,-32.3214
23,0,88,-32.3295
28,0,160,-32.5
41,0,178,-32.3989
20,0,153,-32.4771
30,0,146,-32.5411
24,0,140,-32.5786
46,0,202,-32.604
36,0,149,-32.2081
21,0,149,-32.7315
27,0,180,-32.7556
28,4,191,-32.5969
48,0,176,-32.0909
37,0,180,-32.3167
42,0,195,-32.0359
21,17,197,-32.6853
64,0,197,-32.0914
33,0,183,-32.082
27,5,170,-32.4647
42,0,172,-32.5
64,0,196,-32.3673
29,0,170,-31.9765
22,0,222,-32.5045
50,0,184,-32.288
20,0,164,-32.7073
50,0,169,-31.9053
69,0,208,-32.3846
35,0,191,-32.288
63,0,143,-32.2238
48,0,176,-32.0568
41,0,186,-32.3065
23,0,176,-31.9886
34,0,207,-32.4928
51,0,171,-32.1287
55,0,197,-32.1015
45,0,186,-32.3118
47,0,154,-32.4675
52,0,186,-32.3172
60,0,155,-31.4581
41,0,202,-32.6634
46,0,188,-32.1809
36,0,183,-32.612
57,0,172,-32.0756
51,0,177,-32.2881
55,0,182,-32.011
70,0,199,-31.9196
31,0,157,-32.2803
52,0,188,-32.2447
50,0,179,-32.514
41,0,187,-32.508
68,0,195,-32.3487
45,0,194,-32.3093
39,0,163,-32.1472
27,0,167,-32.5329
46,0,183,-32.2787
47,0,178,-32.6629
34,0,181,-32.1713
46,0,180,-31.9889
31,0,204,-32.5049
57,0,166,-31.9157
38,0,162,-32.3272
40,0,194,-32.2732
54,0,177,-32.0565
41,0,203,-32.4581
56,0,165,-31.7939
64,0,200,-32.06
50,0,206,-32.2621
40,0,173,-32.4798
54,0,171,-32.2047
53,0,202,-32.4505
36,0,199,-32.2513
56,0,189,-32.0847
38,0,183,-32.1858
47,0,177,-32.0791
34,0,60,-31.3333
23,0,145,-32.4483
22,0,166,-32.4096
22,0,177,-32.3729
22,0,168,-32.7619
22,0,136,-32.3603
40,0,79,-32.0253
23,0,108,-32.5648
20,0,177,-32.5819
47,10,176,-32.2841
42,19,191,-32.6492
65,60,83,-32.012
69,36,178,-32.3427
78,46,194,-31.9227
69,45,99,-31.7475
78,59,175,-31.9314
78,51,187,-31.9091
38,8,192,-32.625
53,23,173,-32.289
51,20,227,-32.4229
47,11,196,-32.2347
75,42,196,-31.8112
66,35,179,-32
79,45,205,-32.0195
20,0,173,-32.8728
74,51,168,-32.0774
61,42,170,-32.5353
71,35,204,-32.1814
64,26,162,-32.1667
74,45,175,-32
62,32,191,-31.9005
73,45,183,-31.8525
82,60,185,-32
26,20,173,-32.7514
64,25,187,-32.4171
47,29,106,-32.5755
84,51,177,-31.5932
79,60,176,-31.8807
75,51,179,-31.9218
64,29,174,-32.1609
72,53,180,-31.8944
73,46,188,-32.1223
65,29,196,-31.5663
38,5,106,-32.0755
53,17,209,-32.7273
72,49,167,-32.2395
54,22,185,-32.2324
75,49,193,-31.6425
64,35,184,-31.9728
79,60,170,-32.0235
70,60,204,-32.3431
63,34,175,-31.9086
77,60,187,-32.0535
51,30,175,-32.12
74,59,172,-31.4302
51,30,192,-32.5052
73,54,170,-31.4176
62,35,165,-32.2061
70,46,190,-31.6421
63,37,198,-32.2525
67,34,196,-32.0765
77,41,202,-32.1386
55,13,179,-32.0726
37,12,221,-32.1946
68,46,204,-32.2647
64,37,209,-32
60,29,192,-31.9792
69,34,199,-32.0201
57,30,178,-32.2416
70,52,182,-31.9945
63,38,181,-31.895
72,44,193,-32.2953
47,19,159,-32.2704
74,57,182,-32.2857
60,30,186,-32.129
61,36,182,-31.978
54,20,186,-31.9462
78,54,190,-31.8579
58,41,192,-32.3125
50,23,181,-32.3923
57,22,191,-32.0209
50,19,184,-32.0924
20,2,163,-32.4356
56,24,201,-32.3035
46,11,160,-32.7687
58,26,169,-32.0296
39,1,204,-32.1471
62,38,194,-31.8969
49,14,184,-31.75
67,29,181,-31.7624
84,60,184,-31.8859
53,21,176,-32.233
35,13,190,-32.4
47,19,171,-32.386
55,24,192,-32.3906
58,31,152,-32.0724
47,18,181,-32.1271
55,22,191,-32.3246
62,40,183,-32.0437
67,48,198,-31.7727
51,25,189,-32.0317
42,10,182,-32.4341
57,27,189,-32.2487
52,12,199,-32.4623
39,26,181,-32.1547
25,5,181,-32.8619
50,49,160,-32.0063
27,12,163,-32.4785
40,21,153,-32.2222
37,24,167,-32.7964
41,30,150,-32.7133
20,11,174,-32.7414
39,0,233,-32.1416
75,0,194,-32.0103
47,0,177,-32.322
56,0,190,-32.3053
37,0,158,-32.6203
61,0,191,-32.2565
49,0,201,-32.2985
77,0,190,-32
56,0,197,-32.4975
40,0,174,-32.3851
73,0,213,-31.9108
28,0,100,-32.25
58,0,183,-32
51,0,171,-32.117
78,0,180,-32.0611
78,0,136,-32.1471
66,0,184,-32.1033
69,0,190,-32.0105
52,0,192,-32.3073
44,0,203,-32.1576
53,0,176,-32.2955
62,0,200,-31.745
71,0,175,-32.1314
49,0,185,-32.4595
34,0,152,-32.5526
37,0,80,-32.2875
64,0,186,-32.2151
53,0,197,-32.1371
54,0,183,-32.1038
74,0,189,-31.8307
47,0,207,-32.0676
74,0,185,-31.8162
64,0,206,-32.068
66,0,170,-32.3765
70,0,203,-32.0049
35,4,182,-32.1813
63,0,99,-31.3838
53,0,167,-32.2096
38,0,151,-32.2914
37,0,205,-32.2634
37,0,165,-32.3455
59,0,188,-31.7234
33,0,198,-32.0758
51,0,183,-31.9891
68,0,183,-31.9672
49,0,186,-32.2366
65,0,186,-31.8387
74,0,186,-32.1075
22,0,164,-32.811
48,0,178,-32.2697
67,0,175,-32.4171
60,0,196,-32.5306
61,0,191,-32
46,0,188,-32.4309
36,0,171,-32.4795
56,0,184,-32.2391
73,0,198,-32.0657
55,0,192,-32.3646
57,0,206,-32.3252
50,0,182,-32.3736
73,0,183,-32.0601
71,0,170,-31.9118
82,0,192,-31.6979
45,0,185,-32.4486
48,0,100,-32.13
22,1,146,-32.4932
30,0,150,-32.3667
44,0,92,-31.7065
72,0,193,-32.0725
31,0,169,-32.3018
51,0,158,-32.4241
23,0,143,-32.5874
51,0,168,-32.4464
26,2,61,-31.8361
36,0,109,-31.844
28,0,156,-32.5705
26,0,279,-32.7133
26,5,146,-32.774
24,0,83,-32.5663
20,0,83,-32.747
26,0,153,-32.3333
36,0,92,-32.5652
30,0,154,-32.4026
27,0,90,-32.0111
27,0,130,-32.5692
37,0,157,-32.051
44,0,148,-32.3919
24,0,135,-32.6593
28,0,159,-32.2453
21,0,151,-32.5497
39,0,164,-32.0976
56,0,189,-32.4868
63,0,189,-32.381
23,0,219,-32.7215
56,0,204,-31.8824
67,0,194,-31.8866
61,0,188,-32.0106
54,0,194,-32.2577
20,0,180,-32.4556
46,0,200,-32.485
56,0,179,-32.3073
40,0,176,-32.608
45,0,194,-32.1031
48,0,173,-32.5202
66,0,198,-32.1465
45,0,181,-32.0221
51,0,132,-32.2955
45,0,148,-32.3446
36,0,156,-32.3782
47,0,168,-32.619
41,0,159,-32.6352
41,0,151,-32.2517
21,0,145,-32.6759
26,0,151,-32.4238
23,0,145,-32.7931
30,0,204,-32.6127
26,0,85,-32.5647
26,0,147,-32.3605
29,0,203,-32.3596
47,0,176,-32.1648
65,0,194,-32.0412
73,0,199,-31.6533
62,0,206,-32.4272
36,0,113,-32.3805
55,0,183,-31.6557
71,0,178,-31.7584
72,0,175,-31.7371
59,0,204,-32.3922
48,0,192,-32.1875
53,0,117,-32.094
48,0,188,-32.1702
60,0,211,-31.8389
43,0,211,-32.0521
69,0,182,-31.8846
51,0,182,-32.5165
57,0,200,-32.235
80,0,220,-31.6818
31,0,171,-32.4152
54,0,177,-32.0169
62,0,186,-31.7849
46,0,171,-32.2456
53,0,169,-32.1065
56,0,175,-32.24
36,0,191,-32.3665
64,0,173,-32.237
60,0,178,-32.0674
54,0,198,-32.3636
59,0,201,-31.7164
66,0,180,-32.2611
42,0,187,-32.2086
31,0,167,-32.2096
66,0,173,-31.6012
63,0,188,-32.2128
57,0,179,-32.095
34,0,206,-32.5049
57,0,190,-32.1632
77,0,186,-31.8925
50,0,180,-32.1222
57,0,190,-32.1211
48,0,185,-32.4432
53,0,200,-31.88
65,0,179,-31.7486
50,0,109,-31.5596
69,0,191,-32
75,0,188,-31.9521
51,0,186,-32.0806
50,0,189,-31.8995
40,0,186,-32.2312
58,0,191,-32.2408
55,0,170,-31.9294
65,0,196,-32.148
55,0,211,-31.7915
56,0,195,-32.0974
60,0,199,-32.3065
55,0,194,-32.2216
64,0,175,-32.1543
49,0,177,-32.113
50,0,178,-32.2416
41,0,171,-31.7602
75,0,183,-32.0656
49,0,169,-31.9586
56,0,192,-32.2552
51,0,199,-32.4121
57,0,193,-31.7927
46,0,219,-32.0457
38,0,102,-32.2353
68,0,180,-32.1389
53,0,182,-31.7418
45,0,191,-32.4084
58,0,187,-31.9519
66,0,197,-32.2843
59,0,191,-31.9005
63,0,178,-31.9382
36,0,186,-32.0269
66,0,193,-31.8083
49,0,203,-31.867
65,0,190,-31.6421
54,0,184,-32.2011
41,0,153,-32.5229
38,0,160,-32.3438
39,0,102,-32.2157
33,0,176,-31.9432
40,0,111,-31.973
54,0,164,-32.5976
60,0,203,-32.4039
24,0,193,-32.7617
30,0,156,-32.391
41,0,173,-32.3815
30,0,149,-32.745
34,0,151,-32.3907
79,0,191,-31.7225
71,0,210,-31.919
67,0,197,-32.2538
70,0,185,-31.9568
38,0,169,-32.6568
52,0,207,-32.1594
58,0,188,-32.3936
59,0,177,-31.9209
30,0,165,-32.4121
31,0,143,-32.7273
27,0,192,-32.526
23,0,135,-32.6519
33,0,130,-32.4769
30,0,154,-32.1429
37,0,216,-32.5324
29,0,185,-32.2486
31,0,141,-31.8865
37,0,112,-32.4643
66,0,194,-31.701
54,0,121,-31.9587
64,0,172,-32.1163
72,0,199,-32.0402
34,0,203,-32.5665
74,0,181,-31.6243
61,0,202,-31.7772
68,0,188,-32.0851
84,0,177,-31.7345
62,0,185,-31.7784
29,0,170,-32.1706
62,0,195,-32.2872
79,0,194,-32.0155
60,0,184,-32.1413
81,0,195,-31.8974
69,0,196,-32.0612
58,0,198,-32.0707
71,0,215,-32.1721
35,0,111,-31.5135
70,0,181,-31.7845
50,0,191,-32.199
69,0,171,-31.8012
84,0,188,-31.7606
51,0,179,-32.4581
76,0,186,-32.0806
67,0,171,-31.8012
65,0,193,-31.9948
75,0,189,-32.0106
83,0,172,-32.1977
74,0,176,-31.9034
60,0,177,-32.1469
82,0,208,-32.0673
74,0,205,-31.639
47,0,190,-31.8158
68,0,175,-31.8171
87,0,194,-31.6082
69,0,187,-31.877
64,0,107,-31.8505
69,0,185,-31.8865
78,0,190,-32.0684
51,0,176,-32.4375
71,0,191,-32.2618
79,0,179,-31.933
65,0,190,-32.1158
52,0,189,-32.5926
30,0,195,-32.0718
72,0,194,-32.0309
63,0,191,-32.0209
54,0,178,-31.5562
32,0,195,-32.559
77,0,184,-32.125
68,0,187,-31.5775
39,0,62,-31.6452
34,0,158,-32.1203
69,0,191,-31.7749
86,0,191,-31.9738
61,0,207,-32.1884
43,0,204,-32.2549
45,0,188,-32.0479
77,0,206,-32.0777
44,0,197,-32.3858
47,0,193,-32.3575
38,0,96,-32.0521
84,0,172,-31.8721
67,0,177,-31.6384
69,0,195,-31.8821
58,0,194,-31.3969
80,0,200,-31.82
65,0,183,-31.7596
61,0,167,-31.994
76,0,206,-32.1262
76,0,169,-32.0178
66,0,187,-32.0535
63,0,181,-32.011
79,0,189,-31.7884
34,0,172,-32
66,0,176,-32.0909
55,0,198,-32.3535
74,0,190,-32.0895
72,0,191,-31.8115
60,0,196,-31.9745
77,0,195,-32.0615
71,0,187,-32.2193
37,0,168,-32.3512
67,0,181,-31.9282
70,0,188,-31.9255
37,0,102,-31.9706
22,0,48,-30.5625
56,0,91,-31.8571
45,0,157,-32.2038
33,0,144,-32.3819
36,0,147,-32.2517
36,0,155,-32.2452
45,0,142,-32.1338
47,0,101,-31.3762
29,0,164,-32.4451
38,0,89,-31.4045
21,0,52,-32.4615
33,0,161,-31.8012
26,0,175,-32.5657
29,0,79,-32.1899
50,0,108,-32.1204
27,0,146,-32.5
33,0,152,-32.2368
32,0,152,-32.4211
34,0,153,-32.3922
21,0,125,-32.504
45,0,159,-32.1132
23,0,161,-32.0311
29,0,113,-31.9823
30,0,157,-32.1656
34,0,64,-32.2969
77,0,185,-31.6595
79,0,200,-31.865
74,0,192,-31.7656
61,0,108,-31.9907
49,0,72,-32.375
69,0,188,-31.8138
40,0,191,-32.3246
53,0,181,-31.7901
73,0,201,-32.1692
44,0,173,-32.3237
78,0,176,-31.8636
60,0,203,-32.3005
81,0,185,-31.8973
74,0,179,-31.7877
75,0,189,-32.1746
79,0,201,-31.995
58,0,185,-32.027
51,0,190,-32.2211
77,0,195,-32.2256
79,0,169,-31.8225
49,0,182,-32.0604
66,0,182,-31.7857
23,0,162,-32.1358
56,0,177,-32.113
40,0,171,-32.3918
48,0,173,-32.6069
61,0,168,-32.006
54,0,185,-32.0595
61,0,189,-31.7143
54,0,200,-32.315
63,0,209,-32.0383
62,0,175,-32.04
46,0,190,-31.9947
58,0,186,-31.8226
50,0,200,-32.135
52,0,190,-32.1632
67,0,196,-32.2143
66,0,177,-31.9266
57,0,182,-31.9286
72,0,196,-32.2194
53,0,178,-32.3876
62,0,178,-32.1517
71,0,172,-31.5756
77,0,190,-32.3
70,0,188,-31.7606
64,0,182,-32.2527
66,0,183,-31.8907
47,0,193,-32.5544
60,0,107,-32.3832
75,0,190,-32.1158
72,0,166,-32.1084
49,0,170,-32.2765
71,0,190,-31.8842
73,0,182,-31.8407
73,0,197,-32.1675
40,0,184,-32.1902
62,0,188,-32.25
22,0,59,-32.8814
68,0,193,-32.0207
44,0,107,-31.7196
63,0,214,-32.0654
21,0,63,-32.0159
58,0,201,-32.1493
75,0,181,-31.7182
74,0,186,-32.1129
67,0,190,-32.2105
83,0,202,-31.8564
56,0,177,-32.226
77,0,174,-31.4655
76,0,194,-32.4021
68,0,178,-32.2079
76,0,185,-31.9297
70,0,206,-31.8252
37,0,208,-32.5577
34,0,179,-32.2682
30,0,65,-32.2
58,0,181,-32.105
72,0,189,-31.6032
69,0,165,-32
78,0,182,-32.0495
45,0,177,-32.1921
77,0,120,-31.3667
44,0,167,-32.006
41,0,209,-32.3397
63,0,194,-32.0619
71,0,198,-32.0707
74,0,188,-31.984
47,0,182,-32.2527
49,0,162,-32.3148
63,0,202,-32.1584
25,0,163,-32.6687
57,0,190,-31.8842
33,0,96,-31.9792
56,0,189,-32.127
64,0,175,-31.8743
42,0,112,-32.0179
42,0,187,-32.5615
34,0,88,-32
51,0,112,-32.125
45,0,114,-31.9474
22,0,153,-32.6928
40,0,98,-32.0408
29,0,164,-32.5183
25,0,111,-32.0991
29,0,150,-32.0067
34,0,110,-32.1182
33,0,83,-31.9157
24,0,106,-32.3962
36,0,119,-31.958
28,0,167,-32.6048
29,0,153,-32.6209
35,0,104,-32.0385
37,0,164,-32.7683
28,0,143,-32.6434
40,0,94,-31.7234
28,0,154,-31.961
39,0,153,-32.2157
38,0,160,-32.4937
49,0,85,-32.0706
22,0,56,-31.9643
32,0,106,-31.9528
37,0,142,-32.6268
27,0,170,-32.5059
28,0,68,-32.0147
25,0,94,-32.7128
41,0,187,-32.5775
25,0,94,-32.5745
26,0,57,-31.6667
22,0,143,-32.6154
59,0,155,-31.8323
20,0,143,-32.3706
22,0,185,-32.4
29,0,136,-32.0147
33,0,231,-32.2294
70,0,204,-32.1863
82,0,184,-32.1196
75,0,191,-31.6021
49,0,216,-32.6759
41,0,192,-32.1875
65,0,187,-32.0802
84,0,161,-31.3665
68,0,200,-32.3
82,0,179,-31.8101
24,0,98,-32.1327
82,0,197,-31.8223
74,0,188,-31.8723
70,0,210,-31.8524
79,0,202,-32.0396
65,0,210,-31.8238
70,0,190,-31.7789
66,0,183,-31.9454
72,0,184,-31.9783
79,0,187,-32.0695
69,0,180,-32.1111
66,0,185,-31.9676
72,0,170,-31.5647
71,0,204,-31.8971
68,0,178,-31.8596
77,0,176,-31.9432
66,0,194,-31.6237
69,0,197,-32.0863
85,0,182,-31.8791
20,0,70,-31.7571
68,0,176,-31.7273
70,0,187,-31.9572
59,0,166,-32.1084
68,0,186,-31.5645
55,0,202,-31.9307
59,0,199,-31.9799
29,0,76,-32.1447
68,0,201,-32.0149
59,0,188,-31.5372
53,0,171,-31.8421
69,0,190,-31.7842
31,0,172,-32.2791
68,0,202,-32.1931
61,0,177,-31.887
55,0,187,-32.3048
76,0,192,-32.3021
70,0,193,-32.2228
31,0,215,-32.5116
82,0,175,-32.2686
67,0,178,-32.2135
80,0,192,-31.8281
77,0,185,-32
78,0,180,-31.4889
67,0,227,-32.0881
75,0,98,-31
56,0,100,-31.48
75,0,206,-31.9369
52,0,181,-32.1215
46,0,186,-32.2151
67,0,185,-32.0649
54,0,165,-32.3333
46,0,163,-32.589
28,0,65,-31.2769
53,0,82,-31.5
44,0,109,-31.633
51,0,85,-31.3529
66,0,189,-31.4286
85,0,186,-32.0323
73,0,187,-31.7166
76,0,193,-31.9741
57,0,163,-31.8712
31,0,203,-32.5271
65,0,196,-32.3112
32,0,62,-31.6129
67,0,198,-31.9242
59,0,194,-32.4639
55,0,180,-32.1
65,0,189,-31.7672
62,0,192,-32.1875
65,0,213,-31.9155
67,0,194,-32.0722
73,0,194,-32.0412
65,0,189,-31.7884
47,0,183,-31.9836
35,0,204,-32.7157
79,0,188,-31.9043
48,0,232,-32.1207
51,0,172,-32.6512
30,0,150,-32.32
69,0,198,-32.0606
74,0,199,-31.7789
29,0,57,-31.6491
55,0,207,-31.9758
80,0,177,-31.6836
28,0,174,-32.5
22,0,177,-32.2655
51,0,190,-32.1895
44,0,178,-32.3596
39,0,103,-32.1553
54,0,209,-32.2392
45,0,104,-31.9712
40,0,222,-32.4099
26,0,149,-32.4161
39,0,151,-32.4437
51,0,190,-32.1
35,0,90,-32.2778
28,0,162,-32.2901
38,0,160,-32.3438
21,0,56,-32.3571
22,0,134,-32.6866
33,0,151,-32.5762
36,0,151,-32.1722
22,0,146,-32.5959
46,0,155,-32.3032
28,0,93,-32.7204
37,0,146,-32.3562
34,0,147,-32.0408
33,0,144,-32.7153
31,0,83,-32.4337
26,0,144,-32.4028
29,0,127,-32.315
47,0,99,-31.8586
20,0,123,-32.6667
25,0,159,-32.6918
34,0,157,-32.465
22,0,114,-32.4561
24,0,105,-32.4762
21,0,141,-32.7376
34,0,68,-32.1765
81,0,202,-32.3366
53,0,183,-32.0656
69,0,206,-32.1214
63,0,199,-31.8543
64,0,193,-32.2073
41,0,201,-32.3483
86,0,205,-31.6878
55,0,197,-31.9086
68,0,198,-31.8232
81,0,202,-31.9604
66,0,183,-32.0164
80,0,107,-31.5607
64,0,184,-31.8152
66,0,179,-31.9218
50,0,178,-32.4382
53,0,188,-31.7872
66,0,194,-31.9175
77,0,185,-31.7838
76,0,177,-31.8362
66,0,194,-31.9124
65,0,189,-32.0212
64,0,92,-31.1304
54,0,209,-32.2967
68,0,199,-32.2915
32,0,167,-32.4132
36,0,201,-32.7761
60,0,200,-31.985
86,0,171,-31.924
71,0,193,-32.1503
77,0,173,-31.8555
60,0,181,-32.4972
75,0,181,-31.8011
59,0,169,-31.8994
71,0,175,-32.4571
77,0,190,-31.9
58,0,187,-32.2995
70,0,175,-32.0343
70,0,163,-32.1595
62,0,202,-32.2822
63,0,172,-31.8488
72,0,122,-31.4508
64,0,207,-31.7295
31,0,163,-32.5767
28,0,196,-32.6786
66,0,203,-32.0788
66,0,168,-31.6548
66,0,192,-32.1302
33,0,176,-32.4773
56,0,197,-32.3959
78,0,188,-31.9681
60,0,102,-31.4314
84,0,192,-31.8177
50,0,216,-32.0185
76,0,184,-32.163
74,0,172,-32.4709
58,0,191,-32.0524
62,0,178,-32.0112
79,0,198,-31.8838
80,0,178,-31.7753
34,0,201,-32.2587
53,0,203,-32.1232
59,0,200,-32.075
65,0,215,-32.2605
53,0,196,-31.801
41,0,177,-32.3898
65,0,196,-32.2398
55,0,190,-32.2368
66,0,189,-31.9894
48,0,170,-32.3765
82,0,202,-31.8911
44,0,123,-32.0488
62,0,170,-32.1706
45,0,165,-32.3091
24,0,65,-31.8
59,0,145,-31.8483
24,0,74,-32.2432
76,0,197,-31.9594
58,0,184,-31.8043
32,0,69,-32.0435
73,0,196,-31.9184
46,0,168,-31.9583
50,0,181,-31.8232
54,0,199,-32.0302
67,0,198,-32.2778
81,0,204,-31.951
69,0,191,-31.9738
68,0,185,-31.8865
73,0,195,-31.9282
23,0,89,-32.5506
22,0,98,-32.0306
70,0,200,-31.975
31,0,178,-32.2247
38,0,185,-32.5892
73,0,187,-31.7861
30,0,179,-32.1676
67,0,178,-32.1742
33,0,188,-32.516
74,0,168,-31.6548
66,0,174,-32.1207
38,0,209,-32.5072
64,0,200,-31.945
61,0,173,-31.7283
66,0,183,-31.9617
70,0,181,-31.8011
68,0,183,-31.7049
67,0,177,-32.1751
65,0,180,-32.3889
52,0,64,-31.5312
32,0,156,-32.1731
70,0,185,-31.6811
64,0,172,-31.6221
43,0,170,-32.4588
61,0,186,-32.0108
77,0,174,-32.2759
72,0,182,-31.8901
34,0,110,-32.5091
24,0,99,-32.0303
58,0,177,-31.6836
53,0,163,-32.2638
40,0,154,-32.0779
45,0,70,-32
44,0,94,-32.0319
47,0,102,-32.3627
40,0,144,-32.25
43,0,88,-32.1136
34,0,137,-32.4161
61,0,194,-32.1082
42,0,97,-31.701
24,0,148,-32.2432
43,0,146,-32.4452
36,0,166,-32.5542
53,0,173,-31.8844
40,0,152,-32.0197
20,0,146,-32.3699
21,0,138,-32.5507
25,0,147,-32.5442
23,0,139,-32.3381
26,0,142,-32.0704
23,0,147,-32.4082
21,0,77,-32.9351
26,0,176,-32.642
82,60,281,-32.1103
35,2,188,-32.6543
82,60,161,-31.354
68,24,181,-32.116
86,60,195,-31.8974
79,34,219,-32.0411
83,53,188,-31.8989
50,15,103,-31.4563
68,56,183,-31.623
82,60,174,-31.8391
70,33,177,-32.1808
49,11,180,-32.3667
77,41,191,-31.6283
77,33,186,-31.8441
62,38,169,-32.3314
86,60,176,-31.5398
68,39,198,-31.6364
65,37,189,-31.7831
79,60,181,-31.7403
60,41,176,-32.3807
84,60,184,-32.038
81,32,198,-31.7222
73,60,195,-32.2872
78,58,194,-32.2835
47,27,217,-32.3687
62,49,194,-32.3711
57,24,153,-32.183
31,0,188,-32.6862
59,0,190,-32.0842
51,0,188,-32.5957
62,0,184,-32.1685
29,0,130,-32.8923
30,0,123,-32.6829
22,0,119,-32.6807
37,0,124,-32.2016
29,0,123,-32.4309
78,0,203,-32.2414
60,0,106,-31.9528
72,0,210,-31.9048
64,0,201,-32.1692
74,0,197,-31.9746
35,0,346,-32.6705
76,0,198,-32.3788
78,0,202,-32.0297
71,0,184,-31.7228
44,0,177,-32.5989
71,0,216,-32.1944
62,0,166,-32.1687
76,0,202,-32.2525
76,0,200,-31.885
74,0,188,-32.1649
40,0,181,-32.2762
68,0,187,-32.2139
80,0,188,-32.0106
68,0,185,-32.0757
61,0,200,-32.105
80,0,190,-32.2368
63,0,184,-31.9293
58,0,202,-32.0248
44,0,189,-32.1799
42,0,181,-32.4586
77,0,191,-31.9948
71,0,209,-32.2105
73,0,214,-31.8224
59,0,174,-31.7759
58,0,173,-32.1618
56,0,176,-32.1932
68,0,176,-31.8466
47,0,195,-31.8821
81,0,192,-32.1302
79,0,202,-32.0347
84,0,201,-32.4378
49,0,182,-32.5275
54,0,183,-32.2186
74,0,190,-32.2684
49,0,191,-32.288
66,0,212,-32.3585
48,0,180,-32.3944
42,0,183,-32.3443
57,0,172,-32.5291
70,0,191,-31.8115
33,0,189,-32.291
59,0,181,-32.5525
72,0,183,-31.9016
68,0,157,-31.9682
58,0,172,-32.3605
44,0,171,-32.2749
71,0,183,-32.0219
34,0,202,-32.7921
75,0,183,-32.2896
71,0,185,-32.0865
61,0,171,-32.4503
39,6,118,-32.5847
65,0,190,-32.2737
70,0,189,-32.0847
80,0,200,-32.025
77,0,189,-32.1958
69,0,190,-32.1947
27,0,178,-32.1404
62,0,205,-31.7463
58,0,181,-32.2376
47,0,176,-32.233
62,0,154,-31.9805
58,0,116,-31.5776
68,0,188,-32.3085
59,0,192,-32.1354
80,0,186,-32.2849
55,0,187,-32.4118
72,0,190,-32.0158
65,0,196,-31.949
70,0,165,-31.9879
52,0,197,-32.2234
49,0,190,-32.3263
65,0,181,-31.7017
33,0,186,-32.6505
55,0,183,-32.3005
62,0,177,-31.9661
65,0,135,-31.8593
66,0,202,-32.4604
62,0,195,-32.2974
52,0,183,-32.3333
52,0,266,-32.2331
81,0,201,-32.1393
69,0,175,-32.0343
65,0,188,-32.2872
60,0,172,-31.9942
60,0,164,-32.1341
67,0,194,-32.3505
59,0,170,-32.3353
45,0,174,-32.5345
77,0,178,-32.1404
50,0,198,-32.202
51,0,163,-32.0368
69,0,184,-32.3098
69,0,182,-31.9176
49,0,183,-32.5902
52,0,190,-32.1579
49,0,184,-32.3587
33,0,88,-31.9659
40,0,96,-32.5729
68,0,182,-31.8681
70,0,196,-32.3214
66,0,190,-31.9474
56,0,203,-32.1921
58,0,183,-32.306
52,0,189,-31.8889
76,0,187,-32.0214
61,0,185,-32.2432
61,0,191,-31.8743
57,0,193,-32.3782
53,0,215,-32.2698
58,0,177,-32.1356
78,0,204,-31.7843
29,0,168,-32.5
64,0,189,-32.0635
73,0,208,-32.149
49,0,162,-31.9877
58,0,200,-32.305
74,0,178,-32.191
41,0,175,-32.44
60,0,185,-32.1351
51,0,171,-32.3801
55,0,184,-32.3804
48,0,160,-31.8125
60,0,188,-32.0479
50,0,181,-32.1878
53,0,191,-32.0366
51,0,187,-32.1818
75,0,195,-32.3949
56,0,171,-32.4035
54,0,187,-32.4599
85,0,182,-32.2363
40,0,97,-32.6082
70,0,200,-32.115
52,0,166,-32.2169
50,0,172,-32.314
60,0,177,-32.2429
67,0,172,-32.1919
64,0,180,-31.8833
56,0,188,-31.9628
47,0,179,-32.5866
70,0,175,-32.2114
35,0,184,-32.3043
60,0,346,-32.1705
58,0,193,-32.3212
67,0,194,-32.1856
68,0,194,-32.4381
42,0,186,-32.5
64,0,169,-32.2189
65,0,188,-32.0266
45,0,185,-31.7351
55,0,182,-32.0824
54,0,196,-32.3827
47,0,202,-32.1089
59,0,183,-32.2568
31,0,178,-32.3034
54,0,190,-32.2737
82,0,191,-32.1309
20,1,154,-32.6623
61,0,208,-31.9808
28,0,170,-32.7
34,0,156,-32.8333
26,0,143,-32.5524
20,0,108,-32.3796
51,0,165,-32.5152
60,0,196,-32.2449
65,0,206,-32.4903
52,0,186,-32.0968
29,0,169,-32.3846
82,0,166,-32.0422
77,0,184,-32.1685
60,0,190,-32.0579
54,0,191,-31.9267
78,0,174,-32.069
64,0,114,-31.3947
72,0,206,-32.5291
79,0,187,-32.1979
39,0,189,-32.3651
29,1,188,-32.4309
60,0,175,-32.1143
49,0,182,-32.044
46,0,177,-32.3503
56,0,196,-32.2857
38,0,165,-32.0303
57,0,178,-32.7865
62,0,191,-31.7644
61,0,187,-31.9893
65,0,202,-32.104
64,0,193,-32.0933
58,0,200,-31.75
60,0,186,-31.6882
72,0,187,-31.6738
70,0,207,-32.1691
66,0,181,-32.0331
73,0,176,-32.1591
69,0,198,-31.8939
41,0,181,-32.337
63,0,182,-31.9615
69,0,185,-32.4865
68,0,209,-31.8182
67,0,204,-32.0735
67,0,199,-32.2764
25,0,170,-32.5765
61,0,196,-31.949
69,0,197,-32.1218
73,0,202,-32.1931
58,0,201,-32.0945
64,0,195,-32.2718
61,0,175,-31.9314
58,0,176,-32.2102
65,0,171,-32.0643
56,0,197,-32.2234
56,0,176,-32.3409
71,0,203,-32.335
75,0,182,-32.0495
69,0,180,-32.1611
78,0,176,-31.608
62,0,200,-32.08
58,0,201,-32.2786
66,0,199,-32.1558
34,0,188,-32.5745
54,0,198,-32.303
65,0,195,-32.0615
36,0,68,-32.4412
68,0,185,-32.2757
50,0,170,-32.0882
52,0,183,-32.5027
66,0,193,-31.9326
67,0,181,-32.5193
63,0,182,-32.0604
59,0,189,-32.4497
51,0,214,-32.3505
41,0,181,-32.3425
62,0,202,-32.1782
58,0,172,-31.8372
55,0,168,-32.125
50,0,177,-32.0056
73,0,208,-32.0865
62,0,187,-32.3422
68,0,184,-32.1467
64,0,175,-31.7029
69,0,193,-32.114
64,0,199,-32.0804
83,0,206,-32.3786
59,0,173,-32.1329
56,0,184,-32.2228
62,0,164,-32.0915
79,0,194,-32.067
71,0,181,-31.7514
51,0,180,-32.4778
78,0,190,-32.0474
56,0,189,-32.1693
67,0,193,-32.2953
57,0,316,-32.3703
75,0,182,-31.8462
41,0,109,-32.4128
80,0,189,-32.0741
48,0,194,-32.3557
57,0,178,-32.427
61,0,205,-32.322
74,0,200,-31.63
69,0,178,-32.0562
71,0,190,-32.3421
65,0,182,-32.2912
67,0,183,-32.2077
68,0,205,-32.0585
74,0,192,-31.9583
51,0,181,-31.8343
59,0,190,-32.0053
60,0,172,-32.1744
49,0,168,-32.2679
43,0,81,-31.4074
63,0,192,-32.2448
69,0,184,-31.913
52,0,173,-32.3584
42,0,178,-32.2697
56,0,182,-32.0824
56,0,167,-32.3054
79,0,190,-32.1842
73,0,206,-32.0728
64,0,178,-31.8708
63,0,180,-31.9333
60,0,168,-32.0179
49,0,183,-32.2842
62,0,198,-32.3081
36,0,173,-32.4624
63,0,200,-32.095
65,0,166,-32.3614
78,0,200,-32.385
24,0,158,-32.5696
25,0,197,-32.5787
71,0,189,-31.9418
55,0,196,-32.0918
66,0,185,-32.2865
70,0,177,-32.0621
63,0,207,-32.1498
55,0,188,-32.2872
57,0,198,-32.1111
57,0,172,-31.6802
68,0,194,-31.6856
49,0,176,-32.1989
63,0,196,-32.1122
65,0,204,-32.049
48,0,207,-32.343
61,0,174,-31.7529
65,0,190,-32.1158
84,0,196,-31.9388
74,0,181,-32.1326
49,0,203,-32.5271
50,0,211,-32.455
84,0,198,-32.2273
52,0,99,-31.8384
63,0,200,-32.09
78,0,208,-32.4471
64,0,196,-32.0357
49,0,236,-32.6059
75,0,189,-31.8042
75,0,197,-32.1523
45,0,195,-32.4256
69,0,201,-32.1443
42,0,186,-32.1935
55,0,192,-32.3646
74,0,200,-32.22
65,0,183,-32.0656
66,0,182,-31.8626
68,0,176,-32.0966
73,0,187,-31.9733
62,0,182,-32.1264
52,0,173,-32.2601
60,0,193,-32.3161
66,0,178,-32.2022
64,0,191,-32.0995
72,0,189,-32.1534
76,0,189,-32.2963
70,0,209,-32.3636
37,0,195,-32.6051
51,0,185,-32.5351
50,0,181,-32.4586
71,0,191,-32.0209
47,0,182,-32.3077
75,0,197,-32.1523
53,0,191,-32.4974
63,0,199,-32.4322
71,0,182,-32.044
65,0,174,-31.7586
49,0,188,-32.234
51,0,175,-32.3314
74,0,184,-32.4022
79,0,167,-31.982
77,0,185,-32.1405
64,0,183,-32.082
74,0,198,-32.1061
53,0,212,-32.4151
59,0,165,-31.7818
55,0,168,-31.8452
67,0,201,-32.1045
65,0,198,-31.9394
68,0,199,-32.3166
66,0,186,-31.8118
82,0,195,-31.8974
51,0,185,-32.1459
44,0,162,-32.4136
66,0,173,-31.9422
68,0,197,-32.1371
63,0,167,-32.0898
75,0,191,-31.7958
61,0,183,-32.2131
71,0,192,-31.8646
23,0,167,-32.6527
40,0,158,-32.4304
64,0,176,-32.392
49,0,188,-32.2926
67,0,186,-31.9516
70,0,177,-31.9435
67,0,184,-32.2935
42,0,185,-32.3622
76,0,187,-32.2299
71,0,194,-32.0567
51,0,177,-32.0904
80,0,185,-32.3135
50,0,200,-32.115
72,0,182,-31.9231
54,0,179,-32.648
69,0,187,-32.0214
50,0,190,-31.9632
57,0,180,-32.2556
62,0,179,-32.1788
54,0,107,-31.7383
54,0,214,-32.229
71,0,179,-32.2179
77,0,171,-31.848
66,0,199,-31.9196
60,0,196,-32.5408
31,0,169,-32.6923
48,0,167,-32.3772
39,0,200,-32.545
26,0,175,-32.2
51,0,193,-32.3834
59,0,181,-32.1768
50,0,183,-32.2951
32,0,198,-32.6616
65,0,198,-32.2525
49,0,179,-32.1732
70,0,195,-32.3026
53,0,196,-32.051
63,0,177,-32.1469
73,0,193,-32.1554
55,0,187,-32.0802
60,0,181,-32.1105
63,0,197,-32.1574
71,0,192,-32.2396
55,0,188,-32.5638
59,0,179,-32.4637
71,0,209,-32.2632
56,0,182,-32.0275
82,0,194,-32.0309
69,0,197,-31.9594
49,0,198,-32.4444
62,0,167,-32.2216
56,0,188,-32.2819
37,0,171,-32.8304
65,0,199,-32.0101
61,0,186,-32.3226
62,0,200,-32.52
50,0,173,-32.4335
52,0,208,-32.0096
70,0,186,-32.328
60,0,183,-31.9891
65,0,209,-32.2488
80,0,186,-32.0215
73,0,194,-32.3196
78,0,196,-31.898
67,0,189,-32.3492
71,0,188,-31.8245
53,0,176,-32.0398
64,0,193,-32.2021
70,0,193,-32.5026
56,0,205,-32.3902
69,0,187,-32.0481
76,0,198,-32.4545
54,0,189,-32.0317
53,0,210,-32.3048
42,0,162,-32.4444
32,0,170,-32.2235
62,0,189,-32.1481
70,0,188,-32.1117
78,0,179,-31.7709
39,0,185,-32.5459
65,0,195,-31.9487
74,0,144,-32.25
60,0,173,-32.5838
30,0,150,-32.32
58,0,195,-32.1949
56,0,191,-32.3351
26,0,175,-32.6229
56,0,180,-32.0667
67,0,188,-32.4362
76,0,182,-32.1593
65,0,187,-32.1925
53,0,188,-31.883
42,0,197,-32.4619
66,0,184,-32.0109
55,0,181,-31.9392
60,0,197,-32.3807
79,0,199,-31.8392
49,0,175,-32.1486
40,0,176,-32.5795
66,0,173,-32
70,0,193,-32.1088
46,0,188,-31.9309
71,0,220,-32.2136
67,0,208,-31.9038
67,0,186,-32.3226
57,0,190,-31.9684
55,0,184,-32.5815
34,0,169,-32.4615
29,0,80,-32.5875
34,0,182,-32.3901
41,0,103,-32.3301
73,0,192,-32.1562
62,0,173,-32.2601
67,0,202,-32.2079
69,0,179,-32.2849
49,0,172,-32.3023
55,0,198,-31.7929
53,0,172,-32.2442
77,0,186,-31.9731
61,0,181,-32.326
74,0,189,-31.6772
67,0,184,-32.3641
49,0,174,-32.5345
82,0,186,-32.2312
51,0,180,-32.3
68,0,183,-32.2077
55,0,172,-31.9651
79,0,179,-32.1955
53,0,189,-32.2804
55,0,188,-32.5798
79,0,176,-32
44,0,187,-32.5187
71,0,181,-32.2376
64,0,187,-32.0107
66,0,189,-31.5926
55,0,184,-32.2717
68,0,175,-31.8571
53,0,190,-32.3474
67,0,185,-31.9676
58,0,183,-32.1858
55,0,182,-31.8956
28,0,174,-32.7011
51,0,203,-32.2759
54,0,156,-32.0897
67,0,178,-32.0169
65,0,211,-32.1848
62,0,163,-32.227
65,0,195,-32.6256
79,0,184,-31.6141
71,0,194,-32.2216
60,0,178,-32.4382
42,0,162,-32.5864
70,0,194,-31.799
72,0,193,-32.0052
72,0,178,-32.0787
38,0,185,-32.1351
62,0,193,-32.1036
68,0,191,-32.0157
68,0,194,-32.1392
54,0,174,-32.3908
64,0,183,-31.8852
30,0,209,-32.311
70,0,188,-32.367
41,0,172,-32.2558
64,0,170,-32
63,0,197,-32.132
61,0,178,-32.0955
65,0,206,-32.2136
47,0,171,-32.0058
30,0,69,-31.6812
50,0,187,-32.1604
61,0,188,-32.3351
66,0,215,-32.4791
51,0,177,-32.2881
64,0,185,-32.2973
73,0,173,-31.8266
65,0,189,-31.9841
64,0,189,-31.9048
67,0,189,-31.9788
58,0,199,-31.9598
49,0,181,-32.2873
50,0,188,-32.1277
45,0,180,-31.8444
64,0,210,-32.3333
63,0,184,-32.3043
45,0,191,-32.3351
30,0,173,-32.5838
66,0,181,-31.8564
39,0,85,-32.3294
53,0,188,-31.8989
29,0,89,-31.9775
58,0,174,-31.9655
30,6,172,-32.4709
36,0,190,-32.5842
51,0,151,-32.2384
47,0,187,-32.3048
42,0,178,-31.8315
44,0,218,-32.5138
31,0,202,-32.4406
36,0,180,-32.6833
54,0,186,-32.2151
23,0,170,-32.8412
39,0,168,-32.4583
54,0,173,-32.0347
47,0,196,-32.1582
36,0,59,-31.3051
54,0,184,-32
35,0,79,-31.8354
39,0,165,-32.6788
61,0,193,-32.2694
72,0,212,-32.2123
50,0,169,-31.7041
27,0,152,-32.375
28,0,179,-32.1173
75,0,197,-32.1218
42,0,160,-32.5812
56,0,205,-32.2439
45,0,208,-32.1779
76,0,174,-32.4425
62,0,203,-32.1823
52,0,111,-31.955
48,0,194,-32.1392
31,0,160,-32.5187
21,0,148,-32.2905
25,0,121,-32.4298
26,0,152,-32.6974
24,0,133,-32.4812
60,17,187,-31.6684
62,22,169,-31.6864
67,39,203,-32.266
49,30,161,-32.6646
77,39,194,-31.7474
86,60,191,-31.7644
60,40,199,-32.1005
73,43,194,-32.0052
68,26,190,-32.0947
47,21,178,-32.0843
56,13,188,-32.6223
68,56,169,-32.3077
55,18,214,-32.3178
47,18,157,-32.3248
82,54,182,-32.0165
26,2,181,-32.6906
58,22,173,-32.422
81,59,196,-31.6224
48,10,175,-32.1029
63,20,176,-31.9261
78,55,178,-31.8652
81,50,177,-32.3277
87,53,168,-31.8095
76,46,200,-31.77
69,36,195,-31.7949
69,23,188,-32.1968
61,26,196,-31.9898
72,51,183,-32.0383
59,40,169,-32.4911
52,17,184,-32.2772
86,48,175,-31.8343
81,60,178,-32.4438
54,12,167,-32.2455
72,33,192,-32.0312
58,21,182,-32.2033
62,16,177,-32.096
68,28,182,-31.3901
81,39,190,-32.0579
72,60,215,-32.2093
65,27,176,-32.2955
72,36,195,-31.7538
38,18,168,-32.3214
78,47,165,-31.9455
72,38,181,-32
74,39,181,-31.8232
87,60,193,-31.8705
65,25,180,-32.2
71,24,208,-32.3125
87,59,201,-32.0149
51,23,162,-32.2963
71,26,178,-32.0674
74,43,188,-32.0745
33,6,179,-32.4804
54,13,206,-31.9417
59,17,181,-31.768
66,15,210,-32.2762
26,22,195,-32.3487
22,0,193,-32.544
57,38,192,-32.3438
61,19,182,-32.0824
65,21,186,-32.4194
45,17,188,-32.5266
92,60,193,-32.3264
65,24,176,-32.108
23,2,188,-32.6702
77,60,184,-32.1576
76,33,186,-32.043
59,17,178,-32.2022
80,60,135,-31.2593
68,32,193,-32.2073
66,34,168,-31.9881
51,16,167,-32.3413
61,36,177,-32.1808
58,20,208,-32.4231
60,60,87,-31.4598
75,58,195,-32.2974
75,31,192,-31.901
60,34,185,-31.9892
58,32,160,-32.3
78,60,172,-32.2558
69,44,182,-32.1923
66,44,177,-32.548
58,19,179,-32.067
51,44,166,-32.0542
59,19,171,-32.3801
63,31,179,-32.5642
76,46,188,-31.6702
37,15,170,-32.3059
47,23,198,-32.4192
73,40,188,-32.4521
80,60,190,-31.8842
44,11,184,-32.337
55,28,174,-32.0402
54,34,168,-32.25
47,34,81,-31.3457
65,21,208,-32.2067
55,20,173,-31.7514
54,20,203,-32.5369
82,47,193,-32.057
69,26,205,-31.9268
62,32,181,-32.6188
71,32,183,-32.235
36,22,194,-32.7835
59,29,181,-32.4033
80,39,167,-32.0719
46,14,189,-32.3704
51,14,199,-32.5025
64,29,186,-31.828
60,24,177,-31.6554
49,19,166,-32.0602
48,16,188,-32.2553
33,3,159,-32.0629
65,46,183,-31.9672
55,20,183,-32.2842
20,22,152,-32.5724
57,33,160,-32.1
59,25,200,-32.235
48,20,185,-32.3081
70,40,174,-32.0862
89,60,201,-31.8856
85,45,196,-32.0561
71,32,202,-32.0198
70,33,186,-32.1505
36,28,55,-31.4909
39,11,172,-32.4651
53,17,177,-32.1582
73,29,202,-32.5594
35,10,186,-32.5269
87,60,178,-31.9157
64,35,182,-32.1099
61,34,187,-32.4385
56,22,201,-31.8159
58,25,217,-32.4562
54,15,165,-31.9697
75,34,198,-32.0808
84,49,187,-31.9519
46,15,169,-32.2012
52,27,181,-32.105
68,47,182,-31.989
55,32,164,-32.2805
61,34,185,-32.1946
49,21,168,-31.9881
80,51,178,-31.8427
48,11,168,-32.6071
66,21,181,-32.0829
60,18,198,-32.0909
52,25,174,-32.3621
71,56,201,-32.204
70,55,189,-32.0952
61,30,187,-32.0428
20,5,157,-32.8599
66,46,180,-31.5167
67,41,179,-32.0279
69,33,196,-31.551
37,8,154,-32.3182
77,60,184,-32.1359
72,58,178,-32.1292
33,11,158,-32.4177
69,28,174,-31.6609
71,31,188,-31.8032
50,30,167,-32.012
67,51,170,-31.8235
80,56,197,-32.0964
36,4,156,-31.9038
52,25,107,-32.3084
49,13,174,-32.1724
74,55,182,-31.7912
33,15,188,-32.3191
53,21,202,-31.9158
28,1,166,-32.6145
41,27,132,-32.5833
22,4,173,-32.8555
24,5,279,-32.9032
23,2,135,-32.7481
32,10,153,-32.7059
29,10,159,-32.6855
43,5,190,-32.0158
42,21,171,-32.3275
26,2,198,-32.3485
31,1,179,-32.2179
57,18,185,-31.8486
43,3,204,-32.2255
57,22,202,-32.2574
59,13,211,-32.3934
48,8,184,-32.4728
31,7,90,-32.1444
67,14,189,-31.873
61,30,171,-31.9825
46,6,194,-32.4588
30,0,174,-31.8391
41,0,204,-32.2647
77,29,200,-32.085
31,0,194,-32.3402
31,2,191,-32.6335
56,15,186,-32.2796
57,17,170,-32.1353
62,26,211,-32.2701
43,7,184,-32.4674
45,9,183,-32.2896
46,4,181,-32.1878
65,23,198,-32.3283
70,22,207,-32.3188
37,9,187,-32.2299
56,13,193,-32.1503
37,1,195,-32.3128
59,15,193,-32.1658
59,17,183,-31.8962
55,13,178,-31.9101
37,11,118,-31.9746
41,10,112,-32.2054
43,5,174,-32.3563
67,34,172,-31.7849
47,8,188,-32.1117
64,14,192,-32.2188
55,13,174,-32.0977
45,8,160,-32.1375
36,5,202,-32.2178
57,6,194,-32.2784
63,38,158,-32.0759
45,23,109,-32.0459
56,13,202,-32.3713
32,13,169,-32.6627
43,8,182,-32.044
30,7,163,-32.4417
24,0,191,-32.4084
28,0,183,-32.459
47,8,178,-32.3933
60,13,181,-32.4641
50,12,183,-31.8525
25,2,163,-32.4479
45,8,187,-32.0214
53,12,200,-31.99
47,7,185,-32.2811
68,39,194,-31.9691
44,7,188,-32.4415
54,16,176,-32.0227
44,12,185,-32.2541
59,29,195,-32.3795
43,10,194,-32.0619
39,6,198,-32.4394
48,13,198,-32.1263
55,13,185,-32.173
71,42,191,-31.8639
68,42,195,-32.1179
48,6,185,-31.8973
66,18,192,-31.6406
48,10,199,-31.8492
57,16,353,-32.0453
69,32,188,-32.0585
49,9,158,-32.4177
52,23,183,-31.9454
55,27,178,-31.9888
60,31,185,-32.4757
34,3,189,-32.1799
63,35,182,-32.2253
29,0,79,-32.7468
54,21,178,-32.0562
52,25,201,-32.2537
25,3,170,-32.5471
31,3,161,-32.7888
32,8,162,-32.1235
26,11,138,-32.1159
21,3,108,-32.4167
22,8,116,-32.2328
20,4,100,-32.69
33,18,154,-32.6364
21,4,117,-32.4103
23,19,60,-31.9
22,4,143,-32.8392
27,8,92,-32.0543
50,18,152,-32.2105
39,8,186,-32.2151
27,7,148,-32.3514
29,9,156,-32.2436
29,8,164,-32.4268
21,1,160,-32.6313
20,1,149,-32.6913
26,2,161,-32.3851
25,3,157,-32.5796
28,7,159,-32.7421
22,0,146,-32.5068
26,2,143,-32.6503
23,3,159,-32.5031
22,10,144,-32.3958
36,8,153,-32.4052
26,3,148,-32.4459
37,10,167,-32.1976
29,22,160,-32.3813
25,0,157,-32.8089
32,45,142,-32.3803
24,3,235,-32.0979
21,0,50,-32.08
63,0,192,-31.9323
61,0,198,-32.1869
38,0,60,-31.3833
68,0,184,-32.3098
71,0,209,-31.622
83,0,186,-31.9892
22,0,42,-31.2381
35,0,98,-32.3061
32,0,138,-32.529
48,0,201,-32.2537
32,0,158,-32.0443
48,0,185,-32.2811
65,0,190,-31.6316
72,0,192,-32.0573
53,0,181,-32.0221
64,0,198,-32.1414
57,0,113,-31.885
39,0,181,-32.4586
78,0,196,-31.551
69,0,210,-31.6905
55,0,174,-32.023
76,0,172,-31.8372
68,0,196,-31.9643
42,0,176,-32.2955
30,0,161,-32.3727
74,0,191,-32.0157
54,0,181,-32.1381
73,0,188,-31.3351
58,0,182,-32.1209
34,0,170,-32.2706
35,0,104,-32.2596
50,0,150,-32.3267
54,0,94,-31.883
26,7,156,-32.5192
38,0,158,-32.4494
43,0,139,-32.3165
50,0,147,-32.2993
44,0,94,-31.4362
34,0,156,-32.4295
31,0,140,-32.3857
23,0,148,-32.7027
38,0,160,-32.3937
54,0,169,-32.1243
20,0,150,-32.6
68,0,194,-32
60,0,172,-32.2849
63,0,182,-32.0275
82,0,200,-31.62
41,0,61,-31.8525
61,0,187,-32.4706
58,0,176,-32.3807
60,0,195,-32
69,0,178,-31.9888
69,0,185,-32.1784
44,0,180,-31.7667
45,0,147,-31.7823
40,0,101,-31.703
47,0,154,-32.3636
42,0,160,-32.0312
31,0,152,-32.6908
23,0,140,-32.4429
25,0,68,-32.2647
27,0,164,-32.4878
23,0,149,-32.5906
22,0,106,-32.4057
21,0,103,-32.2621
60,3,192,-31.8229
71,6,183,-32.1585
56,0,204,-32.3725
62,0,174,-32.1264
62,0,190,-32.1684
76,5,179,-32
61,3,192,-32.0573
27,0,179,-32.7095
49,3,187,-32.2406
44,0,182,-32.1813
25,2,149,-32.1611
25,0,242,-32.2066
20,0,149,-32.1477
21,0,173,-32.4046
50,0,171,-31.8421
40,2,187,-32.4492
27,0,87,-32.8276
68,28,203,-32.0049
61,23,204,-32.4118
21,3,170,-32.4941
78,38,219,-32.2329
60,21,215,-32.0744
76,38,198,-31.9444
63,30,187,-32.1497
69,44,184,-31.9457
45,5,217,-32.2673
70,33,216,-32.037
37,18,185,-32.4973
48,29,198,-32.3333
28,7,162,-32.7346
23,6,167,-32.8024
30,0,124,-32.3548
56,0,155,-31.471
27,0,191,-32.7696
23,0,206,-32.3689
67,0,210,-31.9095
59,0,201,-32.1144
43,0,174,-32.2241
60,0,233,-32.3476
51,0,122,-32.1148
56,0,196,-32.0357
52,0,173,-32.237
54,0,190,-32.3211
43,0,112,-31.7768
53,0,178,-32.1798
67,0,187,-32.0107
24,0,161,-32.7081
41,0,184,-32.3315
45,0,189,-32.418
47,0,197,-32.3147
48,0,167,-32.1617
46,0,165,-32.1818
60,0,98,-32.2959
54,0,109,-31.6239
63,0,196,-31.9082
51,0,195,-32.5538
71,0,204,-32.2255
51,0,201,-32.3483
78,0,203,-32.0345
50,0,185,-32.2216
67,0,194,-31.7887
57,0,210,-31.8429
69,0,187,-32.0267
63,0,183,-31.9672
47,0,101,-31.5644
62,0,199,-31.8191
64,0,183,-31.7978
60,0,207,-31.8599
53,0,193,-32.2694
53,0,197,-32.0102
52,0,166,-32.2892
63,0,182,-31.978
65,0,183,-32.1694
57,0,210,-32.1429
59,0,212,-32.4481
59,0,178,-32.0674
41,0,180,-31.5056
43,0,182,-31.8132
47,0,181,-32.337
63,0,187,-32.123
51,0,196,-32.102
63,0,178,-32.1011
62,0,171,-32.269
54,0,186,-32.3978
59,0,183,-31.9945
41,0,177,-32.2825
33,0,152,-32.3026
24,0,137,-32.4964
53,0,192,-32.5938
49,3,199,-32.2764
39,0,179,-32.4413
67,2,183,-31.7322
66,0,191,-32.1099
56,0,205,-32.361
39,0,173,-32.5549
58,0,111,-31.3153
56,0,196,-32.0714
54,0,190,-32.2632
32,0,199,-32.8241
43,0,184,-31.9293
68,0,205,-31.8585
55,0,174,-32.1609
49,3,192,-32.2865
44,0,178,-32.1798
59,0,192,-32.3958
76,0,202,-32.1535
57,0,200,-31.895
44,0,193,-32.5855
34,0,151,-32.404
25,0,229,-32.7598
52,0,183,-32.2732
47,2,203,-32.4384
20,0,64,-32.8281
33,0,189,-32.5132
30,0,135,-31.8593
22,0,149,-32.3826
37,0,168,-32.2917
38,0,167,-32.4491
69,21,207,-32.3333
84,34,190,-31.8263
55,36,187,-32.2139
64,18,192,-32.2083
59,12,208,-32.4327
75,28,200,-32.19
50,11,199,-31.9899
80,26,182,-31.7967
82,32,192,-32.3177
67,16,200,-31.87
90,55,211,-31.9479
42,10,197,-32.2843
71,18,202,-31.8663
73,27,193,-31.6166
55,11,185,-32.4486
65,15,181,-31.9503
47,0,209,-32.1866
60,16,189,-32.0053
73,23,199,-32.3719
42,14,99,-32.4141
67,26,202,-32.2079
69,29,199,-32.1357
61,15,199,-32.196
69,18,194,-31.8763
53,37,98,-31.8265
62,32,192,-32.151
82,60,187,-31.9679
79,52,188,-32.0904
45,17,94,-32.1489
70,28,209,-31.8134
58,29,111,-32.009
44,10,199,-32.3869
66,33,193,-32.2487
76,34,199,-32.2111
73,32,203,-31.8621
65,25,193,-32.0829
53,11,200,-32.36
77,40,216,-32.0833
42,9,203,-32.5567
60,15,206,-32.2233
73,26,196,-32.2296
58,17,190,-32.1211
53,16,206,-32.3107
62,23,199,-32.0452
21,9,135,-32.8222
26,7,167,-32.6886
21,5,153,-32.5686
32,5,186,-32.6828
28,8,152,-32.8026
34,4,187,-32.492
33,6,182,-32.4725
27,6,161,-32.9627
21,7,155,-32.6645
20,2,147,-32.4694
36,18,153,-32.5948
39,11,132,-32.2121
45,14,166,-32.1325
40,10,144,-32.2917
47,16,170,-31.9529
28,18,96,-32.5833
36,17,169,-32.1361
59,25,202,-32.1634
79,39,197,-31.797
78,37,204,-31.8676
68,38,199,-32.1206
64,26,193,-32.3005
58,14,203,-32.2069
79,47,197,-31.8629
72,32,209,-32.0813
52,18,205,-32.0439
67,36,202,-32.6485
79,28,180,-31.6889
64,34,199,-32.1055
67,33,206,-32.1845
60,23,204,-32.1373
80,40,223,-32.0628
70,37,200,-31.7
69,28,190,-31.9737
74,30,201,-32.005
42,25,180,-32.1944
32,11,159,-32.1761
20,5,174,-31.9943
31,16,176,-31.9602
27,10,195,-32.6872
31,7,165,-32.6485
43,19,96,-32.0417
37,5,168,-32.3869
54,30,172,-32.1744
26,5,139,-32.5396
43,44,164,-32.2561
27,0,188,-31.5
75,33,191,-32.1832
67,18,199,-31.9598
61,31,181,-31.7569
47,0,176,-32.25
57,0,196,-32.3673
52,0,194,-31.9742
41,0,162,-31.7901
61,0,177,-31.5989
55,0,169,-32.1479
43,0,204,-32.549
59,0,175,-31.9257
67,0,186,-31.4946
47,0,186,-32.0806
31,0,197,-32.5939
43,0,182,-32.1813
35,0,155,-32.3419
40,0,182,-32.1484
51,0,115,-32.2087
27,0,174,-31.5115
60,0,193,-31.6166
54,0,178,-32.1798
41,0,200,-32.415
64,0,187,-31.5561
56,0,204,-31.4314
47,0,183,-31.8743
47,0,106,-31.283
54,0,212,-31.9764
59,0,185,-31.8378
50,0,181,-32.3425
54,0,178,-32.0225
65,0,194,-31.9433
52,0,178,-32.2528
42,0,185,-32.0595
33,0,172,-32.4651
45,0,97,-31.3918
71,0,194,-31.6856
38,0,152,-32.3553
53,0,168,-31.9702
61,0,181,-31.8122
57,0,177,-31.8249
31,0,166,-32.3133
53,0,177,-31.7119
44,0,191,-32.4188
34,0,186,-32.4355
52,0,185,-31.9243
45,0,198,-32.1515
47,0,182,-31.8846
64,0,197,-31.9848
51,0,184,-32.038
33,0,213,-32.3897
51,0,100,-30.88
49,0,171,-31.655
43,0,176,-32.0966
46,0,190,-32.0632
47,0,185,-32.2757
34,0,171,-32.3158
37,0,186,-32.371
37,0,188,-32.3723
47,0,178,-31.7135
23,0,147,-32.7551
50,0,166,-31.9759
24,0,188,-32.4468
29,0,138,-31.8261
22,0,73,-32.4384
21,0,119,-32.7563
24,0,151,-32.5364
36,0,160,-32.2875
28,0,179,-32.3128
20,0,142,-32.007
52,0,182,-31.9451
58,0,197,-32.1777
40,0,184,-32.5543
37,0,171,-32.0468
45,0,98,-31.1122
58,0,173,-32.2543
50,0,173,-32.1098
38,0,174,-32.1897
72,0,188,-32.0213
33,0,164,-32.0732
56,0,185,-31.9784
27,0,183,-32.4699
63,0,185,-32.0324
54,0,186,-31.9194
61,0,171,-32.0526
55,0,173,-32.3526
46,0,92,-31.4022
42,0,177,-31.8701
41,0,181,-32.2155
58,0,171,-31.8596
41,0,190,-32.1158
56,0,178,-32.0899
44,0,186,-31.371
62,0,171,-32.0175
48,0,171,-31.6784
43,0,184,-32.0761
55,0,175,-31.6971
49,0,197,-32.2335
47,0,183,-32.5082
57,0,190,-32.0263
50,0,177,-31.791
49,0,98,-31.6122
42,0,177,-32.0169
58,0,178,-31.7135
48,0,177,-32
21,0,110,-32.4091
23,0,178,-32.5562
21,0,185,-32.5946
52,0,212,-32.3821
32,0,185,-32.3027
52,0,187,-31.8449
42,0,95,-31.7895
65,0,179,-32.3296
62,0,176,-31.7443
41,0,109,-32
58,0,178,-31.6011
45,0,209,-32.2775
45,0,162,-32.2469
54,0,198,-32.0657
63,0,203,-31.6995
37,0,189,-32.2381
55,0,167,-31.4551
42,0,180,-32.0167
42,0,167,-31.9102
46,0,182,-32.511
43,0,185,-32.2432
30,0,200,-32.165
45,0,193,-31.9534
42,0,172,-32.5058
43,0,199,-32.4623
41,0,146,-31.9726
54,0,181,-32.0608
59,0,182,-32
42,0,178,-32.3427
55,0,184,-31.7174
48,0,178,-31.9719
51,0,193,-31.7202
49,0,174,-32.069
47,0,188,-32.1011
55,0,185,-32.373
54,0,174,-31.5345
48,0,191,-32.178
48,0,188,-31.9096
54,0,178,-32.0674
50,0,180,-32.4
33,0,172,-32.0407
42,0,166,-32.0964
55,0,182,-32.1703
53,0,170,-32.0294
59,0,191,-32.1728
46,0,182,-32.2198
40,0,181,-32.3812
48,0,188,-32.2394
36,0,202,-32.3317
54,0,173,-32.2023
38,0,170,-32.5647
42,0,99,-31.6768
58,0,191,-31.6702
31,0,64,-32.0156
59,0,163,-31.9509
64,0,178,-31.5843
55,0,183,-31.9016
47,0,192,-32.0469
24,0,178,-32.3258
41,0,154,-32.0325
52,0,197,-31.8629
26,0,79,-32.1519
53,0,165,-31.8242
21,0,182,-32.9176
35,0,196,-32.3418
51,0,178,-31.9326
58,0,166,-32.0301
55,0,185,-31.8541
53,0,194,-31.7938
63,0,178,-31.9775
55,0,193,-32.1606
55,0,171,-32.193
59,0,175,-31.6
45,0,172,-32.3837
50,0,177,-32.1525
56,0,193,-31.8135
33,0,180,-32.2
55,0,180,-32.3167
44,0,214,-32.2664
54,0,185,-31.6811
43,0,190,-32.2789
33,0,110,-32.0909
49,0,196,-32.0816
27,0,156,-32.6154
60,0,188,-31.9468
45,0,167,-31.988
38,0,165,-32.0848
41,0,84,-31.5952
64,0,178,-32.1798
31,0,164,-32.3537
51,0,203,-32.4236
60,0,190,-32.0263
46,0,176,-32.0739
55,0,178,-32.1067
50,0,193,-31.8705
58,0,173,-31.8035
37,0,173,-32.0694
33,0,157,-32.4713
55,0,184,-31.8207
35,0,181,-32.1989
64,0,184,-31.6196
60,0,109,-31.4954
54,0,197,-32.2741
45,0,194,-31.9021
64,0,201,-32.2388
51,0,189,-32.1217
57,0,200,-31.73
58,0,183,-31.9399
52,0,174,-32.3333
57,0,205,-32.0829
37,0,179,-32.1676
43,0,188,-31.8989
38,0,219,-32.2877
51,0,171,-32.1754
34,0,164,-32.4817
61,0,173,-31.9133
62,0,166,-31.9458
46,0,168,-31.6369
49,0,191,-31.6911
55,0,176,-31.8295
58,0,108,-31.7963
37,0,104,-32.0192
24,0,166,-32.3494
51,0,195,-31.9744
42,0,199,-32.191
43,0,181,-32.3149
26,0,179,-32.162
39,0,95,-32.4316
45,0,185,-31.8595
41,0,171,-31.5731
36,0,186,-32.3602
30,0,162,-32.3395
34,0,137,-32.438
34,0,181,-32.5359
39,0,181,-32.2099
21,0,155,-32.6194
21,0,108,-32.463
30,0,146,-32.4452
23,0,64,-31.6094
28,0,96,-32.0417
43,0,198,-31.9899
58,0,150,-31.92
45,0,101,-31.0099
43,0,113,-30.9027
66,0,173,-31.7341
50,0,177,-31.9096
65,0,189,-32.3492
56,0,183,-32
58,0,163,-31.9693
27,0,93,-32.4301
38,0,199,-32.5377
63,0,186,-32.0376
70,0,180,-31.55
37,0,186,-32.1935
52,0,189,-32.0106
51,0,104,-31.5192
60,0,185,-31.827
52,0,201,-32
45,0,176,-32.3466
68,0,175,-31.5429
54,0,188,-31.8723
35,0,163,-32.6687
61,0,173,-31.8439
60,0,181,-31.7845
63,0,196,-31.8112
45,0,179,-31.9162
38,0,167,-32.1437
26,0,172,-32.564
48,0,180,-32.35
59,0,182,-32.1538
46,0,183,-32.0383
52,0,190,-32.1105
44,0,170,-32.1353
22,0,65,-31.3231
37,0,175,-31.8286
46,0,173,-32.0983
40,0,205,-32.3122
46,0,174,-32.2989
60,0,163,-31.8221
31,0,74,-31.8649
58,0,196,-32.3929
56,0,180,-32.0333
35,0,173,-32.2543
44,0,203,-32.2365
35,0,191,-31.712
27,0,157,-32.6688
62,0,197,-31.8528
61,0,178,-32.264
22,0,172,-32.2558
45,0,198,-32.2778
55,0,174,-31.7989
44,0,170,-31.8647
36,0,184,-32.6576
57,0,175,-31.8457
25,0,173,-32.5145
36,0,84,-30.6667
57,0,174,-31.8851
39,0,202,-32.5446
24,0,152,-32.4934
55,0,198,-32.197
55,0,189,-32.2487
25,0,169,-32.6213
31,0,92,-32.0435
26,0,95,-32.4421
23,0,130,-32.6231
24,0,142,-31.9859
23,0,126,-32.6587
24,0,140,-32.3786
35,0,170,-32.1235
50,0,173,-32.0347
43,0,177,-31.887
48,0,166,-31.4096
52,0,192,-32.2031
49,0,196,-32.0051
49,0,181,-32.3094
64,0,192,-32.0677
71,0,190,-31.7842
47,0,100,-31.57
49,0,179,-31.8324
33,0,94,-32.0638
57,0,176,-32.1136
53,0,186,-31.914
53,0,178,-32.0899
51,0,173,-32.1561
46,0,184,-32.0326
34,0,186,-32.2634
55,0,175,-32.3829
45,0,170,-32.2882
52,0,180,-31.6833
60,0,182,-32.3022
46,0,96,-30.9688
39,0,171,-32.3333
23,0,195,-32.7487
66,0,188,-31.6702
60,0,173,-31.9364
55,0,170,-32.3706
36,0,90,-31.7333
51,0,169,-32.0178
36,0,190,-32.2211
45,0,194,-32.067
50,0,169,-31.7101
41,0,172,-32.3081
48,0,210,-32.0524
53,0,186,-31.7258
50,0,182,-32.2912
34,0,169,-32.503
39,0,177,-32.1695
43,0,179,-31.9609
49,0,181,-32.6133
56,0,197,-32.0964
39,0,102,-31.4118
53,0,178,-32.1854
49,0,108,-31.4537
51,0,179,-32.0726
49,0,198,-32.2374
50,0,164,-32.061
52,0,165,-31.9576
52,0,172,-31.9942
36,0,178,-32.0618
25,0,174,-32.3736
42,0,175,-31.9543
23,0,136,-32.0294
28,0,142,-32.0563
22,0,145,-32.5448
36,0,161,-32.3789
24,0,144,-32.7847
21,0,129,-32.7984
24,0,168,-32.0595
55,0,167,-32.3353
22,0,141,-32.4468
43,0,175,-32.1714
43,0,167,-32.1078
65,0,161,-31.5963
34,0,181,-32.2983
65,0,97,-31.6289
35,0,173,-32.3584
47,0,172,-32.0872
60,0,179,-32.0838
56,0,185,-32.4595
62,0,201,-32.1045
56,0,183,-32.2077
55,0,201,-32.2687
54,0,104,-31.9231
32,0,182,-32.3736
32,0,158,-32.7025
66,0,174,-32.1724
66,0,196,-32.102
67,0,204,-31.9902
49,0,210,-32.2619
20,0,181,-32.7072
33,0,174,-32.3391
24,0,151,-32.4371
39,0,175,-32.5257
20,0,144,-32.3194
38,0,157,-32.4968
30,0,165,-32.6909
45,0,198,-32.4747
38,0,179,-32.1955
60,0,177,-31.904
41,0,182,-32.6978
57,0,105,-31.2
53,0,104,-31.8077
58,0,193,-32.1451
48,0,201,-32.5622
56,0,214,-32.3131
78,0,196,-32.0714
64,0,178,-32.3315
35,0,206,-32.2816
52,0,194,-32.2165
26,0,147,-32.4898
46,0,187,-32.4171
50,0,182,-32.0385
56,0,107,-32.0841
42,0,179,-32.4078
39,0,178,-32.5506
20,0,164,-32.6585
57,0,184,-31.7717
49,0,178,-32.4213
49,0,187,-32.1979
66,0,182,-32.1154
54,0,189,-32.4603
33,0,157,-32.4904
60,0,193,-32.1606
49,0,189,-32.5661
56,0,190,-32.3789
57,0,186,-32.0538
51,0,165,-32.3697
25,0,176,-32.7159
55,0,192,-32.25
23,0,176,-32.5852
41,9,188,-32.4628
53,0,186,-32.6022
53,0,187,-32.4171
47,0,211,-32.4739
47,0,175,-32.4857
66,0,201,-32.0796
66,0,187,-32.2567
23,0,153,-32.7451
36,0,179,-32.5531
54,0,181,-32.0221
48,0,183,-32.5027
60,0,181,-31.9834
59,0,185,-31.8432
60,0,208,-32.0288
42,0,184,-32.1196
61,0,191,-32.1937
45,0,185,-32.3189
44,0,182,-32.0549
55,0,104,-32.0769
59,0,179,-32.3743
37,0,65,-32.0615
27,0,162,-32.9259
62,0,190,-32.0105
27,0,98,-32.2347
28,0,160,-32.6437
22,0,160,-32.6
20,0,165,-32.703
20,0,60,-31.9333
20,0,138,-32.5362
22,0,153,-32.5098
24,0,141,-32.7518
22,0,138,-32.5362
43,0,132,-32.0606
42,0,194,-32.1443
22,0,186,-32.629
69,0,188,-32.1436
69,0,197,-31.8426
62,0,197,-31.9239
69,0,185,-32.4432
49,0,201,-32.0945
60,0,176,-32.1023
77,0,184,-31.6902
76,0,186,-31.8871
69,0,196,-32.2857
74,0,193,-32.1036
62,0,200,-31.755
71,0,194,-32.3454
51,0,193,-32.4093
50,0,188,-32.3085
43,0,187,-32.5775
33,0,166,-32.6988
64,0,195,-32.0769
44,0,173,-32.711
48,0,180,-31.9278
58,0,179,-32.1229
43,0,223,-32.5516
72,0,190,-31.8211
81,0,202,-32.0842
68,0,183,-32.306
60,0,191,-32.3298
65,0,190,-32.2
29,0,98,-32.7245
55,0,187,-32.369
32,0,172,-32.6977
48,0,220,-32.65
28,2,207,-32.4879
69,0,196,-32.102
69,0,187,-32.0321
56,0,197,-32.4569
68,0,191,-31.8691
65,0,188,-32.016
62,0,197,-32.2944
27,2,182,-32.6099
75,0,181,-31.6298
63,0,189,-31.9788
41,0,183,-32.4863
33,0,162,-32.4753
32,0,143,-32.5035
39,0,165,-32.1758
30,0,141,-32.5106
30,0,140,-32.5286
65,0,176,-32.4148
69,0,183,-32.377
81,0,189,-31.8254
57,0,183,-32.1421
77,0,200,-32.235
52,0,189,-32.0899
65,0,177,-31.9548
41,0,197,-32.4467
62,0,206,-31.8786
76,0,188,-32.367
43,0,178,-32.0393
41,0,191,-32.5393
69,0,177,-31.7684
52,0,207,-32.1981
62,0,196,-31.8827
58,0,170,-32.0824
61,0,200,-32.5
72,0,183,-31.7705
45,0,210,-32.619
46,0,197,-31.8883
42,7,190,-32.3789
76,0,191,-32.267
60,0,192,-32.0938
68,0,182,-31.8022
66,0,188,-32.1011
75,0,162,-31.9938
55,0,106,-31.2075
63,0,222,-32.0405
64,0,192,-31.8438
75,0,190,-31.8842
61,0,199,-31.9799
74,0,190,-31.9526
61,0,190,-31.9895
47,0,181,-32.3536
63,0,183,-32.0492
62,0,183,-32.1366
47,0,184,-32.1793
65,0,191,-32.1675
66,0,198,-32.0303
71,0,177,-32.0847
62,0,192,-31.6979
69,0,210,-31.8143
46,0,183,-32.3388
28,0,176,-32.5398
44,0,99,-32.2626
21,0,172,-32.3605
28,0,73,-31.9863
21,0,138,-32.7319
26,0,151,-32.9205
37,0,166,-32.2952
22,0,167,-32.7605
26,0,51,-32.6275
48,22,237,-32.135
73,22,190,-32.1368
68,31,209,-32.0383
71,31,197,-32.2386
55,10,176,-32.0455
47,8,186,-32.5484
73,34,193,-31.9067
63,14,195,-32.1436
24,1,198,-32.5202
62,12,154,-32
61,8,168,-31.7679
43,8,192,-32.0677
22,1,162,-32.4877
59,13,176,-32.0682
67,31,171,-31.8889
60,28,176,-31.9659
56,13,173,-32.5665
52,13,179,-32.0615
57,10,197,-32.4213
59,10,188,-32.4362
37,0,175,-32.5086
70,42,196,-32.5306
41,6,167,-31.8623
27,0,156,-32.5577
67,14,194,-32.366
48,9,163,-31.9264
38,11,152,-32.6908
52,12,200,-32.18
51,8,177,-32.1243
55,27,199,-32.1457
61,16,189,-32.2804
78,41,173,-31.8497
34,28,74,-32.1892
50,21,117,-32.1026
32,3,174,-32.7989
39,13,171,-32.5205
36,3,152,-32.5197
30,5,185,-32.4649
24,6,154,-32.6039
31,14,166,-32.6446
22,2,201,-32.7761
34,20,91,-31.9451
24,5,137,-32.3431
39,25,144,-32.5625
31,15,153,-32.3203
32,17,127,-32.4331
25,41,143,-32.5105
32,10,152,-32.4803
31,13,137,-32.7591
27,6,146,-32.4658
53,11,101,-31.8317
47,7,187,-32.3476
61,25,183,-31.9508
63,13,175,-32.0686
64,9,191,-32.0576
37,2,188,-32.25
57,10,188,-31.9468
46,9,200,-32.32
41,9,170,-32.5
60,8,201,-31.9751
54,17,193,-32.1036
59,12,181,-32.0276
20,11,122,-32.3033
57,31,197,-32.0914
45,6,165,-32.1636
54,13,185,-32.4162
44,9,174,-32.2241
36,5,93,-31.957
29,6,170,-32.1824
22,9,210,-32.7429
41,23,112,-32.5089
20,5,129,-32.5039
21,0,153,-32.7124
35,7,187,-32.7433
32,0,114,-32.3684
21,0,106,-32.217
25,1,189,-32.6984
45,4,168,-32.119
39,3,167,-32.0719
61,14,206,-32.3107
56,23,161,-32.2174
64,34,173,-32.4855
45,6,203,-32.5961
66,14,194,-32.3608
65,23,185,-32.2757
54,15,178,-31.8371
73,30,186,-31.7796
32,2,182,-32.4231
64,12,183,-31.9836
43,8,181,-31.8508
27,3,190,-32.6737
64,15,190,-32.1263
68,20,205,-32.1756
61,6,191,-31.9634
23,3,178,-32.5955
46,11,175,-32.2343
51,11,197,-32.4061
54,29,121,-31.6446
38,5,182,-32.3571
40,3,188,-32.4521
39,6,165,-31.8303
59,21,170,-31.6882
38,2,178,-31.9438
46,18,195,-32.2205
44,45,69,-32.5072
60,39,195,-31.9538
62,27,175,-32.2286
27,35,158,-32.7089
26,13,156,-32.3718
35,17,157,-32.5223
22,7,151,-32.3775
20,23,61,-32.2295
24,40,52,-32.3269
20,18,154,-32.8896
26,60,53,-32.3019
37,20,152,-32.1776
22,35,147,-32.8095
22,5,163,-32.6748
22,25,63,-32.1429
36,15,94,-32.1596
32,10,151,-32.3245
23,25,155,-32.7097
49,7,176,-32.2443
24,8,148,-32.6081
29,4,171,-31.9766
100,60,230,-31.713
92,60,196,-31.6633
91,60,197,-31.9239
86,59,202,-32.1832
78,44,228,-31.6316
94,60,146,-31.5068
22,0,190,-32.7316
89,52,182,-31.8846
76,40,223,-32.2377
80,60,210,-32.3619
63,18,230,-32.313
50,13,102,-31.9706
86,32,218,-32.1606
66,12,114,-31.3772
91,32,221,-31.7738
79,20,197,-31.6142
83,22,208,-32.5481
69,34,214,-32.0421
101,50,206,-31.7816
93,60,198,-31.697
89,29,214,-32.014
73,30,210,-31.9333
78,22,197,-32.2741
82,26,203,-32.0837
95,45,204,-31.6078
89,60,218,-32.1284
78,18,199,-32.1709
89,38,206,-31.8786
71,15,223,-31.9327
90,60,211,-31.6588
76,24,208,-31.5817
105,54,194,-31.9639
103,60,198,-32.0606
85,41,124,-32.0484
64,56,184,-32.1522
106,41,211,-31.7773
68,21,224,-32.2991
41,5,190,-32.1632
69,35,209,-31.7129
94,41,210,-32.2095
69,40,102,-31.8627
48,34,86,-31.2674
40,15,173,-32.6069
45,28,156,-32.3654
27,18,163,-32.5951
43,13,141,-31.9716
25,0,147,-32.3333
32,12,133,-32.3835
66,0,179,-32.067
67,0,205,-31.8244
43,0,163,-32.6196
61,17,190,-32
77,36,205,-31.9415
23,0,202,-32.5792
68,28,192,-32.1875
79,43,187,-32.107
49,41,147,-31.8027
20,18,102,-32.6667
29,9,154,-32.4805
47,19,190,-32.5474
58,28,181,-32.011
26,0,167,-32.2335
35,4,167,-32.6048
68,18,181,-32.0663
44,6,163,-32.3374
68,19,174,-32.069
50,10,103,-31.7476
45,4,173,-32.2543
71,23,187,-32.1551
72,26,171,-31.9532
52,7,169,-32.142
71,25,196,-32.1173
78,31,198,-31.9798
67,20,164,-31.7561
49,6,228,-32.5351
23,2,164,-32.6768
42,4,189,-32.3175
61,9,184,-32.3098
43,4,168,-31.8988
53,15,188,-32.4574
35,10,175,-32.4571
60,16,169,-32.0118
36,10,170,-32.1235
53,20,190,-32.5632
50,11,186,-32.3817
28,12,141,-32.6383
24,5,136,-32.8088
41,20,138,-31.9493
39,20,148,-32.6014
20,22,152,-32.5197
54,26,191,-32.2618
67,11,186,-32.2258
29,3,60,-31.75
72,22,189,-32.0423
62,23,192,-31.7188
28,11,48,-31.7083
58,6,196,-31.8929
48,6,194,-31.8918
76,12,212,-31.9104
74,14,169,-31.9941
47,10,179,-32.1788
79,14,184,-32.0543
48,6,111,-32.5586
48,5,182,-32.5
33,4,47,-30.8936
93,19,194,-31.5619
67,11,204,-31.848
52,12,212,-32.184
50,12,177,-31.7175
65,30,181,-32.2652
60,7,174,-31.9885
71,9,180,-32.0944
69,12,187,-32.4278
61,22,169,-31.8876
65,8,205,-31.8488
67,34,214,-32.3925
44,5,178,-32.191
55,38,187,-32.1711
70,4,188,-31.883
51,11,161,-32.4845
82,14,192,-32.2865
47,4,115,-31.6
55,12,180,-32.2222
67,17,192,-32.1875
60,3,177,-32.1921
67,10,186,-31.9032
53,17,191,-32.2304
42,5,173,-32.0405
83,14,189,-32.2328
67,9,209,-31.9904
70,8,212,-31.7594
52,15,191,-32.0838
70,9,185,-31.9838
56,6,212,-32.1321
73,13,193,-31.7876
46,18,184,-32.1304
42,6,175,-32.4229
54,4,133,-32.0602
51,5,192,-32.3646
49,5,190,-32.5579
61,5,180,-32.3056
69,10,193,-32.342
64,25,189,-32.3386
59,5,197,-32.1574
66,59,184,-31.8804
46,0,214,-32.1963
65,10,194,-31.9845
24,1,57,-32.5614
62,9,196,-31.8367
54,6,209,-31.9856
51,2,213,-31.9108
55,6,206,-31.8204
63,10,177,-31.6158
65,34,178,-31.4663
66,11,183,-31.8962
26,0,168,-32.5357
71,25,186,-31.6882
67,34,179,-31.581
66,34,180,-31.7167
50,7,174,-32.1092
62,10,188,-32.2021
32,2,196,-32.6582
65,12,190,-31.9263
57,10,177,-32.1186
51,4,187,-32.2299
57,0,190,-32.0263
56,9,177,-32.3842
53,7,192,-32.2708
72,12,180,-31.9056
42,5,173,-32.4335
37,4,189,-32.1746
79,39,185,-31.8432
44,5,203,-32.2512
59,7,177,-32.0169
59,23,203,-32
59,9,192,-31.9688
66,11,188,-32.2766
56,7,214,-32.1682
41,6,112,-31.8304
65,12,174,-31.8506
31,5,152,-32.6908
35,5,166,-32.4096
41,7,157,-32.3185
47,6,191,-32.3508
63,12,194,-32.3918
38,12,159,-32.5723
30,8,153,-32.549
33,6,182,-32.4066
44,5,166,-31.8916
47,6,173,-32.2139
50,9,162,-32.0185
29,8,140,-32.5786
31,18,160,-32.3625
24,5,148,-32.5135
57,11,168,-31.9226
24,4,183,-32.3934
22,34,130,-32.8077
20,0,183,-32.6885
37,3,171,-32.462
43,4,181,-32.2099
50,7,183,-32.2404
63,8,193,-32.2591
71,13,180,-32.0389
68,9,192,-31.9531
61,23,189,-32.1905
67,33,185,-32.0541
32,6,176,-32.6364
82,10,183,-31.8798
58,15,172,-32.4826
69,28,176,-32.4205
58,13,169,-32.1065
28,4,171,-32.3392
64,9,191,-32.6649
62,9,193,-31.943
40,5,212,-32.316
68,9,202,-32.1337
59,34,188,-32.3351
35,3,189,-32.2751
51,6,117,-32.2137
48,4,212,-32.5425
56,7,195,-32.2359
40,7,177,-32.3164
63,10,222,-32.0631
51,8,204,-32.3039
54,6,209,-32.5024
67,10,172,-32.0814
44,6,182,-32.3462
56,8,193,-32.0933
54,5,181,-32.3591
59,8,188,-32.484
35,6,91,-32.4396
56,23,198,-32.399
72,11,202,-32.3762
73,11,188,-32.0532
46,5,165,-32.0727
67,10,171,-31.8889
62,11,173,-31.8092
36,6,160,-32.6875
64,31,209,-32.1244
42,5,167,-32.3832
52,9,201,-32.4279
48,10,176,-32.1477
58,8,185,-32.1838
60,10,179,-32.0503
55,8,162,-32.3457
71,13,178,-31.927
49,9,220,-32.5
30,8,170,-32.4529
26,4,177,-32.5311
60,8,158,-32.3924
68,12,191,-31.9372
36,7,174,-32.4483
57,27,193,-32.2073
58,11,109,-31.5688
58,10,187,-32.0214
47,6,171,-31.883
64,9,193,-32.3316
44,15,171,-32.117
54,6,201,-32.5821
67,10,199,-32.2362
54,7,174,-32
56,9,179,-31.8436
73,12,109,-31.9908
27,5,195,-32.6872
83,17,191,-32.1885
23,3,195,-32.8308
26,6,137,-32.6715
37,8,158,-32.3734
25,3,148,-32.4932
29,5,215,-32.4744
36,4,165,-32.2121
26,7,136,-32.5441
24,4,150,-32.3267
27,5,141,-32.6525
39,8,142,-32.6268
22,3,145,-32.6345
32,6,162,-32.2716
41,7,157,-31.9236
27,10,165,-32.5394
48,9,170,-32.4529
50,26,162,-32.1235
39,7,163,-32.2209
27,4,140,-32.8214
20,3,127,-32.7165
52,17,184,-32.4239
60,20,140,-31.7643
28,4,180,-32.2611
63,34,174,-32.3161
64,13,184,-32.125
70,23,218,-31.8257
48,10,172,-32.5872
30,13,183,-32.3388
55,13,177,-32.4689
65,14,192,-32.026
60,17,196,-32.3418
62,21,187,-31.8396
54,14,163,-32.4479
58,16,178,-32.5506
65,23,193,-32.171
50,17,209,-31.9043
51,12,229,-32.3581
58,17,184,-32.25
27,1,191,-32.3403
55,4,173,-32.1387
44,3,180,-32.45
63,14,168,-32.2143
56,14,177,-31.8418
49,11,186,-32.7634
40,8,185,-32.0054
67,19,188,-32
52,12,195,-32.3231
23,2,179,-32.6704
58,18,187,-32.2246
59,16,186,-32.2903
71,33,199,-31.8945
69,25,187,-32.0428
68,28,107,-31.5234
27,3,154,-32.6104
58,17,197,-32.203
58,19,194,-32.299
34,7,158,-32.2658
66,26,108,-30.8056
38,5,217,-32.0184
67,46,191,-32.0157
28,2,179,-32.5196
42,8,176,-32.4034
60,13,222,-31.9234
39,0,196,-32.3878
38,15,119,-32.4538
54,15,202,-32.1782
55,13,190,-32.1211
65,46,174,-32.6494
56,11,189,-32.2328
25,3,118,-31.7288
59,18,179,-32.3575
42,7,184,-32.4674
46,18,164,-32.3415
44,13,207,-32.3285
54,15,202,-32.3564
64,27,212,-32.1415
62,33,198,-32.0101
31,7,111,-31.7477
45,13,185,-32.3946
32,18,96,-32.2604
34,20,111,-32.5766
27,7,135,-32.4296
28,8,177,-32.7853
27,8,72,-32.4167
36,10,153,-32.451
30,11,137,-32.7299
45,22,198,-32.2121
23,21,108,-31.9444
56,11,193,-32.0207
68,20,156,-31.641
56,23,185,-32.3892
25,3,188,-32.5426
39,1,200,-32.365
54,16,200,-32.04
57,14,208,-32.3317
60,20,196,-32.2653
56,18,203,-32.202
55,7,194,-32.2216
32,6,172,-32.5581
39,13,227,-32.2643
61,21,200,-31.985
22,0,154,-31.8377
43,6,187,-32.1337
50,7,188,-32.1968
54,7,201,-31.7811
49,9,184,-32.2065
47,6,187,-32.4866
47,8,193,-32.3109
47,15,186,-32.1828
46,9,180,-32.1
33,2,193,-32.1088
66,23,159,-32.3459
48,6,180,-32.3222
67,36,200,-31.965
29,3,173,-32.1445
59,19,347,-32.2709
53,17,173,-32.0751
47,10,184,-31.7228
23,4,164,-32.3354
49,6,184,-32.2989
58,23,191,-32.0681
50,9,188,-32.133
47,7,197,-32.0406
52,9,200,-31.92
54,21,187,-32.1283
50,5,181,-32.5028
42,10,200,-32.495
30,5,173,-32.1387
59,21,185,-32.3405
20,1,168,-32.8155
60,28,182,-32.044
40,6,167,-32.4371
44,0,191,-32.199
39,10,176,-32.2557
47,15,110,-31.3818
36,9,204,-32.75
24,9,155,-32.7742
57,28,177,-32.0734
59,13,188,-32.25
33,3,166,-32.4036
66,27,197,-31.7868
32,10,165,-32.4848
43,15,201,-32.1542
50,12,182,-32.5879
52,11,181,-32.2431
37,4,195,-32.5026
25,3,169,-32.1243
50,7,214,-32.271
59,23,184,-32.5109
60,18,202,-32.099
44,5,178,-31.9663
61,18,197,-32.1726
59,22,180,-32.2556
60,16,198,-32.0808
43,6,177,-31.9831
41,16,173,-32.3757
60,18,119,-31.9664
46,8,190,-32.3684
54,17,228,-32.0702
26,4,85,-32.2
46,12,207,-31.9903
40,2,169,-31.8521
42,9,86,-32.1628
41,6,174,-32.1379
36,7,188,-32.4574
32,6,96,-32.8021
46,4,182,-32.3571
48,9,184,-32.2011
30,8,176,-32.3977
47,13,164,-32.5793
38,4,193,-32.2746
34,5,119,-31.9328
48,6,174,-31.8161
29,27,77,-32.1299
57,18,191,-31.8534
38,17,100,-31.83
20,4,95,-32.2526
23,8,157,-32.5287
48,26,162,-32.4938
40,20,163,-32.4479
48,13,183,-32.5082
28,11,150,-32.8667
31,10,97,-32.2474
31,8,153,-32.2026
23,5,160,-32.3687
26,5,153,-31.8954
27,5,109,-32.0092
23,5,159,-32.4403
29,10,152,-32.4737
20,1,158,-32.8038
23,4,96,-32.5104
22,6,144,-32.4236
21,0,163,-32.1656
31,4,161,-32.1429
28,8,166,-32.1205
31,6,142,-32.1831
33,0,193,-32.342
46,0,107,-32.028
78,4,190,-31.8684
43,3,197,-32.3401
39,0,170,-32.2588
28,1,191,-32.6545
62,3,204,-32.2353
53,0,188,-32.2287
51,0,198,-32.6364
52,0,194,-32.3144
56,0,184,-32.0163
42,0,184,-32.0217
23,0,91,-32.3736
23,3,83,-32.2169
38,0,206,-32.5291
20,0,191,-32.5759
41,0,180,-32.3278
34,0,135,-32.5407
26,0,182,-32.3956
50,0,199,-32.0201
46,0,198,-31.9596
48,0,189,-32.1693
73,0,188,-32.1862
20,0,136,-32.6985
60,0,156,-32.0833
56,0,197,-32.2386
23,0,190,-32.7
42,0,188,-32.4628
60,0,200,-32.21
40,0,232,-32.2802
53,0,190,-32.2632
50,0,185,-32.3676
42,0,162,-32.5309
33,0,160,-32.7062
44,9,173,-32.2775
54,3,173,-32.1098
25,0,61,-31.6066
83,15,189,-32.0106
71,53,102,-31.7353
52,9,110,-31.9909
87,17,184,-32.1359
43,0,175,-32.1714
59,6,178,-31.7022
76,14,187,-32.2246
71,31,186,-32.1129
56,9,196,-32.2704
62,6,189,-32.0423
37,9,101,-31.6931
25,0,190,-32.2263
56,5,179,-32.1788
40,2,187,-32.3636
61,3,185,-32.1135
46,11,163,-32.319
66,38,180,-32.3389
66,11,187,-32.4118
46,8,175,-32.4229
36,9,155,-32.6968
25,2,143,-32.3147
40,7,211,-32.436
57,5,177,-32.2938
57,11,179,-32.3352
45,6,184,-32.1848
63,10,180,-31.9722
51,5,176,-32.25
54,6,187,-32.0374
54,6,189,-32.127
68,11,196,-32.1071
56,5,175,-32.3143
69,8,180,-32.2333
53,8,181,-32.453
46,20,174,-32.5057
77,11,195,-31.6821
70,12,176,-32.3068
57,6,187,-32.2086
37,5,177,-32.5819
36,7,166,-32.2711
67,0,148,-31.8649
52,4,181,-32.1989
62,9,195,-32.4154
57,6,211,-32.3507
55,3,166,-32.3072
47,6,176,-32.2273
57,4,204,-32.3529
42,3,202,-32.1832
55,4,193,-32.2642
54,7,202,-32.4752
43,2,187,-32.5882
50,4,199,-32.2864
70,7,190,-32.4947
63,11,179,-31.9665
27,0,61,-31.8361
57,7,205,-32.0049
50,13,199,-32.4774
56,5,174,-32.3161
30,8,159,-32.4151
35,13,165,-32.4182
37,8,132,-32.3788
22,4,144,-32.8403
33,5,134,-32.5746
21,0,148,-32.6622
21,0,145,-32.4759
62,14,163,-32.0245
47,34,176,-32.4091
57,0,181,-31.8729
62,0,178,-32.0506
54,0,187,-32.2888
51,0,187,-32.4439
54,0,214,-32.2009
69,0,189,-32.0053
42,0,172,-32.2267
50,0,178,-31.9326
27,0,53,-32.2642
49,0,178,-32.2416
75,0,187,-32.2032
27,0,154,-32.5519
78,0,193,-31.886
40,0,164,-32.5488
60,0,192,-32.1458
57,0,101,-32.1089
34,0,64,-31.875
52,0,166,-31.9699
30,0,146,-32.4521
32,0,63,-32.2063
55,0,205,-32.1366
83,0,199,-32.2965
66,0,179,-31.9274
69,0,203,-32.4532
42,0,200,-32.365
57,0,170,-32.4176
75,0,183,-32.1421
73,0,180,-31.9722
73,0,190,-32.0158
57,0,187,-32.3048
62,0,172,-31.5814
40,0,206,-32.4951
68,0,203,-31.936
34,0,70,-32.5
73,0,193,-31.9948
52,0,192,-32.2865
21,0,60,-31.9167
56,0,186,-32.0968
45,0,171,-32.1462
62,0,185,-32.1946
53,0,200,-31.865
39,0,54,-31.6481
42,0,82,-31.8902
25,0,187,-32.5455
60,0,108,-32.0833
63,0,193,-31.8549
67,0,196,-32.2755
32,0,67,-32.1045
59,0,208,-32.0481
52,0,192,-32.2552
60,0,196,-32.2245
58,0,180,-32.0833
24,0,59,-31.5424
80,0,179,-31.676
56,0,188,-32.3191
62,0,192,-32.2812
50,0,202,-32.1089
62,0,184,-32.3967
62,0,198,-32.0909
51,0,168,-31.8988
69,0,186,-31.7312
66,0,181,-31.7017
37,0,170,-32.0471
68,0,196,-32.2398
65,0,193,-32.1503
20,0,215,-32.5349
42,0,119,-32.1597
27,0,133,-32.4812
36,0,98,-32.2959
22,0,61,-32.377
35,0,155,-32.5742
25,0,144,-32.5069
49,0,159,-32.3145
34,0,153,-32.8366
22,0,85,-32.6471
74,0,193,-32.2953
29,1,177,-32.322
67,0,190,-31.7421
50,0,172,-32.0988
59,0,202,-32.1089
35,0,191,-32.4136
75,0,179,-31.5531
59,0,187,-32.0749
22,0,161,-32.6211
33,0,84,-31.9405
22,0,134,-32.6866
28,0,156,-32.5897
20,0,177,-32.6836
67,0,200,-32.12
23,0,160,-32.6812
75,0,187,-32.0535
62,0,184,-32.5489
58,0,180,-32.2
47,0,156,-32.4487
47,0,183,-32.0765
48,0,138,-32.2826
60,0,174,-32.1034
62,0,194,-32.0412
23,0,183,-32.5191
41,0,172,-32.436
38,0,62,-31.9032
53,0,182,-32.2308
49,0,182,-32.0385
57,0,189,-32.0688
73,0,190,-32.3211
58,0,183,-32.5628
71,0,185,-31.9514
53,0,187,-32.1765
65,0,203,-31.9754
63,0,185,-31.5892
68,0,185,-31.7946
64,0,207,-32
75,0,191,-32.0419
32,0,72,-31.7778
46,0,95,-31.6632
64,0,105,-32.1524
31,0,148,-32.5405
21,0,161,-32.6398
28,0,131,-32.5649
28,0,76,-32.2237
37,0,85,-32.5882
22,0,62,-32.2258
41,0,177,-32.2994
26,0,147,-32.619
21,0,133,-32.5188
23,0,170,-32.6235
23,0,154,-32.7987
36,0,161,-32.3913
43,0,208,-32.3173
35,0,174,-32.6207
73,0,208,-32.5385
54,0,200,-32.075
67,0,189,-32.0635
68,0,200,-32.035
68,0,174,-31.8908
56,0,191,-31.9319
82,0,195,-31.9077
60,0,188,-32.1649
59,0,181,-32.221
63,0,178,-31.9944
56,0,201,-32.398
64,0,194,-31.9485
37,0,63,-32.2063
75,0,188,-31.7766
63,0,187,-32.2888
74,0,202,-32.2475
51,0,173,-32.3873
43,0,180,-32.1222
42,0,188,-32.2447
51,0,169,-32.1065
31,0,63,-31.7143
59,0,106,-32.2736
57,0,182,-31.9505
60,0,181,-32.2818
30,0,168,-32.5179
35,0,59,-31.5254
60,0,197,-32.132
60,0,186,-31.7903
62,0,191,-32.4241
62,0,186,-32.2204
64,0,173,-32.0578
69,0,182,-32
45,0,168,-32.0893
61,0,169,-31.8698
46,0,112,-32.1518
35,0,180,-32.5222
22,0,188,-32.5798
24,0,145,-32.7724
50,0,175,-32.0171
39,0,103,-32.5631
25,0,153,-32.8758
21,0,131,-32.458
29,0,74,-32.0811
24,0,152,-32.7171
60,0,137,-31.292
60,0,188,-32.0053
56,0,190,-31.9842
36,0,237,-32.6498
71,0,191,-31.9529
59,0,200,-32.305
23,0,139,-32.554
28,0,148,-32.6216
25,0,164,-32.5915
36,0,117,-32.3333
60,0,192,-32.0208
59,0,211,-32.2085
48,0,189,-32.2222
67,0,183,-32.2186
87,0,193,-31.9378
76,0,190,-32.2895
85,0,191,-31.5445
66,0,188,-32.0691
69,0,175,-32.1543
72,0,189,-31.6614
68,0,187,-32.1872
71,0,186,-32.1828
70,0,199,-32
73,0,213,-32.1033
48,0,196,-32.5867
59,0,190,-32.1895
61,0,180,-32.5667
72,0,189,-31.7937
73,0,179,-31.8659
55,0,195,-32.1128
66,0,176,-32.0909
30,0,218,-32.7752
43,0,205,-32.478
50,0,168,-32.1131
75,0,208,-32.2981
59,0,194,-32.0825
49,0,181,-32.3149
62,0,186,-32.2742
52,0,202,-32.4653
36,0,170,-32.6118
75,0,176,-31.6307
64,0,170,-31.8765
38,0,189,-32.0847
37,0,155,-32.4581
40,0,152,-32.2566
57,0,191,-31.8272
53,0,183,-31.9672
69,3,196,-32.1173
36,0,176,-32.4205
50,0,167,-31.976
24,0,139,-32.6259
32,0,143,-32.6154
