26,0,56,-32.4643
36,0,71,-32.3662
57,0,191,-32.7592
55,0,107,-32.0561
37,0,149,-32.4631
73,0,182,-32.3901
34,0,74,-32.3243
26,0,61,-32.4098
60,0,178,-32.2303
30,0,181,-32.3591
58,0,118,-31.9322
41,0,108,-31.9074
46,0,111,-32.4324
61,0,109,-31.945
47,0,113,-32.4071
62,0,184,-31.8207
32,0,66,-32.0303
62,0,112,-31.9375
38,0,68,-32.4559
47,0,159,-32.1887
31,0,95,-31.5158
62,0,182,-32.2582
70,0,108,-31.9074
30,0,59,-32.1695
47,0,118,-31.9322
43,0,185,-32.2703
35,0,74,-32.0811
56,0,109,-32.1927
31,0,69,-32.0145
45,0,173,-32.3179
34,0,67,-32.0448
39,0,89,-32.1798
50,0,200,-32.45
68,0,115,-32.0174
25,0,74,-31.7973
63,0,104,-31.7019
57,0,101,-32.396
64,0,120,-32.3333
27,0,190,-32.5632
35,0,88,-32.3409
45,0,161,-31.882
61,0,121,-31.8595
25,0,83,-32.6988
65,0,119,-32.1092
24,0,68,-32.4853
54,0,159,-32.6226
70,0,121,-32.2645
52,0,114,-32.4474
52,0,119,-32.3782
25,0,85,-32.0353
34,0,84,-32.0595
33,0,96,-32.1458
50,0,179,-32.4469
28,0,140,-32.65
42,4,181,-32.4199
71,13,118,-32.2119
47,0,109,-31.9358
77,14,115,-31.5565
35,4,114,-32.4649
65,11,112,-32.0089
31,0,63,-32.7619
59,8,115,-32.287
44,3,99,-31.6667
57,5,117,-32.4786
49,3,112,-32.375
37,3,196,-32.3316
27,2,87,-32.3333
56,0,186,-32.5591
21,2,117,-33
46,0,190,-32.2947
31,0,98,-32.1224
45,0,185,-32.0108
45,0,97,-32.1959
71,0,197,-32.5838
49,0,204,-32.0882
42,0,170,-32.2353
34,0,186,-32.2903
49,0,170,-31.8059
42,0,108,-32.3519
41,0,178,-32.6236
25,0,95,-32.1368
59,0,195,-32.3538
57,0,113,-32.3009
27,0,95,-32.2
68,0,159,-32.3962
55,0,108,-31.9444
39,0,100,-32
39,0,213,-32.3192
43,0,146,-32.2397
41,0,184,-32.3424
33,0,152,-32.0329
21,0,157,-32.5032
44,0,117,-32.4701
42,0,162,-31.8086
42,0,171,-32.5439
48,0,140,-32.0071
43,0,112,-31.9554
38,0,188,-32.2447
56,0,197,-32.1574
41,0,144,-31.75
34,0,169,-31.9586
25,0,74,-31.9459
52,0,159,-31.7862
59,0,159,-32.2579
21,0,68,-32.7059
40,0,227,-32.4978
43,0,186,-32.4677
38,0,174,-32.4885
41,0,122,-32.2541
59,0,112,-32.2411
21,0,151,-32.1854
36,0,192,-32.1979
31,0,166,-32.3795
27,0,196,-32.3724
38,0,155,-32.4645
24,0,114,-32.0789
37,0,180,-32.4944
35,0,125,-32.352
37,0,113,-32.2832
25,0,105,-32.3905
44,0,103,-32.1262
23,0,107,-32.4486
24,0,196,-32.2653
22,0,159,-32.9937
22,0,1284,-32.5576
27,0,172,-32.0814
52,0,104,-31.8462
50,0,117,-31.9402
59,0,116,-32.1638
31,0,174,-32.069
44,0,103,-32.2136
25,0,97,-32.3196
43,2,124,-32.1048
33,3,97,-32.1443
23,10,65,-32.2615
22,27,61,-31.7869
29,3,161,-32.4596
27,0,57,-31.9649
27,0,223,-32.3543
24,0,151,-32.1656
30,0,109,-32.0734
47,0,176,-32.4034
24,0,74,-32.0405
41,0,108,-32.5278
28,0,66,-32.3939
26,0,55,-31.9091
35,0,95,-32.5789
23,0,118,-31.7034
20,8,53,-32.6604
21,0,70,-31.9
20,0,62,-32.7419
24,0,200,-32.82
53,0,198,-32.2121
27,0,61,-32.1803
33,0,102,-32.1471
36,0,114,-32.2105
31,0,108,-32.4352
59,0,182,-32.1264
24,0,102,-32.402
52,0,197,-32.3147
60,0,178,-31.9663
56,0,194,-32.2784
29,0,117,-32.0256
51,0,118,-32.322
57,0,175,-32.5486
35,0,182,-32.5989
39,0,183,-32.235
40,0,107,-31.9346
50,0,212,-32.0849
36,0,185,-32.2595
42,0,101,-32.5149
32,0,173,-32.3757
30,0,96,-32.1875
41,0,130,-32.6385
50,0,101,-32.0495
30,0,84,-32.0357
20,0,415,-32.9494
29,0,172,-32.564
25,0,65,-32.4308
27,0,165,-32.3818
21,0,106,-31.9906
22,0,1937,-32.9897
23,0,215,-32.1581
26,0,176,-32.5625
45,0,179,-32.2682
33,0,78,-32.0897
36,0,159,-32.3899
45,0,188,-32.1649
31,0,123,-32.0081
39,0,112,-32.2143
38,0,113,-31.7788
35,0,110,-32.0636
38,0,103,-32.2233
34,0,193,-32.2539
34,0,115,-32.287
29,0,100,-32.22
33,0,108,-32.4907
20,0,197,-32.2437
26,0,115,-32.4783
21,0,43,-32.7209
23,0,187,-32.6043
25,0,64,-32.2656
66,2,107,-32.7477
26,0,41,-31.7805
48,0,178,-32.1742
74,0,195,-32.0205
57,0,177,-32.6215
65,0,209,-32.2919
40,0,166,-32.2651
30,0,164,-32.3841
53,0,116,-32.3621
43,0,118,-32.2797
26,0,81,-32.7531
51,3,107,-32.3645
28,0,182,-32.4451
29,0,65,-32.2769
24,0,66,-32.5758
71,0,110,-32.0182
50,0,73,-32.4247
26,0,54,-32.7778
34,0,49,-32.0816
38,0,172,-32.25
26,0,126,-32.1111
28,0,61,-32.2295
44,0,187,-32.1818
59,0,159,-32.0252
21,0,154,-32.5325
36,2,187,-32.1176
33,0,173,-32.5896
29,0,110,-32.3455
54,0,109,-32.2752
20,0,156,-31.9808
46,0,198,-32.2727
45,0,199,-32.4121
38,4,184,-32.3859
53,0,186,-32.3548
64,0,113,-32.1593
50,4,174,-32.1667
45,0,198,-32.3838
52,3,110,-32.6182
27,50,69,-31.7681
22,25,61,-32.2131
60,0,114,-31.8684
65,0,116,-31.7672
58,0,179,-32.324
30,0,99,-32.4444
20,0,1802,-32.7109
27,0,180,-32.3278
26,0,67,-32.5672
22,0,568,-32.6901
39,0,168,-32.0298
65,0,112,-32.2589
42,0,189,-32.6561
40,0,162,-32.6049
55,0,214,-32.5047
21,0,73,-32.589
35,0,148,-32.1081
63,0,120,-31.7667
65,0,114,-31.8684
46,0,113,-32.0442
58,0,186,-32.328
20,0,54,-32.1852
35,0,89,-32.427
45,0,175,-31.9829
64,0,178,-32.264
57,0,123,-32.187
33,0,130,-32.6769
69,0,181,-32.3702
46,0,205,-32.3366
40,0,171,-32.5673
25,0,70,-32.7857
72,0,108,-32.25
59,0,194,-31.6443
72,0,171,-32.3275
42,0,168,-32.3155
60,0,112,-32.3036
42,0,175,-32.2114
38,0,164,-32.3415
52,0,89,-32.2809
56,0,114,-31.8246
38,0,191,-32.267
37,0,154,-32.5325
34,0,80,-32.3
44,0,174,-32.2931
51,0,199,-32.196
25,0,119,-31.6555
27,0,63,-31.4603
25,0,66,-32.9394
40,0,110,-31.9455
35,0,172,-32.5291
41,0,110,-32.2091
21,0,75,-32.4133
23,2,72,-32.8611
38,0,108,-32.4259
35,0,85,-32.2824
25,0,146,-32.7192
49,0,104,-32.3365
31,0,64,-32.5
38,0,60,-32.55
35,0,114,-32.614
33,0,194,-32.4691
27,0,86,-32.093
31,0,192,-32.4062
39,0,117,-31.8718
43,2,178,-32.0674
38,0,117,-32.5299
31,0,176,-32.608
33,0,84,-32.1429
41,0,119,-32.2605
48,2,123,-31.9106
26,0,126,-32.2778
33,0,109,-32.2844
54,6,178,-32.1573
22,2,184,-32.2935
28,0,179,-32.3184
45,0,163,-32.2515
61,2,121,-32.1653
43,0,107,-32.1028
24,0,80,-32.1375
26,0,57,-30.9649
27,0,77,-31.6753
50,0,119,-31.7983
46,0,173,-32.4451
56,0,206,-32.0825
48,0,103,-32.1553
71,0,195,-32.1744
47,0,168,-32.1369
46,0,175,-32.1886
53,0,187,-32.107
50,0,171,-32.0877
24,0,201,-32.8209
24,9,78,-31.9103
29,0,180,-32.5722
58,15,120,-32.225
20,0,86,-32.2791
44,0,108,-32.5185
25,0,84,-32.1548
33,0,194,-32.6753
24,0,170,-32.3588
41,0,121,-32.3223
37,0,144,-32.6319
45,0,112,-32.2321
28,0,114,-32.0175
40,0,108,-32.7315
37,0,171,-32.5614
33,0,104,-32.2308
43,0,103,-32.5728
28,0,103,-32.0874
24,10,82,-32.4512
40,0,163,-32.4908
45,0,98,-32.3469
26,0,80,-32.525
24,0,69,-32.2899
27,0,109,-32.2294
43,0,100,-32.29
38,0,113,-31.9735
22,31,123,-32.5203
27,0,110,-32.5364
57,0,113,-32.1681
26,0,67,-32.791
23,0,77,-32.5714
31,0,113,-32.2743
49,0,186,-32.8495
38,0,180,-32.2611
57,0,172,-32.3198
32,0,74,-32.3243
28,4,83,-31.9277
22,0,184,-32.2772
56,13,112,-32.0536
20,0,94,-32.234
21,0,90,-32.5
28,2,79,-32.2911
49,0,179,-32.1899
30,0,104,-32.2692
33,0,80,-31.8125
38,2,180,-31.9889
33,0,62,-32.5806
20,0,66,-32.5455
46,0,83,-32.1928
46,0,109,-31.844
39,0,177,-32.5311
33,0,78,-32.5769
21,0,25,-29.56
28,0,59,-32.5932
21,0,75,-32.4
54,0,117,-32.453
44,0,180,-32.4167
66,0,110,-32.5364
51,0,103,-32.4951
49,0,177,-32.4746
31,0,78,-32.0256
33,0,161,-31.9068
44,0,87,-31.4483
23,0,82,-32.4024
48,0,90,-32.6111
69,0,117,-32.4444
25,0,88,-32.5114
39,0,131,-32.1145
40,0,83,-32.3373
34,10,80,-31.9625
29,0,81,-32.4938
49,0,115,-32.313
39,0,84,-31.6667
22,39,77,-32.2727
21,46,78,-32.2179
22,0,63,-32.7619
20,3,854,-32.8653
76,0,111,-32.4775
27,0,178,-32.6011
54,0,110,-31.8182
30,0,129,-32.6047
22,0,79,-31.7468
47,0,181,-31.9282
25,0,88,-32.4886
61,3,183,-32.1967
33,10,83,-32.7349
30,6,80,-32.775
25,3,96,-32.4375
24,9,81,-32.3704
39,9,109,-32.367
54,14,122,-32.0328
20,0,103,-32
21,60,91,-32.1319
35,0,71,-31.9437
35,0,90,-31.8667
33,0,175,-32.5143
31,0,81,-32.3704
22,0,168,-32.5
34,0,86,-32.186
71,0,119,-32.7647
21,0,74,-32.5405
35,0,202,-32.4059
29,0,164,-32.7866
30,0,73,-31.3014
52,0,119,-32.1429
39,0,76,-32.3684
36,0,83,-32.1928
23,0,122,-32.6393
25,0,161,-32.5093
39,12,84,-31.8571
22,3,151,-32.2053
25,0,78,-32.1667
48,0,104,-32.4038
21,6,72,-32.5139
26,18,59,-32.1864
57,0,171,-32.2281
25,0,82,-32.4024
37,0,82,-32.2439
21,0,56,-32.6607
20,0,60,-31.95
55,0,192,-32.5625
49,0,148,-31.5811
48,0,199,-32.5075
37,0,74,-32.1757
38,0,171,-31.9766
57,0,188,-32.266
49,0,116,-32.431
62,0,107,-32.3178
52,0,109,-32.2844
54,0,119,-32.1261
31,9,77,-32.3896
70,0,110,-32.8636
36,0,185,-32.5405
75,3,119,-32.5462
24,0,104,-32.0865
56,0,222,-32.2207
40,0,111,-32.5405
63,0,108,-32.0278
48,0,184,-32.5109
54,0,112,-32.1518
26,0,62,-32.7903
69,0,215,-32.1488
47,0,117,-32.5385
64,0,109,-32.4037
34,0,84,-32.2381
32,0,85,-32.3765
38,0,85,-31.5647
52,0,102,-32.3922
32,0,94,-32.766
60,0,107,-32.6355
46,0,101,-32.3168
37,0,80,-31.575
36,0,80,-32.1875
28,0,112,-32.5893
25,0,33173,-32.9888
61,0,121,-32.4876
30,0,70,-31.7286
73,0,118,-32.3898
39,0,78,-32.3462
23,0,99,-32.3232
45,0,164,-32.5183
40,8,171,-31.9123
39,0,79,-31.9494
31,0,70,-31.6571
28,10,70,-32.5429
21,0,71,-32.7183
38,0,152,-32.5197
63,0,118,-32.2458
50,0,99,-32.4646
39,2,112,-32.75
29,0,109,-32.5321
82,0,197,-32.467
41,0,150,-32.5333
69,0,111,-32.3333
86,0,115,-32.3217
73,0,188,-32.2074
45,0,95,-32.1053
37,0,117,-32.0427
43,0,81,-32.321
73,0,109,-32.0917
52,0,87,-31.5057
32,0,184,-32.5272
52,0,167,-31.976
31,0,54,-32.8148
27,0,61,-32.4754
52,0,170,-32.6529
62,0,108,-32.4167
60,0,191,-32.0524
37,0,85,-32.0118
64,0,109,-32.6881
80,0,192,-32.5885
57,0,113,-31.7699
42,0,156,-32.6474
73,0,187,-32.1765
58,0,112,-32.0357
57,0,167,-32.3413
56,0,152,-32.0329
42,0,90,-32.6
63,0,187,-32.6203
74,0,111,-32.5586
83,0,174,-32.1609
24,0,36,-32.4722
45,0,115,-32.0348
68,0,177,-32.2147
57,0,202,-32.4505
56,0,110,-32.6364
75,0,176,-32.267
65,0,186,-32.414
44,0,102,-32.2353
59,0,114,-31.9386
57,0,158,-32.4494
74,0,118,-32.3729
56,0,167,-32.3054
55,0,93,-32.1398
65,0,114,-32.4825
69,0,107,-32.6822
55,0,176,-32.5852
66,0,185,-32
78,0,201,-32.1144
66,0,182,-32.2692
54,0,177,-32.4802
60,0,174,-32.3908
67,0,195,-32.1436
69,0,155,-32.4774
57,0,124,-32.3468
50,3,160,-32.0375
46,0,186,-32.7151
64,0,182,-32.544
70,0,170,-32.1353
91,0,116,-32.3448
45,0,71,-32.3099
68,0,119,-32.1681
44,0,75,-32.6533
52,0,164,-32.5671
63,0,108,-32.1852
42,0,105,-32.3619
69,0,183,-32.4262
76,0,182,-32.4286
58,0,85,-32.6824
42,0,118,-32.1441
87,0,214,-31.8458
74,0,175,-32.36
50,0,170,-32.5294
60,0,118,-32.5
37,0,83,-32.494
53,0,205,-32.8
55,0,137,-32.5766
79,0,213,-32.2958
62,0,107,-32.1308
58,0,183,-32.4372
66,0,180,-32.1944
53,6,162,-32.4074
59,0,168,-32.4107
66,0,185,-32.4541
63,0,193,-32.6528
83,0,182,-32.4176
47,0,108,-32.8519
68,0,179,-32.486
49,0,181,-32.2707
68,0,181,-32.3923
75,0,196,-32.2449
55,0,187,-32.3583
66,0,168,-32.2798
60,0,171,-32.6374
53,0,156,-32.6218
64,0,127,-32.1969
75,0,187,-32.2995
70,0,184,-32.3913
45,0,82,-32.4756
67,0,219,-32.411
53,2,129,-31.8992
77,0,206,-32.6068
64,0,107,-32.4486
71,0,181,-32.453
60,0,183,-32.4153
67,0,176,-32.4148
82,0,192,-32.6302
27,0,161,-32.5155
70,0,108,-32.3333
52,2,106,-31.8396
61,0,181,-32.2486
53,3,193,-32.1244
40,0,68,-32.8382
62,0,168,-32.625
75,0,140,-32.3643
50,0,94,-32.6489
47,0,98,-32.1837
58,0,84,-32.2143
44,0,164,-32.2622
64,0,189,-32.5661
53,0,119,-32.2773
48,0,86,-32.3953
75,0,167,-32.1497
72,0,118,-32.1102
49,0,186,-32.1075
75,0,178,-32.2753
38,0,105,-31.981
51,0,101,-32.3168
83,0,117,-32.2735
58,0,199,-32.5176
76,0,110,-31.7545
70,0,112,-32.4375
61,0,87,-32.5057
67,0,174,-32.4655
63,0,112,-32.3839
60,0,116,-32.7241
37,0,71,-32.0141
62,0,105,-32.4095
26,0,146,-32.9178
20,0,54,-32.6852
48,0,102,-32.6176
38,0,169,-32.645
45,0,182,-32.4341
69,0,101,-31.9604
62,0,116,-32.5431
44,0,173,-32.3353
36,0,102,-32.2843
73,0,122,-32.2377
63,0,110,-32.3727
34,0,68,-32.4853
63,0,110,-32.3818
38,0,87,-31.8621
30,0,89,-32
36,0,69,-31.9565
44,0,195,-32.3949
78,0,178,-32.5506
37,0,89,-32.4831
47,0,89,-31.5393
54,0,162,-32.679
31,0,77,-32.3896
81,0,117,-32.2906
66,0,119,-32.437
70,0,108,-32.2593
68,0,108,-31.9907
44,10,160,-32.5562
34,0,157,-32.5605
28,0,105,-32.4667
45,10,106,-32.3396
43,0,181,-32.3315
73,0,178,-32.0787
69,0,173,-31.8092
54,0,181,-32.5249
23,0,182,-32.6209
60,0,181,-32.3757
39,0,154,-32.2792
55,0,111,-32.4505
78,0,157,-32.2102
88,0,189,-32.1958
87,0,207,-32.3961
74,0,108,-32.213
73,0,91,-31.7253
63,0,173,-31.8439
59,0,201,-32.2637
63,0,195,-32.4615
58,0,115,-32.3217
53,0,89,-32.3034
68,0,113,-32.2566
67,0,204,-32.6029
68,0,103,-32.0291
83,0,188,-32.5372
78,0,186,-31.9355
60,0,184,-32.5435
90,0,190,-32.2474
84,0,193,-32.1088
82,0,185,-32.6811
64,0,118,-32.6017
73,0,190,-32.0737
59,0,187,-32.4866
81,0,189,-32.5556
73,0,113,-32
66,0,110,-32.5636
45,0,154,-32.4091
64,0,119,-31.7395
31,0,100,-32.14
77,0,161,-32.323
79,0,118,-32.4492
59,0,93,-32.3226
64,0,106,-32.1509
65,0,92,-32.4457
28,3,63,-32.3651
43,0,82,-31.7561
26,0,50,-32.3
71,0,188,-32.3617
23,0,125,-32.664
71,0,189,-32.5238
76,0,112,-31.9911
59,0,189,-32.1799
87,0,122,-32.4836
81,0,196,-32.2449
45,0,180,-32.6778
52,0,178,-32.427
37,3,192,-32.7135
25,0,58,-31.569
50,0,206,-32.8107
57,0,169,-32.4675
59,0,193,-31.9171
67,0,173,-32.3988
68,0,183,-31.9672
69,0,181,-32.5028
76,0,155,-32.4581
70,0,144,-32.6667
55,0,176,-32.25
52,0,111,-32.3964
73,0,118,-32.339
64,0,112,-31.9196
81,0,192,-32.276
59,0,183,-32.3989
73,0,181,-32.5193
43,0,108,-32.9537
59,0,164,-32.561
62,0,106,-32.0943
67,0,173,-32.2197
52,0,187,-32.4545
73,0,168,-32.4167
61,0,198,-32.2475
54,0,188,-32.5213
64,0,175,-32.4
40,0,53,-32.8679
51,0,151,-32.1722
80,0,233,-32.4506
63,0,90,-32.3667
66,0,172,-32.6047
37,0,133,-32.4962
62,0,110,-32
87,0,117,-32.1709
72,0,179,-32.3073
71,0,165,-32.1697
50,0,193,-32.5596
88,0,117,-31.906
88,0,182,-32.1264
55,0,110,-32.5364
55,0,158,-32.5253
57,0,192,-32.0677
71,0,192,-31.9479
63,0,107,-32.4953
57,0,179,-32.6816
39,0,167,-32.6946
62,0,92,-32
74,0,112,-32.2321
45,0,84,-32.0833
87,0,119,-32.3866
32,0,66,-32.5909
55,0,108,-32.4537
48,0,171,-32.4678
43,0,157,-32.7389
31,0,78,-32.6795
35,14,66,-32.7424
42,0,194,-32.2474
55,0,110,-32.4909
59,0,189,-32.3228
61,0,111,-32.5135
62,0,192,-32.5521
60,0,181,-32.2818
63,0,171,-32.4678
60,0,184,-32.3696
51,0,90,-32.3778
66,0,191,-32.3874
45,0,112,-32.0982
57,0,175,-31.7886
30,0,39,-31.2051
68,0,191,-32.288
39,0,71,-32.1549
65,0,109,-31.9725
22,0,155,-32.5355
34,0,187,-32.5882
65,0,168,-32.381
65,0,178,-31.809
75,0,178,-32
71,0,178,-32.2079
47,0,174,-32.477
60,0,180,-32.3778
49,0,63,-32.0794
34,0,158,-32.4177
40,0,184,-31.7228
26,0,68,-32.5294
70,0,173,-32.4509
20,0,73,-32.2466
40,0,119,-32.5966
44,0,127,-32.1575
46,0,156,-32.4551
64,0,183,-32.3825
47,0,201,-32.6667
44,0,183,-32.153
67,0,167,-32.2934
58,0,162,-32.321
60,0,210,-32.4952
45,0,83,-31.6988
64,0,195,-32.4821
52,0,88,-32.8864
30,0,110,-32.2182
34,0,72,-32.5694
78,0,168,-32.4643
31,0,212,-32.3726
35,0,84,-32.2976
29,0,81,-32.2222
37,0,193,-32.7617
32,0,74,-32.4054
50,0,114,-32.6579
55,0,110,-32.7727
55,0,103,-32.0874
30,0,82,-32.4024
56,0,120,-32.3167
54,0,107,-32.5421
53,0,104,-32.0769
45,0,112,-32.5804
52,0,117,-31.9402
23,0,65,-32.2308
26,0,52,-32.5192
25,0,77,-32.2338
22,0,163,-32.2761
22,0,79,-31.6456
25,0,58,-32.1552
27,0,116,-32.1466
34,0,106,-32.3019
25,0,110,-32.0909
49,0,189,-32.5397
33,0,175,-32.7086
26,0,60,-32.4333
29,3,96,-32.2083
20,0,70,-32.2857
23,17,78,-32.1923
24,9,62,-32.3065
50,2,117,-31.9829
33,0,70,-32.5857
31,0,176,-32.3807
38,0,249,-32.502
25,0,83,-32.5783
26,0,121,-32.2479
38,0,109,-32.0367
47,4,187,-32.5936
44,0,162,-32.2716
23,0,92,-32.6413
28,0,80,-32.4875
26,0,51,-32.1569
31,1,104,-32.4712
30,0,72,-31.8472
49,0,174,-32.3563
45,0,188,-32.3936
65,0,168,-32.1607
27,0,185,-32.3946
32,0,169,-32.3846
47,0,191,-32.5236
33,0,204,-32.3284
37,0,177,-32.1977
55,0,118,-32.3559
30,0,158,-32.2975
35,0,85,-32.2235
29,0,86,-32.2907
57,0,189,-32.3122
43,0,174,-32.023
51,0,171,-31.8596
43,3,195,-32.1897
21,0,172,-32.0698
35,0,86,-32.2442
52,0,191,-32.2356
68,0,199,-32.593
39,0,191,-32.2147
52,0,111,-32.2883
61,0,114,-31.6667
20,0,83,-31.8795
25,4,628,-32.8312
26,0,78,-31.5385
42,22,79,-32.3544
41,0,119,-32.6387
23,0,109,-32.3303
46,0,199,-32.4824
20,0,157,-32.2293
24,0,99,-32.4444
34,0,177,-32.2655
27,1,185,-32.0757
50,0,180,-32.35
47,0,108,-32.1296
56,0,185,-32.3081
51,0,170,-32.3176
67,0,205,-32.2488
42,0,107,-31.9533
75,0,174,-31.8448
41,0,187,-32.3904
25,0,174,-32.2069
39,5,109,-32.055
61,0,108,-32.3148
65,0,176,-32.6477
32,0,74,-32.4189
44,0,87,-32.3678
24,0,111,-32
63,0,166,-32.5783
55,0,120,-31.7667
35,0,103,-32.1942
50,0,115,-32.2174
29,0,182,-32.2967
70,0,118,-32.2966
55,0,180,-32.0056
39,0,171,-32.3684
60,0,110,-32.6273
57,0,184,-32.375
57,0,178,-32.4494
43,0,159,-32.3774
56,0,116,-32.1983
40,0,172,-32.4128
56,0,170,-32.4235
68,0,112,-31.9196
55,0,173,-32.3815
46,0,113,-31.9646
45,0,153,-32.4248
79,0,162,-32.3457
40,0,104,-32.0865
46,0,111,-32.4414
21,0,197,-32.4264
55,0,202,-32.0396
54,0,198,-32.1717
51,0,175,-32.3429
48,0,215,-32.4558
55,0,124,-31.7903
30,0,101,-32.5347
33,0,108,-32.0741
30,0,111,-31.5946
27,0,143,-32.2727
51,0,184,-32.3913
34,0,190,-32.3158
48,0,160,-32.2563
93,0,121,-32.2314
39,0,158,-31.9873
33,0,160,-32.4562
61,0,190,-32.5947
23,0,154,-31.9545
37,0,174,-32.477
41,2,176,-32.1705
62,0,207,-32.43
44,0,108,-32.7037
40,0,182,-32.6429
38,0,172,-32.3663
53,0,111,-32.2973
50,0,170,-32.3824
68,0,113,-32.0442
68,0,107,-32.3645
49,0,90,-31.8
60,0,170,-32.5471
65,0,116,-32.1121
38,0,105,-32.2857
51,0,114,-31.7719
45,0,167,-32.012
45,0,84,-32.1548
35,0,191,-32.5445
20,0,81,-32.5802
24,0,154,-32.7468
62,0,122,-31.9754
55,0,171,-32.4971
79,0,178,-32.1685
49,0,173,-32.3179
38,0,104,-32.2404
21,0,106,-32.3679
60,0,167,-32.3533
42,0,112,-32.6339
32,0,84,-32.2619
36,0,79,-31.9873
36,0,91,-32.3187
62,0,114,-32.0439
31,0,96,-31.8542
37,0,175,-32.7086
43,0,194,-32.6546
76,0,206,-32.0485
61,0,182,-32.2747
39,0,151,-32.4238
23,0,86,-31.8488
39,0,90,-32.2444
40,0,145,-31.7448
57,0,179,-32.0335
30,0,89,-32.2584
52,0,188,-32.2394
54,0,165,-32.3758
67,0,113,-32.531
39,0,84,-32.4643
31,0,75,-31.6667
62,0,195,-32.2308
27,0,59,-32.3729
59,0,162,-32.4877
30,0,160,-32.075
31,0,88,-32.1364
60,2,184,-32.4348
31,0,82,-32.5122
56,0,112,-32.1786
23,0,99,-32.2323
63,0,173,-32.1618
74,0,115,-31.9391
32,0,81,-31.9012
30,0,83,-32.3855
38,1,126,-32.1825
22,0,89,-31.8876
53,0,198,-32.6162
20,3,125,-32.64
21,1,154,-32.5844
31,0,140,-32.65
85,0,124,-32.2097
68,0,184,-32.3533
46,0,82,-32.1829
47,0,168,-32.2024
25,0,73,-32.5068
45,0,106,-32.3396
33,0,84,-32.4405
31,0,80,-31.95
51,0,127,-32.2283
44,0,80,-31.875
40,0,84,-32.0952
48,0,173,-32.2312
33,0,199,-32.5126
29,0,94,-32.3511
52,2,178,-32.2584
41,6,173,-32.3699
42,0,151,-32.5166
64,2,197,-32.2538
50,0,111,-31.9369
32,10,144,-32.5139
45,0,90,-32.1667
45,0,191,-32.2723
23,0,140,-32.4571
33,0,184,-32.6196
47,0,194,-32.0361
28,0,182,-32.5659
63,0,176,-32.3068
45,0,192,-32.6667
59,0,193,-32.3005
50,0,164,-32.4451
35,0,198,-32.2323
20,0,75,-32.9333
33,0,91,-32.3516
66,0,123,-32.0081
31,0,64,-31.9219
30,0,83,-31.6627
20,28,75,-32.4667
20,1,177,-32.8192
36,0,115,-32.4348
52,0,168,-32.3333
58,0,202,-32.297
28,0,102,-32.3333
63,0,113,-31.8584
30,0,161,-32.441
30,0,190,-32.3947
55,0,174,-31.6494
47,0,108,-32.1111
56,0,173,-32.4855
27,0,153,-32.183
54,0,111,-32.7117
52,0,115,-32.1391
63,0,112,-32.1786
52,0,181,-32.1989
42,0,95,-32.3579
28,0,194,-32.4227
24,0,95,-32.2
70,0,121,-32.2975
21,0,85,-32.2588
38,0,138,-32.3043
45,5,107,-32.6168
32,45,80,-32.5125
22,0,69,-32.2174
28,2,85,-32.4471
35,7,168,-32.4583
29,0,79,-32.5316
41,0,169,-32.2189
43,0,76,-32.3816
73,0,112,-32.4464
63,0,191,-32.2094
60,0,119,-31.9328
36,0,106,-31.5943
76,0,182,-32.5604
66,0,114,-31.9561
61,0,125,-31.64
48,0,182,-32.1044
47,0,128,-32.3281
65,0,116,-32.3879
71,0,210,-32.6286
82,0,191,-32.288
68,0,166,-31.9096
35,0,58,-32.1552
83,0,119,-32.2353
48,0,81,-32.2716
44,0,56,-31.7857
70,0,113,-32.4071
60,0,163,-31.5399
69,0,169,-32.1124
82,0,203,-32.2512
75,0,111,-32.0811
52,0,87,-32.3218
70,0,190,-32.2
92,0,178,-32.4326
62,0,156,-31.9551
61,0,114,-32.4912
61,0,109,-32.0275
43,0,76,-32.3289
65,0,101,-31.8119
74,0,116,-32.3448
56,0,91,-32.4066
81,0,114,-32.1754
45,0,65,-32.2154
48,0,91,-32.2308
68,0,112,-32.1875
68,0,106,-31.9245
51,0,115,-31.313
79,0,119,-32.2101
32,0,60,-32.05
71,0,165,-32.2727
35,0,68,-31.7647
64,0,110,-32.6
37,0,72,-32.3611
34,0,84,-32.4524
40,0,80,-31.9625
91,0,172,-32.5872
73,0,174,-32.2471
71,0,106,-32.1132
60,0,121,-32.3388
40,0,66,-32.5303
40,0,64,-31.9688
55,0,166,-32.2229
60,0,129,-32.2481
67,0,105,-32.5429
64,0,187,-32.1551
54,0,97,-32.7113
60,0,88,-32.3523
68,0,180,-32.7278
49,0,86,-31.907
39,0,78,-32.3974
45,0,68,-32.4118
60,0,84,-32.1429
74,0,200,-32.115
43,0,172,-32.5116
55,0,110,-31.9091
77,0,122,-32.1148
66,0,193,-32.5389
66,0,187,-32.1818
56,0,116,-31.7672
42,0,67,-32.4328
55,0,130,-32.6077
39,0,65,-32.4615
60,0,108,-32.1019
60,0,103,-32.4466
77,0,191,-32.4869
73,0,172,-32.3895
37,0,63,-32.2381
38,0,70,-32.2143
86,0,181,-32.3867
60,0,93,-32.129
49,0,102,-32.1078
45,0,148,-32.473
46,0,80,-32.0125
36,0,68,-31.8529
46,0,134,-32.403
59,0,190,-32.5737
40,0,80,-32
45,0,57,-31.614
56,0,153,-32.6797
71,0,181,-32.232
77,0,114,-32.5877
65,0,106,-31.7925
47,0,213,-32.3052
42,0,79,-32.2911
78,0,170,-32.3471
68,0,103,-32.5825
37,24,140,-32.5929
54,0,98,-32.3061
39,2,210,-32.5619
72,0,107,-32.1495
54,0,63,-32.7143
50,0,105,-32.9524
67,0,193,-32.4819
58,0,194,-32.4691
63,0,113,-32.3717
56,0,101,-32.505
37,0,107,-32.1776
36,0,131,-32.0305
28,0,54,-32.1852
55,0,153,-32.5425
34,0,200,-32.51
21,0,127,-32.4488
40,0,69,-32.5217
82,0,111,-32.4234
60,0,167,-32.4072
75,0,113,-32.4071
69,0,160,-31.8313
35,0,65,-31.5846
35,0,88,-31.6364
55,0,91,-32.1868
55,0,122,-32.4262
40,0,60,-32.6167
52,0,95,-32.1158
52,6,119,-32.5546
66,0,181,-32.442
76,0,213,-32.6244
78,0,198,-32.3182
67,0,152,-31.8224
44,1,121,-32.4463
52,0,86,-32.6512
60,0,113,-32.1062
40,0,69,-32.5362
58,0,212,-32.6226
55,0,188,-32.4309
46,0,90,-32.1778
41,0,181,-32.453
42,0,66,-31.8182
30,0,201,-32.6468
38,0,168,-32.3929
58,0,115,-32.0696
51,0,182,-32.7582
48,0,112,-32.0089
21,2,94,-32.3723
47,0,76,-32.3947
34,0,128,-32.3047
33,19,68,-32.2794
28,2,151,-32.2914
39,4,77,-32.7273
65,0,196,-32.551
59,0,104,-32.4423
45,0,82,-31.7317
61,0,196,-32.4643
55,0,200,-32.335
66,0,108,-32.1111
70,0,197,-32.3096
52,0,175,-32.4114
33,0,82,-32.0488
71,0,116,-32.2586
79,4,187,-32.1016
58,0,112,-32.4196
34,0,185,-32.5568
21,1,78,-32.3462
49,0,172,-32.4942
35,0,71,-32.3099
35,0,72,-32.6944
41,0,179,-32.3911
51,0,75,-32.4667
69,0,119,-32.563
69,0,112,-32.2679
76,0,178,-32.4101
77,0,120,-31.8667
62,0,110,-32.4636
71,0,186,-32.3495
38,0,162,-32.5741
65,0,177,-31.7175
48,0,90,-31.9
52,0,116,-32.3966
72,0,159,-32.3082
61,0,193,-32.5803
64,0,100,-32.12
24,0,217,-32.4608
22,0,101,-32.3861
56,0,88,-32.2045
82,0,194,-32.6289
72,0,184,-32.4565
67,0,188,-32.5
67,0,144,-31.9583
73,0,172,-32.5058
66,0,173,-32.578
81,0,194,-32.366
65,0,178,-31.7191
74,0,123,-32.3333
45,0,194,-32.5309
80,0,120,-32.3167
52,0,89,-31.9775
40,0,85,-32.3059
68,0,103,-32.7961
67,0,183,-32.6284
70,0,174,-32.6379
66,0,188,-32.1543
53,0,156,-32.3846
47,0,84,-32.2976
48,0,224,-32.6964
77,0,178,-32
44,0,129,-32.4341
75,0,191,-31.8848
65,0,160,-32.3312
64,0,112,-32.4196
28,0,158,-32.4873
80,0,125,-32.368
46,0,82,-32.2073
51,0,201,-32.5572
84,0,198,-32.1515
72,0,179,-32.1397
50,0,153,-32.6013
80,0,180,-32.3722
53,0,102,-32.2059
82,0,120,-32.3083
36,0,64,-32.3125
54,0,181,-32.7956
56,0,174,-32.5345
74,0,122,-32.0246
67,0,108,-31.8148
49,0,153,-32.1242
60,0,165,-31.7879
27,0,56,-31.4464
72,0,116,-32.4224
79,0,180,-32.3833
39,22,169,-32.3195
45,4,95,-32.2421
66,0,202,-32.297
39,4,115,-32.513
42,0,157,-32.3312
42,0,84,-32.2738
65,0,118,-32.322
62,0,178,-32.3427
82,0,120,-32.3167
47,0,182,-32.2143
46,0,133,-32.4511
63,0,105,-31.8095
72,0,197,-31.9797
35,0,80,-32.225
70,0,192,-32.0938
43,0,114,-32.3421
60,0,183,-32.2459
40,4,184,-32.3478
30,0,77,-32.7273
32,0,78,-31.8205
34,0,77,-32.6104
23,3,100,-32.24
37,0,81,-32.0123
63,0,172,-32.6047
44,0,81,-32.6173
44,0,78,-32.4487
52,0,86,-32.5
56,0,78,-32.2564
41,0,81,-32.7407
43,0,78,-32.0256
40,0,78,-32.0385
64,0,112,-32.4107
50,0,88,-32.2955
79,0,182,-32.3791
68,0,120,-32.6167
77,0,207,-32.7295
86,0,192,-32.3802
46,0,75,-32.7467
68,0,118,-32.4915
93,0,121,-32.5124
56,0,76,-31.8947
92,0,124,-32.2984
77,0,115,-32.4348
73,0,110,-32.5
34,0,83,-31.9518
65,0,133,-31.9474
54,0,83,-32.3012
75,0,111,-32.1802
58,0,87,-31.977
74,0,171,-31.8596
51,0,110,-32.5364
52,0,117,-32.0342
48,0,67,-32.0746
84,0,194,-32.5309
45,0,72,-32.5278
42,0,132,-32.4242
41,0,77,-31.8961
71,0,162,-32.1296
51,0,142,-32.6056
87,0,119,-32.5882
68,0,191,-32.2199
59,0,172,-32.3256
75,0,180,-32.2667
80,0,199,-32.0503
48,0,85,-32.5529
55,0,108,-32.4259
75,0,176,-32.5455
92,0,192,-32.6198
73,0,122,-32.4262
57,0,80,-31.825
81,0,189,-32.3175
59,0,165,-32.6364
35,0,110,-32.4818
59,0,162,-32.4136
80,0,181,-32.1326
57,0,193,-32.2176
73,0,196,-32.3724
74,0,195,-32.159
56,0,180,-32.5611
46,0,74,-32.0541
58,0,196,-31.949
72,0,165,-32.3758
60,0,174,-32.523
70,0,189,-32.291
48,0,80,-32.1
71,0,110,-32.2
56,0,112,-32.0536
59,0,77,-32.0649
67,0,120,-32.1083
38,0,84,-32.2262
55,0,78,-32.5769
76,0,112,-32.5268
43,0,96,-32.2812
76,0,191,-32.9476
49,0,73,-31.9589
74,0,117,-32.1538
45,0,78,-32.4615
70,0,111,-32.4414
66,0,122,-32.0574
57,0,157,-32.5223
63,0,185,-32.0486
56,0,180,-32.5778
42,0,78,-31.3205
44,0,209,-32.7129
54,0,86,-32.1512
74,0,113,-32.115
70,0,107,-32.2617
73,0,120,-31.9333
32,0,98,-32.2245
63,0,174,-31.8391
36,0,63,-31.5397
43,7,77,-31.7143
43,0,80,-32.55
52,0,79,-32.1519
35,0,103,-32.5437
73,0,171,-32.3216
62,0,111,-32.4685
75,0,165,-32.3091
74,0,108,-32.7593
46,0,80,-32.675
69,0,109,-32.4954
69,0,194,-32.3608
94,0,177,-32.1412
65,0,109,-32.1284
44,0,156,-32.1282
69,0,116,-31.7414
80,0,118,-32.2458
63,0,119,-32.7143
46,0,243,-32.4609
86,0,127,-32.5512
62,0,170,-32.0529
75,0,116,-31.9914
26,0,100,-32.2
20,0,22,-32.5455
68,0,108,-32.4074
34,0,70,-31.4429
24,0,78,-32.3462
70,0,192,-32.4167
69,0,167,-32.491
20,2,124,-32.6129
72,0,110,-32.3455
49,2,112,-32.5357
59,0,109,-32.2661
34,2,93,-31.9677
78,0,109,-31.7431
65,0,115,-32.3391
62,0,118,-32.0678
70,0,113,-32.5752
44,0,80,-32.375
45,0,85,-31.5765
47,0,82,-32.0366
41,0,79,-32.3291
32,0,116,-32.5517
40,0,76,-32.4342
49,0,80,-32.4875
49,0,78,-32.2821
54,0,168,-32.0298
39,0,73,-32.411
47,0,70,-32.1286
66,0,175,-31.5486
46,0,76,-32.1711
37,0,76,-32.4737
53,0,171,-32.1754
54,0,179,-32.7598
50,0,166,-32.6928
28,0,65,-32.8308
36,0,77,-32.2597
38,0,163,-32.3313
26,0,37,-32.4595
48,0,70,-32.2429
31,0,82,-32.1707
28,0,65,-31.8154
64,0,109,-32.2661
48,0,121,-32.3636
44,0,79,-32.1519
63,0,100,-32.2
63,0,102,-32.4804
53,0,113,-32.3717
58,0,153,-32.3203
48,0,80,-32.2625
22,0,266,-32.3985
35,0,68,-32.3676
31,0,62,-31.9032
29,0,68,-32.3235
22,0,59,-31.7458
31,0,251,-32.3187
60,0,184,-32.5652
31,0,262,-32.229
22,0,165,-32.7455
70,0,114,-31.6316
28,0,244,-32.4836
24,0,275,-32.3709
36,2,255,-32.1686
35,0,203,-32.6453
31,0,277,-32.5415
31,0,192,-32.0156
31,0,203,-32.3103
41,0,182,-32.1538
30,0,212,-32.4717
38,0,191,-32.1885
28,0,263,-32.4411
25,0,200,-32.455
55,0,158,-32.1709
48,0,175,-32.4
57,3,113,-31.7257
44,0,97,-32.1031
42,0,72,-31.9583
72,0,209,-32.0191
46,0,88,-32.5341
52,15,177,-31.9548
41,0,77,-31.7532
24,0,133,-32.1955
22,0,113,-32.8584
39,0,63,-32.3333
25,0,260,-32.5692
26,0,176,-32.0682
31,0,148,-31.3108
44,0,190,-32.4
29,2,82,-32.561
25,0,132,-32.6818
24,0,180,-32.5389
70,0,195,-32.3692
49,0,181,-32.2928
45,0,179,-32.6425
39,0,68,-32.6618
45,0,62,-31.9032
28,0,42,-31.8095
34,0,204,-32.5784
52,0,164,-32.25
22,0,111,-32.3604
52,0,182,-32.3022
82,0,175,-32.2971
35,0,173,-32.6012
39,0,137,-32
62,0,187,-32.3529
40,0,205,-32.5951
42,0,83,-31.9639
37,0,270,-32.1852
24,0,82,-32.8902
61,0,184,-32.5924
68,0,115,-32.1826
26,0,97,-32.0206
33,0,64,-31.7031
37,0,196,-32.3214
48,0,95,-31.9579
76,0,115,-32.6174
59,0,115,-31.8957
47,0,203,-32.5123
76,0,120,-31.8167
30,0,254,-32.3858
55,0,176,-32.3011
42,0,59,-32.2881
45,0,90,-32.6889
85,0,121,-32.1653
46,0,177,-32.2203
32,0,99,-32.101
40,0,156,-32.391
26,4,69,-31.9275
40,1,62,-32.4194
23,0,66,-32.0758
71,0,189,-32.0635
35,0,63,-32.4921
80,0,109,-32.3119
44,0,62,-32.6935
41,0,171,-32.614
49,0,83,-32.4096
44,0,177,-32.4972
33,0,63,-31.8254
41,0,66,-32.6667
41,0,74,-32.4054
43,0,65,-32.5231
55,0,110,-32.4909
44,0,75,-31.7733
71,0,111,-32.5586
93,0,182,-32.3846
79,0,184,-32.3152
82,0,109,-32.6514
24,0,59,-32.7627
67,0,175,-32.4286
76,0,192,-31.9219
47,0,108,-32.2685
53,0,189,-32.0899
59,0,185,-32.6
41,0,69,-32.058
60,0,196,-32.3622
42,0,64,-32
30,0,161,-32.3975
30,0,154,-31.8442
68,3,185,-32.3676
24,4,74,-32.6351
43,0,142,-32.3944
45,0,104,-32.4904
39,0,68,-32.3676
39,0,61,-32.0328
41,0,66,-32.5606
39,28,62,-32.5323
73,0,114,-32.4474
58,0,165,-32.4727
52,0,81,-32.3704
32,0,66,-31.8182
37,0,65,-32.6308
37,0,94,-32.6596
24,0,67,-32.4328
86,0,115,-32.3478
46,0,111,-31.3514
23,0,108,-32.5093
58,0,119,-31.9664
52,0,170,-32.1529
44,0,106,-31.1981
41,0,93,-32.0215
88,0,117,-32.2393
88,0,114,-32.1667
57,0,93,-32.3548
38,0,56,-32.2321
57,0,100,-32.68
81,0,189,-32.6508
27,0,62,-32.2258
42,0,104,-32.4712
70,0,112,-32.2321
72,0,111,-32.4505
59,0,193,-32.4819
64,0,177,-32.3955
51,0,113,-32.3982
75,0,206,-32.6117
32,0,103,-32
63,0,109,-32.5321
34,0,58,-32.5862
57,0,157,-32.4204
53,0,191,-32.7696
70,0,126,-32.3571
49,0,182,-32.044
63,0,112,-32.4464
40,0,64,-32.7812
57,0,210,-32.1762
38,4,68,-32.2794
60,0,106,-32.0849
51,0,86,-32.6163
47,0,115,-32.1217
83,0,193,-32.1088
52,0,100,-32.74
63,0,194,-31.4433
83,0,111,-32.3784
62,0,161,-32.3043
75,0,177,-32.2881
70,0,183,-32.2842
56,0,97,-32.299
53,0,159,-32.1258
61,0,98,-32.2653
55,0,173,-32.0347
62,0,156,-31.8846
65,0,196,-32.0969
28,0,140,-32.6
40,0,185,-31.8703
30,0,175,-32.2514
36,20,64,-32.2031
25,0,136,-32.1471
32,0,113,-32.1327
55,0,181,-32.4475
76,0,202,-32.2277
29,0,69,-32.2464
24,0,63,-31.6825
46,0,142,-32.4155
25,0,151,-32.4371
56,0,90,-32.6111
62,0,107,-31.5701
40,0,63,-31.3175
73,0,117,-32.4872
40,0,65,-32.4769
78,0,112,-31.8304
70,0,104,-32.3077
73,0,112,-32
35,0,65,-32.3846
26,0,74,-32.8919
44,0,111,-31.964
55,0,207,-32.5797
63,0,184,-32.3098
56,0,207,-31.7923
58,0,108,-32.4167
30,0,59,-32.2203
25,2,142,-32.0634
34,0,183,-32.2514
24,0,103,-32.6311
53,0,109,-32.2477
78,0,107,-32.0561
70,0,109,-32.2294
65,0,115,-32.5478
47,0,116,-32.3621
81,0,114,-32.1579
29,0,103,-31.8835
49,0,172,-32.1744
60,0,109,-32.4128
78,0,113,-32.3274
24,0,83,-31.8554
20,0,6797,-32.4614
39,0,181,-32.4088
48,0,67,-32.1493
51,0,62,-31.9355
54,0,183,-32.2896
34,0,64,-32.6719
48,0,124,-32.4355
34,0,60,-32.0333
44,0,66,-31.7121
37,0,64,-32.0312
45,0,91,-32.011
25,0,108,-32.5926
70,0,119,-32.2353
76,0,113,-32.115
37,0,67,-32.6567
27,0,70,-32.4143
73,0,115,-31.8696
39,0,65,-32.3077
88,0,117,-31.6496
79,0,110,-32.0091
42,0,123,-31.8618
39,0,128,-32.1172
70,0,170,-32.1471
82,0,111,-32.2162
74,0,109,-32.4954
49,0,100,-32.59
72,0,169,-32.0651
54,0,83,-32.3614
49,0,70,-31.5857
40,0,97,-32.5361
68,0,113,-31.9823
82,0,117,-32.0085
47,0,62,-32.9194
43,0,57,-32.8596
46,0,65,-32.5692
70,0,105,-31.9714
20,0,144,-32.8056
63,0,106,-32.4811
67,0,178,-32.1966
67,0,119,-31.6555
36,0,64,-32.4062
45,0,67,-32.3134
43,0,61,-32.5246
25,0,63,-31.6667
30,3,61,-32.3279
23,0,57,-31.9298
25,0,64,-32.8594
38,0,67,-32.0597
33,0,66,-31.5152
54,3,169,-32.5089
40,5,63,-32.2222
36,1,58,-32.3793
41,0,68,-32.2206
45,7,65,-31.6769
54,0,114,-32.2807
21,0,242,-32.2603
35,0,208,-32.3942
41,0,201,-32.4478
64,0,107,-31.729
46,0,65,-32.2154
85,0,169,-32.426
75,8,173,-32.052
51,0,163,-32.6687
50,0,171,-32.2807
64,0,123,-32.4228
55,0,93,-31.9892
69,0,181,-32.5138
47,0,66,-32.8636
73,0,98,-31.3571
32,0,64,-32.3125
29,18,66,-31.9242
74,0,189,-32.3439
27,0,63,-32.4921
28,0,114,-32.4912
61,0,86,-32.1977
60,0,195,-32.4
77,0,115,-32.1304
23,0,105,-31.5714
29,0,116,-31.8707
67,0,178,-32.2753
43,0,104,-32.5288
32,0,108,-32.3426
25,0,170,-32.5
33,23,71,-32.338
40,6,76,-32.3684
34,28,67,-32.1791
25,15,56,-32.1964
81,0,109,-32.6239
32,0,106,-32.283
88,0,120,-32.225
62,0,93,-32.3226
40,0,63,-32.1111
45,0,77,-32.1558
35,0,68,-32.1176
29,0,172,-32.4826
64,0,105,-32.2095
80,0,111,-32.5315
100,0,117,-32.5043
27,26,63,-32.5079
42,0,70,-31.5143
47,0,113,-32.6637
37,5,166,-32.4578
59,0,103,-32.2427
36,1,59,-32.4068
66,0,212,-32.6887
38,0,64,-31.8438
30,60,61,-32.2131
84,0,114,-32.0439
70,0,170,-32.2882
77,0,110,-32.5091
67,0,176,-31.8125
39,0,188,-31.9574
23,2,146,-32.4178
68,0,108,-32.1574
46,0,109,-32.2936
40,15,86,-32.2442
60,0,93,-32.2366
55,0,179,-32.7151
34,0,52,-31.9038
78,0,212,-32.2123
75,0,150,-32.0667
28,0,182,-32.2857
80,0,178,-32.1798
32,0,89,-32.6517
40,0,141,-32.4043
43,0,126,-32.4524
52,0,174,-32.2586
38,0,65,-32.7077
58,0,83,-32.3012
71,0,107,-32.1215
58,0,105,-32.2762
43,0,90,-32.2889
42,0,103,-32.3398
64,0,117,-31.9487
68,0,105,-32.2286
78,0,249,-32.261
66,0,131,-32.1756
89,0,196,-32.4031
90,0,107,-32.4579
52,0,180,-32.3833
63,0,126,-32.3016
72,0,117,-32.188
69,0,183,-32.3333
71,0,180,-32.4333
40,0,151,-32.4238
59,0,84,-32.2976
29,0,66,-32.2273
81,0,185,-32.3568
74,0,110,-32.3818
87,0,114,-31.9386
36,0,106,-31.8868
58,0,165,-32.5697
42,0,65,-31.8769
35,20,69,-32.2319
24,5,58,-32.1897
27,0,102,-32.6176
50,0,110,-31.4727
66,0,87,-32.5517
41,0,71,-31.8028
34,0,64,-32.2188
29,27,57,-32.1404
72,0,197,-32.4873
79,0,117,-31.7949
70,0,107,-31.972
73,0,168,-32.125
55,0,80,-32.0125
33,0,63,-32.2857
50,0,91,-32.011
39,0,111,-32.4234
72,0,165,-32.0545
60,0,108,-31.9815
67,0,115,-32.2087
43,0,117,-32.453
48,0,175,-32.4571
81,0,115,-32.3391
51,0,190,-32.5947
72,0,108,-32.2778
45,0,83,-32.7229
40,0,70,-32.1286
31,0,58,-32.3621
39,0,62,-32.0806
23,0,62,-32.5484
27,0,176,-32.3636
54,0,177,-32.5367
36,0,100,-32.54
36,0,207,-32.4831
28,0,70,-31.9429
24,0,66,-32.8939
39,0,170,-32.4235
43,0,70,-32.3857
25,0,92,-32.6848
45,0,70,-32.7286
36,0,112,-32.2679
49,0,118,-32.2542
28,0,61,-32.1803
46,0,90,-32.1333
77,0,119,-32.4202
60,0,108,-32.1944
52,0,196,-32.199
22,0,69,-32.8406
28,0,190,-32.6368
34,0,67,-32.0448
30,0,100,-32.5
27,0,220,-32.5455
25,0,79,-32.6962
47,0,100,-32.55
37,0,58,-32.4138
23,0,162,-32.7593
34,0,97,-32.6598
46,0,92,-32.3478
82,0,117,-32.3333
56,0,201,-32.4378
24,0,64,-32
47,0,170,-32.4765
51,0,95,-31.5895
39,0,175,-32.1486
59,0,103,-32.301
77,0,123,-32.3496
40,0,89,-32.2697
42,0,94,-32.4255
63,0,108,-32.25
64,0,116,-32.2069
44,0,178,-32.6124
32,0,70,-31.9714
48,0,181,-32.4807
56,0,118,-32.5339
23,0,57,-31.9298
46,0,177,-32.3729
51,0,156,-31.7885
33,0,76,-31.6053
63,0,94,-32.9149
65,0,114,-32.0351
44,0,104,-32.0385
22,0,56,-32.3929
62,0,89,-31.8427
58,0,168,-32.0833
38,0,105,-32.019
49,0,186,-32.1667
39,0,165,-32.3455
44,0,108,-32.3426
20,0,56,-32.4821
40,0,82,-32.1463
34,0,98,-32.6429
34,0,93,-31.8925
51,11,90,-31.8667
30,4,68,-32.1912
65,0,100,-32.17
37,0,133,-32.6917
31,1,105,-32.3333
32,0,111,-32.2342
34,0,160,-32.3188
24,0,60,-32.8167
25,2,67,-31.9403
49,1,89,-32
41,0,87,-32.3218
38,0,151,-32.245
44,0,91,-32.1099
27,0,85,-32.1529
30,0,66,-32.6212
38,0,137,-32.3504
49,0,182,-32.4615
36,0,101,-32.2871
46,0,157,-31.9809
49,0,95,-32.3474
51,0,163,-32.4417
51,0,90,-32.6111
32,0,160,-32.4875
38,0,82,-32.5
40,0,145,-31.9586
34,0,142,-32.7183
28,0,87,-32.0805
41,0,166,-32.5542
30,0,82,-31.9756
36,0,95,-32.4737
21,0,186,-32.414
59,0,98,-31.9592
57,0,110,-32.1545
31,0,111,-32.2523
34,3,151,-32.2053
50,0,150,-32.2133
24,0,198,-32.1364
25,0,171,-32.2807
27,0,144,-32.2014
27,0,102,-31.6275
28,3,86,-31.9186
22,0,197,-32.2284
30,0,97,-32.3505
24,0,165,-32.3152
30,0,149,-32.3221
31,0,134,-31.9925
30,0,160,-32.525
42,0,82,-32.4268
35,0,154,-32.4221
33,0,121,-32.6198
44,0,148,-32.223
53,0,88,-32.375
37,0,168,-32.125
24,0,66,-32.4242
44,0,168,-32.5714
27,0,70,-32.3143
44,0,91,-32.2637
40,0,85,-31.5882
51,0,86,-31.8605
64,0,99,-32.3737
25,0,61,-32.6393
34,0,83,-32.3253
55,0,94,-31.9468
34,0,145,-32.5103
35,0,146,-32.4041
30,0,144,-32.2569
47,11,158,-32.6139
37,0,212,-32.0425
25,1,216,-32.5185
36,0,190,-32.2789
29,0,152,-32.2961
36,7,84,-32.2024
25,4,125,-32.264
33,0,106,-32.066
39,0,97,-32.299
46,0,91,-32.3407
56,0,92,-32.0652
31,0,67,-32.2985
29,0,65,-32.2308
60,0,167,-32.5269
28,0,79,-32.2785
40,0,92,-32.75
40,0,84,-31.7143
55,0,162,-32.0494
36,0,81,-31.9136
24,1,162,-32.1728
39,0,114,-32.7281
31,0,147,-32.6939
47,0,198,-32.2424
22,0,78,-32.4615
35,0,160,-32.3813
37,0,152,-32.5066
27,0,76,-32.3026
25,0,66,-32.4242
46,0,168,-32.381
34,0,147,-32.551
21,22,87,-32.2414
55,0,88,-32.5909
44,0,163,-32.2393
29,0,67,-32.6866
33,0,152,-32.5921
54,0,95,-32.2842
49,0,174,-32.2701
35,0,59,-32.4576
34,0,66,-32.1364
41,0,151,-32.4503
58,0,90,-31.5667
42,0,84,-32.4286
24,0,58,-32.3276
57,0,157,-32.242
24,0,103,-31.932
51,0,173,-32.2139
52,0,166,-32.2771
40,0,171,-31.8947
29,0,163,-32.589
36,0,146,-32.1986
32,0,68,-32.25
26,0,106,-32.1226
30,0,114,-32.1053
55,0,100,-32.36
26,0,51,-32.5882
38,0,167,-32.3772
46,0,188,-32.4628
49,0,157,-32.6051
22,28,59,-32.0847
37,0,153,-32.0065
27,3,157,-32.7643
23,12,89,-32.6292
50,0,115,-32.4
27,0,164,-32.2988
46,0,182,-32.4341
48,0,164,-32.561
34,0,162,-32.7037
31,0,94,-32.4043
26,0,177,-32.6102
32,0,170,-32.6706
44,0,118,-32.178
28,0,82,-32
44,0,98,-32.2245
22,0,193,-32.6943
40,0,112,-32.1339
45,0,176,-32.625
36,0,165,-32.1333
44,0,197,-32.599
35,4,190,-32.2842
63,0,199,-32.4874
64,0,164,-32.3476
49,0,170,-32.2471
33,0,187,-32.4064
48,4,162,-32.3272
32,0,180,-32.0722
25,0,182,-32.5659
27,0,162,-32.5494
53,0,155,-32.5935
40,0,172,-32.6744
23,5,102,-32.0392
59,0,190,-32.2053
29,0,186,-32.3656
43,0,107,-31.9626
40,2,162,-32.3889
40,0,147,-32.6259
36,0,100,-32.58
25,0,114,-32.5789
23,0,22275,-32.9712
23,0,184,-32.4185
20,6,9859,-32.9957
65,0,115,-32.1565
33,0,154,-32.4156
35,0,101,-32.3861
43,0,117,-32.5385
28,0,166,-32.3614
25,0,113,-32.5664
32,0,169,-32.6095
23,0,65,-33
57,0,110,-32.6455
50,0,168,-32.1905
37,0,191,-32.5445
26,0,69,-32.058
77,0,127,-32.1181
29,0,56,-32.8214
36,0,84,-32.0476
23,0,70,-31.3714
33,0,92,-32.3261
59,0,119,-32
31,3,161,-32.4161
35,0,73,-32.3699
34,0,184,-32.3533
35,0,73,-31.7808
41,2,155,-32.6581
31,0,75,-32.68
53,0,177,-32.5706
52,0,213,-32.4648
25,0,111,-32.2973
26,0,177,-32.5028
48,0,84,-32.7857
47,0,102,-31.7941
50,0,194,-32.2732
26,0,48,-31.8958
44,0,117,-32.2735
48,0,121,-32.4545
21,2,182,-32.3846
32,0,138,-32.1304
53,0,113,-32.5664
40,0,110,-32.1636
68,0,119,-32.4706
20,6,69,-32.1159
22,0,60,-32.75
39,0,82,-32.2439
21,1,199,-32.2714
27,0,184,-32.3804
22,0,129,-31.8915
24,0,63,-32.7778
20,16,75,-32.4
33,0,182,-32.6868
43,0,183,-32.4536
44,0,108,-32.4537
21,0,52,-32.8654
23,0,67,-32.5075
31,0,185,-32.3946
45,0,154,-32.3182
43,0,72,-32.125
44,0,190,-32.5368
31,0,49,-32.1429
26,0,68,-31.6765
26,0,72,-31.9861
33,0,78,-31.7821
25,8,185,-32.3892
24,1,58,-31.8448
39,0,182,-32.1648
41,0,113,-32.4248
34,0,69,-31.7826
43,0,93,-32.6344
39,0,145,-32.4
20,0,107,-32.243
20,0,168,-31.9583
28,0,84,-32.8214
34,0,76,-32.1711
42,0,63,-32.0317
28,0,64,-32.3281
39,0,171,-32.3977
64,0,220,-32.5591
39,0,127,-32.4409
20,0,4191,-32.7678
22,0,65,-32.3692
32,0,83,-32.6867
20,0,41,-31.5854
24,0,210,-32.519
34,0,93,-32.5699
22,0,181,-32.3978
49,0,136,-32.1838
50,0,186,-32.172
23,0,64,-32.1719
29,0,77,-32.5844
55,0,194,-32.5361
31,2,83,-32.1687
22,3,242,-32.9504
21,0,205,-32.6439
36,0,87,-32.4598
21,0,68,-33
24,0,184,-32.6359
20,0,79,-32.6582
24,2,49,-31.6327
26,0,194,-32.4639
27,0,63,-32.6032
22,0,1966,-33
25,0,59,-32.7797
31,0,58,-31.4138
29,0,113,-32.5575
30,0,188,-32.7234
58,0,123,-31.9106
35,0,66,-32.4091
22,0,148,-32.4257
30,0,211,-32.2891
53,0,104,-32.4038
51,0,101,-32.297
30,1,120,-32.3917
20,0,74,-31.9189
58,0,111,-32.2973
22,0,98,-32.6531
29,0,102,-32.6176
46,0,115,-32.0609
30,0,117,-32.3675
27,0,113,-32.1504
35,0,129,-32.4264
30,0,149,-32.7651
72,0,127,-32.4567
30,0,130,-32.1462
38,0,181,-32.6851
20,0,58,-32.5345
29,0,176,-32.5057
30,0,99,-32.5758
43,0,134,-32.1791
42,0,194,-32.3299
20,0,114,-32.3421
23,0,65,-32.8308
48,0,124,-32.379
25,0,98,-32.0816
43,0,180,-32.2667
30,0,184,-32.6359
33,0,75,-32.32
25,0,173,-32.4913
27,0,216,-32.6157
20,0,162,-32.4136
21,0,139,-32.964
32,0,84,-31.869
22,0,66,-32.3788
34,0,172,-32.2267
42,0,108,-32.1759
30,0,178,-32.2753
48,0,182,-32.1758
48,0,126,-32.1667
32,0,111,-32.7207
35,0,73,-32.2603
21,7,192,-32.5104
20,0,107,-32.5047
30,10,186,-32.672
36,2,205,-32.4976
35,0,186,-32.4462
54,0,161,-32.1677
23,0,78,-32.4615
22,0,97,-32.2371
69,0,181,-32.7017
54,0,174,-32.5402
57,0,211,-32.2654
54,0,184,-32.1957
42,0,182,-32.3791
21,28,67,-32.403
27,0,112,-32.4554
63,0,123,-32.4878
23,3,109,-32.367
37,0,66,-32.1818
20,0,44,-33
23,0,62,-32.1935
21,0,206,-32.4757
52,0,183,-32.5191
68,0,113,-32.2124
64,0,188,-32.5585
50,0,118,-32.6017
34,12,62,-32.129
33,27,161,-32.7329
33,4,172,-32.7209
55,0,184,-32.3533
54,0,154,-32.2468
30,3,100,-32.47
32,14,71,-32.2817
38,3,150,-32.3533
23,28,43,-32.5581
38,0,175,-32.1829
42,0,85,-32.6235
56,0,187,-32.7647
41,0,159,-32.5346
50,0,166,-32.2289
46,0,177,-32.6723
39,0,162,-32.5679
25,0,84,-31.6548
61,0,194,-32.2938
61,0,174,-32.2069
50,0,118,-31.8644
32,0,65,-32.0923
20,0,28,-32.75
34,0,106,-32.2453
68,0,104,-31.8365
20,0,61,-32.5902
20,0,43,-32.7674
23,0,162,-32.5679
31,1,111,-32.3063
22,0,126,-32.6667
34,0,109,-32.578
21,0,71,-32.6197
42,0,171,-32.3509
29,0,98,-32.6122
53,0,109,-32.2569
50,0,109,-32.4954
42,0,169,-32.3195
44,0,113,-32.0354
30,0,65,-32.1077
71,0,112,-31.8036
41,0,109,-32.2661
35,0,103,-31.8252
59,0,118,-31.8983
39,0,134,-32.3731
32,0,44,-32.6818
27,0,93,-32.6129
51,0,177,-32.5085
39,0,162,-32.4383
34,0,168,-32.7321
39,0,172,-32.4186
61,0,128,-31.3125
27,0,150,-32.3933
28,1,113,-32.7699
49,2,118,-32.5085
31,0,83,-32.241
53,0,210,-32.3762
30,0,191,-32.6545
47,0,177,-32.5537
45,0,175,-32.4743
44,0,173,-32.3988
24,1,53,-32.6038
63,0,176,-32.4034
33,0,108,-32.1481
30,0,153,-32.3464
28,0,55,-32.2182
41,0,177,-32.5989
38,0,153,-32.2876
35,0,112,-32.3214
59,0,122,-32.4836
37,0,144,-32.1458
24,0,172,-32.2093
63,0,107,-32.2243
21,0,129,-32.7829
42,0,172,-32.3081
43,0,182,-32.3791
53,0,190,-32.4842
21,0,67,-32.4478
36,0,89,-31.7191
34,0,100,-32.37
60,0,185,-32.1189
62,0,112,-32.3839
33,0,100,-32.61
36,0,86,-32.0814
48,0,189,-32.582
37,1,164,-32.6037
48,4,121,-32.686
30,0,61,-32.377
65,23,120,-32.4917
23,10,63,-31.746
20,3,72,-32.1111
29,0,197,-32.4162
44,0,172,-32.3663
45,0,111,-32.4955
28,0,83,-32.4337
20,0,75,-32.7067
20,0,161,-32.6273
67,0,106,-31.9434
66,0,116,-32.3448
55,0,119,-32.4622
45,0,177,-32.4181
38,0,187,-32.6096
22,0,206,-32.267
29,0,182,-32.1374
21,26,96,-32.5729
40,0,168,-32.5238
60,0,115,-32.5652
31,0,117,-31.9573
29,0,160,-32.4188
20,3,66,-32.4394
33,0,116,-32.5259
28,0,189,-32.2328
44,0,204,-32.5735
42,2,110,-32.4636
59,33,110,-32.2727
58,0,169,-32.4201
22,0,156,-32.1538
21,3,86,-31.8023
25,0,67,-32.209
30,0,119,-31.8992
21,6,71,-32.5493
26,0,59,-31.8983
54,0,115,-32.1565
22,0,191,-32.6754
20,3,510,-32.9235
23,40,107,-32.729
64,0,202,-32.4059
21,0,61,-32.2951
25,0,167,-32.3713
23,0,102,-32.1863
20,0,153,-32.6797
20,0,151,-32.7417
21,3,88,-32.375
64,0,116,-32.6293
42,0,162,-32.5679
21,0,57,-31.5263
21,0,62,-32.9032
20,0,71,-32.5352
59,0,151,-32.298
20,0,122,-32.5902
27,0,109,-32.211
50,0,126,-32.2937
45,0,188,-32.4681
36,0,79,-32.4304
27,60,109,-32.8899
35,6,101,-31.9109
67,0,108,-32.1111
24,0,120,-32.9917
45,0,132,-32.3333
51,0,208,-31.8221
63,0,109,-32.5872
37,0,100,-32.38
22,0,167,-32.3293
61,0,114,-31.9649
28,2,185,-32.3459
34,0,212,-32.5047
34,0,242,-32.095
44,0,172,-32.1977
22,9,86,-32.186
38,1,105,-32.3429
48,2,136,-32.5147
32,0,107,-32.6075
45,0,193,-32.2539
30,0,174,-32.2069
45,0,169,-32.3728
46,0,164,-32.6159
26,0,107,-32.7196
43,0,115,-32.0435
52,0,114,-32.1842
29,0,72,-32.5
60,0,110,-32.3455
55,0,191,-32.2565
42,0,113,-31.8673
21,0,55,-32.2182
20,0,154,-32.5909
46,0,181,-32.442
50,0,173,-32.4855
26,0,89,-32.6742
48,0,119,-32.3025
43,0,109,-32.3761
37,0,194,-32.5
34,0,128,-32.2109
20,0,92,-32.4348
30,0,92,-31.9239
36,0,114,-32.6842
25,2,244,-32.4344
43,0,109,-32.3761
22,0,62,-32.3065
54,0,170,-32.3235
38,0,180,-32.5167
20,0,61,-32.6721
22,5,77,-32.4416
45,0,170,-32.2059
56,0,107,-32.486
21,0,65,-32.3231
36,0,124,-32.1129
28,0,61,-32.1639
33,0,82,-32.8293
48,0,168,-32.3988
21,11,106,-32.3868
40,0,181,-32.3702
30,0,74,-31.9189
51,0,111,-32.3153
38,0,106,-32.1981
52,0,107,-32.5607
52,0,109,-32.0183
71,0,179,-32.1341
36,0,108,-31.9444
33,0,172,-32.5058
56,0,117,-32.1111
40,0,180,-32.1056
39,0,178,-32.3146
47,0,193,-32.3264
29,0,195,-32.3385
41,0,186,-32.043
32,0,107,-32.729
26,0,61,-32.1639
43,0,201,-32.6468
28,0,93,-32.5161
56,0,124,-32.0242
36,0,121,-32.0909
20,0,153,-32.1895
47,0,177,-32.2994
29,0,164,-32.128
36,0,167,-32.5449
30,0,76,-32.25
34,0,186,-32.3011
23,0,174,-32.5747
23,0,70,-32.2143
35,0,95,-32.1895
23,0,679,-32.9926
35,0,109,-31.7431
44,0,114,-32.2982
46,0,181,-32.2597
40,0,164,-32.7256
45,2,188,-32.4628
53,0,107,-32.3458
26,0,168,-32.3571
28,2,75,-32.44
30,0,56,-32.0714
38,0,200,-32.545
20,7,79,-32.6582
56,4,180,-32.3333
29,0,162,-32.5185
31,0,91,-32.1429
32,0,175,-32.5486
35,10,89,-32.3483
20,0,69,-32.7101
21,14,66,-32.2879
21,0,118,-32.8559
26,0,78,-31.9615
35,0,216,-32.6759
35,0,101,-32.2772
55,0,111,-32.2162
33,0,77,-32.1169
30,0,178,-32.3708
43,0,111,-32.6847
38,0,101,-31.5149
25,5,61,-32.2459
27,8,51,-32.902
44,0,116,-32.0431
34,0,106,-32.4151
26,4,73,-32.274
49,0,108,-32.5463
46,0,168,-32.3571
33,3,116,-32.5862
26,0,98,-32.2449
26,0,141,-32.2979
28,0,180,-32.2944
38,3,167,-32.6048
21,0,87,-32.2989
21,0,69,-32.1159
22,0,101,-32.1089
25,0,60,-32.4333
47,0,108,-32.3981
37,0,107,-32.1589
39,0,163,-32.4049
22,0,80,-32.5625
41,0,104,-32.2981
29,0,47,-31.6809
48,0,109,-32.1651
58,0,111,-32.3514
20,0,70,-32.7286
35,0,101,-31.9901
49,0,116,-32.4483
34,0,119,-32.3782
25,0,103,-31.9126
39,0,99,-32.3131
38,0,105,-32.2476
21,0,51,-32.098
37,0,107,-32.3178
25,0,67,-32.6269
55,0,111,-32.3063
37,0,96,-32.4583
23,0,73,-32.3014
55,0,124,-32.2258
30,0,103,-32.2913
50,0,109,-32.3394
21,0,79,-32.1013
39,0,100,-32.31
21,4,109,-32.1009
40,0,102,-32.2451
43,0,183,-32.6175
24,0,80,-32.2875
39,0,171,-32.6374
28,0,100,-32.61
82,0,110,-32.7091
53,0,73,-32.0137
38,0,188,-32.6117
40,0,154,-32.526
25,0,58,-32.3621
42,0,119,-32.479
40,0,183,-32.071
40,0,161,-32.5342
22,0,89,-32.6292
67,0,133,-32.6767
54,2,126,-32.1032
60,0,200,-32.02
58,0,193,-32.456
44,0,131,-32.4656
41,0,200,-32.49
53,4,109,-32.4312
59,0,203,-32.4335
55,5,190,-32.2632
55,14,175,-32.3143
62,0,124,-32.3952
43,2,129,-31.8837
28,5,168,-32.3452
24,15,70,-32.3714
28,0,114,-32.4561
30,0,126,-32.2381
62,0,190,-32.2211
29,0,174,-32.1494
20,0,105,-32.381
50,6,135,-32.2519
53,0,173,-32.237
28,0,193,-32.2021
53,0,124,-32.5806
27,58,103,-32.7961
27,2,82,-32.3537
25,0,144,-32.2639
38,0,185,-32.8486
34,0,154,-32.5195
40,1,170,-32.3941
23,3,192,-32.3177
22,0,44,-32.7955
24,10,186,-32.6022
20,0,210,-32.8905
46,0,203,-32.5764
63,0,191,-32.1414
23,0,234,-32.9188
28,0,157,-32.3312
45,0,114,-31.9474
58,0,137,-32.0876
48,0,117,-31.8889
48,0,197,-32.3706
22,0,202,-32.4356
34,0,193,-32.658
24,29,109,-32.5046
21,18,72,-32.5972
32,0,160,-32.775
37,0,175,-32.1257
22,0,109,-32.9083
51,0,111,-32.0631
26,60,74,-32.2568
33,7,192,-32.5417
20,12,67,-32.7164
23,1,101,-32.4455
29,0,155,-32.6774
22,0,88,-32.6364
46,2,109,-31.8991
22,0,84,-32.3929
20,3,630,-33
48,0,211,-32.5735
31,0,167,-32.5449
21,2,605,-32.9306
21,13,76,-33
20,0,163,-32.6258
21,0,123,-32.8943
46,0,165,-32.6364
20,0,75,-32.84
20,0,68,-31.8235
20,0,86,-32.4535
34,0,118,-32.1949
20,0,75,-32.3467
20,0,108,-32.6852
31,0,124,-32.5081
31,0,58,-32.2931
32,0,64,-32.5938
45,0,111,-32.6036
31,1,174,-32.0977
33,0,176,-32.267
33,0,116,-32.6207
27,0,105,-32.7619
47,0,208,-32.476
46,0,112,-32.7143
48,0,167,-31.7964
60,0,110,-32.3545
55,0,207,-32.1449
47,0,209,-32.7273
21,28,61,-32.8033
55,6,134,-32.3657
35,0,179,-32.5531
36,0,116,-32.6897
27,0,72,-32.5833
44,0,171,-32.1696
44,0,126,-32.2063
39,0,131,-32.3588
24,1,190,-32.6158
37,0,186,-32.5269
54,0,130,-31.6769
21,0,67,-32.6866
58,0,172,-32.3081
74,0,123,-32.2927
71,0,131,-32.4046
23,0,75,-31.9867
25,0,97,-32.5258
54,0,146,-32.5205
37,0,126,-32.7302
48,0,112,-32.6607
28,4,68,-32.7059
33,0,191,-32.0838
45,2,189,-32.5026
22,0,45,-33
35,0,134,-31.7537
28,0,64,-32.6562
45,0,110,-32.2091
66,0,123,-32.1138
38,0,163,-32.5706
50,0,105,-32.4952
28,0,80,-32.65
42,0,97,-32.5361
65,0,129,-32.2636
34,7,81,-32.2593
41,0,202,-32.6683
43,0,105,-32.4952
28,9,82,-31.6585
36,20,80,-32.1125
32,52,69,-32.7391
62,0,115,-32.4435
51,4,209,-32.3828
22,4,79,-32.0633
27,6,86,-31.2093
54,3,121,-32.4959
35,2,97,-32.567
21,57,165,-32.6485
51,0,153,-32.1373
57,0,140,-32.4214
22,0,78,-32.8205
20,0,77,-32.5325
37,0,182,-32.6978
53,0,189,-32.545
38,0,208,-32.2163
34,0,171,-32.2573
34,0,98,-32.7245
20,0,165,-32.3394
33,0,116,-32.4741
36,0,109,-32.4495
28,4,108,-32.0278
21,0,148,-32.8581
62,0,201,-32.3532
23,0,47,-32.3617
39,0,200,-32.145
20,0,53,-32.5094
50,0,108,-31.9259
25,0,74,-32.3919
49,0,117,-32.4786
62,0,115,-32.6261
56,0,171,-32.3626
46,0,107,-31.7196
24,0,73,-32.5616
46,0,188,-32.3351
20,0,77,-32.2078
38,0,113,-31.9469
47,0,187,-32.5508
43,0,105,-31.7333
45,0,108,-32.0556
59,0,118,-32.2542
43,0,201,-32.1592
48,0,184,-32.2065
30,0,73,-31.9726
25,0,85,-32.0941
39,0,112,-32.1071
43,0,118,-32.0424
41,0,177,-32.3051
36,0,101,-32.2475
21,0,78,-31.8333
24,0,86,-32.314
55,0,191,-32.5812
53,0,182,-32.2747
48,2,122,-32.541
52,0,183,-32.4699
25,0,114,-32.7018
41,0,158,-32.2468
30,0,91,-32.4066
49,0,106,-31.8868
41,0,161,-32.0745
20,0,145,-32.1517
43,0,207,-32.6087
20,0,59,-32.9661
36,0,183,-32.2514
22,0,182,-32.3516
20,3,86,-32.3953
28,3,129,-32.186
27,0,81,-32.3333
39,0,113,-32.354
36,0,118,-32.4237
30,0,113,-32.531
52,0,178,-32.3146
51,0,163,-32.2515
47,0,112,-32.25
25,0,138,-32.3116
48,0,182,-32.5055
58,0,171,-32.5439
37,0,88,-32.5
34,1,160,-32.5063
55,0,158,-32.6772
34,0,188,-32.4628
50,0,175,-32.5371
21,0,119,-32.0672
21,0,60,-32.55
40,0,99,-32.0101
22,0,96,-31.5104
22,0,202,-32.4406
60,0,110,-32.6545
55,0,181,-32.2486
44,0,167,-32.5868
40,0,193,-32.0984
43,0,144,-32.1667
28,0,188,-32.6809
43,0,173,-31.7225
38,0,90,-32.5889
39,0,174,-32.454
21,0,79,-31.9873
23,0,114,-32.5439
65,0,105,-31.9238
50,0,187,-32.0428
35,0,178,-32.4045
22,33,76,-32.1711
35,0,103,-32.4854
20,9,87,-32.092
42,0,185,-32.1297
26,0,64,-32.5469
20,0,62,-32.3065
33,0,104,-32.3462
22,0,74,-32.7027
32,0,153,-32.4575
56,0,196,-31.9694
54,0,177,-32.2542
30,2,164,-32.622
39,0,113,-32.3274
36,0,188,-32.367
25,41,73,-32.8219
28,1,166,-32.3795
20,14,180,-32.1389
29,0,79,-32.0506
41,7,166,-32.6325
55,5,112,-32.4554
49,2,185,-32.4
34,0,109,-32.156
30,0,76,-32.2368
34,0,68,-32.0147
28,3,129,-32.5814
21,0,185,-32.5351
31,0,116,-32.3966
36,0,91,-32.7802
62,0,189,-32.5873
45,0,172,-32.7442
43,0,114,-32.4737
30,0,160,-32.0562
53,0,112,-32.25
25,0,171,-32.1813
30,0,158,-32.5443
34,0,109,-32.5505
25,0,70,-31.7714
42,0,180,-32.4944
34,0,111,-32.6126
45,0,110,-32.5636
30,0,82,-32.5
25,0,75,-32.5733
51,0,193,-32.2902
39,0,112,-32.1786
28,0,58,-32.1897
51,0,184,-32.4946
32,0,108,-32.1389
20,0,51,-32.6667
23,0,76,-32
32,0,125,-31.792
23,0,54,-32.6296
41,0,190,-32.5316
63,0,193,-32.2487
41,4,192,-32.4167
49,0,113,-32.0973
21,0,82,-32.5
44,0,108,-32.3519
38,0,100,-32.4
40,0,181,-32.4972
53,0,157,-32.6051
50,0,168,-32.494
59,0,117,-31.9829
48,0,165,-32.4061
40,0,186,-32.8065
52,0,117,-32.2051
22,0,79,-32.3671
27,0,89,-32.6854
42,0,83,-32.494
33,0,78,-32.1923
32,0,100,-32.27
43,0,175,-32.32
46,0,105,-32.3048
28,0,61,-30.9508
53,0,117,-31.7521
47,0,108,-31.8611
59,0,105,-32.1429
21,0,89,-32.618
30,8,83,-32.3614
23,4,88,-31.5909
50,0,100,-32.08
38,0,115,-32.4609
31,0,103,-32.4854
20,0,177,-32.3955
41,0,169,-31.9231
34,0,82,-31.5366
37,0,103,-31.9612
28,0,149,-32.2349
31,3,91,-32.5824
25,4,84,-32.3095
38,0,143,-31.993
25,0,78,-32.2692
40,0,107,-32.3738
51,0,108,-31.8333
57,0,108,-31.9815
47,0,104,-31.6538
34,0,116,-32.2414
25,0,97,-32.2268
21,0,72,-31.7083
20,0,164,-32.5
60,0,181,-32.116
21,0,165,-32.5273
33,0,197,-32.2944
23,0,88,-32.1364
31,0,169,-32.1775
34,0,110,-32.3273
44,0,173,-32.6705
33,0,99,-32.1919
34,0,111,-32.5135
42,0,190,-32.3
41,0,188,-32.3723
37,0,184,-32.1793
34,0,147,-32.1701
67,0,111,-32.2793
45,0,117,-32.2222
46,0,108,-32.5185
31,0,86,-32.4186
51,0,119,-31.9328
21,0,80,-32.1875
54,0,117,-31.9658
37,0,108,-32.3981
21,0,44,-31.8182
38,0,179,-32.0335
44,0,195,-31.9897
30,0,77,-32.5455
32,0,80,-32.4125
51,0,121,-32.1736
26,0,157,-32.3057
22,0,248,-32.4274
27,0,85,-31.2706
27,8,81,-32.2346
29,0,174,-32.7931
36,0,164,-32.3841
36,0,181,-32.3149
27,0,81,-32.3827
33,0,101,-32.5545
37,0,110,-32.6182
20,0,195,-32.8718
56,0,103,-31.8252
20,0,62,-32.4677
26,12,83,-32.6386
34,0,173,-32.4046
25,0,172,-32.2674
30,0,72,-31.4167
24,0,182,-32.6264
22,0,86,-32.407
31,0,187,-32.2193
39,0,87,-32.6667
52,0,111,-31.982
34,0,107,-32.243
31,0,219,-32.3562
33,0,169,-32.2899
40,0,102,-32.7255
21,0,90,-32.9
32,0,198,-32.4495
48,0,197,-32.2741
21,0,86,-31.9884
32,0,109,-32.3394
27,0,81,-32.7778
31,0,107,-32.3925
27,0,171,-32.6608
36,0,187,-32.8289
53,0,187,-32.0909
29,0,80,-32.5875
29,0,109,-32.3578
37,0,171,-32.2924
35,0,103,-32.3883
25,0,89,-31.8652
23,0,159,-32.6415
42,0,165,-32.4364
20,0,73,-32.5753
43,0,189,-32.3651
43,4,112,-32.0268
48,0,110,-31.7636
27,0,103,-32.233
47,0,117,-32.4872
26,0,75,-32.68
29,0,107,-31.5981
44,0,113,-32.5398
34,0,174,-32.4828
42,0,113,-32.5841
26,0,187,-32.508
22,0,44,-32.1364
22,0,86,-32.6047
35,0,109,-32.3486
21,0,83,-32.4458
41,0,105,-32.2571
34,0,191,-32.4136
22,0,69,-32.7391
44,0,198,-32.404
24,0,97,-32.4124
46,0,140,-32.2714
36,0,102,-32.3824
30,2,103,-32.4175
48,0,110,-32.2818
46,0,107,-32.0935
28,0,100,-32.74
39,0,116,-32.3017
21,0,116,-32.4483
27,0,88,-32.2159
24,0,79,-32.3038
28,0,88,-32.5455
39,0,191,-32.356
39,0,178,-32.4213
40,0,184,-31.9457
49,0,188,-31.867
23,0,77,-32.2078
25,0,175,-32.2857
28,0,86,-32
36,0,190,-32.0789
34,0,179,-32.4469
44,0,172,-32.5988
36,0,107,-31.785
20,0,84,-32.5238
45,0,103,-32.3883
21,0,101,-32.4356
22,0,162,-32.642
21,0,76,-31.7368
23,0,91,-32.4725
23,0,179,-32.3464
26,0,88,-32.6705
47,0,117,-32.3504
42,0,104,-32.2788
21,0,49,-32.551
26,0,144,-32.2361
25,0,183,-32.4317
29,0,183,-32.6011
39,0,197,-32.6091
32,0,162,-32.3642
23,0,170,-32.5353
47,0,111,-32.1892
39,0,141,-31.9645
29,0,175,-32.3086
44,0,118,-32.322
25,0,99,-32.4444
32,0,158,-32.2342
21,0,118,-32.8305
48,0,113,-32.531
39,0,187,-32.2246
24,0,108,-31.9259
53,0,122,-32.2541
32,0,177,-32.5819
21,0,85,-32.3294
33,0,116,-32.181
38,0,173,-32.4798
22,0,36,-32.7778
53,0,165,-32.3697
32,0,168,-32.5417
43,0,107,-32.1402
49,2,127,-32.2047
27,0,185,-32.5189
31,0,93,-32.0968
21,0,172,-32.2209
32,0,85,-32.2941
52,0,110,-32.5
25,0,85,-32.3412
61,0,192,-32.5052
61,0,104,-32.2692
37,0,115,-31.8783
35,0,121,-32.405
59,0,121,-32.3471
59,0,106,-32.8396
42,0,159,-32.5535
47,0,88,-32.1136
34,0,85,-32.2118
33,0,79,-32.2278
52,0,104,-31.5288
63,0,197,-32.1523
53,0,186,-32.4839
59,0,115,-32.0348
52,0,119,-32.5294
27,0,142,-32.4085
30,0,153,-32.3464
27,0,86,-32.6744
52,0,170,-32.6706
43,0,188,-32.3989
65,0,168,-32.5714
53,0,159,-32.283
53,0,107,-32.514
66,0,116,-32.3707
30,0,85,-32.7176
64,0,124,-31.8629
44,0,207,-32.1932
73,0,181,-32.1823
51,0,162,-32.2099
60,0,126,-31.9127
33,0,145,-32.469
37,0,173,-32.3988
33,0,187,-32.8021
44,0,74,-31.7568
60,0,111,-32.2703
27,3,172,-32.2558
30,2,76,-31.5658
34,22,96,-32.4792
34,0,167,-32.4132
31,0,164,-32.25
61,0,159,-32.805
25,0,37,-32.4595
54,0,175,-31.8
27,0,100,-32.47
32,0,173,-32.1445
25,2,167,-32.2695
32,0,69,-32.913
20,0,172,-32.6628
21,0,167,-32.2934
74,0,188,-31.8298
52,0,158,-32.2025
31,0,82,-32.378
35,0,101,-32.1287
66,0,109,-32.1743
54,0,173,-32.4855
69,0,186,-31.9839
43,0,161,-32.2298
51,0,164,-32.3293
53,0,116,-32.4052
28,0,162,-32.3642
39,0,156,-32.1154
59,0,183,-32.5027
41,0,206,-32.1893
51,0,178,-32.3708
57,0,107,-32.5514
23,0,134,-32.2687
22,0,69,-32.6812
57,0,189,-32.6561
58,0,101,-32.5644
73,0,116,-32.0862
34,0,97,-32.4227
62,0,117,-32.1026
34,0,82,-32.6341
38,0,156,-32.9038
51,0,191,-31.7749
23,0,72,-32.5278
39,0,78,-32.2308
23,0,77,-32.5584
44,0,161,-32.1739
57,0,186,-32.4462
22,0,99,-32.4747
48,0,157,-32.3885
35,0,135,-32.1852
63,0,176,-32.0568
42,0,117,-32.4615
36,0,159,-32.1761
29,0,137,-32.2847
34,0,82,-32.3049
76,0,121,-32.0744
73,0,112,-32.4464
50,0,106,-32.3208
59,0,158,-32.2722
59,0,162,-32.2346
51,0,168,-32.3214
64,0,121,-32.2479
50,0,168,-32.2321
37,0,104,-32.1058
37,0,172,-32.564
54,0,168,-31.9524
25,0,78,-31.8205
31,0,75,-32.6
49,0,179,-32.3631
53,0,118,-31.8559
39,0,165,-32.503
76,0,186,-32.4355
54,0,167,-32.1018
47,0,185,-32.373
28,0,155,-32.1484
33,0,161,-32.1242
35,0,93,-32.5806
55,0,190,-32.2474
61,0,189,-32.5397
61,0,165,-32.5394
59,0,169,-32.2012
32,0,75,-32.4
32,0,102,-32.5392
67,0,193,-32.2694
54,0,168,-32.2917
23,0,102,-32.2059
37,0,150,-31.9733
42,0,171,-32.3567
48,0,194,-32.5773
29,0,96,-32.3229
36,0,150,-32.4533
29,0,131,-32.6031
40,0,142,-32.3662
28,0,101,-31.7822
29,0,149,-32.651
44,0,98,-31.9898
44,0,183,-32.2896
50,0,178,-32.573
33,0,112,-31.8571
42,0,118,-32.5424
20,0,167,-32.6766
64,0,167,-32.024
68,0,115,-32.2522
35,0,156,-32.5
50,3,106,-32.3302
57,0,191,-32.2147
40,0,167,-32.4371
21,0,150,-32.06
58,0,203,-32.532
20,0,59,-31.8475
23,1,215,-32.3488
34,0,187,-32.5668
42,0,164,-32.3537
31,0,160,-32.3125
36,0,176,-32.1023
43,0,196,-32.4286
61,0,103,-32.4175
53,0,181,-32.1657
61,0,117,-32.4444
36,0,108,-31.787
22,8,55,-32.6
21,5,125,-31.992
27,0,74,-32.5541
26,0,70,-32.2286
42,0,173,-32.2081
27,0,71,-31.3521
59,0,133,-31.7669
45,0,109,-31.8073
36,0,174,-32.408
39,0,96,-32.3438
20,0,161,-32.7267
33,2,189,-32.1534
55,0,177,-32.1525
20,0,112,-32.9196
42,0,167,-32.515
25,0,62,-31.9839
49,0,183,-32.0929
36,0,107,-32.486
53,0,112,-32.125
28,4,57,-32.3684
39,0,87,-32.8736
34,0,152,-32.1382
50,11,183,-32.377
30,0,67,-31.9254
51,6,188,-32.0266
62,3,119,-32.521
27,10,168,-32.2976
28,7,63,-31.6349
29,7,58,-32.431
39,6,199,-32.4523
54,5,102,-32.3627
27,2,87,-32.7931
49,2,117,-32.4615
43,2,111,-32.1532
31,5,64,-32.6406
29,0,94,-32.6596
34,3,81,-32.321
68,12,123,-31.813
42,2,112,-32.4821
33,2,157,-32.1338
27,0,155,-32.3226
46,0,149,-32.3423
56,0,157,-32.4459
28,0,143,-32.3566
23,0,186,-31.8925
31,0,160,-32.4813
20,0,89,-32.5618
24,0,184,-31.9348
32,0,68,-32.2353
53,0,163,-32.2822
21,0,73,-32.2603
39,0,115,-32.287
44,0,170,-32.2353
23,0,32,-31.8438
61,7,189,-32.3016
24,4,83,-32.5181
22,4,70,-31.5
56,3,118,-32.4407
50,0,104,-32.5865
22,0,171,-32.3918
30,0,164,-32.189
23,0,74,-32.0676
29,0,196,-32.4439
65,0,118,-32.0508
40,0,75,-32.6133
69,0,204,-31.8088
58,0,104,-32.7596
79,0,194,-32.4897
67,0,183,-32.1749
72,0,115,-32.2435
30,0,107,-32.1215
28,0,167,-32.3533
21,0,86,-33
75,0,196,-32.2449
71,0,120,-32.4667
34,0,177,-32.6949
41,0,118,-32.6441
22,0,169,-32.2189
43,0,176,-32.1818
20,0,116,-31.8534
21,0,192,-32.4948
36,0,117,-32.641
45,0,120,-32.5917
73,0,191,-32.2827
95,0,117,-32.5556
23,0,103,-32.2816
72,0,192,-32.625
22,0,64,-32.5781
58,0,174,-32.5805
