20,0,111,-32.6126
32,0,146,-32.411
30,0,134,-32.8582
60,0,192,-32.3385
39,0,148,-32.5405
54,0,142,-32.3028
24,0,125,-32.832
24,0,156,-32.7756
32,0,152,-32.9079
72,0,166,-32.1566
29,0,168,-32.369
25,0,164,-32.2805
20,0,111,-32.1802
25,0,172,-32.0233
43,0,129,-32.3178
23,0,143,-32.5524
41,0,151,-32.4636
21,0,160,-32.5
20,0,166,-32.741
21,0,127,-32.7165
70,0,174,-31.7816
21,0,161,-32.5901
26,0,132,-32.7879
50,0,168,-32.7381
49,0,161,-32.2236
22,0,166,-32.5663
20,0,160,-32.4
20,0,148,-32.8311
58,0,159,-32.2956
32,0,84,-32.7976
27,0,182,-32.5385
58,0,194,-32.5258
33,0,91,-32.9231
24,1,206,-32.6893
26,0,196,-32.4898
35,0,110,-32.3
36,0,91,-31.978
33,0,182,-32.4615
28,2,110,-32.0455
20,0,119,-31.916
61,0,186,-32.1882
41,0,157,-32.3694
30,0,138,-32.4058
22,0,143,-32.4126
37,0,172,-32.657
65,0,194,-32.1856
22,0,150,-32.2933
48,0,157,-32.3376
23,0,152,-32.9211
28,0,155,-32.9032
51,0,146,-32.2534
23,0,128,-32.8203
32,0,169,-32.2308
60,0,179,-32.0503
56,0,269,-32.3011
44,0,135,-31.9704
46,0,165,-32.6788
26,0,125,-32.52
38,0,123,-32.1707
28,0,132,-32.6742
26,0,129,-32.6512
21,0,145,-32.4483
36,0,144,-32.4236
75,0,162,-32.2716
61,0,159,-32.0818
52,0,178,-32.6404
73,0,174,-32.5057
30,0,168,-32.6429
22,0,158,-32.6456
22,0,146,-31.9658
26,0,164,-32.5122
38,0,163,-32.3558
21,0,147,-32.6599
26,0,189,-32.6614
22,0,147,-32.5714
22,0,155,-32.4129
24,0,159,-32.5723
25,0,153,-32.9673
22,0,128,-33
22,0,155,-32.1935
29,0,141,-32.5816
34,0,159,-32.3836
44,0,177,-32.4689
25,0,167,-32.5689
23,0,94,-32.3936
51,0,144,-32.5208
40,0,149,-32.8456
33,0,157,-32.4586
30,0,139,-32.8345
28,0,169,-32.7692
55,0,156,-32.2564
33,0,168,-32.2262
38,0,142,-32.3239
43,0,159,-31.9874
53,0,156,-32.1538
43,0,158,-32.6076
27,0,147,-32.7279
24,0,133,-32.5113
22,0,76,-32.4079
23,0,144,-33
25,0,236,-32.6059
37,0,151,-32.2914
54,0,171,-32.0585
39,0,168,-32.6845
24,0,130,-32.5538
52,0,159,-32.5786
21,0,141,-32.7376
27,0,126,-32.754
20,0,153,-32.3595
40,0,170,-32.5882
30,0,89,-32.3146
42,0,135,-32.5852
28,5,125,-32.904
27,0,185,-32.5892
41,0,148,-32.6486
24,0,174,-32.8333
23,0,162,-32.7346
36,0,92,-31.913
42,0,85,-32.5412
35,0,86,-32.6163
20,0,97,-32.7526
29,0,163,-32.7117
24,0,145,-32.8138
43,0,178,-32.309
45,0,159,-32.7044
25,0,144,-32.4167
27,0,148,-32.4392
26,0,157,-32.3885
23,0,161,-32.0559
55,0,160,-32.4438
38,0,182,-32.6538
27,0,82,-32.6098
36,0,142,-32.169
58,0,187,-31.9465
56,0,156,-32.6026
38,0,154,-32.5844
47,0,169,-32.4615
47,0,169,-32.3846
42,0,168,-32.3333
50,0,152,-32.5789
44,0,145,-32.2552
47,0,181,-32.1547
60,0,190,-32.3
27,0,165,-32.7091
20,0,158,-32.6456
44,0,150,-32.3933
26,0,130,-32.9615
24,0,132,-32.8788
32,0,146,-32.7945
21,0,122,-32.7377
20,0,166,-32.5361
21,0,135,-32.9037
20,0,136,-32.9265
20,0,155,-32.8645
41,0,79,-31.9873
70,0,213,-32.061
77,0,187,-32.3369
53,0,170,-32.1176
23,0,94,-32.4787
53,0,170,-32.4
37,0,179,-32.6648
21,0,131,-32.5496
21,0,133,-32.2406
37,0,185,-32.3243
67,0,168,-32.506
52,0,187,-32.6257
23,0,162,-32.7346
62,0,158,-32.2658
68,0,101,-32.1089
59,0,158,-32.4114
31,0,168,-32.6131
52,0,166,-32.2289
64,0,104,-32.2596
30,0,157,-32.0764
67,0,170,-32.7353
32,0,163,-32.638
27,0,152,-32.8684
33,0,156,-32.5256
53,0,170,-32.7647
41,0,140,-32.4286
65,0,182,-32.1264
67,0,174,-32.6034
24,0,154,-32.7857
21,0,160,-32.625
53,0,168,-32.4583
33,0,160,-32.6625
53,0,180,-32.1389
25,0,161,-32.5031
36,0,172,-32.6395
23,0,149,-32.7987
33,0,145,-32.8138
62,0,194,-32.0515
26,0,158,-32.3861
25,0,150,-32.5333
50,0,178,-31.9719
41,0,160,-32.45
29,0,90,-32.2556
30,0,161,-32.9441
20,0,189,-32.6878
35,0,142,-32.1127
21,0,165,-32.3212
44,0,183,-32.541
52,0,171,-32.5322
43,0,153,-32.2876
34,0,152,-32.5066
26,0,143,-32.2867
37,0,158,-32.6266
29,0,153,-32.6928
61,0,188,-32.0957
28,0,151,-32.4437
66,0,177,-32.226
32,0,153,-32.4967
33,0,148,-32.5
55,0,183,-32.5191
22,0,169,-32.5503
24,0,143,-32.4266
36,0,160,-32.6875
29,0,155,-32.7871
33,0,161,-32.8944
31,0,165,-32.6242
35,0,169,-32.5503
57,0,177,-32.2881
48,0,86,-32.3372
39,0,162,-32.4568
27,0,157,-32.5096
32,0,178,-32.7528
47,0,187,-32.5561
30,0,185,-32.6162
49,0,164,-32.2561
31,0,182,-32.6099
41,0,179,-32.3911
29,0,78,-32.4615
21,0,157,-32.7134
31,0,133,-32.609
22,0,182,-32.5659
48,0,187,-32.3957
22,0,139,-32.6763
57,0,164,-32.0732
50,0,92,-31.3478
60,0,167,-31.9042
24,0,142,-32.7113
26,0,169,-32.5089
30,0,179,-32.4302
37,0,163,-32.681
60,0,177,-31.9435
58,0,201,-32.1692
36,0,141,-32.9007
37,0,150,-32.42
50,0,180,-32.2278
26,0,174,-32.5115
38,0,172,-32.1512
31,0,164,-32.1402
41,0,237,-32.4346
39,0,84,-32.1071
38,0,142,-32.2535
40,0,172,-32.686
39,0,178,-32.6517
52,0,196,-32.648
25,0,102,-32.6569
48,0,158,-32.0696
22,0,152,-32.8882
45,0,166,-32.7952
58,0,184,-32.2391
62,0,154,-32.8896
42,0,158,-32.5
20,0,149,-32.7718
27,0,138,-32.6522
31,0,168,-32.3333
33,0,126,-32.627
38,0,180,-32.1556
23,0,168,-32.631
37,0,155,-32.5032
37,0,91,-32.4066
24,0,145,-32.3862
24,0,138,-32.0072
33,0,145,-32.6759
25,0,138,-32.2101
29,0,174,-32.7184
21,0,142,-32.2254
51,0,189,-32.2011
34,0,168,-32.2321
45,0,171,-32.6082
41,0,177,-32.1751
20,0,143,-32.4895
20,0,162,-32.6975
47,0,179,-32.4972
52,0,182,-32.6703
36,0,157,-32.6306
20,0,144,-32.4583
38,0,172,-32.4884
72,0,180,-32.15
63,0,237,-32.5738
26,0,142,-32.8099
22,0,146,-32.637
22,0,161,-32.8012
30,0,157,-32.172
45,0,143,-32.2517
30,0,140,-32.5357
38,0,157,-32.586
27,0,123,-32.3496
60,0,155,-32.6258
22,0,134,-32.8507
30,0,143,-32.6084
68,0,169,-32.3136
31,0,158,-32.4747
23,0,127,-31.9921
57,0,176,-32.5284
30,0,176,-32.75
37,0,145,-32.4966
25,0,141,-32.8723
23,0,126,-32.7063
49,0,165,-32.6909
32,0,160,-32.5438
30,0,142,-32.4225
46,0,164,-32.6098
22,0,151,-32.5894
46,0,173,-32.5665
22,0,147,-32.619
37,0,195,-32.6154
42,0,185,-32.4108
37,0,139,-32.554
50,0,188,-32.1915
61,0,162,-32.5926
60,0,165,-32.497
23,0,161,-32.7702
21,0,144,-32.3889
71,0,187,-32.3904
35,0,179,-32.5922
48,0,179,-32.0223
32,0,210,-32.319
39,0,148,-32.4054
48,0,194,-32.7113
79,0,187,-32.0214
21,0,182,-32.7473
56,0,163,-32.2331
62,0,194,-32.1701
53,0,171,-32.3099
66,0,218,-32.5642
21,0,152,-32.6579
38,0,151,-32.2649
26,0,139,-32.6547
48,0,159,-32.4843
48,0,167,-32.5689
25,0,136,-32.6691
36,0,186,-32.6452
49,0,165,-32.2242
26,0,154,-32.6494
37,0,167,-32.6766
38,0,152,-32.5526
25,0,155,-32.5032
41,0,157,-32.4522
37,0,89,-31.8539
20,0,152,-32.7566
22,0,162,-32.3457
81,0,180,-32.3833
25,0,165,-32.4364
28,0,146,-32.8014
22,0,96,-32.4375
26,0,157,-32.1274
52,0,165,-32.4606
57,0,195,-32.2462
53,0,162,-32.3395
60,0,196,-32.2143
20,0,144,-32.7083
44,0,173,-32.7052
44,0,170,-32.5412
72,0,180,-32.1833
26,1,162,-32.3519
51,0,184,-32.4511
33,0,128,-32.6484
50,0,155,-32.2065
24,0,155,-32.6065
28,0,149,-32.604
54,0,192,-32.3438
31,0,176,-32.5057
31,0,134,-32.4552
57,0,163,-31.7178
39,0,172,-32.407
46,0,174,-32.6264
64,0,175,-32.3829
69,0,183,-32.3333
70,0,180,-32.2889
49,0,174,-32.6609
59,0,167,-32.3413
42,0,166,-32.1145
39,0,163,-32.6687
65,0,166,-32.006
41,0,150,-32.4867
40,0,145,-32.0345
23,0,118,-32.3475
37,0,157,-32.4395
32,0,173,-32.3988
33,0,117,-32.7094
26,0,101,-32.9307
21,0,28,-32.3214
33,0,146,-32.3082
58,0,95,-32.0421
73,0,182,-32.2253
25,0,141,-32.7234
23,0,126,-32.746
34,0,175,-32.8686
26,0,123,-32.3089
44,0,183,-32.694
60,0,187,-32.3262
29,0,98,-32.3673
57,0,172,-32.0116
32,0,157,-32.6306
48,0,167,-32.3593
38,0,165,-32.703
20,0,157,-32.535
26,0,146,-32.7123
45,0,179,-32.1173
89,0,184,-31.9348
67,0,175,-32.2571
81,0,179,-32.0279
54,0,170,-32.4882
51,0,151,-32.0927
52,0,182,-32.0714
24,2,181,-32.5912
41,0,162,-32.2593
30,0,166,-32.4277
46,0,171,-32.4444
67,0,193,-32.342
42,0,176,-32.2614
69,0,190,-32.3895
28,0,166,-32.5964
45,0,177,-32.4294
37,0,169,-32.497
78,0,202,-32
64,0,195,-32.3385
32,0,186,-32.4839
31,0,174,-32.408
41,0,92,-32.4022
72,0,193,-32.2953
49,0,170,-32.6412
53,0,184,-32.4022
49,0,176,-32.3068
39,0,156,-32.3846
42,0,167,-32.4431
60,0,175,-32.7371
22,2,166,-32.2952
29,0,165,-32.4182
23,15,146,-32.7534
39,0,186,-32.4785
21,0,144,-32.4861
23,5,116,-32.5431
30,0,159,-32.5786
25,0,83,-32.4699
34,0,151,-32.6358
23,0,160,-31.9937
30,0,184,-32.5435
72,0,202,-31.9208
58,0,192,-32.0469
29,0,143,-32.5734
26,0,154,-32.5909
27,5,168,-32.7024
32,0,161,-32.4783
37,0,168,-32.6607
64,0,163,-32.0245
53,0,161,-32.4534
50,0,101,-32.0099
44,0,95,-32.5474
39,0,162,-32.8086
47,0,178,-32.6854
35,0,87,-32.9195
23,2,151,-32.5033
21,0,127,-32.9764
33,7,108,-32.8889
50,6,157,-32.2548
79,19,183,-31.7377
25,1,174,-32.6322
21,2,137,-32.8394
42,0,75,-31.6933
35,1,148,-32.1824
64,33,193,-32.4508
29,3,91,-32.9121
65,17,97,-32.3505
39,2,91,-32.7582
66,11,190,-32.5421
57,19,107,-31.6822
28,8,169,-32.7633
58,6,164,-32.1768
25,1,97,-31.9381
46,7,93,-32.6882
25,4,155,-32.8
74,42,208,-32.2548
66,20,170,-32.1824
54,11,94,-32.4468
53,14,159,-32.2704
20,0,171,-32.1228
22,2,167,-32.6467
32,13,119,-32.2857
21,0,140,-32.6286
27,5,161,-32.6708
30,3,174,-32.4828
26,6,137,-32.708
29,7,87,-32.046
20,0,151,-32.6424
23,0,132,-32.8939
20,3,152,-32.5789
39,18,157,-32.6943
28,0,162,-32.6914
41,2,96,-32.2292
27,0,161,-32.4224
46,7,92,-32
52,6,171,-32.076
53,20,94,-31.6915
31,6,82,-32.378
41,7,92,-32.8043
23,1,144,-32.4861
64,14,100,-32.33
48,14,100,-32.7
31,5,158,-32.2468
37,9,152,-32.5724
26,5,139,-32.5971
51,0,178,-31.9438
34,0,147,-32.7687
46,0,159,-32.5723
27,0,168,-32.75
21,0,151,-32.9073
20,0,135,-32.8519
24,0,161,-32.2422
49,0,174,-32.1839
45,0,163,-32.4724
21,0,132,-32.6212
20,0,141,-32.8014
23,0,153,-32.4314
22,0,160,-32.7625
24,0,160,-32.3438
27,0,141,-32.5816
21,0,106,-32.8491
33,0,155,-32.5613
34,0,175,-32.8686
23,0,147,-32.8027
32,0,87,-32.6667
32,0,155,-32.3419
29,0,165,-32.7455
34,0,143,-32.8182
55,0,172,-32.2791
35,0,149,-32.255
22,0,169,-32.574
21,0,80,-32.6
40,0,159,-32.4403
34,0,173,-32.4046
45,0,135,-32.4444
21,0,131,-32.3817
23,0,130,-32.4923
66,0,181,-32.4199
32,0,153,-32.719
32,0,154,-32.6299
26,0,155,-32.8258
31,0,125,-32.16
28,0,74,-32.5135
23,0,153,-32.9542
29,0,125,-32.576
25,0,148,-32.5338
23,0,82,-31.8171
24,0,138,-32.5652
25,0,143,-32.9021
42,0,185,-32.7892
72,0,180,-32.1833
40,0,86,-32.8837
33,0,83,-32.6506
25,0,118,-32.6102
37,0,168,-32.6726
20,0,160,-32.6
28,0,151,-32.7483
20,0,122,-32.2541
26,0,80,-32.225
20,0,163,-32.411
46,0,161,-32.9006
27,0,150,-32.48
56,0,151,-32.1258
31,0,150,-32.62
40,0,152,-32.3487
20,0,145,-32.6621
57,0,200,-32.32
53,0,165,-32.0364
20,0,80,-32.45
22,0,146,-32.7603
29,0,161,-32.6708
27,0,156,-32.7949
37,0,158,-32.4241
32,0,160,-32.575
20,0,175,-32.7086
22,0,145,-32.5379
20,0,154,-32.4091
31,0,85,-32.4824
22,0,124,-32.5968
60,0,186,-32.5645
37,0,154,-32.526
22,0,137,-32.5693
23,0,112,-32.6964
30,0,111,-32.2432
27,0,105,-32.781
29,0,143,-32.7622
24,0,145,-32.7241
24,0,131,-32.7176
35,0,137,-32.7664
22,0,144,-32.4861
40,0,83,-32.506
21,0,159,-32.522
23,0,140,-32.7143
22,0,164,-32.628
30,0,140,-32.8357
35,0,91,-32.3626
23,0,157,-32.7516
27,0,144,-32.5069
44,0,128,-32.7109
21,0,146,-32.4521
21,0,100,-32.25
37,0,79,-32.8608
20,0,59,-33
40,0,176,-32.5398
20,0,116,-32.7328
23,0,143,-32.8182
23,0,166,-32.506
33,0,147,-32.6259
21,0,135,-32.6074
45,0,171,-32.4211
21,3,31,-32.3226
29,10,132,-32.5682
23,0,134,-32.6791
47,0,184,-32.3533
35,0,143,-32.6224
20,0,120,-32.75
50,0,183,-32.7923
26,0,139,-32.5108
23,0,175,-32.4343
24,0,149,-32.4161
20,1,142,-32.8732
56,0,188,-32.133
30,0,153,-32.3399
41,0,88,-31.8636
21,0,164,-32.6159
22,0,123,-32.7805
27,0,123,-32.3577
39,0,170,-32.5471
20,0,116,-32.681
31,0,171,-32.2865
39,0,144,-32.5903
27,0,142,-32.4507
29,0,88,-32.4432
34,0,116,-32.1983
21,0,167,-32.3653
42,0,163,-32.454
22,0,140,-32.6357
31,0,180,-32.4611
25,0,147,-32.7891
27,0,162,-32.2778
34,0,182,-32.5604
24,0,151,-32.5695
20,0,141,-32.2411
51,0,171,-32.6667
39,0,171,-32.4854
22,0,148,-32.5135
29,0,178,-32.5787
20,3,83,-32.3133
48,0,186,-32.5914
43,0,160,-32.2938
24,0,158,-32.9684
43,0,170,-32.5647
21,0,152,-32.8816
30,0,141,-32.6879
26,0,177,-32.9266
35,0,153,-32.3137
23,0,159,-32.6981
45,0,170,-32.6412
41,0,173,-32.4798
27,4,147,-32.7347
34,12,81,-31.6296
27,4,140,-32.6857
38,10,159,-32.2201
34,6,181,-32.4641
54,19,176,-32.1307
38,17,159,-32.7421
69,29,176,-31.9659
49,16,180,-32.0667
55,30,102,-31.5588
24,8,174,-32.046
40,12,96,-31.6979
59,39,100,-31.74
42,22,179,-32.8156
32,8,137,-32.635
48,15,162,-32.2716
57,52,94,-31.8404
21,2,107,-32.8785
27,6,103,-32.5534
76,60,180,-32.6167
43,11,90,-32.2556
57,20,196,-32.4439
49,10,149,-32.5772
44,10,95,-32.6
68,42,169,-32.3964
22,1,154,-32.8052
51,34,155,-32.5032
39,8,216,-32.5787
32,6,162,-32.821
63,27,189,-32.0582
45,30,78,-32.8333
46,18,105,-32.2952
32,4,156,-32.6218
59,43,197,-32.4772
72,39,182,-32.5824
33,16,151,-32.3841
23,5,178,-32.3652
39,18,170,-32.4176
49,8,193,-32.4145
43,13,161,-32.2236
29,4,185,-32.6
25,3,179,-32.5754
56,24,165,-32.1636
43,10,169,-32.5976
39,0,101,-32.0396
41,7,147,-32.3129
27,14,164,-32.3415
43,12,192,-32.5417
43,15,94,-31.9043
43,22,96,-32.1562
69,49,165,-32.1697
76,60,177,-32.2486
35,10,143,-32.7343
53,33,103,-31.9126
44,14,173,-31.9827
54,44,89,-31.9888
38,11,90,-32.2889
21,4,136,-32.7868
28,7,120,-32.3667
57,25,178,-32.2697
52,19,169,-32.3846
67,52,100,-31.92
37,20,85,-32.5294
42,23,115,-32.2348
22,3,99,-32.7778
21,3,132,-32.2121
59,22,170,-32.1824
24,2,162,-32.5247
34,5,103,-32.6019
47,24,81,-32.1605
31,10,89,-32.3596
46,37,154,-32.3247
52,22,164,-32.5976
54,19,172,-32.2849
25,3,90,-32.5111
49,21,101,-32.0396
41,26,90,-31.7333
64,27,162,-32.1667
31,8,109,-32.5229
42,21,97,-32.3711
37,12,169,-32.4142
44,19,140,-32.8
20,25,125,-32.272
22,4,130,-32.7462
25,6,152,-32.7303
27,7,84,-32.5476
26,3,89,-33
21,2,147,-32.5986
23,19,126,-32.9127
22,10,144,-32.1597
25,2,156,-32.6218
25,15,181,-32.2486
23,23,147,-32.6667
23,30,82,-32.8659
58,0,181,-32.4475
58,0,120,-32.0417
27,0,195,-32.6667
63,0,168,-32.1131
26,0,171,-32.6667
36,0,104,-32.7692
35,0,156,-32.7949
41,0,128,-32.3984
21,0,122,-32.9344
22,0,89,-32.9326
40,0,93,-32.0645
36,0,99,-32.5556
35,0,93,-32.3978
46,0,171,-32.4327
20,0,146,-32.9726
64,0,175,-32.0686
34,0,140,-32.2143
60,0,101,-32.2871
23,0,157,-32.4777
44,0,104,-32.5865
42,3,140,-32.6
31,0,168,-32.3929
22,0,148,-32.5743
52,0,168,-32.3036
70,0,151,-32.6093
26,0,149,-32.8926
28,0,92,-32.913
21,0,95,-32.5053
33,0,163,-32.7117
30,0,172,-32.8372
50,0,95,-31.8105
26,0,157,-32.4395
30,0,176,-32.9545
33,0,150,-32.8733
34,0,99,-32.7879
40,0,158,-32.6646
22,0,154,-32.6883
52,0,117,-32.0171
32,0,148,-32.6554
70,0,185,-32.4757
32,0,164,-32.5305
49,0,173,-32.3873
41,0,99,-32.2424
53,0,180,-32.6944
32,0,104,-32.8558
27,0,90,-32.7778
23,0,155,-32.7032
27,0,154,-32.5195
28,0,156,-32.5385
22,0,162,-32.4753
42,0,154,-32.5844
25,0,140,-32.7429
47,0,167,-32.7246
38,0,157,-32.8408
56,0,196,-31.9898
36,0,91,-32.2198
51,0,181,-32.6464
37,0,162,-32.8457
20,0,134,-32.8806
28,0,163,-32.2761
26,0,179,-32.6089
56,0,179,-32.2458
43,2,176,-32.1193
45,0,187,-32.1604
37,0,185,-32.3514
23,0,163,-32.7914
47,0,156,-32.141
20,0,152,-32.7961
31,0,192,-32.526
61,0,225,-32.4222
32,0,138,-32.7681
71,0,184,-31.9022
82,0,188,-32
42,0,99,-32.6566
29,0,126,-32.4127
27,0,167,-32.7545
79,0,157,-32.0892
21,0,77,-32.7403
44,0,161,-32.4845
67,0,178,-31.573
50,0,193,-32.3316
50,0,163,-32.4601
26,0,195,-32.5128
47,0,157,-32.5541
59,0,139,-32.6763
78,0,189,-32.0053
36,0,80,-32.2875
34,0,77,-31.9481
43,0,175,-32.3314
24,0,71,-32.7042
26,0,143,-32.4615
22,0,151,-32.7616
35,0,168,-32.9226
37,0,160,-32.4188
38,0,132,-32.5758
52,0,178,-32.2809
54,0,165,-32.3152
44,0,86,-31.9535
29,0,178,-32.8258
58,0,175,-32.3486
45,0,169,-32.7633
21,0,166,-32.6988
72,0,173,-32.659
51,0,165,-32.1939
26,0,86,-32.7558
35,0,91,-32.5385
27,0,114,-32.7281
69,0,186,-32.4194
32,0,169,-32.6391
53,0,84,-32.0357
66,0,175,-31.6971
37,0,173,-32.6127
28,0,127,-32.7008
35,0,181,-32.4144
69,0,180,-32.05
33,0,72,-32.8889
56,0,160,-32.5187
28,0,119,-32.2773
82,0,189,-32.1746
33,0,190,-32.4263
47,0,174,-32.2931
39,0,83,-32.2892
36,0,170,-32.3588
26,0,87,-32.7931
64,0,247,-32.2551
51,0,161,-32.1118
55,0,139,-32.6906
21,0,89,-32.4157
30,0,161,-32.2671
40,0,203,-32.3645
48,0,171,-32.3041
61,0,159,-32.3145
44,0,170,-32.6412
40,0,93,-32.3871
46,0,90,-32.5222
38,0,89,-31.9888
39,0,185,-32.6811
33,0,164,-32.6341
22,0,93,-32.5054
21,0,95,-32.6632
34,0,162,-32.4198
23,0,146,-32.6849
25,0,93,-32.6237
22,0,140,-32.7071
24,0,164,-32.6829
38,0,164,-32.7622
35,0,167,-32.485
48,0,77,-31.9091
35,0,104,-32.4231
62,0,188,-32.4947
24,0,150,-32.8267
44,0,140,-32.2143
41,0,160,-32.15
37,0,148,-32.5541
22,0,155,-32.6323
58,0,161,-31.9441
36,0,141,-32.6383
27,0,139,-32.1007
45,0,176,-32.1534
28,0,174,-32.2644
22,0,169,-32.5325
35,0,78,-32.4872
63,0,170,-32.3471
63,0,169,-31.8994
31,0,159,-32.2767
42,0,89,-32.5056
45,0,143,-32.2657
34,0,116,-32.3793
49,0,167,-32.7305
65,0,88,-32.3295
37,0,143,-32.4615
25,0,74,-32.8378
23,0,167,-32.8024
20,0,128,-32.7969
29,0,67,-31.791
41,0,79,-32.1013
34,0,153,-32.4248
41,0,187,-32.4332
40,0,165,-32.5333
28,0,163,-32.6319
65,0,209,-32.5694
33,0,154,-32.1948
23,0,81,-32.5679
39,0,142,-32.5211
43,0,183,-32.1967
47,0,149,-32.4362
31,0,147,-32.2245
23,0,84,-32.4524
26,0,80,-32.5125
54,0,160,-32.3687
52,0,97,-31.3814
34,0,172,-32.7558
43,0,167,-32.6168
80,0,178,-31.8315
44,0,82,-31.9878
63,0,183,-32.3497
34,0,133,-32.7368
75,0,188,-32.0266
72,0,174,-32.0805
28,0,144,-32.4236
46,0,92,-31.9239
50,0,175,-32.3657
24,0,80,-32.1625
26,0,178,-31.9775
75,0,187,-32.3048
69,0,181,-32.6077
45,0,168,-32.4464
41,0,143,-32.0839
63,0,190,-32.2579
47,0,143,-32.1678
39,0,169,-32.5976
21,0,174,-32.7644
24,0,152,-31.9605
41,0,188,-32.6755
20,0,123,-32.8455
35,0,139,-32.8417
32,0,81,-31.9506
30,0,150,-32.3333
27,0,87,-32.6092
43,0,174,-32.5575
25,0,92,-32.9457
56,0,165,-32.297
42,0,79,-32.2278
54,0,157,-32.2611
28,0,162,-32.7901
30,1,139,-32.9137
38,0,88,-32.3295
59,0,186,-32.3602
45,0,160,-32.5375
21,0,88,-32.6932
27,0,84,-32.2381
27,0,154,-32.8377
27,0,117,-32.641
47,0,181,-32.1823
38,0,169,-32.3905
62,0,160,-32.1562
83,0,183,-32.3989
23,0,126,-32.7063
61,0,177,-32.4972
47,0,170,-32.4588
84,0,161,-32.2298
44,0,157,-32.5159
54,0,91,-31.5604
25,0,141,-32.5957
74,0,179,-32.2961
36,0,163,-32.2331
34,0,144,-32.7292
42,0,156,-32.3846
25,0,137,-32.927
34,0,155,-32.6194
59,0,105,-32.1143
39,0,157,-32.3949
48,0,168,-32.0179
23,0,155,-32.7484
33,0,81,-32.2593
26,0,145,-32.9793
59,0,174,-31.9138
69,0,169,-31.7692
36,0,69,-31.9565
29,0,158,-32.5759
25,0,172,-32.3895
46,0,167,-32.1617
35,0,135,-32.7556
42,0,169,-32.7219
56,0,182,-32.2967
34,0,148,-32.6419
41,0,183,-32.5847
29,0,173,-32.7688
64,0,168,-32.3095
21,0,172,-32.9826
63,0,175,-32.0571
34,0,150,-32.2933
31,0,155,-32.8774
21,0,163,-32.8834
24,0,133,-32.8722
22,0,80,-32.1
30,0,71,-32.7042
22,0,111,-32.4595
32,0,135,-32.8148
20,0,99,-32.5152
23,0,154,-32.6623
20,0,150,-32.34
21,0,156,-32.8205
27,0,132,-32.7273
54,0,166,-32.5241
25,0,157,-32.5159
35,0,176,-32.1364
32,0,103,-32.6796
28,0,155,-32.671
22,0,130,-32.5769
20,0,147,-32.5918
41,0,164,-32.3841
24,0,83,-32.9639
72,0,155,-32.3806
63,0,193,-32.3316
42,0,153,-32.3464
49,0,91,-32.3516
46,0,145,-32.3655
54,0,149,-31.7987
37,0,167,-32.1078
26,0,150,-32.9533
55,0,178,-32.2809
37,0,82,-31.1707
39,0,270,-32.5889
56,0,82,-31.8659
39,0,158,-32.6266
50,0,88,-32
41,0,187,-32.2674
45,0,160,-32.2125
39,0,164,-32.6707
31,0,70,-32.1429
41,0,186,-32.6237
64,0,160,-32.0438
24,0,182,-32.4396
40,0,138,-32.7319
36,0,141,-32.3475
35,0,170,-32.8647
56,0,168,-32.4881
74,0,118,-31.6949
60,0,173,-32.2717
72,0,166,-31.9518
71,0,174,-32.046
56,0,190,-32.6737
75,0,178,-32.4494
37,0,80,-31.9625
48,0,143,-32.3776
45,0,127,-32.3622
23,0,173,-32.8728
77,0,194,-32.4381
20,0,149,-32.8725
36,0,169,-32.5207
29,0,176,-32.625
22,0,170,-32.6471
38,0,175,-32.6
47,0,248,-32.6774
36,0,172,-32.2384
39,0,177,-32.1073
44,0,97,-31.9691
27,0,146,-32.2466
20,0,106,-32.5566
49,0,95,-32.1368
24,0,147,-32.8707
37,0,79,-31.8228
26,0,143,-32.6853
63,0,270,-32.5111
65,0,179,-31.8994
28,0,64,-32.8906
21,0,176,-32.5966
23,0,72,-32.9444
26,0,146,-32.9658
21,0,73,-32.7671
31,0,113,-32.3451
20,0,68,-32.6912
37,18,128,-32.6875
66,25,195,-32.4564
31,6,150,-32.9267
62,41,99,-31.7778
48,36,150,-32.34
70,50,149,-32.443
58,18,173,-32.3353
53,29,180,-31.8278
76,39,178,-31.9831
21,2,153,-32.4641
86,55,189,-32.4233
21,0,154,-32.5
54,24,160,-31.8188
30,5,154,-32.4091
21,3,178,-32.8933
34,12,149,-32.302
70,33,216,-32.4583
54,22,167,-32.3772
40,7,179,-32.6536
61,31,177,-32.4237
37,8,146,-32.7397
34,5,150,-32.7933
27,16,122,-32.2623
65,21,178,-32.5618
73,31,149,-32.4832
30,4,82,-32.3537
34,7,148,-32.8784
48,34,168,-32.1607
43,22,152,-32.8158
33,9,158,-32.9051
26,7,156,-32.6667
25,1,133,-32.9023
26,4,125,-32.672
34,11,183,-32.5847
29,11,76,-32.3684
20,0,103,-32.6796
40,0,101,-32.2772
34,0,140,-32.8
24,0,167,-32.7844
21,0,75,-32.84
20,0,86,-32.2907
46,0,150,-32.2733
21,0,168,-32.756
40,7,153,-32.6209
21,0,153,-32.7255
41,0,91,-32.5275
32,0,91,-32.8901
23,0,137,-32.9051
31,0,127,-32.4567
59,0,130,-32.0538
26,0,165,-32.2182
44,0,161,-32.4472
33,0,95,-32.1789
49,0,101,-31.9307
34,4,151,-32.7351
43,0,144,-32.25
55,0,194,-32.3608
23,0,139,-32.5827
38,0,182,-32.4451
40,0,95,-32.6
21,0,184,-32.8478
45,0,177,-32.3051
43,0,316,-32.4905
23,0,145,-32.8207
23,0,150,-32.0733
43,0,158,-32.2975
29,0,120,-32.5417
22,0,144,-32.5347
30,0,90,-32.6889
34,0,166,-32.5
29,0,123,-32.8618
34,0,98,-32.6327
23,0,100,-32.65
31,2,165,-32.5939
29,0,102,-32.9314
21,0,144,-32.6667
44,0,99,-32.2626
43,0,152,-32.5329
34,0,91,-32.7912
33,0,91,-32.5055
26,0,150,-32.8267
49,0,181,-32.558
40,0,190,-32.5895
57,0,177,-32.5198
60,0,159,-32.4591
41,0,156,-32.6026
28,0,173,-32.6879
29,0,150,-32.5867
48,0,148,-32.5338
38,0,173,-32.6012
54,0,168,-32.3214
41,0,158,-32.3481
43,15,172,-32.2151
41,0,193,-32.829
27,0,143,-32.6224
26,0,136,-32.875
79,0,126,-32.3175
27,0,91,-32.6044
39,0,159,-32.761
28,0,88,-32.2045
23,0,154,-32.4286
58,0,177,-32.5763
31,0,82,-31.7073
21,0,129,-32.7752
22,0,86,-32.9884
63,0,96,-32.1667
23,0,100,-32.57
48,0,94,-32.4149
33,0,153,-32.4118
40,0,162,-32.5556
33,0,132,-32.553
24,0,160,-32.7938
35,0,173,-32.6127
40,0,157,-32.535
36,0,194,-31.9897
49,0,171,-32.5731
47,0,121,-32.4711
54,0,180,-32.7222
27,0,137,-32.5474
38,0,197,-32.2995
49,0,174,-32.5115
30,0,135,-32.3407
45,0,150,-32.2933
53,0,174,-32.1667
33,0,195,-32.5897
20,0,151,-32.4834
33,0,179,-32.6704
73,0,153,-32.4183
20,0,143,-32.3776
26,0,147,-33
63,0,165,-31.8061
32,0,157,-32.9108
39,0,171,-32.5965
26,1,152,-32.8355
43,0,163,-32.589
32,2,138,-32.2029
26,0,74,-32.6486
21,1,117,-32.3932
29,0,172,-32.9186
48,0,246,-32.1992
28,0,183,-32.7596
42,0,168,-32.3631
41,0,174,-32.8161
30,5,160,-32.5438
53,0,177,-32.3107
25,0,123,-32.9837
29,0,157,-32.6115
33,0,153,-32.6275
34,0,150,-32.38
33,0,96,-32.3854
20,0,150,-32.52
22,0,116,-32.931
67,0,177,-32.3503
36,0,119,-32.5294
24,0,133,-32.406
23,0,139,-32.8777
28,0,133,-32.1353
58,0,171,-32.0409
23,0,134,-32.6642
24,0,164,-32.8049
56,0,98,-31.6735
44,0,160,-32.3875
51,0,196,-32.2398
38,0,165,-32.6727
20,0,121,-33
29,9,169,-32.6331
20,0,138,-32.5
34,0,122,-32.6557
38,0,164,-32.7256
53,0,160,-32.4312
55,0,153,-32.4183
32,0,89,-32.5393
60,0,166,-32.512
60,0,186,-32.5
50,0,149,-32.7718
44,0,169,-32.1243
22,0,76,-32.8421
25,0,173,-32.4451
30,0,145,-32.7655
24,0,170,-32.8588
31,0,152,-32.4934
42,0,140,-32.8357
42,0,93,-31.6344
35,0,132,-32.7652
22,0,169,-32.4675
43,0,93,-32.2903
23,0,158,-32.981
20,0,141,-32.9787
39,16,91,-31.5495
47,37,166,-32.6145
56,47,89,-32.809
40,10,149,-32.5839
48,23,89,-32.1461
30,5,86,-32.6047
23,0,166,-32.8133
36,3,162,-32.8272
20,4,160,-32.7563
45,23,94,-31.5957
30,11,145,-32.5862
67,60,156,-32.1987
21,1,147,-32.9796
50,28,178,-32.5169
31,13,100,-32.74
31,8,144,-32.3472
25,6,260,-32.7269
75,42,187,-32.3583
33,6,164,-32.3293
26,5,91,-32.3297
22,3,89,-32.4944
42,21,90,-32.1667
24,33,143,-32.8322
28,7,128,-32.5547
29,7,177,-32.6497
20,0,166,-32.6325
33,4,143,-32.7762
23,0,124,-32.9355
21,2,142,-32.5634
33,11,159,-32.7107
28,3,170,-32.6941
34,11,165,-32.6848
33,0,172,-32.2093
27,3,165,-32.5212
28,7,155,-32.3226
27,9,142,-32.5986
53,19,183,-32.5355
34,4,156,-32.7308
23,0,181,-32.2597
23,7,143,-32.4196
36,3,141,-32.5603
22,4,82,-32.6829
29,0,173,-32.3006
20,10,145,-32.8966
25,0,205,-32.8293
37,0,150,-32.72
41,0,175,-32.0114
69,0,188,-32.2926
55,0,201,-32.1841
33,0,133,-32.782
24,0,190,-32.2842
31,0,140,-32.45
28,0,170,-32.5824
36,0,147,-32.3129
31,0,159,-32.8113
24,0,156,-32.6154
27,0,132,-32.1742
42,0,186,-32.629
54,0,168,-32.6548
21,0,123,-32.8049
54,0,174,-32.6322
23,0,143,-32.7832
27,0,145,-32.6483
22,0,151,-32.7285
23,0,158,-32.3987
34,0,182,-32.5769
36,0,178,-32.5449
33,0,162,-32.7222
32,0,141,-32.6596
26,0,138,-32.7391
37,0,96,-32.1979
65,0,183,-32.2514
74,0,167,-32.2994
40,0,166,-32.5181
37,0,165,-32.2364
37,0,178,-32.1461
22,0,163,-32.4601
50,0,169,-31.9172
21,0,145,-32.4828
53,0,82,-32.0976
23,0,139,-32.036
46,0,162,-32.3765
34,0,179,-32.6872
53,0,186,-32.4247
56,0,175,-32.4686
42,0,142,-32.5986
31,0,167,-32.1737
36,0,152,-32.1908
29,0,149,-32.6443
30,0,188,-32.6277
67,0,200,-32.605
34,0,156,-32.2244
58,0,177,-32.2768
49,0,171,-32.5497
37,0,155,-32.5226
73,0,197,-32.2792
53,0,167,-32.4192
47,0,168,-32.5714
23,0,151,-32.6887
53,0,163,-32.0307
35,0,170,-32.2176
32,0,192,-32.6146
67,0,175,-32.6114
26,2,184,-32.413
38,0,186,-32.672
25,0,160,-32.475
23,0,138,-32.5435
31,0,138,-32.6667
23,0,128,-32.7188
22,0,170,-32.5412
47,0,149,-32.7785
68,0,162,-32.3333
43,0,172,-32.3895
36,0,149,-32.3087
24,0,177,-32.7401
29,0,193,-32.6995
21,0,153,-32.9608
27,0,166,-32.1988
40,0,153,-32.4902
28,0,146,-32.8425
32,0,159,-32.2704
23,0,165,-32.4788
62,0,175,-32.0229
20,0,180,-32.8056
47,0,198,-32.4394
25,0,188,-32.8191
66,0,175,-32.08
43,0,161,-31.6832
32,0,149,-32.1879
33,0,175,-32.4686
54,0,169,-32.355
21,0,166,-32.4036
21,0,194,-32.2113
28,0,144,-32.4306
35,0,142,-32.7746
47,0,148,-32.2973
30,0,134,-32.6493
24,0,162,-32.6173
31,0,175,-32.8286
57,5,173,-32.1792
24,0,163,-32.7055
20,0,104,-32.8365
29,0,216,-31.7685
23,54,124,-32.6774
21,1,128,-32.5
21,1,105,-32.8667
27,0,151,-32.8013
21,0,167,-32.9222
64,19,165,-31.6545
32,3,173,-32.5723
56,13,165,-32.0121
70,27,206,-31.8738
43,8,172,-32.2733
43,9,165,-32.7455
56,23,109,-31.7615
56,41,178,-32.2865
31,6,99,-32.3232
47,8,163,-32.5276
39,14,168,-32.2381
37,8,163,-32.3436
60,30,110,-32
66,46,173,-32.4971
44,19,152,-32.3816
29,7,129,-32.2248
21,2,161,-32.4596
38,8,167,-32.1198
59,21,168,-32.7738
61,21,172,-32.3721
24,6,147,-32.9456
23,0,152,-32.2303
42,0,171,-32.6842
22,0,151,-32.6225
44,0,184,-32.3913
45,0,177,-32.4011
35,0,171,-32.1637
59,0,170,-32.4176
29,0,145,-32.869
21,0,158,-32.5633
33,0,153,-32.3007
36,0,186,-32.4516
43,0,156,-32.4295
30,0,150,-32.7333
61,0,173,-32.1618
34,0,90,-32.6889
54,0,173,-32.3179
46,0,170,-32.5294
27,0,168,-32.625
46,0,180,-32.5833
59,0,186,-32.5968
29,0,152,-32.5921
21,0,153,-32.6078
24,0,137,-32.4234
34,0,157,-32.414
57,0,192,-32.3281
21,0,168,-32.5595
45,0,187,-32.3048
32,0,161,-32.2981
44,0,173,-32.5087
41,0,174,-32.4828
23,0,184,-32.7554
24,0,85,-32.4471
33,0,85,-32.2118
28,0,146,-32.7329
22,0,157,-32.3312
40,0,104,-32.2981
32,0,154,-32.6558
59,0,194,-32.4588
34,0,148,-32.0541
27,0,163,-32.638
26,0,171,-31.9825
37,0,187,-32.5775
40,0,161,-32.4658
36,0,171,-32.0409
36,0,80,-32.45
59,0,195,-32.3538
51,0,144,-32.3472
24,0,171,-32.2105
21,1,158,-32.3101
28,0,133,-31.7669
23,0,96,-32.4479
34,0,167,-32.3114
39,0,138,-32.3623
33,0,104,-32.4038
38,0,82,-31.8171
23,0,153,-32.6797
33,0,81,-32.6296
43,0,165,-32.4
35,0,161,-32.6832
32,0,153,-32.6601
35,0,92,-32.2065
49,0,173,-32.6879
48,0,139,-32.5827
21,1,132,-32.8788
56,0,173,-32.422
43,0,137,-32.8175
27,0,86,-32.4651
75,0,164,-32.4146
62,0,175,-32.44
26,0,164,-32.6098
41,0,165,-32.3273
33,0,177,-32.1977
25,0,185,-32.4486
44,0,189,-32.5714
26,0,137,-32.4891
27,0,167,-32.5868
61,0,167,-32.0898
21,0,137,-32.6861
40,0,189,-32.4127
36,0,141,-32.7376
26,0,158,-32.4494
24,0,175,-32.6286
66,0,187,-32.0374
24,0,83,-32.4458
48,0,197,-32.4416
27,0,149,-32.7919
46,0,170,-32.7647
25,3,147,-32.5238
46,0,102,-32.2745
42,0,173,-32.4798
20,0,162,-32.7037
20,6,87,-32.1264
23,0,132,-32.2273
32,0,167,-32.515
25,0,140,-32.5571
36,0,147,-32.6871
29,4,146,-32.5205
23,2,88,-32.125
61,0,184,-32.125
20,0,167,-32.6707
65,0,197,-32.5178
23,0,161,-32.6025
27,0,172,-32.5058
49,0,180,-32.6111
47,0,160,-32.5375
40,0,99,-32.3333
40,0,170,-32.3765
42,0,96,-32.3646
23,0,141,-32.695
21,0,167,-32.4371
38,0,186,-32.414
35,0,172,-32.8372
31,0,168,-32.4702
32,5,161,-32.472
49,0,158,-32.5443
34,1,160,-32.7313
44,0,149,-32.2081
43,0,197,-32.5381
63,0,197,-32.2792
26,0,156,-32.1026
32,1,163,-32.4172
37,3,144,-32.2222
35,0,185,-32.5676
21,0,141,-32.8865
23,0,146,-32.5479
36,0,162,-32.7407
42,2,173,-32.8786
48,0,99,-32.2727
25,0,171,-32.4269
26,0,173,-32.711
25,0,163,-32.7669
22,0,153,-32.7843
28,0,173,-32.4104
43,12,162,-32.5802
58,14,172,-32.5581
34,8,189,-32.8519
30,8,158,-32.8481
44,5,166,-32.6627
96,57,200,-32.43
29,4,94,-32.4894
56,17,151,-32.6556
79,25,193,-32.4767
25,0,155,-32.4387
37,9,146,-32.6644
26,3,167,-32.8084
29,4,174,-32.8218
27,3,167,-32.515
30,2,149,-32.8188
56,19,206,-32.2864
28,0,124,-32.7177
36,7,161,-32.6087
44,11,156,-32.8782
47,4,201,-32.6169
50,19,179,-32.3743
61,14,183,-32.5137
44,8,175,-32.7714
21,2,133,-32.7068
30,7,164,-32.1768
23,0,180,-32.4111
41,8,195,-32.4051
32,8,189,-32.4709
51,14,194,-32.4948
23,4,172,-32.1512
24,33,148,-32.1892
20,6,117,-33
20,3,145,-32.4966
23,4,149,-32.8255
28,4,170,-32.5941
28,9,182,-32.4396
43,16,179,-32.6983
49,16,154,-32.474
40,10,170,-32.5706
24,0,136,-32.5662
39,6,166,-32.3554
58,13,112,-31.9911
30,8,177,-32.7062
74,22,198,-31.9646
26,2,159,-32.3648
22,3,164,-32.622
56,22,183,-32.1749
49,11,188,-32.3032
40,16,163,-32.5706
78,58,180,-32.2167
40,15,85,-31.8706
57,21,195,-32.4462
28,1,159,-32.7987
21,7,168,-32.5417
37,5,177,-32.5424
54,17,189,-32.4762
38,7,194,-32.634
40,7,201,-32.5323
52,9,178,-32.427
39,5,173,-32.9249
23,3,180,-32.8333
45,24,199,-32.2362
51,21,169,-32.7337
32,8,161,-32.9068
29,4,156,-32.6603
67,23,187,-32.123
53,10,174,-32.5057
42,11,165,-32.5455
41,8,183,-32.2951
20,6,184,-32.5435
60,18,167,-32.4551
53,16,188,-32.5319
41,15,226,-32.6062
21,2,180,-31.8389
62,15,185,-32.2216
66,25,182,-32.2033
46,16,171,-32.614
47,10,163,-32.5828
28,6,142,-32.2958
30,5,156,-32.8013
70,47,211,-32.09
40,9,168,-32.7202
39,10,166,-32.753
20,2,170,-32.8765
49,6,183,-32.306
38,14,167,-32.9042
27,10,152,-32.8882
52,13,164,-32.1829
49,18,171,-32.7836
35,15,94,-31.883
28,9,165,-32.9394
38,60,152,-32.6711
25,12,164,-32.3354
22,15,130,-32.8769
38,5,178,-32.4944
20,0,38,-32.2105
59,28,175,-32.4686
49,8,170,-32.3412
71,28,211,-32.0664
49,13,195,-32.6872
52,12,157,-32.5159
50,15,183,-32.9071
24,3,157,-32.879
36,8,92,-32.6413
46,18,144,-31.8403
49,21,166,-32.5904
67,25,174,-32.6437
64,17,209,-32.311
50,4,177,-32.226
59,20,161,-31.8882
48,9,170,-32.3588
54,20,192,-32.4688
65,17,195,-32.2718
41,8,112,-32.7143
59,23,192,-32.1146
65,37,189,-32.6296
56,22,183,-32.2951
45,17,144,-32.2917
34,1,158,-32.3924
41,13,104,-32.5769
69,36,188,-31.9734
57,30,183,-32.6011
64,24,172,-32.4128
44,24,264,-32.1174
35,2,184,-32.5924
29,7,90,-32.6222
25,6,102,-32.902
23,2,163,-32.6933
23,15,117,-32.7863
21,0,159,-32.8616
22,0,155,-32.8645
39,0,186,-32.6452
21,0,158,-32.7278
26,0,85,-32.3412
25,0,90,-32.3889
29,0,101,-32.4653
45,0,147,-31.7959
33,0,93,-32.1398
27,0,175,-32.5257
23,0,165,-32.8061
25,0,79,-32.0127
31,0,89,-32.8652
20,0,222,-32.2793
48,0,173,-32.3815
32,0,151,-32.3642
20,0,155,-32.1548
29,0,167,-32.4431
41,0,164,-32.3049
24,0,75,-31.9467
41,0,165,-31.9455
21,0,142,-32.4718
20,0,165,-32.2242
24,0,101,-32.2475
52,0,164,-32.3232
31,0,145,-32.7172
24,0,93,-31.828
50,0,86,-31.4651
22,0,99,-32.6162
23,0,165,-32.6545
23,0,80,-33
22,0,118,-32.3983
26,0,136,-32.7279
31,0,144,-32.8125
23,0,88,-32.1136
22,0,145,-32.469
45,0,100,-32.4
47,0,104,-32.375
20,0,118,-32.5085
52,0,192,-32.5156
34,0,97,-31.5464
50,0,116,-32.4828
22,0,100,-32.6
48,0,112,-32.1518
33,3,171,-32.5556
54,0,176,-32.3523
26,0,163,-32.9448
39,1,181,-32.2486
24,0,107,-32.2336
23,0,146,-32.8219
45,0,93,-32.1828
21,9,99,-32.4343
34,0,153,-32.8366
53,0,98,-32.1837
23,0,152,-32.9276
21,13,166,-32.741
20,0,85,-32.4235
26,0,165,-32.6424
28,0,173,-32.3988
48,0,156,-32.2372
38,0,156,-32.5256
32,0,153,-32.4052
22,0,146,-32.637
25,0,162,-32.2407
31,0,167,-32.503
65,0,95,-31.5789
29,5,119,-32.6134
32,0,179,-32.6257
35,6,103,-32.7087
30,0,120,-32.55
32,0,168,-32.869
30,0,84,-32.7024
31,0,165,-32.6121
60,0,167,-32.3174
56,0,184,-31.788
37,0,154,-32.1039
26,0,158,-32.7532
30,0,93,-32.1828
42,0,173,-32.6185
23,0,151,-32.596
54,0,193,-32.3679
73,0,183,-32.071
57,0,168,-32.3095
44,0,169,-32.503
61,0,172,-32.5
38,0,143,-32.2517
30,0,139,-32.5036
32,0,134,-32.5
41,0,91,-32.2857
34,0,157,-32.293
21,0,144,-32.8958
24,0,62,-32.5
23,0,168,-32.4762
22,0,131,-32.7328
60,0,176,-31.9205
26,2,159,-32.7547
52,0,167,-32.6826
33,0,166,-32.6807
24,2,146,-32.4384
21,0,135,-32.4815
59,0,175,-32.5143
24,0,175,-32.6286
24,16,160,-32.9562
33,0,185,-32.5405
32,3,167,-32.4671
29,0,147,-32.8163
42,0,146,-32.726
47,0,163,-32.6626
33,0,154,-32.7792
25,0,153,-32.4379
46,0,157,-32.7898
45,0,165,-32.3394
52,0,159,-32.3522
25,0,139,-32.7482
51,0,173,-32.2543
39,0,91,-32.0659
23,0,160,-32.225
33,0,162,-32.6481
28,0,145,-32.3862
27,2,135,-32.8296
22,0,167,-32.7725
33,0,146,-32.6027
20,1,92,-32.2065
43,0,87,-32.1034
20,0,80,-32.525
20,8,138,-32.471
29,9,150,-32.32
35,8,170,-32.4588
20,3,151,-32.8808
28,6,78,-32.7308
20,2,147,-32.6871
33,4,165,-32.1273
46,11,84,-32.5952
59,34,134,-32.4627
25,2,144,-32.7778
27,2,132,-32.1667
22,2,193,-32.3264
38,12,184,-32.712
27,12,236,-32.7203
56,9,101,-31.9208
30,6,165,-32.5939
40,15,88,-32.3523
23,0,47,-32.8298
20,0,152,-32.6118
38,16,72,-32.4583
30,4,145,-32.9103
50,13,178,-32.809
44,14,154,-32.4286
34,3,174,-32.9425
33,2,162,-32.5062
29,6,141,-32.5957
42,0,170,-32.3588
51,7,179,-32.257
24,5,147,-32.517
26,3,156,-32.5385
24,36,160,-32.7625
31,3,276,-32.5833
20,2,138,-32.5652
21,1,159,-32.7673
37,12,168,-32.4464
54,9,171,-32.5848
23,3,158,-32.462
32,8,157,-32.7325
62,9,187,-32.1925
31,7,149,-32.8926
42,9,156,-32.2885
25,2,127,-32.6535
24,7,154,-32.6104
33,4,97,-32.3196
38,7,163,-32.4049
20,2,165,-32.4061
35,13,157,-32.5223
24,4,160,-32.2
20,2,161,-32.5714
50,4,184,-32.6902
24,5,157,-32.758
51,14,188,-32.2713
20,5,88,-32.6818
25,1,105,-32.4952
20,3,144,-32.7986
35,0,103,-32.6602
36,6,158,-32.4367
35,6,102,-32.8529
48,9,82,-32.3293
23,4,121,-33
35,0,229,-32.786
32,4,155,-32.6968
24,5,157,-32.7898
35,4,161,-31.9441
24,1,169,-32.8935
44,22,117,-32.3162
55,18,155,-31.6903
49,14,92,-31.8261
43,3,169,-32.5917
33,6,147,-32.6939
33,1,100,-32.64
46,6,89,-32.5056
33,7,153,-32.4706
20,2,164,-32.3902
38,0,162,-32.7778
32,5,90,-32.8444
25,4,93,-32.6667
34,10,93,-32.7097
29,9,87,-32.1149
22,3,81,-33
28,13,148,-32.5068
21,0,96,-32.8021
40,11,141,-32.3617
24,2,161,-32.7516
59,8,182,-32.2692
20,0,130,-32.4077
23,2,117,-32.8291
20,0,156,-32.2244
53,8,167,-32.4311
69,36,163,-32.3006
23,2,154,-32.4026
20,6,153,-32.5425
30,9,150,-32.52
54,24,154,-32.5909
22,7,154,-32.8831
66,14,173,-32.3988
68,23,177,-32.0339
23,2,159,-32.434
27,3,142,-32.8592
35,0,193,-32.5855
67,14,172,-32.2384
26,0,176,-32.8352
26,4,139,-33
21,3,88,-32.1818
31,4,182,-32.8462
38,2,160,-32.4875
34,12,93,-32.5806
20,0,130,-32.2846
20,1,149,-32.8389
20,16,143,-32.9371
20,1,159,-32.9748
20,0,95,-32.9368
78,60,184,-32.25
20,1,135,-32.9037
36,9,137,-32.5912
90,60,211,-31.7441
40,16,109,-32.2844
20,0,95,-32.9263
20,0,158,-32.5633
47,23,186,-32.6237
46,26,143,-32.5105
27,2,166,-32.5422
22,0,161,-32.7205
27,0,155,-31.8645
21,0,138,-32.6812
20,3,131,-32.9542
21,4,160,-32.825
24,0,178,-32.7809
21,10,112,-32.7679
28,1,171,-32.6257
21,0,163,-32.908
21,2,115,-32.9826
42,8,170,-32.9
54,7,176,-32.5682
67,23,187,-32.262
42,10,176,-32.7443
49,7,161,-32.5342
85,20,213,-32.2958
52,12,171,-32.6491
65,43,186,-32.3763
50,15,165,-32.7636
37,4,176,-32.2614
52,22,152,-32.4803
44,43,182,-32.7143
40,5,184,-32.6359
26,6,166,-32.8855
46,9,180,-32.6889
36,4,173,-32.3006
46,12,193,-32.6166
45,18,158,-32.7468
49,22,142,-32.5634
26,4,124,-32.6048
53,27,125,-32.272
62,41,108,-31.6759
37,5,184,-32.7989
73,26,177,-32.6102
21,5,100,-32.53
32,6,164,-32.689
72,40,187,-31.9251
70,31,193,-32.4041
57,22,144,-32
41,13,150,-32.7267
47,8,167,-32.3653
32,4,179,-32.7374
57,7,180,-32.2111
29,10,171,-32.8012
35,11,162,-32.6605
33,4,182,-32.9121
64,55,195,-32.241
34,10,131,-32.6794
92,60,193,-31.8187
69,60,188,-32.2234
49,33,177,-32.8079
43,33,172,-32.2674
21,15,159,-32.7358
75,22,176,-31.9261
97,41,201,-32.4826
40,15,172,-32.5465
54,27,166,-32.494
45,15,126,-32.4841
37,4,179,-32.6034
49,6,183,-32.5355
51,10,175,-32.7657
36,5,165,-32.3576
77,16,183,-32.4153
78,45,210,-32.0476
30,7,181,-32.7624
58,29,195,-32.7231
56,12,168,-32.4821
22,4,145,-32.8138
38,9,104,-32.75
59,12,169,-32.3077
77,25,182,-32.3571
65,14,212,-32.3774
31,5,181,-32.7845
51,23,172,-32.9826
38,7,180,-32.2722
77,50,191,-32.3089
60,32,173,-32.4393
61,19,92,-32.6522
23,2,99,-32.4646
21,3,135,-32.7481
24,5,144,-32.8819
31,4,183,-32.388
51,8,157,-32.4522
31,7,156,-32.4167
28,0,175,-32.8514
26,5,153,-32.7843
27,6,168,-32.0417
25,3,124,-32.8468
31,9,171,-32.5439
69,42,197,-32.1675
60,60,181,-31.7403
21,1,157,-32.5796
32,3,136,-32.8235
68,43,201,-32.4129
24,5,96,-32.3854
32,4,193,-32.6218
25,6,160,-32.1938
30,3,136,-32.5588
41,30,84,-32.1905
62,28,190,-32.3737
48,13,154,-31.961
25,0,148,-32.7973
23,2,166,-32.1988
20,2,99,-32.6162
21,0,149,-32.5839
25,3,192,-32.5521
21,0,79,-32.9873
20,3,165,-32.6424
25,10,144,-32.9931
22,0,184,-32.538
21,0,173,-32.8382
47,0,159,-32.434
51,0,169,-32.6568
53,0,180,-32.3556
47,0,97,-31.8969
33,0,157,-32.293
54,0,180,-32.3111
70,0,185,-32.173
73,0,182,-31.8352
59,0,175,-32.0171
59,0,146,-32.6918
47,0,180,-32.0222
29,0,147,-32.8231
26,0,170,-32.5706
46,0,166,-32.2771
44,0,88,-31.6477
27,0,147,-32.449
65,0,181,-32.1602
25,0,147,-32.8639
29,0,103,-32.4854
56,0,178,-32.5
33,0,168,-32.8214
40,0,137,-32.4161
21,0,166,-32.506
36,0,145,-32.4138
21,0,168,-32.3631
20,0,164,-32.8537
21,0,182,-32.7747
27,0,165,-32.1091
28,0,197,-32.7614
30,0,170,-32.7118
42,0,183,-32.4262
61,0,195,-32.0103
43,0,86,-32.5814
42,0,177,-32.2203
20,0,175,-32.48
20,0,64,-31.6562
67,0,193,-32.4767
31,0,80,-32.25
58,0,183,-32.3552
24,0,142,-32.4789
86,0,388,-32.5
34,0,171,-32.3567
53,0,155,-32.529
63,0,165,-32.2485
30,0,151,-32.7219
54,0,187,-32.5561
40,0,179,-32.4078
41,0,151,-32.0397
25,0,146,-32.5205
20,2,147,-32.7959
42,15,160,-32.5187
29,4,156,-32.4359
25,2,184,-32.6087
43,10,164,-32.3598
29,7,156,-32.4231
30,5,152,-32.125
26,3,158,-32.7848
28,5,163,-32.3558
50,19,93,-31.5054
29,9,172,-32.3895
20,0,144,-32.5139
25,6,189,-32.6402
26,3,169,-32.8994
47,8,194,-32.5103
69,59,180,-32.2
58,11,193,-32.544
48,20,163,-32.0429
30,20,171,-32.7368
80,52,180,-31.7222
23,5,159,-32.522
32,7,177,-32.7062
57,24,161,-32.3416
31,10,163,-32.6871
33,4,188,-32.8191
39,13,166,-32.6807
28,3,177,-32.5593
28,27,148,-32.6419
32,10,147,-32.5306
48,9,174,-32.3851
38,8,100,-32.76
74,38,196,-32.1327
45,17,176,-32.4318
22,3,164,-32.5793
22,0,143,-32.2308
32,1,191,-32.4817
45,35,84,-31.6786
34,8,95,-32.7579
25,5,89,-33
64,27,177,-31.9887
41,2,153,-32.4902
41,24,169,-32.5266
22,3,168,-32.494
38,11,87,-32.1839
44,6,171,-32.462
36,6,141,-32.7447
27,4,171,-32.5497
33,17,154,-32.8636
20,28,134,-32.3507
22,0,156,-32.641
23,0,156,-32.7115
24,0,133,-32.203
31,6,93,-32.871
41,8,214,-32.8645
28,2,100,-32.34
22,0,141,-32.844
20,5,135,-32.5852
26,0,99,-32.7071
27,0,138,-31.9493
64,13,162,-32.2901
36,5,151,-32.5364
49,10,86,-31.3605
24,4,147,-32.7755
32,3,138,-31.8406
20,0,131,-32.3664
47,10,95,-31.9789
20,0,100,-32.73
30,6,73,-32.411
44,7,90,-32.6778
68,9,195,-32.4513
20,0,153,-32.915
33,0,147,-32.6463
45,15,156,-32.1154
20,0,87,-32.7931
35,2,172,-32.157
20,0,165,-32.7152
25,2,147,-32.8027
27,2,167,-32.4012
22,2,150,-32.2533
24,3,148,-32.527
34,6,147,-32.2993
29,0,92,-32.5761
22,3,97,-32.6392
29,0,87,-32.6552
21,6,80,-32.375
30,0,154,-32.5714
36,7,158,-32.2722
30,6,149,-32.4094
38,7,165,-32.5939
48,6,182,-32.7088
54,15,173,-32.6358
21,0,74,-32.1757
31,3,152,-32.5066
30,11,79,-32.3924
48,6,180,-32.3389
46,8,171,-32.2456
58,23,158,-32.6076
39,8,161,-32.4286
38,0,169,-32.6095
73,10,174,-32.3046
59,23,178,-32.4775
49,6,168,-31.9702
30,5,138,-32.4928
21,3,151,-32.2649
42,18,94,-32.2447
21,3,84,-32.6548
37,6,172,-32.4535
21,2,164,-32.628
23,4,163,-32.8405
47,9,166,-32.5663
27,11,170,-32.8529
29,5,129,-32.6279
36,7,175,-32.3886
20,0,177,-32.7175
35,3,143,-32.6294
59,16,165,-31.8909
28,0,137,-32.7737
56,12,170,-32.4176
27,1,152,-32.2303
23,1,151,-32.9735
26,7,137,-32.4745
20,0,186,-32.7419
24,0,100,-32.67
33,6,141,-32.5461
22,2,80,-32.8375
45,9,175,-32.0286
33,4,85,-32.2588
43,10,164,-32.5732
22,3,153,-32.3072
21,3,143,-32.5035
22,0,60,-32.6333
25,3,126,-32.7222
21,2,99,-32.798
34,7,156,-32.5256
31,5,151,-32.649
43,8,181,-32.2597
25,4,166,-32.9518
24,3,164,-32.5915
43,19,181,-32.5746
29,6,138,-32.4855
22,0,151,-32.4503
59,34,161,-32.3665
29,8,156,-32.5641
20,8,144,-32.9514
21,0,95,-32.3263
41,0,164,-32.9085
45,0,104,-32.3077
32,0,167,-32.4491
40,0,201,-32.5124
21,0,161,-32.5776
37,2,186,-32.5914
33,2,159,-32.5535
29,0,146,-32.089
45,2,174,-32.2471
50,2,189,-32.4127
34,2,302,-32.6954
24,0,145,-32.4414
49,0,179,-32.5922
26,0,171,-32.4386
41,2,160,-32.5688
50,0,178,-32.1067
30,0,174,-32.7471
21,3,142,-32.6831
27,0,185,-32.4
20,0,153,-32.9412
40,0,146,-32.4247
52,0,195,-32.5179
20,3,174,-32.6264
34,0,187,-32.6471
68,0,177,-32.2655
21,6,167,-32.3593
29,0,684,-32.5731
42,0,96,-32.0104
40,0,171,-32.3977
36,0,166,-32.512
37,0,164,-32.7927
20,0,101,-32.2574
20,0,98,-32.4184
27,0,164,-32.2439
25,0,162,-31.9938
25,0,160,-32.375
28,2,174,-32.6264
20,5,100,-32.69
21,0,118,-32.7034
20,4,80,-32.625
28,2,136,-32.4338
25,0,141,-32.7092
23,0,84,-31.9881
34,0,146,-32.2603
34,0,159,-32.5597
33,0,133,-32.9323
51,0,177,-32.209
43,0,157,-32.6369
47,0,77,-31.6623
60,0,194,-32.3351
47,0,102,-32.5392
33,0,159,-32.5975
20,0,61,-32.3279
50,0,158,-32.1392
27,0,82,-32.561
26,0,148,-32.6014
23,0,90,-32.5444
30,0,168,-32.494
24,0,98,-32.6735
35,0,144,-32.3819
30,0,130,-32.7923
34,0,162,-32.0494
32,0,120,-32.7333
20,0,130,-32.6462
31,0,172,-32.4186
40,0,165,-32.4667
62,0,224,-32.2679
21,0,136,-32.3971
26,0,134,-32.9851
30,0,160,-32.5625
28,0,87,-32.7011
23,0,99,-32.596
25,0,165,-32.6485
20,0,95,-32.4105
30,0,171,-32.6667
22,0,158,-32.8101
23,0,156,-32.6474
33,0,85,-31.4941
28,0,150,-32.58
37,0,164,-32.5244
36,0,153,-32.6013
33,0,160,-32.4438
37,0,185,-32.2649
47,0,185,-32.5514
20,0,160,-32.8312
33,0,139,-32.2806
78,0,171,-32.1462
42,0,177,-32.6102
55,0,158,-32.1329
25,0,146,-32.6712
23,0,171,-32.4211
27,0,135,-32.7852
22,0,77,-32.7792
20,0,135,-32.9852
22,0,151,-32.9536
41,0,91,-32.7143
38,0,162,-32.3333
57,0,200,-32.43
23,0,78,-32.8718
20,0,143,-32.6084
28,0,148,-32.723
21,0,154,-33
21,0,91,-32.7473
71,0,110,-31.6
36,0,86,-32.686
22,0,32,-32.3438
42,0,154,-32.5065
47,0,178,-32.4438
27,0,149,-32.7248
43,0,184,-32.6359
25,0,169,-32.3077
29,0,148,-32.5743
21,0,140,-32.7643
20,0,156,-32.8269
20,0,192,-31.974
24,0,149,-32.8523
45,0,169,-32.1183
38,0,87,-32.7011
22,0,147,-32.8095
28,0,138,-32.6304
21,0,166,-32.5602
21,0,146,-32.6986
43,0,169,-32.1124
43,1,168,-32.9702
40,0,141,-32.4326
53,0,159,-32.7358
45,0,173,-32.4451
50,0,93,-31.8495
52,0,185,-32.2324
62,0,173,-32.0925
30,0,69,-32.942
40,0,71,-32.2958
