20,0,137,-32.9489
21,0,104,-32.4615
38,0,196,-32.699
97,0,182,-31.7198
70,0,179,-32.3855
85,0,187,-32.8663
24,0,151,-32.9536
23,0,156,-32.7692
27,0,180,-32.95
31,0,183,-32.776
54,0,166,-32.9337
24,0,173,-32.8324
47,0,94,-32.8511
70,0,106,-31.9906
58,0,97,-31.6495
62,0,173,-32.6647
64,0,167,-32.5988
48,0,179,-32.6983
48,0,159,-32.9874
24,0,181,-32.9503
40,0,176,-32.625
45,0,150,-32.96
50,0,147,-32.6735
28,0,169,-32.8225
53,0,175,-32.4457
57,0,187,-32.6364
36,0,152,-32.4276
59,0,196,-32.5918
35,0,165,-32.7455
23,0,192,-33
61,0,153,-32.4706
62,0,165,-32.7273
53,0,143,-32.5105
53,0,163,-32.546
83,0,170,-32.5941
50,0,180,-32.4556
66,0,169,-32.8225
21,0,170,-33
50,0,181,-32.6575
83,0,182,-32.2582
73,0,198,-32.4343
47,0,172,-32.657
85,0,181,-32.0387
30,0,164,-32.8537
57,0,187,-32.9251
69,0,184,-32.7826
53,0,188,-32.7074
83,0,176,-32.2443
82,0,196,-32.1939
45,0,233,-32.8798
27,0,179,-32.9944
24,0,200,-32.66
45,0,215,-32.8651
23,0,163,-32.8712
77,0,158,-32.5
47,0,181,-32.4199
54,0,187,-32.893
77,0,194,-32.4742
71,0,181,-32.6796
68,0,194,-32.201
79,0,180,-32.5167
30,0,173,-32.9653
35,0,166,-32.6386
65,0,194,-32.0052
48,0,146,-32.637
66,0,172,-32.4709
80,0,166,-31.9759
39,0,146,-32.9178
31,0,233,-32.9657
30,0,94,-32.1064
77,0,192,-32.6823
45,0,180,-32.8278
47,0,174,-32.8276
34,0,183,-32.8689
29,0,165,-32.9273
26,0,182,-32.8462
62,0,170,-32.7882
75,0,174,-32.408
58,0,190,-32.6895
22,0,151,-32.9338
64,0,200,-32.36
60,0,168,-32.6845
37,0,154,-32.8117
51,0,181,-32.6022
64,0,182,-32.6703
40,0,179,-32.8603
53,0,202,-32.9158
51,0,164,-32.9329
75,0,188,-32.883
25,0,170,-32.9059
67,0,197,-32.736
29,0,157,-32.949
56,0,182,-32.467
81,0,199,-32.4472
53,0,226,-32.7212
47,0,162,-32.8827
40,0,170,-32.8824
67,0,193,-32.456
44,0,157,-32.6561
76,0,184,-32.5163
30,0,173,-33
58,0,174,-32.7701
81,0,211,-32.5782
65,0,190,-32.3421
69,0,165,-32.7152
45,0,154,-32.3506
35,0,183,-32.7923
62,0,166,-32.4277
60,0,158,-32.557
84,0,195,-32.0154
66,0,164,-32.3598
57,0,192,-32.6927
36,0,177,-32.887
58,0,181,-32.8232
72,0,184,-32.5761
41,0,185,-32.8649
74,0,189,-32.2751
42,0,182,-32.6484
61,0,190,-32.8684
53,0,167,-32.4431
51,0,155,-32.6968
50,0,175,-32.9314
34,0,165,-32.9576
38,0,177,-32.8249
91,0,106,-31.4811
47,0,162,-32.784
52,0,197,-32.7614
59,0,182,-32.6593
28,0,168,-32.3988
33,0,177,-32.8305
55,0,171,-32.6199
42,0,205,-32.6732
20,0,155,-32.9806
52,0,182,-32.3407
53,0,191,-32.712
61,0,166,-32.8434
44,0,92,-32.4674
74,0,167,-32.3653
57,0,159,-32.4717
38,0,192,-32.8125
24,0,87,-32.9885
69,0,190,-32.7368
29,0,157,-32.9172
53,0,168,-32.2917
42,0,192,-32.7188
84,0,180,-32.2611
49,0,156,-32.8654
76,0,186,-32.7419
68,0,172,-32.0407
85,0,168,-32.0714
70,0,179,-32.3687
73,0,179,-32.2737
49,0,185,-32.8649
61,0,172,-32.2965
44,0,156,-32.5705
27,0,198,-32.8889
57,0,194,-32.5464
53,0,185,-32.3676
72,0,174,-32.4943
52,0,154,-32.2532
28,0,192,-32.8333
39,0,201,-32.6418
50,0,197,-32.4112
78,0,180,-32.5556
25,0,187,-32.9465
61,0,161,-32.4534
40,0,149,-32.953
54,0,192,-32.4479
62,0,183,-32.8634
52,0,171,-32.8304
31,0,170,-32.9059
45,0,159,-32.9182
30,0,176,-32.9375
64,0,171,-32.2047
52,0,173,-32.7514
33,0,164,-32.8476
47,0,170,-32.8647
67,0,180,-32.5611
29,0,188,-32.9574
40,0,175,-32.7771
31,0,149,-32.9664
39,0,186,-32.7419
56,0,182,-32.467
54,0,188,-32.3032
71,0,106,-32.0283
49,0,125,-32.496
37,0,183,-32.7432
42,0,99,-32.0404
33,0,177,-33
30,0,182,-32.7802
88,0,192,-32.3281
60,0,162,-32.716
52,0,171,-32.4503
25,0,198,-32.9596
43,0,149,-32.9195
50,0,160,-32.8813
68,0,171,-32.4211
33,0,139,-32.6835
67,0,192,-32.6771
63,0,184,-32.8587
70,0,165,-32.6909
44,0,173,-32.6763
75,0,168,-32.3452
50,0,190,-32.8789
65,0,174,-32.454
87,0,184,-32.1685
52,0,174,-32.6552
35,0,149,-32.8054
80,0,188,-31.9894
46,0,162,-32.3333
81,0,186,-32.5269
67,0,195,-32.1333
63,0,174,-32.8678
42,0,93,-32.4946
34,0,159,-32.9371
27,0,162,-32.9815
32,0,178,-32.5506
74,0,161,-32.4348
20,0,156,-33
54,0,165,-32.6545
26,1,174,-32.8793
57,0,186,-32.6344
34,0,164,-33
42,0,190,-32.9421
32,0,182,-33
48,0,173,-32.9306
33,0,161,-32.8323
39,0,187,-32.8128
41,0,152,-32.9539
49,0,180,-32.8611
32,0,188,-32.883
49,0,163,-32.8037
46,0,164,-32.3232
67,0,172,-32.9419
39,0,183,-32.5792
34,0,169,-32.9763
84,0,196,-32.5255
39,0,182,-32.8187
41,0,180,-32.9889
64,0,178,-32.5506
49,0,96,-32.6042
54,0,178,-32.9719
59,0,171,-32.3743
30,0,181,-32.895
31,0,113,-32.9912
60,0,184,-32.5163
29,0,161,-32.7267
58,0,266,-32.5414
61,0,178,-32.7472
81,0,184,-32.3478
39,0,154,-32.9416
62,0,159,-32.7987
83,0,183,-32.4098
48,0,159,-32.6038
73,0,183,-32.5137
26,0,186,-32.7688
38,0,174,-32.7356
39,0,167,-32.8563
59,0,104,-31.875
50,0,97,-32.1856
79,0,188,-32.2553
25,0,180,-32.9889
26,0,170,-32.6
30,0,157,-32.9236
61,0,105,-32.2095
57,0,175,-32.8057
51,0,182,-32.6319
39,0,161,-32.7019
28,0,170,-32.9706
70,0,189,-32.6349
42,0,173,-32.6358
68,0,176,-32.5455
56,0,167,-32.7126
84,0,178,-32.3539
30,0,182,-32.8681
40,0,188,-32.7128
53,0,268,-32.7649
56,0,203,-32.6404
68,0,197,-32.8274
36,0,112,-32.5179
53,0,168,-32.5536
50,0,175,-32.76
73,0,169,-32.2249
42,0,152,-32.6447
35,0,190,-32.9368
56,0,169,-32.4911
49,0,170,-32.6
23,0,167,-32.9222
20,0,172,-32.7733
78,0,185,-32.2486
69,0,170,-32.4647
51,0,185,-32.5135
66,0,191,-32.7487
70,0,188,-32.516
45,0,164,-32.6646
55,0,201,-32.393
41,0,183,-32.7377
73,0,183,-32.4645
59,0,155,-32.4645
77,0,185,-32.2162
68,0,179,-32.5251
61,0,161,-32.6211
34,0,188,-32.7819
84,0,175,-32.5771
42,0,163,-32.8466
29,0,163,-32.8834
81,0,190,-32.4105
78,0,187,-32.2139
32,0,154,-32.8247
57,0,187,-32.8342
75,0,195,-32.1333
73,0,174,-32.3966
34,0,183,-32.9672
86,0,181,-32.4972
53,0,152,-32.5526
42,0,166,-32.8795
51,0,183,-32.5792
53,0,187,-32.754
60,0,194,-32.5619
57,0,191,-32.5131
20,0,186,-32.8495
41,0,179,-32.8939
91,0,186,-32.4086
21,0,77,-32.7922
37,0,159,-32.7987
75,0,174,-31.7759
58,0,184,-32.7609
45,0,173,-32.5607
35,0,182,-32.7582
52,0,195,-32.8769
53,0,167,-32.5629
41,0,185,-32.827
60,0,182,-32.5165
77,0,191,-32.4188
57,0,173,-32.8844
40,0,210,-32.9143
48,0,173,-32.9075
52,0,169,-32.6391
62,0,167,-32.1257
71,0,179,-32.4581
44,0,182,-32.9121
58,0,186,-32.7527
88,0,200,-32.255
26,0,162,-33
67,0,170,-32.7353
40,0,164,-32.939
39,0,176,-32.892
30,0,186,-33
51,0,158,-32.5886
23,0,163,-32.9632
39,0,159,-32.5786
69,0,176,-32.7443
24,0,114,-32.9825
41,0,180,-32.5889
29,0,177,-33
51,0,188,-32.8032
37,0,176,-32.9432
44,0,183,-32.8852
62,0,181,-32.6851
72,0,183,-32.4262
61,0,185,-32.4595
61,0,178,-32.6742
74,0,183,-32.8306
50,0,173,-32.8497
66,0,186,-32.4892
58,0,182,-32.6319
40,0,149,-32.7852
31,0,173,-32.8613
31,0,170,-32.8588
47,0,184,-32.4293
60,0,90,-32.6
64,0,181,-32.2928
41,0,170,-32.7706
43,0,172,-32.7151
45,0,201,-32.7114
34,0,188,-32.8191
60,0,195,-32.6205
44,0,168,-32.8571
41,0,183,-32.765
42,0,192,-32.9115
38,0,161,-32.4472
59,0,173,-32.7052
52,0,189,-32.6243
47,0,266,-32.9549
58,0,182,-32.2143
37,0,186,-32.8656
45,0,209,-32.8086
26,0,153,-32.5425
39,0,158,-32.9177
28,0,174,-32.9253
34,0,147,-32.9524
34,0,190,-32.9211
50,0,174,-32.7586
42,0,165,-32.7576
43,0,181,-32.8232
53,0,160,-32.5438
73,0,172,-32.6512
41,0,150,-32.5933
62,0,176,-32.5682
31,0,160,-32.9125
68,0,327,-32.6208
49,0,195,-32.5385
67,0,168,-32.6845
36,0,176,-32.7159
43,0,190,-32.5105
50,0,179,-32.5251
20,0,150,-32.88
27,0,161,-32.9565
42,0,155,-32.7806
38,0,155,-32.4258
37,0,195,-32.7949
62,0,182,-32.3407
51,0,180,-32.8444
45,0,172,-32.4012
35,0,178,-32.7809
54,0,195,-32.5641
55,0,152,-32.5461
46,0,194,-32.5
58,0,192,-32.5833
30,0,168,-32.375
51,0,178,-32.5449
38,0,199,-32.8342
20,0,150,-33
51,0,180,-32.75
41,0,179,-32.9274
51,0,181,-32.8287
40,0,178,-32.3933
47,0,195,-32.4103
41,0,162,-32.9198
45,0,182,-32.5879
38,0,178,-32.5393
47,0,187,-32.7166
25,0,157,-32.8599
31,0,164,-32.7134
39,0,169,-32.7396
57,0,200,-32.045
50,0,164,-32.689
50,0,159,-32.7358
38,0,196,-32.7653
49,0,146,-32.7671
37,0,191,-32.9162
79,0,181,-32.5525
51,0,191,-32.7644
47,0,172,-32.7209
26,0,177,-32.9774
41,0,177,-32.6328
43,0,190,-32.4579
44,0,168,-32.6964
37,0,160,-32.9562
46,0,178,-32.691
73,0,189,-32.4762
41,0,165,-32.8061
37,0,129,-32.5736
46,0,190,-32.7053
50,0,182,-32.7473
62,0,184,-32.8804
24,0,162,-32.6914
28,0,172,-32.8256
20,0,168,-33
25,0,165,-32.6848
34,0,200,-32.76
45,0,174,-32.6552
59,0,188,-32.2553
68,0,198,-32.197
48,0,168,-32.7917
37,0,181,-32.5856
35,0,193,-32.9689
54,0,192,-32.5469
36,0,180,-32.7278
26,0,196,-32.9388
49,0,173,-32.9133
56,0,167,-32.5808
63,0,170,-32.5706
41,0,167,-32.7126
38,0,175,-32.7086
30,0,162,-32.9136
31,0,216,-32.8333
26,0,157,-32.8854
63,0,156,-32.8718
46,0,185,-32.9297
28,0,165,-32.9515
37,0,172,-32.6163
55,0,193,-32.6425
44,0,183,-32.9126
35,0,175,-32.9943
25,0,161,-32.764
47,0,179,-32.6536
42,0,161,-32.9627
47,0,157,-32.8726
38,0,182,-32.967
53,0,172,-32.5523
37,0,176,-32.5739
47,0,193,-32.8808
64,0,188,-32.734
37,0,169,-32.787
41,0,171,-32.6784
35,0,167,-32.6946
31,0,157,-32.7643
51,0,174,-32.8506
68,0,174,-32.1954
47,0,181,-32.4807
34,0,178,-32.764
44,0,180,-32.5056
32,0,177,-32.8023
59,0,206,-32.4806
58,0,192,-32.3594
27,3,170,-32.9118
59,0,185,-32.5135
48,0,171,-32.5731
57,0,171,-32.7368
54,0,184,-32.7826
35,0,150,-32.66
48,0,185,-32.8162
26,0,168,-32.9762
33,0,190,-32.9158
23,0,166,-32.8735
38,0,169,-32.6746
41,0,179,-32.5363
27,0,150,-32.7533
60,0,170,-32.5412
25,0,152,-32.8947
32,0,144,-32.8611
63,0,189,-32.7037
28,0,176,-32.9432
29,0,166,-32.8795
31,0,165,-32.9697
28,0,171,-33
33,0,185,-32.6973
53,0,179,-32.6927
52,0,164,-32.7439
42,0,223,-32.6278
36,0,194,-32.9278
61,0,195,-32.4308
64,0,214,-32.2009
25,0,178,-32.7978
32,0,156,-32.6282
58,0,183,-32.5738
22,0,227,-32.8811
69,0,198,-32.7929
70,0,181,-32.3646
43,0,150,-32.8533
43,0,184,-32.7554
33,0,156,-32.8013
47,0,169,-32.5325
27,0,167,-32.7545
44,0,167,-32.9102
26,0,198,-32.9747
38,0,183,-32.6885
47,0,182,-32.5769
58,0,102,-31.9314
52,0,174,-32.6724
66,0,173,-32.4046
44,0,192,-32.8438
56,0,191,-32.4921
77,0,189,-32.1799
42,0,170,-32.9765
63,0,184,-32.0272
57,0,197,-32.5888
31,0,171,-32.9591
57,0,187,-32.8021
50,0,167,-32.521
47,0,184,-32.7174
46,0,177,-32.661
60,0,195,-32.7077
53,0,89,-31.809
41,0,182,-32.7967
47,0,168,-32.6429
43,0,182,-32.8242
39,0,175,-32.8343
32,0,157,-32.8535
26,0,171,-32.8129
48,0,176,-32.7045
44,0,172,-32.6512
29,0,153,-32.8824
43,0,178,-32.5169
27,0,176,-32.9432
39,0,195,-32.8769
53,0,180,-32.8889
36,0,160,-32.7437
47,0,213,-32.6291
46,0,171,-32.5848
62,0,180,-32.3056
45,0,176,-32.7841
40,0,165,-32.6545
56,0,169,-32.5621
56,0,190,-32.9105
46,0,183,-32.8634
35,0,175,-32.8857
46,0,179,-32.7877
43,0,178,-32.7416
30,0,179,-32.7598
61,0,166,-32.3855
37,0,175,-32.92
52,0,169,-32.4556
47,0,170,-32.9471
35,0,195,-32.9333
48,0,186,-32.7097
46,0,210,-32.6381
61,0,186,-32.6613
34,0,155,-32.8968
33,0,173,-32.9595
62,0,163,-32.0798
48,0,180,-32.75
46,0,178,-32.7921
31,0,148,-32.7703
28,0,186,-32.9409
52,0,155,-32.5742
32,0,174,-32.6667
35,0,141,-32.9858
68,0,175,-32.5086
46,0,171,-32.8655
40,0,180,-32.8056
59,0,176,-32.5057
24,0,146,-32.7603
50,0,181,-32.7072
39,0,162,-32.6173
39,0,172,-32.8779
70,0,176,-32.2045
58,0,251,-32.5259
26,0,159,-32.761
44,0,167,-32.9461
64,0,203,-32.6946
52,0,180,-32.6722
52,0,191,-32.7435
47,0,169,-32.5089
35,0,175,-32.5657
32,0,171,-32.883
48,0,157,-32.6306
30,0,156,-32.9038
66,0,182,-32.4011
41,0,167,-32.982
53,0,195,-32.8615
47,0,211,-32.5829
35,0,181,-32.7624
38,0,192,-32.625
42,0,170,-32.7588
68,0,189,-32.4233
56,8,194,-32.9124
41,0,143,-32.4615
43,0,182,-32.7582
52,0,177,-32.774
34,0,161,-32.9814
25,0,171,-32.9942
40,0,204,-32.8431
44,0,174,-32.7989
57,14,164,-32.4817
50,0,176,-32.9205
29,0,174,-32.5287
49,0,182,-32.7198
40,0,193,-32.8446
44,0,183,-32.541
70,0,195,-32.1436
27,0,137,-32.9635
43,0,170,-32.7529
39,0,169,-32.8343
40,0,183,-32.9836
48,0,192,-32.5625
62,0,183,-32.4426
39,0,205,-32.922
53,0,198,-32.601
50,0,176,-32.6818
49,0,153,-32.8105
43,0,138,-32.8551
27,0,170,-32.9353
33,4,151,-32.7815
65,0,205,-32.7707
52,0,199,-32.5528
57,0,180,-32.2222
69,0,193,-32.6373
46,0,169,-32.5621
58,0,106,-31.8774
50,0,179,-32.9832
41,0,159,-32.5849
33,0,158,-32.7152
66,0,179,-32.5196
54,0,187,-32.2834
39,0,161,-32.7329
35,0,217,-32.9032
32,0,172,-32.8198
45,0,201,-32.9453
28,0,157,-32.9745
69,0,169,-32.6036
39,0,177,-32.9605
47,0,159,-32.4969
37,0,170,-32.8471
34,0,191,-32.5969
40,0,103,-32.5243
47,0,158,-32.9051
48,0,196,-32.8571
61,0,186,-32.3978
80,0,182,-32.4231
59,0,188,-32.4415
51,0,228,-32.3333
44,0,185,-32.8595
38,0,164,-33
39,0,176,-32.8807
78,0,191,-32.5759
48,0,189,-32.7725
61,0,190,-32.3684
39,0,171,-32.7836
50,0,180,-32.4333
64,0,172,-32.3081
55,0,183,-32.7596
48,0,180,-32.2556
54,0,158,-32.8228
28,3,192,-32.9271
31,0,170,-32.9235
42,0,206,-32.9806
48,0,180,-32.3111
47,0,173,-32.6358
41,0,188,-32.7447
40,0,176,-32.8352
32,0,137,-33
50,0,181,-32.5359
50,0,208,-32.6923
62,0,177,-32.4011
31,0,133,-33
43,0,189,-32.5238
78,0,171,-32.5205
64,0,164,-32.5732
44,0,189,-32.5132
40,0,189,-32.6878
42,0,188,-32.883
51,0,168,-32.7679
51,0,180,-32.3222
51,0,181,-32.6354
41,0,164,-32.7622
68,0,200,-32.755
41,0,197,-32.4061
31,0,173,-32.7457
32,0,176,-32.8864
54,0,111,-32.2432
46,0,183,-32.9617
32,0,191,-32.9476
34,0,186,-32.8495
36,0,160,-32.9562
42,0,187,-32.7754
64,0,189,-32.2381
56,0,185,-32.427
48,0,182,-32.8736
35,0,167,-32.9042
61,0,176,-32.3466
51,0,172,-32.8895
55,0,172,-32.3837
62,0,152,-31.9474
43,0,198,-32.7071
31,0,160,-32.9
23,0,156,-32.8846
29,0,170,-32.6471
71,0,187,-32.2834
41,0,188,-32.4787
40,0,161,-32.8509
42,0,193,-32.5389
42,16,150,-32.8933
87,0,186,-32.3763
44,0,163,-32.7485
34,0,192,-32.7865
50,0,185,-32.6919
23,0,155,-32.9226
47,0,166,-32.4819
44,0,155,-32.6065
49,0,194,-32.5928
50,0,174,-32.6609
74,0,204,-32.4706
52,0,179,-32.6425
51,0,172,-32.7907
41,0,177,-32.7401
41,0,185,-32.5676
53,0,193,-32.5285
42,0,181,-32.7127
77,0,194,-32.1031
33,0,158,-32.5949
45,0,186,-32.8387
27,0,155,-32.7548
42,0,174,-32.5172
41,0,154,-32.6753
47,0,176,-32.983
49,0,182,-32.7308
63,0,203,-32.3941
60,0,172,-32.686
42,0,182,-32.8626
49,0,104,-32.3173
48,0,175,-32.2857
64,0,183,-32.776
39,0,180,-32.8
40,0,166,-32.3373
50,0,173,-32.5665
49,0,171,-32.655
67,0,185,-31.9946
25,0,165,-32.9576
74,0,198,-32.4495
64,0,169,-32.2249
39,0,167,-32.8683
65,0,174,-32.2414
33,0,170,-32.5882
49,0,187,-32.7326
32,0,201,-32.607
36,0,181,-32.7624
54,0,191,-32.5236
57,0,175,-32.9086
27,0,170,-32.7059
49,0,178,-32.7809
42,0,103,-32.2427
21,3,101,-32.901
52,0,184,-32.4511
38,9,177,-32.9548
25,0,142,-32.6268
49,0,174,-32.2701
20,2,162,-33
44,0,193,-32.8187
22,0,146,-32.6849
39,0,184,-32.8043
34,0,191,-32.8796
50,0,181,-32.8343
38,0,159,-32.7987
55,0,201,-32.6617
28,0,178,-32.5899
42,0,102,-32.7255
36,0,153,-32.6993
29,0,90,-32.6
42,0,207,-32.715
61,0,191,-32.5812
45,0,177,-32.9096
55,0,208,-32.4183
23,0,167,-32.8623
67,6,155,-32.6194
27,4,146,-33
22,2,97,-33
44,10,187,-32.4118
40,8,183,-32.8852
76,35,178,-32.2079
51,7,187,-32.8503
37,9,181,-32.6575
73,37,171,-32.2749
41,8,164,-32.9268
34,2,175,-32.9486
65,20,174,-32.7356
41,9,181,-32.6961
61,2,199,-32.2915
48,5,170,-32.5588
43,3,110,-32.5
72,14,185,-32.3351
62,17,103,-31.7379
54,8,199,-32.6784
51,7,118,-32.0424
66,18,128,-31.9297
40,5,164,-32.8841
69,17,108,-31.0556
45,6,166,-32.9639
80,24,177,-32.4972
46,6,159,-32.7987
36,0,178,-32.6854
58,20,172,-32.9244
44,14,157,-32.4204
63,9,183,-32.6612
77,27,182,-32.5879
65,4,175,-32.4343
72,16,198,-32.6465
65,22,190,-32.4158
29,4,185,-32.7622
47,5,164,-32.3598
69,11,185,-32.4973
72,20,184,-32.7011
57,9,186,-32.2957
74,17,176,-32.4375
72,12,194,-32.7835
77,12,172,-32.4244
30,0,165,-32.9333
27,2,173,-32.9249
56,10,178,-32.7191
67,14,184,-32.7663
59,14,105,-31.7905
69,8,195,-32.5231
52,6,100,-32.21
65,10,181,-32.8122
54,28,97,-31.6186
68,20,176,-32.4034
74,29,193,-32.6062
25,3,175,-32.8286
39,4,173,-32.9133
75,14,190,-32.2474
44,12,103,-32.4272
44,10,177,-32.8023
62,21,100,-32.17
57,48,162,-32.6852
23,0,187,-32.8503
31,5,172,-32.8372
25,3,165,-32.9697
56,24,186,-32.4409
28,5,93,-32.9462
44,3,192,-32.3802
39,14,173,-32.9942
52,14,195,-32.5641
41,7,220,-32.75
55,6,191,-32.2775
48,18,147,-32.9048
45,16,149,-32.5638
46,22,171,-32.9064
78,20,180,-32.7611
44,5,96,-32.4375
75,24,184,-32.75
52,6,168,-32.6548
55,0,178,-32.4438
41,3,184,-32.913
63,31,98,-32.0204
59,5,177,-32.4463
74,12,185,-32.0973
21,0,175,-32.9543
51,15,100,-32.3
36,0,200,-32.6
58,17,105,-31.9524
21,1,151,-33
51,11,209,-32.4785
64,15,184,-32.3913
64,22,105,-31.9524
54,20,97,-32.3608
60,9,163,-32.3988
43,5,151,-32.7483
39,2,172,-32.7674
48,2,204,-32.6471
47,5,172,-32.75
44,9,93,-32.3441
29,5,169,-32.9882
68,17,198,-32.1818
53,29,179,-32.9162
58,14,178,-32.9831
69,45,104,-32.2115
64,26,106,-32.1509
51,0,86,-32.2791
60,19,177,-32.6723
40,0,189,-32.6931
49,0,161,-32.5901
23,0,160,-32.8312
66,0,193,-32.3575
69,0,190,-32.4421
28,0,167,-32.5569
26,0,161,-33
21,0,156,-32.9551
48,0,184,-32.9239
41,0,175,-32.8686
25,0,148,-32.9527
51,0,177,-32.6949
57,0,174,-32.1092
30,0,174,-32.7356
63,0,176,-32.4773
23,0,167,-33
58,0,168,-32.625
46,0,190,-32.5158
42,0,184,-32.8641
40,0,172,-32.6977
63,0,166,-32.5602
21,0,146,-32.6918
48,0,186,-32.6667
57,0,161,-32.5404
55,0,191,-32.7487
40,0,182,-32.8187
55,0,181,-32.5304
38,0,161,-32.6273
35,0,194,-32.7474
68,0,170,-32.7412
63,0,169,-32.4852
39,0,155,-32.6839
59,0,184,-32.6848
57,0,192,-32.9115
63,0,171,-32.6842
24,0,182,-33
41,0,156,-32.3654
29,0,176,-32.7727
41,0,156,-32.3333
31,0,161,-32.6398
62,0,158,-32.5
58,0,180,-32.5167
42,0,153,-32.8431
67,0,184,-31.75
30,0,158,-32.8228
41,0,178,-32.8371
62,0,189,-32.6349
43,0,208,-32.7837
21,0,136,-32.8824
24,0,102,-32.8627
36,0,143,-32.7483
20,0,148,-32.9865
22,0,108,-32.9167
45,0,159,-32.8365
56,0,102,-32.5882
44,0,189,-32.7937
33,0,99,-32.5657
32,0,201,-32.7861
56,0,181,-32.8177
50,0,180,-32.85
51,0,168,-32.9345
57,0,183,-32.5628
21,0,137,-32.2847
57,0,174,-32.3908
50,0,162,-32.7346
32,0,166,-32.8916
45,0,185,-32.1568
26,0,162,-32.8333
35,0,196,-32.9541
58,0,178,-32.5562
25,0,174,-32.908
32,0,163,-32.5153
40,0,108,-32.3148
59,0,178,-32.2809
31,0,168,-32.756
46,0,153,-32.8366
70,0,184,-32.5598
64,0,185,-32.4865
46,0,199,-32.7588
45,0,183,-32.7104
34,0,152,-32.9539
67,0,175,-32.9086
56,0,172,-32.5233
41,0,91,-32.7253
34,0,150,-32.6933
42,0,186,-32.957
43,0,98,-32.7755
51,0,102,-31.9608
28,0,107,-32.6542
44,0,170,-32.8176
58,0,90,-32.6444
28,0,177,-33
29,0,167,-32.8144
66,0,176,-32.7386
36,0,97,-31.866
54,0,177,-32.3333
48,0,174,-32.546
45,0,200,-32.81
42,0,182,-32.8956
29,0,164,-32.7622
41,0,172,-32.9593
20,0,88,-32.9886
40,0,98,-32.2449
47,0,174,-32.5517
20,0,161,-33
38,0,187,-32.7487
35,0,179,-32.8101
41,0,188,-32.7766
53,0,162,-32.6605
38,0,175,-32.6171
41,0,112,-32.7321
30,0,180,-32.7333
21,0,188,-32.9043
22,0,169,-32.8698
45,0,110,-32.6727
27,0,175,-32.9829
33,0,160,-32.8375
47,0,161,-32.6149
53,0,187,-32.5241
34,0,183,-32.9836
46,0,160,-32.7875
44,0,102,-32.5784
50,0,180,-32.7333
41,0,169,-32.858
46,0,158,-32.7089
60,0,181,-32.5525
50,0,180,-32.3611
63,0,169,-32.4675
49,0,192,-32.6562
33,0,138,-32.9928
33,0,192,-32.8438
56,0,176,-32.4659
33,0,140,-32.7643
38,0,153,-32.8954
74,0,186,-32.5
34,0,181,-32.895
54,0,171,-32.8304
23,0,158,-32.8861
48,0,176,-32.5966
38,0,164,-32.7866
42,0,167,-32.9461
42,0,167,-32.5629
36,0,176,-32.7045
25,0,113,-32.7611
59,0,167,-32.4132
34,0,187,-32.9251
47,0,171,-32.6667
47,0,151,-32.0596
54,0,154,-32.6558
26,0,149,-32.9262
64,0,159,-32.6981
39,0,161,-32.9752
59,0,187,-32.6364
72,0,181,-32.1989
50,0,167,-32.7126
28,0,137,-32.8394
52,0,201,-32.5672
23,0,120,-32.8417
50,0,171,-31.9123
26,0,183,-32.6721
47,0,171,-32.4737
29,0,160,-32.9062
52,0,193,-32.4922
42,0,151,-32.8013
49,0,176,-32.4659
36,0,160,-32.8
61,0,185,-32.627
60,0,182,-32.6099
60,0,170,-32.8824
46,0,169,-32.787
53,0,181,-32.4199
55,0,173,-32.5029
26,0,164,-33
21,0,179,-32.9665
71,0,102,-32.5294
63,0,190,-32.6474
35,0,169,-32.9822
26,0,177,-32.7458
37,0,171,-32.5848
20,0,169,-33
54,0,167,-32.2934
50,0,102,-32.3039
26,0,111,-32.7297
34,0,172,-32.7733
22,0,104,-32.9615
24,0,154,-32.9156
49,0,177,-32.6102
48,0,173,-32.763
56,0,190,-32.4895
24,0,94,-32.9681
28,0,107,-32.8785
33,0,106,-32.6132
32,0,152,-33
57,0,155,-32.5484
29,0,197,-32.7665
44,0,152,-32.7105
55,0,191,-32.356
44,0,173,-32.7919
50,0,177,-32.8588
80,0,183,-32.1311
43,0,158,-32.6962
54,0,114,-32.5175
50,0,181,-32.8674
42,0,172,-32.9651
60,0,179,-32.8492
26,0,114,-32.8772
38,0,161,-32.8696
68,0,191,-32.4607
77,0,179,-32.5642
35,0,168,-32.5595
58,0,182,-32.4945
48,0,159,-32.6604
54,0,169,-32.9467
33,0,162,-32.6111
64,0,197,-32.7919
38,0,164,-32.7866
29,0,158,-32.5063
55,0,174,-32.4713
42,0,180,-32.6778
50,0,94,-32.8191
42,0,112,-32.3839
31,0,183,-33
69,0,186,-31.871
50,0,98,-32.6327
52,0,170,-32.6706
30,0,175,-32.9371
40,0,172,-32.7326
34,0,171,-32.8129
50,0,146,-32.4726
34,0,180,-32.9889
53,0,192,-32.4115
50,0,162,-32.4321
55,0,185,-32.5297
61,0,171,-32.6901
34,0,194,-32.7474
39,0,173,-32.7861
41,0,192,-32.7865
63,0,172,-32.7035
25,0,186,-32.8333
79,0,173,-32.5549
43,0,175,-32.7314
40,0,113,-32.3894
30,0,157,-32.8408
49,0,164,-32.5793
61,0,191,-32.6283
40,0,176,-32.6307
30,0,150,-32.9333
55,0,180,-32.6056
52,0,194,-32.8608
66,0,182,-32.489
46,0,189,-32.6931
55,0,187,-32.5989
48,0,191,-32.8953
37,0,179,-32.7207
46,0,165,-32.3576
49,0,171,-32.6901
31,0,150,-33
41,0,177,-32.7571
63,0,173,-32.6243
36,0,142,-32.7887
30,0,157,-32.9045
24,0,155,-32.8774
43,0,158,-32.8354
48,0,181,-32.6133
47,0,167,-32.9281
59,0,158,-32.6139
45,0,160,-32.5063
38,0,187,-32.8503
37,0,106,-32.6792
64,0,178,-32.6854
29,0,90,-32.7667
20,0,161,-32.8137
66,0,203,-32.6256
60,0,185,-32.4595
55,0,194,-32.299
30,0,177,-32.7345
49,0,209,-32.7321
63,0,188,-32.6223
42,0,98,-32.6633
24,0,180,-32.8611
45,0,174,-32.523
64,0,178,-32.5449
36,0,191,-32.733
40,0,99,-32.5051
44,0,161,-32.6087
31,0,177,-32.7288
25,0,174,-33
39,0,190,-32.8105
44,0,188,-32.9415
47,0,188,-32.7234
64,0,170,-32.4647
68,0,172,-32.5814
30,0,153,-32.7647
34,0,172,-32.7849
45,0,161,-32.4658
57,0,167,-32.8743
36,0,171,-32.8655
52,0,164,-32.939
48,0,151,-32.5629
36,0,84,-32.4643
51,0,96,-32.8438
37,0,97,-33
42,0,152,-32.8289
28,0,148,-32.4932
22,0,148,-32.8243
58,0,184,-32.6413
61,0,162,-32.463
54,0,182,-32.3132
59,0,167,-32.7425
23,0,165,-32.903
37,0,162,-32.821
62,0,188,-32.4628
30,0,182,-32.8571
30,0,87,-32.1034
46,0,151,-32.6821
37,0,100,-32.9
39,0,153,-32.6797
32,0,151,-32.9536
23,0,188,-32.9309
66,0,175,-32.72
59,0,186,-32.6344
31,0,172,-32.7209
37,0,152,-33
48,0,97,-32.3505
43,0,198,-32.8232
31,0,86,-32.8837
49,0,178,-32.6011
51,0,196,-32.8265
51,0,174,-32.6609
40,0,187,-32.7112
36,0,170,-32.7647
29,0,173,-32.6358
20,0,166,-33
53,0,96,-31.7812
46,0,172,-32.8953
41,0,162,-32.9691
40,0,103,-32.3981
42,0,166,-32.8133
61,0,182,-32.4286
46,0,190,-32.8053
27,0,111,-32.6937
46,0,194,-32.8351
40,0,190,-32.6368
55,0,163,-32.7178
54,0,186,-32.4355
50,0,186,-32.9731
23,0,161,-33
41,0,170,-32.6059
42,0,178,-32.6292
20,0,173,-32.8324
45,0,192,-32.7344
22,0,142,-32.5493
57,0,179,-32.5475
39,0,134,-32.8358
63,0,196,-32.3316
20,0,106,-32.7358
46,0,170,-32.7647
44,0,183,-32.8689
60,0,168,-32.6786
27,0,136,-32.8456
40,0,205,-32.7951
49,0,174,-32.6034
34,0,168,-32.7679
27,0,172,-32.9302
26,0,163,-32.8466
42,0,165,-32.8121
44,0,162,-32.7284
28,0,122,-32.7295
45,0,168,-32.6548
36,0,177,-32.7401
36,0,167,-32.8024
38,0,162,-32.8704
37,0,93,-32.5699
20,0,154,-32.9351
43,0,175,-32.5771
42,0,167,-32.6946
44,0,146,-32.6301
24,0,125,-32.672
29,0,160,-32.8813
47,0,163,-32.7485
37,0,179,-32.7318
31,0,163,-32.8712
45,0,176,-32.8807
29,0,103,-32.7767
27,0,168,-32.9107
27,0,153,-32.9739
26,0,154,-33
48,0,182,-32.8846
22,0,174,-32.8103
23,0,217,-32.9631
28,0,90,-32.7222
48,0,185,-32.8865
39,0,182,-32.956
45,0,172,-32.7267
45,0,173,-32.8382
23,0,161,-32.9752
44,0,185,-32.5892
41,0,171,-32.6374
36,0,180,-32.7944
28,0,165,-32.8909
41,0,199,-32.6382
28,0,186,-32.914
28,0,143,-32.958
47,0,191,-32.9267
27,0,157,-32.758
22,0,154,-32.8896
25,0,160,-32.7062
35,0,162,-32.8457
32,0,177,-32.7119
48,0,191,-32.7539
40,0,203,-32.7044
45,0,184,-32.6359
32,0,170,-32.8824
48,0,178,-32.7697
45,0,113,-32.8673
34,0,174,-32.7241
42,0,387,-32.6382
24,2,179,-32.9274
35,0,160,-32.7812
55,0,162,-32.6852
43,0,149,-32.4362
39,0,202,-32.7772
55,0,173,-32.474
38,0,111,-32.2342
42,0,157,-32.6242
32,0,98,-32.4796
38,8,191,-32.7801
30,0,161,-32.8261
43,0,188,-32.6809
34,0,148,-32.8378
33,0,182,-32.9615
52,0,192,-32.6094
43,0,179,-32.9385
36,0,173,-32.6994
53,0,164,-32.9634
43,0,96,-32.0625
33,0,200,-32.86
30,0,186,-32.8548
35,0,107,-32.8318
31,0,167,-32.5808
47,0,94,-32.5851
31,0,164,-32.9634
40,0,179,-32.7151
40,0,93,-31.9677
22,0,95,-32.7263
25,0,170,-32.9882
30,0,83,-32.1205
42,0,101,-32.3762
37,0,163,-32.9325
47,0,167,-32.982
26,0,158,-32.9684
63,0,240,-32.5042
35,0,150,-32.7467
39,0,173,-32.948
44,0,153,-32.9346
51,0,164,-32.4329
33,0,170,-32.7765
73,0,192,-32.4792
32,0,175,-32.5886
25,0,166,-32.9759
36,0,187,-32.8396
30,0,160,-32.875
27,0,113,-32.9469
34,0,148,-32.8986
38,0,99,-33
27,0,110,-32.6909
37,0,183,-32.9016
61,0,182,-32.4231
42,0,167,-32.9401
42,0,184,-32.9837
22,0,146,-32.9041
38,0,181,-32.2818
41,0,193,-32.8653
40,0,178,-32.6966
37,0,157,-32.5605
41,0,188,-32.5213
25,0,174,-32.7931
20,0,180,-33
34,0,189,-32.9101
27,0,176,-32.9659
27,0,164,-32.9085
37,0,173,-32.9191
30,0,160,-32.6063
30,0,150,-32.6933
61,0,176,-32.4148
42,0,179,-32.8715
36,0,149,-32.7919
49,0,179,-32.8436
34,0,193,-32.601
20,0,90,-32.9889
69,0,169,-32.2722
34,0,148,-32.8041
24,0,184,-32.9565
24,0,146,-32.8356
36,0,174,-32.6437
62,0,172,-32.686
51,0,181,-32.8564
31,0,179,-32.9721
27,0,186,-32.7957
21,0,155,-33
35,0,96,-32.4688
53,0,186,-32.7634
42,0,182,-32.4725
47,0,181,-32.8398
33,0,138,-32.6159
28,0,172,-32.8488
64,0,116,-32.1897
28,0,176,-32.9773
30,0,164,-32.8232
34,0,155,-32.8839
51,0,110,-31.7636
32,0,102,-32.8137
37,0,108,-32.6481
21,0,197,-32.9188
32,0,110,-32.4455
24,0,90,-32.3556
38,0,191,-32.9738
52,0,178,-32.6629
37,0,188,-32.867
41,0,174,-32.977
47,0,167,-32.8144
41,0,175,-32.8
26,0,172,-32.9186
28,0,182,-32.9725
39,0,164,-32.7317
35,0,157,-32.6497
38,0,161,-32.8261
26,0,180,-32.9111
41,0,180,-32.8833
26,0,188,-33
48,0,187,-32.8824
34,5,169,-32.7456
36,0,158,-32.9241
23,0,150,-33
31,0,210,-32.9333
41,0,190,-32.4789
47,0,183,-32.5956
29,0,95,-32.5789
29,0,142,-33
35,0,156,-32.6346
50,0,170,-32.9294
60,0,162,-32.7654
25,0,169,-32.9527
60,0,178,-32.2079
53,0,182,-32.6374
56,0,161,-32.4099
26,0,164,-32.8049
49,0,177,-32.9605
39,0,162,-32.9012
32,0,179,-32.8994
27,0,165,-32.6727
24,2,174,-32.8793
39,0,177,-32.7514
28,0,185,-32.627
55,0,183,-32.5191
38,0,106,-32.8491
40,0,164,-32.8415
59,0,201,-32.6816
34,0,177,-32.7797
56,0,174,-32.3103
44,0,174,-32.5517
38,0,172,-32.6802
46,0,178,-32.9213
45,0,182,-32.7473
21,0,163,-32.8528
30,0,188,-32.7128
22,0,157,-32.9172
40,0,175,-32.9943
36,0,163,-32.7423
43,0,202,-32.9307
34,0,166,-32.9639
40,0,203,-32.9704
22,0,138,-32.8406
43,17,94,-32.9149
30,1,189,-32.8571
41,10,185,-32.7892
52,13,195,-32.7744
64,24,152,-32.6645
33,5,168,-32.9583
53,17,191,-32.9895
37,8,120,-32.7917
65,24,190,-32.5526
76,47,176,-32.0057
39,11,96,-32.9688
55,25,158,-32.4304
71,44,186,-32.3495
49,29,151,-32.649
43,8,173,-32.7399
39,11,103,-32.7767
31,7,147,-32.966
69,32,179,-32.6369
31,10,150,-33
39,12,217,-32.7327
75,60,196,-32.1071
33,9,161,-32.9503
42,13,127,-32.8268
79,45,189,-32.2751
57,28,174,-32.9483
79,47,174,-32.2069
71,31,179,-32.6201
29,5,87,-32.9655
57,29,103,-32.1456
33,6,164,-32.6159
58,21,190,-32.6895
56,21,192,-32.7083
74,31,192,-32.4844
33,8,137,-32.8467
46,12,192,-32.8906
60,23,178,-32.6573
55,22,96,-32.375
53,36,100,-32.27
60,42,173,-32.6705
77,60,106,-32.1981
27,3,176,-32.6705
36,13,173,-32.9942
62,22,197,-32.2792
64,39,99,-32.0707
73,42,179,-32.4078
35,4,179,-32.8883
33,4,109,-32.6789
75,30,177,-32.5141
57,18,175,-32.3543
34,6,165,-32.8545
38,11,158,-32.981
30,6,110,-33
34,4,177,-33
65,33,109,-32.2936
32,0,170,-32.8882
56,21,183,-32.847
36,14,88,-33
50,14,99,-32.1111
23,3,153,-33
47,10,102,-31.6765
60,18,191,-32.2565
50,20,96,-32.3438
61,28,102,-31.8627
33,4,100,-32.78
68,46,106,-31.1415
57,32,97,-31.2887
50,17,174,-32.6724
53,19,99,-31.798
49,14,184,-32.3696
50,23,91,-32.5934
46,27,84,-32.119
72,31,183,-32.5956
53,15,184,-32.9457
45,7,176,-32.7841
64,30,197,-32.6701
75,56,168,-32.5179
37,8,171,-32.9649
69,37,179,-32.676
63,21,202,-32.5
25,3,165,-32.8121
42,9,169,-32.8521
66,36,168,-32.631
52,11,157,-32.6879
64,18,190,-32.5
71,46,189,-32.2698
58,31,181,-32.5967
49,10,191,-32.5131
72,49,178,-32.1292
66,27,185,-32.6162
54,23,105,-31.8095
68,39,180,-32.7611
68,30,172,-32.4012
50,12,148,-32.5405
27,4,181,-32.9669
56,22,168,-32.5774
24,2,150,-33
69,27,188,-32.484
56,36,185,-32.7676
64,31,183,-32.377
62,40,167,-32.491
49,32,99,-32.5859
50,20,177,-32.8079
74,49,181,-32.8564
49,16,168,-32.8393
43,14,170,-32.7765
35,6,179,-33
31,6,92,-33
45,11,164,-32.9695
62,26,159,-32.7799
55,24,161,-32.5031
47,13,180,-32.9833
45,7,164,-32.9939
75,59,175,-32.2857
52,16,196,-32.6735
37,9,103,-32.4757
38,11,106,-32.8396
58,37,194,-32.5309
58,18,173,-32.5376
43,8,166,-32.7169
32,6,131,-32.9924
73,52,182,-32.3791
82,57,186,-32.4516
72,36,189,-32.4921
58,22,187,-32.1818
38,6,185,-32.8378
61,28,182,-32.5495
21,2,171,-32.9123
37,5,196,-32.7041
54,22,164,-32.8476
56,47,94,-32.734
44,10,170,-32.8118
55,20,177,-32.4915
46,13,177,-32.7797
50,17,177,-32.6328
58,20,180,-32.5556
43,16,96,-32.4062
39,16,172,-32.5814
67,39,184,-32.0761
39,9,177,-32.8757
38,5,194,-32.7165
31,3,149,-32.8255
59,20,181,-32.2873
72,53,171,-32.3801
53,18,178,-32.3539
50,19,166,-32.9759
50,14,174,-32.9253
45,20,171,-32.7895
41,15,95,-32.3474
75,43,188,-32.1436
71,38,183,-31.9399
35,6,206,-32.801
63,27,197,-32.5939
71,34,183,-32.5355
43,9,154,-32.7532
40,11,167,-32.6168
45,16,178,-32.7865
59,30,104,-31.9135
38,4,190,-32.8579
29,4,104,-33
46,11,183,-32.9126
39,10,185,-32.8811
70,42,172,-32.5
68,47,180,-32.6778
65,28,199,-32.6683
51,19,174,-32.592
48,8,170,-32.4647
68,46,169,-32.5148
41,12,178,-32.7978
63,21,180,-32.5444
60,27,103,-32.3495
28,5,176,-32.8352
43,27,83,-31.7711
46,12,163,-32.6994
66,31,180,-31.8722
61,39,157,-32.3949
33,6,143,-32.7343
53,16,169,-32.645
85,58,185,-32.1622
61,46,100,-32.24
45,11,173,-32.8902
40,6,160,-32.9688
66,46,175,-32.32
64,19,170,-32.5941
75,35,175,-32.56
67,23,201,-32.5075
63,28,189,-32.5238
55,19,174,-32.592
58,19,176,-32.6761
26,6,87,-33
26,3,147,-32.7619
50,30,111,-32.6306
53,25,104,-32.6923
35,10,183,-32.9126
26,5,175,-32.7657
63,38,187,-32.6898
54,33,96,-31.7812
66,42,175,-32.1657
68,39,162,-32.142
53,35,181,-32.4751
52,21,97,-32.1134
60,39,171,-32.807
36,2,156,-32.9167
38,9,190,-32.9579
22,0,179,-32.9162
52,0,174,-32.6839
51,0,199,-32.9397
36,0,177,-32.9492
69,0,187,-32.5989
44,0,191,-32.7435
30,0,158,-32.8481
47,0,169,-32.8107
55,0,174,-32.5057
58,0,94,-32.3511
58,0,179,-32.4749
64,0,112,-31.8125
49,0,168,-32.7917
37,0,157,-32.5924
50,0,170,-32.7
53,0,116,-32.2586
54,0,181,-32.9282
30,0,174,-32.9943
46,0,182,-32.9396
74,0,107,-32.3645
44,0,182,-32.8352
50,0,99,-31.9798
51,0,163,-32.773
37,0,103,-32.7184
58,0,104,-32.2404
27,1,104,-32.9135
43,0,189,-32.4868
46,0,175,-32.9771
53,0,169,-32.497
52,0,195,-32.4923
51,0,148,-32.6216
41,2,103,-32.466
33,0,218,-32.8761
42,0,175,-32.6286
49,0,166,-32.7349
62,0,98,-32.3265
49,0,201,-32.7512
52,0,173,-32.2254
53,0,182,-32.8297
41,0,116,-32.6121
44,0,103,-32.466
48,0,173,-32.9017
31,0,201,-33
41,0,166,-32.6747
29,0,181,-32.8398
53,0,185,-32.8595
65,0,102,-32.2843
44,0,202,-32.8119
48,0,175,-32.4457
51,0,166,-32.6807
42,0,178,-32.8315
49,0,167,-32.4012
41,0,183,-32.7923
63,0,182,-32.3516
63,0,157,-32.4013
22,0,147,-32.8163
33,0,147,-32.8639
36,0,192,-32.8698
36,0,188,-32.4362
46,0,166,-32.8313
33,0,183,-32.847
55,0,180,-32.7278
46,0,201,-32.4876
57,0,167,-32.485
23,0,142,-32.9859
60,0,272,-32.4338
55,0,177,-32.2994
42,0,216,-32.6296
20,0,98,-32.8061
29,0,111,-32.9279
45,0,182,-32.4341
53,0,104,-32.7596
35,0,163,-32.7301
69,0,184,-32.4837
32,0,185,-32.8324
69,0,174,-32.5575
23,0,157,-32.9809
57,0,100,-31.29
25,3,160,-32.9625
47,0,182,-32.7527
33,0,174,-32.954
23,0,179,-32.838
39,0,117,-32.265
32,0,171,-32.3918
46,0,180,-32.6444
56,0,167,-32.6587
49,0,92,-32.3261
20,0,155,-32.8903
60,0,103,-32.699
26,0,156,-32.8397
32,0,170,-32.9588
59,0,170,-32.4647
27,0,151,-32.9735
37,0,173,-32.815
60,0,176,-32.3295
46,0,160,-32.4688
43,0,172,-32.6221
51,0,183,-32.5792
37,0,212,-32.9528
33,0,193,-32.9585
39,0,164,-32.7256
54,0,201,-32.8209
50,0,185,-32.8757
44,0,166,-32.5663
30,0,105,-32.5524
47,0,181,-32.2983
35,0,187,-32.7487
49,0,176,-32.517
38,0,189,-32.9048
38,0,179,-32.9385
51,0,207,-32.6715
48,7,102,-31.9314
27,0,90,-33
38,0,150,-32.9867
53,0,173,-32.3757
47,0,168,-32.6429
28,0,181,-32.8398
40,0,105,-32.381
31,0,165,-32.8909
44,0,164,-32.7195
62,0,175,-32.3943
55,0,185,-32.7622
44,0,178,-32.7921
36,0,169,-32.7041
23,0,171,-32.8713
45,0,179,-32.6983
47,0,107,-31.9346
28,0,168,-32.9881
55,0,177,-32.7627
65,0,163,-32.5276
47,0,188,-32.7021
48,0,171,-32.6257
25,0,167,-32.8383
49,0,192,-32.6927
36,0,177,-32.678
79,0,193,-32.5181
31,0,171,-32.6257
45,0,195,-32.7846
41,0,160,-32.7625
32,0,100,-32.91
45,0,175,-32.8171
48,3,178,-32.4326
49,0,149,-32.557
47,0,154,-32.487
66,0,181,-32.3149
53,0,180,-32.5333
70,0,179,-32.4134
72,0,188,-32.4309
74,0,171,-32.4269
56,0,167,-32.1257
37,0,173,-32.9711
28,0,91,-32.7802
56,0,177,-32.7175
30,0,166,-32.9217
42,0,151,-32.9007
29,0,202,-32.8366
57,0,96,-31.8646
36,0,177,-32.9944
26,0,180,-32.8722
59,0,176,-32.6193
36,0,191,-32.7382
47,0,217,-32.8065
57,0,185,-32.5243
51,0,179,-32.2682
42,0,195,-32.7282
46,0,106,-31.8585
57,0,202,-32.698
30,0,88,-32.8977
34,0,167,-32.9042
43,0,155,-32.6
43,0,186,-32.7419
54,0,190,-32.6474
42,0,95,-32.5158
33,0,106,-32.4811
30,0,167,-32.8922
38,0,163,-32.4724
58,0,176,-32.5852
23,0,172,-32.9767
47,0,211,-32.7393
47,0,185,-32.7459
53,0,183,-32.0984
42,0,105,-32.4095
43,0,163,-32.4356
62,0,192,-32.401
65,0,179,-32.8268
31,0,183,-32.7268
60,0,176,-32.9545
35,0,176,-33
43,0,96,-32.4583
43,0,136,-32.7721
52,0,181,-32.6519
36,0,190,-32.4158
49,0,206,-32.6845
41,0,188,-32.6702
33,0,178,-32.8483
44,0,177,-32.8079
20,0,182,-32.8352
37,0,167,-32.8383
56,0,179,-32.8492
24,0,202,-32.901
48,0,111,-32
42,0,169,-32.7041
31,0,168,-32.7262
47,0,189,-32.7196
50,0,189,-32.7725
59,0,197,-32.6294
44,0,159,-32.7484
38,0,168,-32.7083
60,0,200,-32.59
60,0,164,-32.4451
41,0,178,-32.7921
56,0,184,-32.4185
54,0,175,-32.4743
26,0,192,-32.8021
34,0,226,-32.9425
48,0,182,-32.7473
43,0,166,-32.8735
70,0,181,-32.4696
50,0,181,-32.4696
45,0,170,-32.2588
31,0,162,-32.9383
46,0,173,-32.7168
56,0,170,-32.5118
53,0,165,-32.8
63,0,183,-32.6175
43,0,178,-32.3652
45,0,170,-32.6647
69,0,162,-32.679
50,0,169,-32.858
44,0,195,-32.7487
31,0,167,-32.7964
21,0,305,-32.977
36,0,90,-32.9778
40,0,95,-32.6526
43,0,185,-33
74,0,100,-31.8
45,0,87,-32.4368
35,0,79,-32.6329
39,0,177,-32.9548
69,0,107,-32.0561
43,0,169,-32.8166
55,0,179,-32.743
28,0,148,-32.6757
36,0,166,-32.9036
32,0,162,-32.8333
46,0,174,-32.9713
57,0,166,-32.7771
45,0,96,-32.8542
26,0,113,-32.9027
40,0,159,-32.8491
68,0,180,-32.3667
31,0,166,-32.994
31,0,164,-32.9207
74,0,191,-32.2147
44,0,168,-32.8631
45,0,173,-33
36,0,179,-32.9274
33,0,168,-32.9107
28,0,107,-32.8692
73,0,101,-32.505
48,0,161,-32.6894
49,0,169,-32.4438
58,0,185,-32.8432
48,0,189,-32.8413
73,0,186,-32.7258
25,0,176,-33
73,0,189,-32.4709
62,0,166,-32.3916
39,0,170,-32.8471
35,0,145,-32.8276
56,0,167,-32.3234
23,0,165,-32.903
53,0,172,-32.5988
21,0,158,-32.9937
42,0,169,-32.7041
65,0,180,-32.6611
39,0,180,-32.5889
66,0,166,-32.4337
38,0,172,-32.9942
35,0,178,-32.8596
63,0,176,-32.3977
61,0,176,-32.7557
43,0,189,-32.8519
56,0,192,-32.6927
35,0,181,-32.895
47,0,173,-32.8844
30,0,183,-32.8361
59,0,177,-32.4689
34,0,169,-32.9822
20,0,152,-32.9079
24,0,150,-32.94
23,0,139,-32.9209
35,0,167,-32.8683
38,0,84,-32.7738
38,0,186,-32.8656
49,0,175,-32.8343
43,0,190,-32.7474
73,0,177,-31.9774
49,0,159,-32.9497
56,0,163,-32.8037
64,0,173,-32.8902
53,0,170,-32.5941
31,0,171,-32.9357
77,0,183,-32.3005
31,0,177,-32.7797
62,0,165,-32.6606
33,0,187,-32.6043
44,0,162,-32.8642
54,0,181,-32.4917
71,0,88,-31.5
49,0,185,-32.8486
59,0,175,-32.4
42,0,179,-32.7765
64,0,191,-32.4974
34,0,154,-32.7208
47,0,205,-32.639
70,0,167,-32.5988
66,0,174,-32.4368
27,0,170,-33
22,0,167,-32.994
27,0,162,-32.784
23,0,143,-32.8112
47,0,101,-31.2673
61,0,97,-31.9588
22,0,185,-33
51,0,171,-32.5731
37,0,161,-32.8758
37,0,174,-32.7069
32,0,159,-32.9057
49,0,184,-32.8478
29,0,177,-32.9774
34,0,154,-32.9481
55,0,183,-32.1967
36,0,169,-32.929
59,0,102,-31.9118
38,0,103,-32.9903
62,0,167,-32.4371
66,0,168,-32.3036
35,0,217,-32.9908
50,0,141,-32.3121
42,0,167,-32.988
41,0,179,-32.6089
45,0,171,-32.386
29,5,200,-32.985
51,0,175,-32.7829
48,0,171,-32.5789
44,0,172,-32.9826
45,0,242,-32.5496
53,0,191,-32.5812
57,0,180,-32.4444
42,0,165,-32.9394
58,0,176,-32.7273
56,0,163,-32.4479
51,0,148,-33
62,0,174,-32.3276
56,0,168,-32.756
41,0,178,-32.6966
24,0,162,-32.9877
45,0,164,-32.8476
23,0,175,-32.9543
49,0,180,-32.6889
53,0,181,-32.8287
32,0,166,-32.9699
63,0,172,-32.2616
35,0,186,-33
23,0,181,-33
64,0,221,-32.6471
37,0,155,-32.4516
46,0,168,-32.7381
34,0,159,-32.8742
55,0,181,-31.8785
73,0,195,-32.559
36,0,175,-32.8629
55,0,143,-32.6434
61,0,102,-32.1078
40,0,154,-32.4156
33,0,150,-32.92
42,0,163,-32.8589
64,0,169,-32.5266
51,0,164,-32.6098
44,0,161,-32.882
28,0,183,-32.8306
53,0,181,-32.4475
57,0,181,-32.663
70,0,177,-32.4237
21,2,171,-33
24,0,182,-33
59,0,177,-32.5819
74,0,195,-32.0462
68,0,112,-31.7946
42,0,171,-32.7485
52,0,132,-32.5152
41,0,140,-32.4786
48,0,167,-32.8084
72,0,189,-32.7037
53,0,195,-32.6974
35,0,160,-32.8687
28,0,185,-32.8432
49,0,128,-32.4297
57,0,182,-32.8846
27,0,153,-32.9346
32,0,150,-32.9333
73,0,179,-32.4525
39,0,187,-32.7807
50,0,151,-32.8808
40,0,176,-32.6705
46,0,83,-32.5181
45,0,160,-32.7188
75,0,175,-32.5143
37,0,150,-33
58,0,178,-32.6573
72,0,186,-32.4516
25,0,174,-32.7299
40,0,162,-32.7716
38,0,179,-32.7263
20,0,189,-32.9418
59,0,94,-32.6596
25,0,169,-32.8757
24,0,208,-33
76,0,169,-32.1893
87,0,169,-32.3018
33,0,160,-32.9688
28,0,211,-32.9052
29,0,171,-32.7953
31,0,114,-32.9211
42,0,179,-32.9162
30,0,173,-32.9711
34,0,176,-32.9886
47,0,181,-32.7514
30,0,144,-32.9653
56,0,177,-32.3898
55,0,186,-32.5
53,0,172,-32.5988
34,0,165,-32.8242
45,0,158,-32.8608
48,0,180,-32.8944
48,0,94,-32.0851
22,0,161,-33
31,0,156,-32.9103
81,0,169,-32.3669
61,0,175,-32.7257
60,0,182,-32.7198
75,0,165,-32.1697
51,0,195,-32.9077
41,0,183,-32.7104
38,0,178,-32.8258
42,0,176,-32.892
89,0,190,-32.1158
43,0,123,-32.5203
52,0,165,-32.9515
51,0,157,-32.535
66,0,173,-32.3642
39,0,160,-32.8
45,0,178,-32.6798
63,0,179,-32.5251
38,0,93,-32.6774
35,0,83,-31.4819
67,0,176,-32.4489
36,0,156,-32.8141
52,0,87,-32.6207
48,0,182,-32.8187
49,0,169,-32.4556
56,0,175,-32.5943
35,0,152,-32.7697
55,0,170,-32.6882
43,0,158,-32.9494
31,0,164,-32.9878
37,0,167,-32.8563
45,0,103,-31.6796
46,0,180,-32.5778
73,0,181,-32.3646
56,0,176,-32.642
52,0,166,-32.8795
30,0,170,-32.8882
40,0,185,-32.6865
61,0,163,-32.3865
69,0,176,-32.1307
54,0,99,-32.4444
52,0,174,-32.523
46,0,168,-32.994
70,0,164,-32.5061
82,0,163,-32.0184
68,0,196,-32.6378
34,0,182,-32.9066
22,0,154,-32.9481
39,0,166,-33
29,0,160,-32.7375
46,0,99,-32.3434
43,0,153,-32.817
69,0,186,-32.3118
49,0,186,-32.5699
59,0,173,-32.5029
57,0,167,-32.6168
45,0,104,-32.4135
27,0,156,-32.7179
32,0,218,-32.6055
56,0,153,-32.6013
55,0,179,-32.5866
82,0,185,-32.3514
51,0,153,-32.7516
37,0,163,-32.8834
46,0,193,-32.9326
57,0,182,-32.1593
30,0,168,-32.869
59,0,154,-32.3182
59,0,168,-32.3452
51,0,187,-32.8128
73,0,176,-32.7557
31,0,134,-32.8881
57,0,88,-32.2727
36,0,183,-32.8251
33,0,167,-32.8802
29,0,145,-33
68,0,161,-32.5466
33,0,153,-32.8889
35,0,180,-32.8722
30,0,158,-32.8924
50,0,141,-32.9362
28,0,205,-32.8488
62,0,174,-32.6437
31,0,170,-32.7353
43,0,172,-32.9709
22,0,180,-32.8944
45,0,150,-32.7933
71,0,157,-32.6497
20,0,170,-32.8588
33,0,163,-32.3313
54,0,108,-32.8333
38,0,181,-32.8066
42,0,90,-32.1889
78,0,176,-32.4261
37,0,178,-32.6966
24,0,154,-32.7468
81,0,193,-32.4767
50,0,274,-32.8102
46,0,131,-32.1756
44,0,189,-32.4286
51,0,177,-32.8531
43,0,173,-32.815
28,0,170,-32.7471
22,0,89,-32.8202
45,0,186,-32.8602
38,0,172,-32.7965
44,0,126,-32.9683
35,0,145,-32.4897
41,0,153,-32.9608
45,0,178,-32.6742
55,0,187,-32.7005
74,0,169,-32.284
59,0,197,-32.6701
26,0,151,-32.8411
41,0,180,-32.7333
65,0,183,-32.4426
47,0,96,-32.2292
50,0,187,-32.7166
37,0,182,-32.6978
55,0,159,-32.7358
60,0,271,-32.8376
47,0,184,-32.75
34,0,171,-32.5263
51,0,106,-31.8679
71,0,182,-32.6758
61,0,170,-32.5882
61,0,177,-32.3446
50,0,166,-32.9578
61,0,182,-32.6593
43,0,161,-32.913
49,0,158,-32.7215
75,0,199,-32.201
52,0,185,-32.3676
28,0,166,-32.7952
74,0,176,-32.375
52,0,166,-32.5964
38,0,172,-32.7326
27,0,169,-32.8462
37,0,179,-32.9777
74,0,187,-32.6471
47,0,165,-32.5939
51,0,168,-32.506
32,0,180,-32.9722
67,0,108,-32.0185
44,0,151,-32.8808
20,0,156,-32.8013
45,0,170,-32.9588
35,0,154,-32.7922
42,0,180,-32.9722
29,0,163,-32.6503
31,0,168,-32.7202
61,0,160,-32.3
51,0,170,-32.6529
50,0,194,-32.634
38,0,172,-33
55,0,172,-32.0465
53,0,169,-32.4911
37,0,154,-32.6364
37,0,196,-32.9745
27,0,160,-32.9
29,0,81,-32.2346
30,0,147,-32.9864
21,0,154,-32.7532
40,0,79,-32.1139
76,0,208,-32.2981
77,0,162,-32.3642
46,0,160,-32.75
54,0,96,-32.7812
54,0,190,-32.5211
52,0,178,-32.7697
23,0,151,-32.649
26,0,191,-32.9424
36,0,115,-32.8261
72,0,176,-32.1364
39,0,177,-32.9266
60,0,160,-32.2125
48,0,135,-32.8741
72,0,177,-32.2542
74,0,159,-32.673
40,0,185,-32.773
28,1,158,-32.7658
39,8,168,-32.4643
69,37,168,-32.5417
32,2,209,-33
45,10,150,-32.94
45,3,194,-32.9433
35,0,184,-32.8043
61,32,191,-32.7958
90,60,183,-32.1694
75,22,177,-32.3842
35,8,175,-32.8514
60,8,180,-32.2889
59,39,181,-32.5359
29,1,185,-32.9243
23,0,168,-32.994
32,0,193,-32.9326
65,20,194,-32.5464
23,0,111,-33
43,11,165,-32.7697
63,28,101,-31.9802
32,1,168,-32.869
55,20,169,-32.6568
28,2,142,-32.9014
55,7,174,-32.7299
24,1,157,-33
60,16,162,-32.5556
69,23,172,-32.5291
66,22,170,-32.1118
31,6,176,-32.9261
51,7,165,-32.1091
37,8,157,-32.879
38,19,152,-32.2763
27,0,185,-32.9189
55,19,95,-32.1684
79,24,191,-32.2356
50,19,179,-32.8436
32,3,179,-32.9553
43,7,178,-32.8708
71,26,185,-32.573
27,0,185,-32.8649
62,19,165,-32.4485
79,35,176,-32.6705
60,16,184,-32.5109
66,44,185,-32.8108
52,24,165,-32.3455
42,8,176,-32.7898
73,22,192,-32.6823
56,11,173,-32.9884
61,17,168,-32.7202
45,12,178,-32.7472
67,38,180,-31.9389
47,13,172,-32.593
50,18,185,-32.7892
51,24,187,-32.8342
20,0,99,-32.596
35,5,172,-32.8198
41,5,163,-32.6626
28,0,181,-32.6519
29,1,136,-33
48,8,167,-32.7305
43,8,172,-32.564
50,8,187,-32.5936
67,19,181,-32.8398
65,32,174,-32.6552
49,6,174,-32.7241
48,16,185,-32.3622
20,0,182,-32.967
77,60,184,-32.7935
68,44,151,-32.6954
44,21,92,-32.75
59,60,182,-32.9835
53,33,183,-32.8033
69,56,164,-32.5
59,29,187,-32.5775
33,0,169,-32.9704
50,0,180,-32.8056
25,0,173,-32.9653
31,0,193,-32.6321
22,0,181,-32.8729
23,0,171,-33
47,0,104,-32.7981
44,0,174,-33
26,0,169,-33
50,0,103,-31.4757
42,0,198,-32.798
40,0,102,-32.6569
27,0,155,-32.8839
45,0,172,-32.9128
29,0,184,-32.8804
42,0,175,-32.8343
51,0,173,-32.4624
38,0,147,-32.8163
20,0,122,-32.8689
20,0,173,-32.9942
32,0,99,-32.9394
47,0,186,-32.828
53,0,178,-32.8483
48,0,186,-32.8602
27,0,176,-32.9148
34,0,167,-32.8683
70,0,167,-32.2036
28,0,177,-32.9435
72,0,167,-32.7784
66,0,187,-32.2353
31,0,222,-32.9054
37,0,171,-32.9006
42,0,111,-32.7477
34,0,182,-32.6099
55,0,105,-32.5524
23,0,181,-33
47,0,179,-32.7151
45,0,169,-32.8639
45,0,192,-32.901
32,0,176,-32.5057
21,0,157,-33
43,0,178,-33
50,0,168,-32.9048
31,0,96,-32.9896
71,0,165,-32.8727
58,0,111,-32.4324
35,0,167,-32.8623
30,0,176,-32.892
29,0,106,-32.9906
50,0,105,-32.2571
47,0,101,-32.4851
71,0,114,-31.3509
69,0,98,-31.8061
32,0,112,-32.7321
44,0,207,-32.9324
38,0,187,-32.8235
67,0,180,-32.8667
28,0,174,-32.931
45,0,182,-32.6374
55,0,99,-32.3737
41,0,187,-32.8289
35,0,161,-32.9317
44,0,210,-32.5619
26,0,179,-32.4749
56,0,194,-32.768
55,0,178,-32.7978
31,0,110,-32.6909
40,0,158,-32.8797
32,0,178,-32.9326
29,0,166,-33
39,0,127,-32.7953
28,0,164,-33
38,0,167,-32.8623
50,0,187,-32.8021
37,0,177,-32.8531
28,0,178,-32.7921
53,0,91,-32.2527
21,0,178,-32.7978
52,0,181,-32.663
24,0,180,-32.45
28,0,180,-32.9944
58,0,175,-32.3257
54,0,185,-32.5297
40,0,185,-32.8919
28,0,182,-32.9396
40,0,171,-32.731
38,0,163,-32.7607
47,0,94,-32.3723
46,0,179,-32.9441
44,0,179,-32.8212
33,0,93,-32.6559
36,0,154,-32.7597
57,0,180,-32.7944
33,0,90,-32.6222
34,0,174,-32.9828
28,1,105,-32.9143
71,0,198,-32.4646
40,0,178,-32.6573
22,1,160,-33
46,0,159,-32.3774
46,0,215,-32.6233
30,0,92,-32.9022
71,0,183,-32.5902
56,0,91,-31.7582
35,0,194,-32.9485
62,0,208,-32.4615
25,0,180,-33
44,0,177,-32.8588
49,0,93,-32.8172
40,0,201,-32.8657
52,0,195,-32.7949
66,0,190,-32.7
46,0,209,-32.6459
81,0,192,-32.4115
35,0,162,-32.9074
41,0,96,-32.4167
55,0,179,-32.2179
35,0,100,-32.79
27,0,170,-32.8412
34,0,175,-32.8914
43,0,171,-32.8304
26,0,158,-32.9051
47,0,175,-32.6686
55,0,172,-32.7093
40,0,189,-32.6772
56,0,107,-32.486
51,0,101,-32.2079
34,0,181,-32.9669
23,0,221,-32.8145
30,0,100,-33
32,0,183,-32.9727
24,0,170,-32.9235
26,0,111,-33
51,0,185,-32.9135
77,0,210,-32.7619
33,0,183,-32.9945
52,0,171,-32.9591
39,0,197,-32.5127
42,0,190,-32.8053
42,0,129,-33
25,0,152,-32.9605
52,0,178,-32.8596
39,0,176,-32.9091
42,0,177,-32.9661
32,0,171,-33
29,3,165,-32.5636
21,1,181,-32.9834
32,0,182,-32.6868
57,0,184,-32.837
56,0,161,-32.7702
48,0,186,-32.8871
55,0,174,-32.8333
74,0,179,-32.6425
65,0,111,-32.6577
31,0,102,-32.9706
44,0,189,-32.9153
61,0,160,-32.9438
68,0,173,-32.659
50,0,197,-32.5127
50,0,134,-32.8284
35,0,178,-32.9719
41,0,172,-32.814
35,0,143,-32.8042
28,0,166,-33
39,0,186,-32.7097
44,0,160,-32.5562
68,0,195,-32.8513
53,0,174,-33
54,0,170,-32.7706
41,0,172,-32.9942
38,0,169,-33
37,0,174,-32.9828
50,0,187,-32.8449
53,0,175,-32.8057
46,0,180,-32.8333
58,0,193,-32.8756
59,0,178,-32.2135
51,0,191,-32.7696
33,0,178,-32.7303
53,0,165,-32.7636
34,0,185,-32.973
52,0,178,-32.9663
50,0,181,-32.9171
23,0,204,-33
37,0,172,-32.8663
41,0,194,-32.8969
30,0,163,-32.9816
31,0,210,-33
43,0,195,-32.7128
49,0,179,-32.9441
29,0,182,-32.8297
48,0,177,-32.774
26,0,182,-32.7857
26,0,174,-32.9253
29,0,176,-32.983
38,0,187,-32.5936
47,0,183,-32.7923
38,0,179,-32.5698
60,0,97,-32.4742
43,0,172,-32.8372
44,0,166,-33
27,0,174,-32.8161
57,0,172,-32.7965
32,0,172,-32.9593
33,0,174,-32.8851
40,5,140,-32.6286
24,0,133,-32.8496
63,0,180,-32.9333
68,0,191,-32.3665
29,0,126,-32.881
34,3,152,-32.8092
46,2,173,-32.5376
52,0,185,-32.5459
64,0,188,-32.6436
71,0,164,-32.7561
52,0,168,-32.8988
41,0,198,-32.8636
47,0,180,-32.9611
42,0,192,-32.8073
27,0,156,-32.9295
55,0,181,-32.3702
36,0,209,-32.9234
41,0,199,-32.9246
44,0,185,-32.7405
63,0,188,-32.9202
65,0,180,-32.7889
55,0,174,-32.7299
27,0,144,-32.8472
34,0,171,-32.9006
64,0,175,-32.8857
59,0,105,-32.8286
42,0,179,-32.6257
61,0,181,-32.4917
55,0,188,-32.9681
61,0,166,-32.8554
35,0,170,-32.3412
42,0,192,-32.9427
57,0,179,-32.743
53,0,193,-32.8135
60,0,178,-32.764
27,0,153,-32.6928
45,0,158,-32.9684
45,0,187,-32.7968
44,0,168,-32.8571
58,0,183,-32.9071
51,0,190,-32.8158
54,0,188,-32.8936
38,0,202,-32.9059
57,2,172,-32.8779
39,0,190,-32.9737
60,0,185,-32.6811
53,0,194,-32.8969
32,0,149,-32.9597
60,0,273,-32.7985
48,0,102,-33
44,0,170,-32.9941
46,0,182,-32.8077
47,0,164,-32.7378
43,0,178,-33
44,0,182,-32.9176
26,2,151,-32.9735
32,0,176,-32.7045
58,0,195,-32.8769
32,0,173,-32.9711
38,0,166,-32.8193
20,0,172,-33
42,0,114,-32.807
37,0,168,-32.9524
39,0,197,-32.8376
42,0,189,-32.9259
44,0,165,-32.2485
53,0,182,-32.7527
67,0,181,-32.3481
31,0,197,-32.9188
48,0,176,-32.6591
64,0,190,-32.9421
45,0,187,-32.8824
55,0,206,-32.8738
63,0,101,-31.7129
60,0,173,-32.526
48,0,194,-32.8557
55,0,192,-32.8438
29,2,187,-32.9572
47,0,170,-32.6294
41,0,105,-32.2286
35,0,180,-32.9167
37,0,105,-32.1905
37,3,160,-32.9688
61,0,169,-32.8284
41,14,188,-32.8564
36,0,177,-32.9266
71,0,103,-31.5437
53,0,178,-32.8876
33,0,183,-32.9727
32,0,184,-32.9022
20,0,103,-33
38,0,157,-32.9809
36,0,182,-32.8571
31,0,99,-32.7374
65,0,189,-32.5185
51,0,183,-32.6721
30,0,160,-32.85
43,0,180,-32.8778
21,0,104,-32.8942
52,0,104,-31.6923
54,0,176,-32.983
30,0,106,-32.5377
26,0,137,-32.7956
42,0,101,-32.6634
39,0,167,-32.9641
42,0,186,-32.6989
22,0,166,-33
46,9,159,-32.9434
42,0,182,-32.6758
68,0,168,-32.5298
57,0,178,-32.9551
32,0,202,-32.8416
26,0,174,-32.931
55,0,175,-32.8914
59,0,194,-32.6186
42,0,185,-32.9459
38,0,161,-32.7205
49,0,189,-32.8677
54,0,205,-32.6195
22,0,186,-32.9301
41,0,170,-32.7529
42,0,181,-32.7182
44,0,178,-32.6461
44,0,133,-33
25,0,178,-32.9888
52,0,176,-32.767
49,0,114,-32.9035
47,0,168,-32.8214
44,0,181,-32.8619
44,0,180,-32.7667
37,0,174,-32.8391
55,0,172,-32.6047
81,0,176,-32.5284
40,0,170,-32.6588
33,0,189,-32.7302
48,0,181,-32.9558
20,0,166,-33
47,0,181,-32.9779
47,0,179,-32.8268
29,0,170,-32.7647
62,0,184,-32.9293
34,0,188,-32.9681
41,0,177,-32.9887
31,0,187,-32.9786
60,0,193,-32.7306
25,0,146,-32.863
23,0,167,-32.9401
35,0,176,-33
38,0,177,-32.9831
65,0,190,-32.7579
55,0,161,-32.7453
48,0,180,-32.4278
47,0,180,-32.8167
49,0,182,-32.9615
46,0,196,-32.8827
71,0,184,-32.6304
53,0,201,-32.8905
55,0,173,-32.6936
56,0,169,-32.8047
74,0,200,-32.56
25,1,174,-32.9943
44,0,188,-32.8936
25,0,182,-32.8791
20,0,170,-32.8059
42,0,171,-32.4971
47,0,189,-32.7143
48,0,169,-32.8402
49,0,172,-32.936
29,0,191,-33
26,0,167,-32.9102
37,0,174,-32.8506
48,0,183,-33
40,0,98,-32.7449
31,0,157,-32.5796
48,0,176,-32.9205
23,0,174,-32.8621
62,0,186,-32.8226
46,0,187,-32.8075
47,0,178,-32.7865
23,0,164,-32.9817
51,0,186,-32.8441
58,0,191,-32.7173
53,0,190,-32.4632
30,0,164,-32.8537
38,0,175,-32.9771
35,0,159,-32.8868
62,0,193,-32.1503
68,0,175,-32.8857
45,0,180,-32.9944
39,0,183,-32.9617
53,0,114,-32.2193
26,0,171,-32.731
66,0,186,-32.6505
50,0,181,-32.8122
48,0,187,-32.9626
35,0,170,-32.8706
20,0,174,-33
33,0,170,-32.9882
38,0,175,-32.8514
54,0,162,-32.8951
24,0,175,-32.9886
29,0,167,-33
24,0,178,-32.8483
51,0,157,-32.7389
51,0,168,-32.7024
34,0,157,-32.8153
69,0,170,-32.4941
46,0,169,-32.8462
24,0,172,-32.9884
63,0,182,-32.3352
52,0,182,-32.8242
35,0,174,-32.8678
57,0,181,-32.9613
23,0,163,-33
25,0,169,-32.8994
49,0,177,-32.9096
30,0,191,-32.7696
52,0,174,-32.8448
43,0,166,-32.7229
27,1,172,-32.9302
36,0,162,-32.8395
55,0,190,-32.4263
41,0,169,-32.9704
36,0,147,-32.6327
47,0,160,-32.7687
36,2,182,-32.6978
64,0,164,-32.7012
36,0,152,-32.7961
49,0,164,-32.3598
27,0,181,-32.9669
29,0,163,-32.9755
24,0,191,-32.8168
45,0,176,-32.9375
24,0,156,-32.8718
63,0,179,-32.7877
32,0,190,-32.8895
67,0,186,-32.6398
41,0,173,-32.6647
36,0,156,-32.7692
31,0,94,-33
41,0,167,-32.9461
23,0,141,-32.9787
66,0,183,-32.6339
50,0,196,-32.8418
44,0,182,-32.9011
39,0,168,-32.7798
55,0,163,-32.7055
51,0,164,-32.6402
31,0,162,-32.9198
42,0,180,-32.9889
33,0,180,-32.6
45,0,185,-32.9459
46,0,198,-32.8737
35,0,186,-32.4946
31,0,147,-32.9048
26,0,185,-32.8486
43,0,163,-32.319
55,0,171,-32.7895
52,0,180,-32.9056
78,0,193,-32.601
48,0,196,-32.6531
34,0,160,-32.7563
39,11,165,-32.8424
52,0,181,-32.8398
40,0,162,-32.8148
37,0,149,-32.7248
42,0,208,-32.9712
36,0,180,-32.8778
40,0,189,-32.8995
47,0,146,-33
38,0,197,-32.8071
35,0,158,-32.8797
70,0,174,-32.7989
50,0,110,-32.2182
28,0,164,-32.9878
41,0,169,-32.6864
50,0,199,-33
38,0,171,-32.8596
32,0,176,-32.9432
25,0,160,-33
31,5,186,-32.9301
33,0,167,-32.7605
25,0,172,-33
46,0,180,-32.8222
55,0,191,-32.9686
31,0,166,-33
36,0,171,-32.6959
56,0,182,-32.4286
50,0,179,-32.8659
41,0,108,-32.2778
47,0,184,-32.788
62,0,185,-32.7459
33,0,148,-32.9324
38,0,165,-32.7636
67,0,166,-32.6205
44,0,185,-32.9297
27,0,186,-33
57,0,163,-32.5583
34,0,179,-32.8827
45,0,200,-32.795
30,0,193,-32.8912
40,0,188,-32.8617
51,0,176,-32.9091
29,0,197,-32.8173
50,0,188,-32.8936
72,0,189,-32.5661
47,0,170,-32.9471
42,0,169,-32.7515
30,0,155,-32.8903
47,0,205,-32.7171
37,0,174,-32.9713
50,0,182,-32.967
64,0,211,-32.763
53,0,176,-32.7273
53,0,180,-32.8944
36,0,181,-32.6906
45,0,174,-32.7011
60,0,184,-32.4293
52,0,165,-32.9091
25,0,172,-32.9884
50,0,184,-32.9293
27,0,198,-32.9899
42,0,94,-32.4681
35,0,165,-32.703
32,0,179,-32.4246
65,0,177,-32.7119
23,0,171,-32.8772
39,0,98,-32.8878
38,0,102,-32.0588
51,0,180,-32.1611
54,0,189,-32.9947
39,0,177,-32.8362
40,0,195,-32.7795
55,0,105,-33
62,0,173,-32.7919
42,0,118,-32.2119
60,0,194,-32.7526
73,0,180,-32.3722
48,0,107,-32.8505
24,0,170,-32.9824
20,0,183,-32.8361
71,0,163,-32.3129
68,0,171,-32.4386
71,0,176,-32.5682
51,0,167,-32.7485
38,0,161,-33
31,0,177,-32.8927
35,0,168,-33
28,0,174,-32.908
39,0,165,-32.7758
38,0,164,-32.878
44,0,103,-32.9417
43,0,171,-32.8246
42,0,210,-32.9857
26,0,181,-32.8785
31,0,177,-32.8531
47,0,98,-31.9286
55,0,113,-32.5841
25,0,189,-33
63,0,176,-32.5739
28,0,190,-32.8789
38,0,189,-32.8624
20,0,195,-32.7128
47,0,178,-32.5899
47,0,183,-32.7705
33,0,97,-33
48,0,128,-32.9766
43,0,171,-32.7719
35,0,190,-32.8737
37,0,84,-32.2619
38,0,150,-33
42,0,100,-32.76
35,0,179,-32.7989
41,0,174,-32.9023
58,0,181,-32.9171
28,0,198,-32.7929
40,0,170,-32.9118
24,0,188,-32.9894
21,0,186,-32.7312
43,7,189,-32.9577
44,9,183,-32.6612
77,46,169,-32.426
44,11,159,-32.6981
72,60,110,-32.5455
25,2,185,-32.9892
33,1,183,-32.7869
53,10,166,-32.8253
21,0,179,-32.6927
29,3,149,-32.7651
48,14,189,-32.746
71,45,191,-32.5864
80,56,187,-32.5882
46,10,193,-32.7513
36,6,158,-32.9304
55,30,109,-32.7706
54,25,103,-31.3981
28,0,189,-32.7302
26,4,84,-32.8452
51,21,91,-32.5055
58,22,189,-32.545
39,9,153,-32.9608
55,14,174,-32.8563
43,11,90,-32.7333
61,26,119,-32.5462
38,7,162,-32.6481
62,28,94,-32.0745
41,9,162,-32.8025
44,8,157,-32.8599
53,13,169,-32.7574
46,25,163,-32.8528
29,0,185,-32.9514
22,2,85,-32.9176
28,0,159,-32.8805
57,52,103,-32.3981
34,8,158,-32.981
25,2,100,-32.97
57,11,159,-32.5283
59,27,91,-32.1099
26,4,190,-32.8263
38,6,162,-32.9012
59,19,192,-32.9219
42,9,180,-32.85
48,11,98,-32.9592
26,4,178,-32.9438
85,46,181,-32.6133
69,31,191,-32.4398
61,18,168,-32.8988
26,1,170,-32.7118
20,0,162,-33
34,0,168,-32.4583
79,30,189,-32.2963
40,10,167,-32.4192
56,18,187,-32.3422
30,3,158,-32.7152
69,28,184,-32.4239
23,1,167,-32.5509
30,5,145,-32.7931
76,40,170,-32.7647
72,26,185,-32.6
48,6,171,-32.9181
51,23,168,-32.369
57,18,181,-32.9116
22,0,150,-32.8667
73,60,100,-31.71
26,2,130,-32.9538
40,20,145,-32.9517
45,11,168,-32.5238
74,20,188,-32.6277
35,4,192,-33
30,0,166,-32.6867
26,1,173,-32.8671
52,12,94,-32.2021
70,40,166,-32.6627
39,7,157,-32.9299
40,8,166,-32.5783
69,42,162,-32.7346
36,7,167,-32.8204
69,60,147,-32.4966
35,3,172,-32.564
32,4,180,-32.5722
70,35,99,-32.2828
20,1,82,-32.9634
34,2,85,-32.8471
38,12,153,-32.9804
27,1,178,-32.9494
22,1,189,-32.9206
38,5,192,-32.8906
45,4,173,-32.6243
43,4,183,-32.8743
48,9,178,-32.8371
30,3,184,-32.9946
26,0,182,-32.9451
32,5,164,-32.8841
23,0,156,-32.9103
48,2,170,-32.3706
55,5,195,-32.6462
38,0,192,-32.849
36,9,177,-32.6045
38,3,192,-32.8594
34,0,167,-32.9042
23,0,175,-32.9943
42,9,182,-32.8187
36,5,201,-32.8408
28,2,182,-32.9011
20,0,98,-33
29,6,158,-32.8418
27,3,108,-32.9167
65,22,181,-32.5304
24,2,177,-32.9266
43,10,190,-32.8789
41,6,167,-32.7305
22,0,166,-32.9277
48,6,174,-32.6954
43,7,183,-32.8852
25,2,160,-32.8188
31,10,178,-33
53,10,187,-32.6684
37,5,164,-32.9268
45,3,190,-32.8211
32,0,187,-32.9091
20,3,96,-33
29,5,189,-32.9524
34,0,174,-32.8563
29,3,168,-32.7262
53,24,192,-32.901
41,4,179,-33
32,0,164,-32.9573
44,4,178,-32.736
24,1,168,-32.7738
38,13,187,-33
36,9,178,-32.9888
41,9,177,-32.7401
37,2,183,-32.612
32,4,165,-32.5455
32,3,178,-32.7079
29,4,188,-32.867
32,3,180,-32.7222
37,4,193,-32.7047
64,21,186,-32.7796
45,9,180,-32.5389
33,2,92,-32.913
40,9,176,-32.8977
26,0,194,-32.9742
25,3,174,-32.7586
56,15,181,-32.3978
22,2,160,-32.675
29,5,164,-32.4268
38,5,161,-32.9255
37,8,160,-32.8813
49,7,168,-32.6726
57,30,109,-32.7248
29,0,180,-32.6944
32,3,173,-32.9422
32,2,175,-32.7771
33,3,160,-32.7687
24,0,102,-32.7941
59,36,101,-32.2871
27,5,103,-32.3981
45,11,176,-32.8125
29,5,175,-32.9086
41,0,184,-32.6304
31,0,166,-33
41,0,187,-32.9091
29,0,178,-32.8764
79,0,200,-32.76
51,0,164,-32.7622
77,0,168,-32.1071
41,0,189,-32.9206
46,0,166,-32.2048
37,0,160,-32.9
69,0,174,-32.3908
36,0,165,-32.8121
60,0,197,-32.2386
57,0,200,-32.65
62,0,191,-32.7225
50,0,171,-32.7544
86,0,190,-32.2263
60,0,180,-32.8167
63,0,213,-32.5023
28,0,167,-32.8862
47,0,164,-32.8049
43,0,190,-32.7947
46,0,156,-32.9872
46,0,175,-32.5371
47,0,195,-31.7333
68,0,176,-32.2898
65,0,172,-32.6744
27,0,178,-32.8652
76,0,182,-32.5714
34,0,173,-32.7283
72,0,175,-32.6914
53,0,194,-32.799
57,0,184,-32.5652
64,0,184,-32.2554
49,0,176,-32.875
48,0,180,-32.7111
67,0,186,-32.4462
68,0,179,-32.6201
25,0,183,-32.9836
70,0,177,-32.4011
54,0,175,-32.4343
43,0,176,-32.5455
70,0,179,-32.2626
47,0,181,-32.5414
48,0,189,-32.4974
33,0,178,-33
49,0,179,-32.8492
54,0,179,-32.8994
65,3,199,-32.7538
80,0,180,-32.1556
73,0,201,-32.3284
71,0,191,-32.4031
23,0,162,-32.9321
72,0,175,-32.8057
79,0,204,-32.2255
55,0,155,-32.3484
35,0,182,-32.8956
74,0,184,-32.3967
52,0,178,-32.882
20,0,115,-32.5826
32,0,188,-32.8564
64,0,181,-32.0608
81,0,203,-32.6305
40,0,185,-32.7514
30,0,150,-32.98
32,0,179,-32.8994
57,0,175,-32.7429
92,0,194,-32.732
46,0,168,-32.6964
56,0,165,-32.4545
50,0,176,-32.733
25,0,160,-32.7687
34,0,165,-32.9455
66,0,176,-32.4886
46,0,171,-32.7193
60,0,190,-32.4158
60,0,190,-32.7158
37,0,167,-32.8024
48,0,175,-32.6914
64,0,175,-31.9371
49,0,173,-32.763
66,0,170,-32.2176
49,0,166,-32.4819
51,0,192,-32.8385
34,0,186,-32.8065
23,0,178,-32.7753
47,0,154,-32.5649
36,0,174,-32.7759
81,0,202,-32.4653
46,0,182,-33
26,0,106,-32.6698
48,0,164,-32.4024
25,0,143,-32.9091
53,0,169,-32.7101
81,0,184,-32.337
82,0,176,-32.4659
57,0,170,-32.2
50,0,165,-32.5879
35,0,189,-32.6243
62,0,181,-32.3867
73,0,189,-32.4233
54,0,165,-32.5455
40,0,164,-32.7988
36,0,161,-32.528
31,0,192,-32.875
24,0,182,-32.8132
78,0,189,-32.418
30,0,163,-32.8773
61,0,161,-32.7019
21,0,159,-32.9371
43,0,179,-32.8268
24,0,173,-32.7746
26,0,185,-32.7135
64,0,170,-32.5353
44,0,179,-32.6536
60,0,198,-32.5455
51,0,154,-32.9675
46,0,182,-32.7857
51,0,179,-32.2793
43,0,190,-32.8789
29,0,151,-32.9338
22,0,180,-33
22,0,164,-32.8415
38,0,187,-32.8556
58,0,175,-32.5257
42,0,173,-32.7341
75,0,191,-32.445
30,0,190,-32.8053
49,0,186,-32.9892
44,0,172,-32.6337
49,0,182,-32.5604
49,0,183,-32.6667
75,0,171,-32.2398
53,0,172,-32.2907
68,0,172,-32.5058
47,0,173,-32.7052
29,0,178,-32.8933
75,0,172,-31.9186
36,0,212,-32.7972
32,0,151,-32.8212
58,0,179,-32.2849
30,0,167,-32.982
43,0,162,-32.9815
61,0,183,-32.7432
45,0,169,-32.6391
47,0,175,-32.8
46,0,89,-32.9326
51,3,180,-32.7333
62,5,168,-32.2619
53,3,175,-32.7029
21,1,191,-33
54,3,161,-32.2733
34,1,183,-32.7705
20,0,156,-32.9615
28,1,187,-33
31,0,146,-32.9795
52,20,139,-32.5036
72,19,192,-32.4323
22,3,183,-33
52,13,187,-32.7166
51,13,198,-32.3586
53,14,193,-32.8912
80,28,188,-31.9468
70,21,181,-32.3315
59,13,175,-32.3943
58,13,168,-32.6131
84,60,119,-31.5798
45,10,165,-32.5152
73,16,188,-32.6489
58,17,168,-31.9881
62,16,177,-32.5819
32,4,200,-32.795
59,15,163,-32.8589
45,3,168,-32.6905
80,31,204,-32.1471
67,53,111,-31.991
43,6,181,-32.4972
63,16,201,-32.4179
63,10,209,-32.7656
39,4,175,-32.9771
43,12,105,-32.4952
29,2,96,-32.3958
47,11,204,-32.7647
39,6,179,-32.9218
58,23,181,-32.9724
57,24,108,-31.9815
59,21,106,-31.6226
43,5,165,-32.8667
34,6,148,-32.7635
56,11,174,-32.6839
29,3,179,-32.8212
51,4,201,-32.7015
43,9,173,-32.659
61,43,106,-31.8019
53,12,183,-32.9672
28,1,169,-32.7041
56,20,178,-33
35,5,179,-33
38,6,204,-32.7206
44,5,171,-32.848
35,7,157,-32.8981
38,8,178,-32.8989
59,17,176,-32.733
61,22,189,-32.6243
38,8,176,-32.875
28,4,160,-32.95
67,27,173,-32.2832
68,51,109,-32.0183
30,1,194,-32.9072
57,19,189,-32.9418
47,8,189,-32.6032
78,46,202,-32.5545
42,7,172,-32.3779
52,14,178,-32.9101
48,22,163,-32.9202
46,6,194,-32.768
23,2,177,-33
48,14,102,-31.7647
40,10,175,-32.9943
73,36,170,-31.9588
83,60,115,-31.8957
39,3,182,-32.9945
25,0,196,-32.9898
51,12,171,-32.9181
43,0,181,-32.768
41,0,175,-32.8914
25,0,170,-32.7529
53,0,192,-32.7604
38,0,168,-32.6964
54,0,182,-32.5879
33,0,192,-32.7656
44,0,177,-32.7514
50,0,190,-32.9105
36,0,182,-32.8297
37,0,177,-32.8983
40,0,185,-32.7838
44,0,179,-32.8771
49,0,184,-32.8098
30,0,162,-32.5988
23,0,167,-32.8024
55,0,191,-32.6387
41,0,181,-32.6961
24,0,154,-32.8831
64,0,186,-32.7634
32,0,169,-32.9408
51,0,183,-32.235
46,0,175,-32.8457
43,0,165,-32.9394
25,0,179,-32.933
49,0,187,-32.7754
43,0,180,-32.6889
42,0,87,-32.9655
64,0,113,-32.2212
38,0,164,-32.8171
46,0,176,-32.9659
29,0,162,-32.858
33,0,185,-32.8
42,0,180,-32.5389
65,0,188,-32.4043
45,0,179,-32.7207
31,0,162,-32.7099
51,0,109,-32.578
24,0,165,-32.4121
62,0,195,-32.4615
42,0,192,-32.901
49,0,165,-32.7394
37,0,169,-32.9053
27,0,104,-32.9808
23,0,213,-33
32,0,169,-32.7811
43,0,172,-32.6744
45,0,175,-32.8343
79,0,187,-32.1872
40,0,181,-32.5414
40,0,165,-32.8606
45,0,170,-32.8706
47,0,183,-32.7541
30,0,164,-32.8476
37,0,148,-32.8446
35,0,168,-32.8929
55,0,198,-32.6566
52,0,189,-32.7513
51,0,178,-32.9494
76,0,205,-32.7268
31,0,184,-32.962
31,0,153,-32.9281
49,0,167,-32.9042
30,0,167,-32.9461
45,0,198,-32.4697
47,0,173,-32.9017
53,0,179,-32.7654
36,0,176,-32.8295
55,0,177,-32.4463
74,0,169,-32.0651
49,15,164,-32.3841
73,0,192,-32.5625
54,0,163,-32.3865
33,0,172,-32.8314
65,0,191,-32.6859
48,0,179,-32.7877
46,0,165,-32.7939
54,0,184,-32.7663
39,0,200,-32.695
36,0,166,-32.8434
32,0,186,-32.9624
42,0,177,-32.6949
39,0,174,-32.931
52,0,178,-32.4831
35,0,168,-32.8274
55,0,200,-32.545
60,0,182,-32.8516
33,0,215,-32.6884
40,0,186,-32.8172
30,0,174,-32.931
48,0,178,-32.8371
39,1,171,-32.8538
41,0,153,-32.8889
39,0,178,-32.764
57,0,192,-32.5312
52,0,188,-32.7181
52,0,107,-32.4112
53,0,108,-32.1019
46,0,154,-32.961
26,0,183,-32.765
55,0,180,-32.4556
41,0,91,-33
39,0,171,-32.3216
38,0,170,-32.9471
46,0,105,-32.5714
51,0,183,-32.5847
38,0,169,-32.6805
46,0,184,-32.7935
45,0,187,-32.6471
49,0,164,-32.6768
50,0,182,-32.4231
41,2,184,-32.6087
43,0,171,-32.7895
41,0,176,-32.875
22,0,181,-33
47,0,188,-32.8138
28,0,179,-32.8324
34,0,192,-32.9896
37,0,172,-32.9186
54,0,180,-32.5611
36,0,200,-32.905
40,0,168,-32.8333
30,0,174,-32.7989
56,0,188,-32.7394
44,0,193,-32.7979
48,0,188,-32.6809
71,0,191,-32.3455
36,0,106,-32.8113
39,0,184,-32.8913
53,0,188,-32.6011
31,0,160,-32.5312
41,0,188,-32.7553
41,0,181,-32.6961
51,0,177,-32.4181
32,0,173,-32.9017
60,0,166,-32.6386
65,0,193,-32.7358
54,0,189,-32.6402
65,0,191,-32.7068
45,0,175,-32.6743
42,0,184,-32.9348
41,0,197,-32.8528
39,0,173,-32.7399
44,0,191,-32.8482
22,0,150,-32.8267
44,0,159,-32.7547
53,0,190,-32.6947
35,0,157,-32.8726
37,0,161,-32.913
54,0,176,-32.7841
32,0,177,-32.6102
57,0,102,-32.1373
53,0,177,-32.8079
38,0,182,-32.478
29,0,164,-32.8598
50,0,189,-32.746
42,0,174,-32.6954
38,0,179,-32.9832
42,0,168,-32.8988
33,0,173,-32.6416
34,0,178,-32.573
29,0,160,-32.9312
44,0,174,-32.8563
66,0,194,-32.4227
45,0,183,-32.7322
49,0,183,-32.5738
26,0,135,-33
75,0,201,-32.01
64,0,178,-32.764
41,0,168,-32.4702
64,0,197,-32.4772
34,0,212,-32.9387
25,0,196,-32.9388
32,0,151,-32.8609
34,0,91,-32.7143
67,0,185,-32.4973
26,0,161,-32.8012
39,0,162,-32.6728
48,0,192,-32.8698
68,0,187,-32.5615
52,0,182,-32.7253
33,0,187,-32.9251
52,0,191,-32.9686
31,0,186,-32.9301
29,0,99,-32.8485
26,0,186,-33
21,0,186,-32.9194
41,0,177,-32.6102
25,0,168,-32.9405
64,0,206,-32.6942
55,0,192,-32.3906
43,0,186,-32.7796
26,0,191,-32.9791
47,0,187,-32.4225
33,0,182,-32.8626
27,0,162,-32.9383
29,1,178,-32.7303
73,0,192,-32.3542
49,0,214,-32.785
23,1,172,-32.9302
39,0,171,-32.9474
37,0,168,-32.875
88,0,193,-32.0829
25,1,202,-33
33,0,195,-32.9282
37,0,186,-32.6989
35,0,176,-32.8125
47,0,171,-32.7895
54,2,183,-32.6612
75,0,204,-32.3725
37,1,164,-32.75
37,0,87,-32.9885
33,0,191,-32.9738
57,0,194,-32.7268
43,2,176,-32.8636
51,0,182,-32.9286
43,2,169,-32.929
33,0,176,-32.983
39,0,94,-32.1064
57,0,108,-32.4907
65,3,109,-31.7706
50,0,99,-32.6364
53,0,111,-32.3423
34,0,88,-32.2614
71,0,176,-32.1591
42,0,107,-32.8224
30,3,95,-32.5158
41,0,192,-32.9427
25,0,171,-32.7485
45,0,192,-32.7396
46,3,147,-32.2517
42,0,185,-32.7514
35,0,183,-32.8415
65,0,180,-32.5667
45,0,180,-32.7444
36,0,168,-32.494
44,0,182,-32.5659
26,0,184,-32.9837
51,2,164,-32.6829
35,2,157,-32.9427
40,0,175,-32.3143
30,0,181,-32.6575
44,0,176,-32.5739
36,0,171,-32.8538
44,0,184,-32.5652
41,0,188,-32.734
59,0,170,-32.6706
36,0,171,-32.7602
38,0,97,-31.7216
35,0,176,-32.9886
41,0,184,-32.6793
44,1,196,-32.7194
44,0,181,-32.9834
33,0,192,-32.8438
41,0,93,-32.8172
44,0,183,-32.8415
43,0,169,-32.7929
31,0,155,-32.7677
31,0,174,-32.6552
40,0,184,-32.6685
43,0,192,-32.6719
38,0,93,-32.3118
62,3,167,-32.5569
57,0,188,-32.133
40,0,180,-32.6333
55,0,169,-32.6036
39,0,101,-32.396
31,2,149,-33
44,0,157,-32.6752
28,0,165,-32.7333
35,0,172,-32.8314
22,0,157,-33
47,0,169,-32.645
46,0,217,-32.8664
66,0,174,-32.0862
30,0,180,-32.9556
56,0,190,-32.8368
51,0,202,-32.9703
64,17,211,-32.6777
50,10,199,-32.4573
36,7,209,-32.8947
66,12,202,-32.3416
32,9,198,-32.8131
78,54,178,-32.3258
35,3,152,-32.9868
48,11,176,-32.5909
59,15,168,-32.6071
53,7,186,-32.6935
37,4,164,-32.6524
34,9,180,-32.7
58,7,182,-32.1264
61,20,193,-32.5596
42,6,174,-32.546
50,14,184,-32.8261
26,2,160,-33
63,4,211,-32.5355
56,10,195,-32.7846
33,3,182,-32.7857
73,49,112,-32.1161
46,8,177,-32.8136
30,6,151,-32.6424
49,12,189,-32.8466
25,3,178,-32.8876
38,9,177,-32.7797
61,46,177,-32.7684
58,22,198,-32.5152
49,13,177,-32.5706
68,16,185,-32.2162
50,17,201,-32.8109
75,29,193,-32.3212
72,21,194,-32.7732
80,41,198,-32.5808
81,27,188,-32.4628
53,9,181,-32.547
41,8,161,-32.5093
40,12,145,-32.8483
25,2,143,-32.979
50,14,191,-32.7906
41,2,185,-32.7351
48,25,164,-32.8476
44,12,195,-32.7949
46,10,168,-32.7262
55,6,177,-32.6045
46,13,192,-32.5521
61,24,187,-32.6791
59,11,189,-32.7513
53,12,190,-32.4895
67,12,192,-32.7396
56,12,196,-32.5969
45,9,195,-32.7077
67,29,170,-32.8941
55,5,175,-32.6743
73,31,168,-32.0476
49,16,189,-32.7037
67,19,183,-32.8743
58,13,186,-32.2742
67,43,194,-32.8093
59,12,190,-32.8632
31,1,217,-32.8065
51,17,178,-32.764
25,3,167,-33
26,1,165,-32.8545
43,10,189,-32.9101
56,10,186,-32.7688
56,13,189,-32.3069
63,12,183,-31.9617
69,20,204,-32.299
87,60,185,-32.3838
74,23,197,-32.6294
56,8,199,-32.7286
47,8,193,-32.6788
36,5,193,-32.6166
69,22,190,-32.8105
57,18,191,-32.6859
64,33,179,-32.6648
61,8,176,-32.6989
73,36,208,-32.3798
21,0,186,-32.7634
59,21,202,-32.7574
42,10,188,-32.5957
37,13,170,-32.7059
51,13,199,-32.4422
40,5,187,-32.9412
57,20,161,-32.764
59,22,192,-32.4167
46,0,206,-32.6602
30,3,191,-32.6963
41,16,174,-32.5345
54,5,178,-32.6573
60,10,165,-32.6545
46,5,200,-32.525
60,10,195,-32.4718
36,10,197,-32.7259
22,3,141,-33
63,18,197,-32.4975
69,22,183,-32.3279
41,9,196,-32.801
50,9,183,-32.6339
28,0,171,-32.807
50,21,193,-32.8342
22,1,192,-32.8281
68,14,201,-32.5224
67,18,190,-32.4842
43,9,180,-32.9056
70,23,187,-32.4545
57,40,108,-31.9907
52,9,200,-32.73
79,25,198,-32.3838
36,2,210,-32.9095
34,3,191,-32.8115
33,0,197,-32.5178
49,9,195,-32.4205
80,26,192,-31.8698
56,30,172,-32.8023
41,2,185,-32.7784
45,8,199,-32.4774
30,2,199,-32.6231
23,0,82,-33
63,22,178,-32.6629
58,14,167,-32.5569
57,9,180,-32.45
58,32,100,-32.06
59,18,188,-32.867
53,24,171,-32.538
69,20,187,-32.5294
32,4,98,-32.9286
29,2,194,-32.7165
53,34,189,-32.6878
60,22,169,-32.7574
61,19,177,-32.4237
48,8,198,-32.6869
62,21,183,-32.6557
70,17,173,-32.1214
32,8,155,-32.9161
46,27,166,-32.5904
34,8,203,-32.9261
54,21,177,-32.7571
61,14,170,-32.4
47,4,177,-32.7684
35,4,196,-32.8163
40,4,198,-32.7172
58,20,162,-32.7963
52,32,99,-31.1717
58,13,169,-32.6272
61,14,177,-32.7401
41,6,185,-32.973
38,7,197,-32.9137
77,24,205,-32.6341
46,9,114,-32.7456
38,6,201,-32.7711
55,10,201,-32.6766
53,17,175,-32.7429
52,7,208,-32.3029
59,17,191,-32.4241
34,1,186,-32.9409
34,2,170,-32.9882
64,26,222,-32.6802
47,6,184,-32.5489
68,37,190,-32.4421
32,2,152,-32.9803
55,12,183,-32.3934
67,22,188,-32.2394
40,11,158,-32.9177
38,7,192,-32.8646
46,10,177,-32.791
37,3,185,-32.827
39,8,169,-32.7278
41,9,170,-32.9706
71,29,199,-32.2412
35,12,153,-32.7516
55,13,171,-32.4854
55,18,191,-32.7853
76,40,184,-32.5217
41,9,188,-32.7128
59,15,174,-32.5632
60,19,191,-32.4136
27,2,209,-32.8469
56,14,213,-32.7324
68,34,193,-31.9741
56,6,177,-32.548
36,7,156,-32.7949
37,1,197,-32.9442
38,5,199,-32.799
44,3,180,-32.8444
50,9,179,-32.6872
75,58,193,-32.3886
56,9,172,-32.3663
40,12,191,-32.6126
63,31,175,-32.6114
54,19,179,-32.7095
55,9,196,-32.5204
65,29,178,-32.3539
48,5,191,-32.4555
49,7,192,-32.6146
46,15,186,-32.8011
45,13,191,-32.7016
47,4,202,-32.6386
23,1,186,-32.8817
88,54,183,-32.4153
34,1,179,-32.8883
31,5,160,-32.7563
45,10,203,-32.4532
28,1,188,-32.4734
43,6,159,-32.9119
49,13,168,-32.8333
79,37,188,-32.3511
44,14,181,-32.9945
71,25,185,-32.5946
65,16,194,-32.4897
70,24,198,-32.6364
62,6,206,-32.6117
54,14,204,-32.4069
67,28,186,-32.8333
49,9,207,-32.7246
78,27,190,-32.7158
32,8,218,-32.6193
50,9,179,-32.7542
42,18,177,-32.9661
53,21,173,-32.3988
27,6,200,-32.985
63,15,184,-32.5163
70,20,184,-32.1304
59,12,204,-32.8725
23,0,176,-32.7841
33,0,157,-32.8535
58,8,214,-32.3458
50,11,172,-32.6105
72,20,201,-32.6915
24,0,144,-33
24,0,174,-33
87,60,194,-32.1804
74,23,204,-32.7157
50,11,191,-32.9267
30,1,177,-32.7627
75,15,192,-32.6094
69,18,186,-32.3817
22,0,172,-32.8837
20,0,170,-33
24,0,166,-32.8193
28,2,169,-33
67,20,205,-32.5659
50,27,206,-32.6845
67,37,117,-31.6923
38,4,180,-32.8167
84,45,190,-32.3
66,22,208,-32.5865
35,6,150,-32.4133
50,20,198,-32.6616
54,15,118,-31.9068
82,60,184,-32.038
58,11,184,-32.9837
24,1,175,-33
67,26,205,-32.6488
70,19,202,-32.1139
88,34,182,-32.4451
46,8,170,-32.8235
65,14,199,-32.4523
80,32,181,-32.7182
80,23,206,-32.0777
77,30,186,-32.1828
43,16,97,-32.7629
65,17,196,-32.8214
56,12,169,-32.6213
50,16,203,-32.5025
43,6,161,-32.7267
82,59,251,-32.5498
51,7,153,-32.4837
38,6,168,-32.4821
67,30,163,-31.8773
59,15,183,-32.2951
69,16,198,-32.702
85,33,195,-32.0359
81,32,198,-32.5253
55,12,176,-32.2955
77,31,188,-32.7234
67,21,193,-32.6062
63,22,195,-32.6513
60,27,109,-32.0459
67,15,190,-32.5895
66,18,188,-32.3936
81,34,191,-32.4398
54,5,168,-32.7143
44,17,99,-32.2222
43,8,102,-32.549
59,37,113,-32.5044
43,11,177,-32.4746
52,14,115,-32.1652
85,53,184,-32.4076
38,0,158,-32.8924
35,0,184,-32.7283
23,0,165,-32.9697
35,0,116,-32.1207
40,0,87,-32.1149
36,0,157,-33
50,0,96,-32.5625
46,0,164,-32.7805
43,0,89,-32.5955
38,0,166,-32.9157
51,0,96,-32.6354
33,0,156,-32.5962
50,0,171,-32.4737
56,0,98,-31.7449
49,0,183,-32.5137
52,0,172,-32.7326
55,0,163,-32.4663
32,0,221,-32.8914
36,0,181,-32.7901
30,0,186,-32.7742
44,0,94,-32.883
62,0,191,-32.7749
47,0,171,-32.8187
40,0,168,-32.8393
31,0,112,-32.2321
31,0,169,-32.8994
34,0,92,-32.7717
34,0,158,-32.7468
25,0,164,-32.8293
39,0,93,-32.6989
43,0,91,-32.022
57,0,175,-32.7771
62,0,217,-32.7788
50,0,204,-32.9412
28,0,99,-32.9192
41,0,160,-32.625
31,0,150,-32.8667
24,0,165,-33
30,0,180,-32.9056
28,0,166,-32.8133
50,0,177,-32.3785
45,0,189,-32.6984
26,0,149,-32.9262
38,0,166,-32.7831
36,0,184,-32.75
39,0,171,-32.8538
62,0,175,-32.4571
24,0,106,-32.5189
34,0,182,-32.7143
50,0,101,-31.9406
43,0,108,-32.5278
50,0,99,-31.8283
44,0,95,-32.3053
34,0,166,-32.9518
53,0,190,-32.6158
39,0,183,-32.9016
40,0,162,-32.4198
49,0,144,-32.4306
36,0,90,-32.0444
52,0,180,-32.6444
30,0,165,-32.7455
45,0,167,-32.6587
24,0,173,-33
46,0,177,-32.7345
48,0,174,-32.4138
54,0,178,-32.7079
54,0,173,-32.4509
59,0,187,-32.754
54,0,175,-32.56
36,0,104,-32.4327
52,0,107,-32.6636
32,0,170,-32.7882
41,0,172,-32.7965
48,0,177,-32.7232
46,0,91,-32.6484
40,0,166,-32.6747
52,0,182,-32.6484
54,0,182,-32.8626
50,0,174,-32.8448
36,0,175,-32.8229
22,0,180,-32.8944
27,0,112,-32.9196
56,0,181,-32.7845
39,0,166,-32.7831
39,0,174,-32.6724
46,0,170,-32.7824
67,0,180,-32.3
50,0,180,-32.1722
42,0,174,-32.5575
42,0,171,-32.5497
31,0,177,-32.9548
38,0,94,-32.3617
20,0,195,-32.7487
35,0,171,-32.538
24,0,154,-32.9805
45,0,101,-32.2079
40,0,193,-32.8653
27,0,163,-32.9632
37,0,176,-32.6818
32,0,174,-33
23,0,168,-32.9167
29,0,183,-32.8415
34,0,177,-32.4802
40,0,167,-32.3713
56,0,92,-32.6304
33,0,167,-32.8982
37,0,192,-32.7396
32,0,160,-32.6562
44,0,105,-32.6952
26,0,91,-32.8791
44,0,173,-32.763
28,0,93,-32.4624
47,0,189,-32.9683
33,0,171,-32.9591
47,0,175,-32.6057
51,0,166,-32.2711
43,0,171,-32.7018
54,0,180,-32.5056
30,0,177,-32.7853
29,0,192,-32.901
62,0,181,-32.8066
35,0,187,-32.9465
51,0,185,-32.7514
57,0,189,-32.5026
39,0,178,-32.6011
34,0,163,-32.8528
39,0,184,-32.6739
43,0,175,-32.7714
51,0,167,-32.5449
55,0,166,-32.7229
58,0,93,-32.1505
22,0,101,-33
38,0,173,-32.8786
56,0,184,-32.663
24,0,173,-32.9538
45,0,178,-32.4888
51,0,171,-32.731
62,0,186,-32.8763
31,0,193,-32.8238
37,0,96,-32.6146
48,0,176,-32.9148
43,0,108,-32.5093
31,0,150,-32.7867
40,0,198,-32.9242
55,0,185,-32.5946
32,0,182,-32.9341
54,0,164,-32.8537
60,0,185,-32.7784
36,0,194,-32.9485
37,0,165,-32.8606
29,0,176,-32.9716
39,0,89,-32.4045
27,0,97,-33
37,0,178,-32.8258
27,0,164,-32.9695
30,0,163,-32.9509
30,0,200,-32.885
31,0,153,-32.9869
26,0,172,-32.9302
62,0,185,-32.8108
29,0,179,-32.7989
30,0,157,-32.6115
46,0,176,-32.6591
45,0,176,-32.8864
26,0,193,-32.9896
69,0,171,-32.5965
37,0,168,-32.6964
40,0,181,-32.8564
55,0,189,-32.5132
41,0,151,-32.7947
46,0,199,-32.7688
24,0,78,-33
52,0,181,-32.7624
44,0,108,-32.4352
44,0,102,-32.7647
23,0,178,-32.7809
23,0,193,-33
49,0,111,-32.1892
64,0,166,-32.7169
42,0,175,-32.76
28,0,100,-32.85
32,0,98,-32.898
23,0,155,-32.9871
31,0,124,-32.9355
35,0,191,-32.7749
45,0,189,-32.4497
39,0,169,-32.7219
61,0,183,-32.7268
41,0,207,-32.5459
30,0,92,-32.5326
53,0,95,-31.9684
31,0,90,-32.3778
43,0,112,-32.6339
41,0,185,-32.7622
27,0,104,-32.8077
54,0,107,-31.9626
30,0,106,-32.434
25,0,91,-32.5714
47,0,109,-32.4495
48,0,197,-32.6447
20,0,181,-32.9337
49,0,105,-32.2667
35,0,113,-32.8673
50,0,182,-32.5934
59,0,98,-32.7041
51,0,185,-32.6811
41,7,178,-32.6404
36,0,96,-32.6042
27,0,182,-32.9176
64,0,110,-31.9636
40,0,112,-32.8036
44,0,111,-32.8829
35,0,113,-32.823
56,0,114,-32.4035
48,0,170,-32.7824
35,0,117,-32.7692
25,3,191,-32.9005
40,0,188,-32.8511
22,2,157,-32.8535
39,0,179,-32.8156
56,0,193,-32.6477
44,0,185,-32.9622
49,0,172,-32.8953
45,0,104,-32.0192
49,0,104,-32.75
42,0,186,-32.8656
40,0,96,-32.8958
41,0,173,-32.8671
47,0,188,-32.8723
48,0,187,-32.7433
27,0,180,-32.9889
40,0,166,-32.753
33,0,183,-32.8415
44,0,195,-32.9897
48,0,177,-32.7684
20,0,174,-32.931
32,0,181,-32.6906
20,0,96,-32.75
54,0,188,-32.867
45,0,165,-32.7152
40,0,167,-33
81,0,184,-32.4783
43,0,177,-32.6215
80,0,188,-32.3351
59,0,172,-32.9535
51,0,202,-32.8267
22,0,163,-32.9387
68,0,183,-32.2404
35,0,194,-32.8814
57,0,167,-32.7904
74,0,187,-32.5187
33,0,174,-32.8046
51,0,190,-32.8053
61,0,188,-32.6702
57,0,92,-31.8152
41,0,181,-32.663
76,0,174,-32.2644
46,0,162,-32.784
77,0,101,-31.6139
47,0,178,-32.5225
52,0,161,-32.5901
42,0,173,-32.7803
48,0,168,-32.7679
52,0,99,-32.2525
51,0,195,-32.8
61,0,179,-32.8939
47,0,197,-32.736
57,0,97,-32.2062
68,0,182,-32.2143
69,0,100,-32.63
44,0,101,-31.9703
68,0,106,-31.5849
58,0,180,-32.5889
41,0,171,-32.655
77,0,184,-32.6793
82,0,156,-32.2436
39,0,192,-33
79,0,181,-32.4807
53,0,193,-32.9741
30,0,162,-32.5864
25,0,145,-32.9517
51,0,188,-32.6649
62,0,175,-32.6229
47,0,179,-32.7933
81,0,182,-32.5165
23,0,145,-33
48,0,161,-32.6894
58,0,167,-32.9222
67,0,180,-32.4667
45,0,175,-32.8114
55,0,168,-32.5238
68,0,161,-32.6832
57,0,166,-32.8675
34,0,169,-32.5621
37,3,150,-32.6133
32,4,175,-32.9143
51,0,189,-32.4709
56,0,166,-32.1265
54,0,154,-32.8701
63,0,175,-32.5543
55,0,183,-32.3169
61,0,151,-32.4834
51,0,163,-32.5767
65,0,183,-32.2022
51,0,170,-32.7765
79,0,188,-32.117
42,0,191,-32.9267
43,0,173,-32.7803
62,0,171,-32.4737
27,0,176,-32.8125
59,0,162,-32.4012
27,0,178,-32.691
66,0,187,-32.6578
44,0,164,-32.622
68,0,191,-32.5602
62,0,173,-32.7225
56,0,168,-32.4643
33,0,180,-32.9444
68,0,170,-32.3824
28,0,168,-32.875
21,0,173,-32.9653
60,0,148,-32.8243
65,0,192,-32.4167
31,0,141,-32.7447
34,0,169,-32.9112
57,0,192,-32.7656
43,0,163,-32.7914
51,0,166,-32.5723
39,0,164,-32.5915
60,0,96,-32.2292
63,0,169,-32.5621
35,0,171,-32.9064
77,0,189,-32.291
41,0,107,-31.6262
29,0,138,-33
29,0,168,-32.6488
48,0,179,-32.838
80,0,173,-32.2775
56,0,168,-32.9226
65,0,160,-32.4625
42,0,172,-32.5349
50,0,103,-32.068
62,0,102,-32.0098
39,0,89,-32.6742
26,0,164,-32.7683
22,0,162,-32.8086
41,0,169,-32.5444
47,0,186,-32.8011
41,0,203,-32.6749
72,0,169,-32.6568
67,0,174,-32.2759
21,0,173,-32.8902
57,0,176,-32.733
54,0,185,-32.9568
45,0,199,-32.6533
29,0,178,-32.9326
30,0,100,-32.82
40,0,183,-32.4754
52,0,174,-32.9885
59,0,172,-32.2151
28,0,157,-32.9427
49,0,172,-32.7035
30,0,147,-32.9524
56,0,175,-32.8171
55,0,101,-32.0099
72,0,183,-32.1148
23,0,90,-32.8444
58,0,176,-32.2557
64,0,189,-32.5079
60,0,189,-32.5132
36,0,172,-32.907
51,0,189,-32.7989
56,0,184,-32.4348
61,0,178,-32.5562
49,0,172,-32.8663
41,2,199,-32.8141
68,0,171,-32.1988
26,0,124,-33
77,0,170,-32.1059
50,0,180,-32.6333
62,0,201,-32.398
83,0,189,-32.328
48,0,188,-32.9255
51,0,196,-32.7959
30,1,176,-32.6705
52,0,167,-32.8503
57,0,166,-32.259
32,0,167,-32.8204
60,0,180,-32.8111
65,0,177,-32.565
38,0,173,-32.6069
65,0,171,-32.5965
46,0,163,-32.5399
25,0,176,-32.3409
50,0,182,-32.7747
50,0,178,-32.8708
20,0,170,-32.9706
69,23,172,-32.9128
35,1,189,-32.8836
43,11,172,-32.9012
44,6,179,-32.8212
53,20,199,-32.6683
54,7,189,-32.7778
72,17,175,-32.3371
41,3,184,-32.712
30,0,166,-32.6988
49,4,180,-32.7722
49,8,171,-32.5556
43,12,191,-32.712
40,5,176,-32.9432
26,0,193,-32.8601
52,10,185,-32.9622
25,0,172,-32.9767
57,8,183,-32.4863
60,13,189,-32.8783
25,0,160,-32.7313
54,7,188,-32.8936
68,17,114,-32.3684
22,0,82,-32.3537
30,1,156,-32.9038
43,12,97,-32.1134
38,8,162,-32.7531
42,9,179,-32.7374
42,2,184,-32.7391
69,13,166,-32.3554
24,2,172,-32.6628
79,58,192,-32.4948
43,5,180,-32.5333
50,8,184,-32.663
23,2,179,-32.9274
44,4,190,-32.8211
50,13,171,-32.8363
74,22,108,-31.8056
48,6,157,-32.7134
35,8,186,-32.957
37,5,172,-32.8372
28,3,172,-33
57,14,106,-32.3962
48,8,168,-32.4702
40,4,105,-32.7048
32,0,207,-32.5459
69,12,180,-32.2278
46,4,184,-32.7935
62,38,125,-32.6
42,4,99,-32.1616
46,8,192,-32.6615
56,8,173,-32.5491
36,5,153,-32.7712
45,6,183,-32.9781
32,3,185,-32.9459
30,0,188,-32.766
37,4,216,-32.9444
48,4,199,-32.799
31,6,168,-32.8333
23,2,167,-32.994
40,1,189,-32.9894
42,0,165,-32.8061
66,15,201,-32.3085
50,8,188,-32.6489
36,2,178,-32.6404
51,13,170,-32.8824
64,31,187,-32.6684
41,4,185,-32.9514
33,4,167,-32.4671
38,9,178,-32.764
59,4,189,-32.9206
41,7,184,-32.8533
36,9,90,-32.8667
64,9,185,-32.6054
32,2,144,-33
52,3,197,-32.6396
28,7,155,-32.9548
35,9,121,-32.9504
34,9,88,-32.875
66,15,164,-32.811
53,12,166,-32.8072
51,8,169,-32.5148
47,9,189,-32.7249
48,5,162,-32.8765
44,9,185,-32.9135
33,3,175,-32.5886
50,6,160,-32.8312
38,4,174,-32.5862
38,2,184,-32.4239
58,4,187,-32.5989
45,3,195,-32.7641
38,4,176,-32.8352
61,13,169,-32.7929
53,16,192,-32.7552
49,6,197,-32.8985
56,10,107,-32.2804
41,4,187,-32.6417
57,13,108,-32.4167
34,6,197,-32.736
59,11,100,-32.27
56,12,105,-31.9238
46,7,111,-31.964
45,10,188,-32.9096
29,3,159,-32.9308
58,6,180,-32.5167
28,6,170,-32.8235
49,9,180,-32.4111
26,3,161,-32.913
41,7,177,-32.3277
20,1,187,-32.8877
25,2,164,-32.8659
33,3,179,-32.8156
56,12,99,-31.9697
30,2,184,-32.9783
59,11,204,-32.3676
26,0,191,-32.9948
58,7,189,-32.6561
36,3,166,-32.8253
64,13,190,-32.4895
67,48,103,-32.0971
68,38,198,-32.6061
25,1,174,-32.954
33,3,190,-32.7842
47,8,120,-32.2583
33,4,194,-32.8402
36,3,96,-32.2917
67,11,169,-32.7988
22,3,166,-32.9277
45,4,178,-32.691
37,3,176,-32.9261
50,0,252,-32.5278
60,22,178,-32.9157
35,3,152,-32.7237
66,19,165,-32.7515
36,6,87,-32.7356
39,2,198,-32.8737
48,9,172,-32.7907
73,11,181,-32.7569
50,2,181,-32.7072
54,10,101,-31.9901
48,9,178,-32.9607
50,5,106,-32.7547
61,13,178,-32.309
56,21,107,-32.4019
46,14,95,-32.5053
44,10,106,-32.7642
56,32,105,-31.781
51,7,162,-32.9198
37,7,158,-32.9241
45,7,97,-32.0825
49,9,96,-32.1667
60,22,191,-32.4346
42,6,95,-32.2632
37,0,175,-32.9543
37,2,161,-32.8261
57,4,174,-32.6782
38,3,172,-32.843
35,0,161,-32.6025
46,6,181,-32.8674
58,3,190,-32.6316
56,12,99,-32.4343
51,13,168,-32.4405
61,28,195,-32.8205
64,12,163,-32.2515
60,13,188,-32.633
60,10,181,-32.6519
30,5,83,-32.241
34,2,188,-32.8404
31,3,151,-32.8609
46,5,164,-32.9207
42,16,92,-32.9891
56,6,192,-32.7865
36,2,177,-32.7401
57,6,180,-32.4833
60,9,167,-32.6048
29,0,195,-33
33,0,241,-32.7261
61,17,187,-32.6203
76,19,171,-32.3041
27,2,148,-32.8378
65,9,173,-32.8786
59,9,187,-32.6791
39,5,160,-32.9188
48,8,194,-32.8711
56,4,176,-32.5057
54,10,177,-32.7401
39,8,167,-32.8563
53,6,168,-32.756
40,0,193,-32.7668
22,0,89,-32.9438
69,47,192,-32.7656
26,0,182,-32.7747
31,1,158,-32.4684
31,1,180,-32.8222
36,2,170,-32.6176
46,4,158,-32.5063
37,0,188,-32.9362
59,18,175,-32.5143
51,11,178,-32.6854
72,14,160,-32.275
44,0,89,-32.5393
39,8,152,-32.6711
58,9,186,-32.9032
44,6,168,-32.9583
41,2,89,-32.3258
26,2,182,-32.8626
64,10,158,-32.9557
46,7,104,-31.6442
73,22,193,-32.4767
36,5,174,-32.8333
56,8,165,-32.7879
44,5,165,-32.7273
34,3,179,-32.9385
55,7,173,-32.5202
30,0,200,-32.77
45,4,100,-32.36
49,10,167,-32.521
47,6,182,-32.7473
40,7,104,-32.1058
60,5,188,-32.5638
29,2,177,-32.8927
44,2,173,-32.6127
66,28,193,-32.5078
42,12,181,-32.5138
52,18,161,-32.7205
46,3,189,-32.9577
56,8,165,-32.4061
38,4,178,-32.7079
61,9,174,-32.5402
60,5,169,-32.7337
55,4,196,-32.8316
29,0,177,-32.5989
42,14,97,-31.9381
48,6,185,-32.8432
59,9,180,-32.4056
71,22,182,-32.2747
47,0,182,-32.7802
29,2,136,-32.8603
28,2,98,-32.5
49,3,174,-32.5575
29,0,172,-32.7791
62,10,188,-32.7394
59,22,107,-32.5701
23,0,155,-32.9806
25,0,163,-33
38,5,171,-32.8772
41,4,149,-32.6711
59,11,189,-32.7672
61,13,170,-32.7118
32,4,153,-32.8562
47,11,190,-32.6895
24,2,175,-33
76,48,194,-32.2835
42,2,176,-32.6193
64,17,190,-32.7368
45,0,102,-32.549
44,9,106,-32.066
60,8,172,-32.9128
53,9,161,-32.7081
48,6,192,-32.7656
75,17,179,-32.1899
65,14,163,-32.546
54,4,172,-32.3605
38,1,178,-32.9045
39,2,185,-32.8108
46,3,169,-32.6864
35,7,163,-32.9571
32,3,154,-33
31,2,175,-32.9543
31,2,169,-32.8698
54,3,181,-32.5138
60,27,100,-32.53
41,6,97,-32.6701
30,7,168,-32.869
34,3,169,-32.7337
28,1,180,-32.9333
77,18,174,-32.3851
58,9,195,-32.8667
36,2,175,-32.9314
37,3,163,-32.6994
42,8,172,-32.7907
64,13,165,-32.697
54,0,186,-32.2634
55,13,175,-32.68
40,6,180,-32.8278
75,52,193,-32.9016
37,0,152,-32.7632
46,4,167,-32.5389
22,2,162,-32.8889
43,8,101,-32.5842
49,6,166,-32.8855
40,7,186,-32.9839
59,17,110,-32.2091
48,12,157,-32.8344
27,1,194,-32.9072
46,15,200,-32.81
76,48,201,-32.7761
88,60,211,-31.8768
51,27,113,-32.9027
51,18,182,-32.8462
38,6,162,-32.5062
31,3,200,-32.765
65,18,197,-32.5635
39,5,205,-32.8927
85,15,176,-32.267
52,23,189,-32.9259
55,13,175,-32.5429
54,11,188,-32.5745
62,12,188,-32.766
94,55,198,-32.5354
63,14,183,-32.5902
51,15,192,-32.6406
53,17,171,-32.6023
73,11,199,-31.9598
64,32,186,-32.7204
59,30,183,-32.5683
62,13,208,-32.5529
54,11,184,-32.4891
82,44,108,-32.037
58,10,198,-32.8535
97,60,197,-32.1015
56,7,186,-32.5484
47,5,202,-32.4752
39,5,168,-32.8333
38,1,146,-32.9178
59,13,202,-32.8069
28,1,180,-32.8167
49,7,182,-32.5824
48,5,168,-32.4762
42,3,195,-32.7436
35,3,211,-32.9242
83,58,203,-32.4532
37,2,185,-32.8757
40,10,186,-32.7903
46,8,201,-32.9851
47,4,192,-32.9062
76,32,194,-32.7577
62,15,182,-32.6044
78,26,205,-32.7122
45,8,105,-32.9238
34,5,152,-32.9737
58,23,106,-32.783
68,13,190,-32.9737
60,29,181,-32.8619
78,30,116,-31.4483
44,5,176,-32.7841
64,27,192,-32.75
71,24,185,-32.7297
55,14,175,-32.5657
56,25,197,-32.7208
84,27,185,-32.5568
61,18,181,-32.6354
58,25,183,-32.847
78,29,198,-32.3636
44,11,191,-32.9372
50,7,160,-32.625
61,15,188,-32.7819
36,4,142,-32.8944
37,6,170,-32.8824
67,8,176,-32.2102
33,3,196,-32.9388
31,3,194,-32.8041
44,5,184,-32.7935
46,6,208,-32.9231
47,12,186,-32.9624
49,25,134,-32.7239
83,27,204,-32.402
62,29,209,-32.4976
95,28,179,-32.6201
90,29,194,-32.3608
46,5,198,-32.899
71,11,196,-32.5969
82,43,186,-32.5161
60,9,179,-32.8659
77,28,181,-32.2376
54,6,173,-32.7399
71,31,173,-32.4855
59,16,183,-32.776
61,47,185,-32.8378
81,20,198,-32.1667
56,19,187,-32.7968
50,8,183,-32.7486
42,9,189,-32.9418
43,11,193,-32.4922
57,23,177,-32.8983
55,17,197,-32.6904
57,27,174,-32.5862
42,4,177,-32.9435
34,4,162,-32.537
57,10,193,-32.7927
46,5,200,-32.815
60,23,202,-32.9158
42,3,192,-32.7448
83,29,203,-32.3399
52,6,154,-32.4935
48,17,213,-32.9202
66,25,194,-32.6289
35,5,148,-32.9865
57,10,199,-32.598
45,4,198,-32.8182
41,0,173,-32.8092
64,0,178,-32.6404
45,0,192,-32.9271
61,0,181,-32.8674
43,0,176,-32.7898
40,0,191,-32.7435
70,0,195,-32.7795
44,0,189,-32.9048
41,0,179,-32.9106
61,0,193,-32.7461
71,0,190,-32.9158
22,0,154,-32.8831
26,0,177,-32.887
67,0,185,-32.8054
37,0,199,-32.9296
36,0,163,-32.7423
80,0,175,-32.7029
30,0,186,-32.8495
50,0,97,-32.3711
43,0,92,-32.8913
64,0,174,-32.431
63,0,176,-32.7216
32,0,178,-32.8315
54,0,208,-32.7308
54,0,179,-32.7374
52,0,186,-32.7151
58,0,175,-32.7257
74,0,196,-32.5306
46,0,179,-32.6536
67,0,189,-31.9418
57,0,187,-32.6684
51,0,178,-32.9326
70,0,198,-32.5859
37,0,223,-32.8655
42,0,92,-32.6304
64,0,195,-32.7744
70,0,169,-32.8462
40,0,161,-32.7019
46,0,193,-32.8135
46,0,180,-32.9444
67,0,177,-32.5367
56,2,183,-32.9672
47,0,168,-32.881
67,0,199,-32.5678
41,0,164,-32.5549
41,0,191,-32.8168
36,0,190,-32.7263
62,0,195,-32.4359
59,0,174,-32.4713
50,0,172,-32.8721
40,0,193,-32.9845
28,0,214,-32.8832
38,0,190,-32.9474
91,0,209,-32.2775
45,0,178,-32.5674
59,0,164,-32.689
64,0,191,-32.4346
39,0,188,-32.9149
88,0,353,-32.7734
34,2,183,-32.7268
50,0,167,-32.9102
53,0,180,-32.3944
65,0,181,-32.6022
36,0,187,-32.9358
62,0,171,-32.6374
53,0,202,-32.9307
73,0,191,-32.5131
35,0,167,-33
38,1,197,-32.8376
39,0,209,-32.7751
56,14,218,-32.4817
54,24,187,-32.9679
70,35,190,-32.7263
45,11,205,-33
59,13,171,-32.4152
56,14,213,-32.8545
35,7,174,-32.8793
42,7,178,-32.7753
76,36,203,-32.3547
59,15,172,-32.4535
46,16,167,-32.6347
29,5,181,-32.9448
96,60,193,-32.0466
52,16,186,-32.7957
62,15,186,-32.8763
95,60,211,-32.4882
27,2,191,-32.8115
47,14,94,-31.9255
46,8,165,-32.7273
46,13,103,-32.5437
50,23,160,-32.7812
30,1,171,-32.9357
40,5,208,-33
53,26,180,-32.3611
71,43,112,-32.2946
76,37,213,-32.6385
45,10,153,-32.8954
70,33,174,-32.2299
76,43,179,-32.5531
69,36,198,-32.6566
22,0,176,-32.8409
66,18,210,-32.4381
41,13,180,-33
56,10,195,-32.841
62,16,208,-32.5192
38,5,187,-32.8717
57,10,191,-32.7225
85,44,192,-32.3906
42,8,185,-32.4216
26,3,152,-32.8816
32,5,159,-32.9245
48,21,141,-32.4043
36,5,181,-32.8287
81,29,189,-32.5661
63,22,191,-32.466
23,2,176,-32.9716
63,34,192,-32.5104
58,21,176,-32.8466
59,20,178,-32.4157
24,0,179,-32.7821
44,13,194,-32.8041
55,14,193,-32.9534
33,4,188,-32.4734
64,31,213,-32.6385
80,60,201,-32.5025
53,11,186,-32.5806
37,7,139,-32.6115
54,19,207,-32.4734
53,21,184,-32.462
42,16,164,-32.7988
58,21,193,-32.6736
41,10,113,-32.7699
46,17,200,-32.735
76,47,192,-32.8385
80,60,200,-32.445
53,16,173,-32.2717
68,23,193,-32.487
35,0,173,-32.9191
59,12,99,-31.5253
39,2,98,-32.7449
21,0,121,-32.9917
40,4,94,-31.5106
32,0,158,-32.7911
52,18,104,-32.8077
40,7,158,-32.8354
31,6,91,-32.1209
46,0,188,-32.8245
50,16,174,-32.7529
23,0,175,-33
32,0,168,-33
24,1,154,-32.7403
42,2,193,-32.9482
49,10,100,-31.52
51,19,98,-32.3469
26,0,175,-33
20,0,156,-33
33,2,205,-32.8098
33,2,182,-32.9011
21,0,150,-33
59,5,174,-32.2874
37,6,194,-32.6804
46,5,169,-32.5325
63,7,169,-32.4793
28,0,179,-33
41,5,165,-32.8606
54,23,100,-32.55
45,9,98,-31.7755
48,5,177,-32.7006
41,5,96,-32.5625
48,13,165,-32.5758
55,20,103,-31.6699
40,14,161,-32.7391
28,0,160,-32.8188
41,12,191,-32.6283
59,10,97,-32.0825
51,16,180,-32.4444
55,4,180,-32.9333
62,8,169,-32.7988
42,0,192,-32.7135
24,0,146,-32.8699
54,12,170,-32.4176
48,2,183,-32.847
50,2,191,-32.7906
28,2,184,-32.9076
55,4,184,-32.3478
35,4,184,-32.2391
55,7,179,-32.324
25,2,176,-32.7614
51,6,193,-32.7098
42,2,184,-32.8424
34,4,130,-32.8231
50,8,147,-32.9456
31,5,123,-32.8699
55,4,174,-32.4598
49,7,182,-32.8352
36,4,175,-32.9714
58,4,186,-32.7742
45,5,161,-32.4472
62,8,154,-32.5325
64,9,166,-32.4759
50,9,168,-32.8214
67,9,191,-32.5236
20,0,228,-32.9211
69,34,180,-32.2
54,4,190,-32.5263
50,18,101,-32.1485
28,3,114,-32.9561
48,5,160,-33
49,6,166,-32.5241
55,17,190,-32.8526
51,5,185,-32.1568
31,5,178,-32.7865
35,3,209,-32.866
37,3,87,-31.954
42,4,84,-32.5357
58,19,166,-32.3494
50,7,181,-32.6243
54,4,160,-32.5875
27,2,191,-32.9058
47,9,167,-32.4491
63,13,107,-32.757
65,22,204,-32.5098
44,9,166,-32.5422
30,6,175,-32.8514
67,33,191,-32.2932
60,8,187,-32.492
39,5,178,-32.8708
44,5,183,-32.6995
25,2,172,-32.8605
28,0,248,-32.875
54,8,187,-32.7914
38,3,155,-32.7677
30,8,167,-32.976
57,18,177,-33
47,7,171,-32.4327
36,4,173,-32.8439
33,3,158,-32.8418
42,8,186,-32.9194
49,18,176,-32.6648
20,0,185,-32.9135
39,2,170,-32.6941
48,6,177,-32.7684
20,0,166,-32.9819
63,10,179,-32.8324
68,10,180,-32.4556
34,9,191,-32.7487
46,8,160,-32.5438
26,0,183,-32.6393
44,2,160,-32.7812
42,6,161,-32.3665
60,17,202,-32.5149
34,0,175,-32.8457
56,18,96,-31.5104
59,7,189,-32.5026
53,26,179,-32.6425
42,9,103,-32.6699
43,2,163,-32.5215
71,53,105,-31.4952
66,10,185,-31.9027
50,18,168,-32.6786
61,10,173,-32.6705
36,11,198,-32.7172
41,5,162,-32.8148
64,12,236,-32.5
46,0,169,-32.8284
42,4,175,-32.9257
40,7,154,-32.8377
47,7,155,-32.6129
60,6,168,-32.5417
42,4,169,-32.8817
40,5,155,-32.7548
70,10,185,-32.3351
46,11,165,-32.8606
59,5,170,-32.7765
57,9,181,-32.5304
52,7,171,-32.7427
27,3,159,-32.9497
61,29,177,-32.7288
23,3,168,-32.9405
33,6,175,-32.9829
31,7,162,-33
48,7,155,-32.5806
69,10,191,-32.445
59,9,181,-32.5525
51,8,99,-32.1212
41,5,167,-32.5509
41,3,162,-32.2531
38,5,101,-32.3366
65,9,180,-31.8111
26,2,173,-32.9942
52,6,189,-32.3704
76,10,180,-32.6944
69,41,180,-32.1833
63,3,158,-32.5063
50,6,163,-32.3926
53,19,170,-32.5588
33,2,159,-32.9119
28,3,154,-32.9091
38,5,175,-32.7029
52,6,193,-32.6684
27,0,145,-32.731
25,0,161,-32.8261
22,2,192,-32.7969
48,4,206,-32.6019
71,19,182,-32.7033
41,2,201,-32.2836
24,1,160,-32.9188
37,5,196,-32.7245
21,0,132,-32.9167
51,10,186,-32.914
51,2,184,-32.837
75,25,174,-31.8966
37,7,159,-32.8679
42,2,193,-32.829
50,12,171,-32.9649
20,2,143,-32.6853
34,0,164,-32.8476
28,0,173,-32.9422
47,9,167,-32.6108
37,2,182,-32.6813
38,3,102,-32.3824
43,8,102,-32.6373
32,8,155,-32.8194
75,22,187,-31.9679
55,15,100,-32.48
38,2,178,-32.7191
52,15,164,-32.2256
26,3,195,-32.9692
27,3,159,-32.8365
68,21,184,-32.5761
40,2,193,-32.8705
52,16,139,-32.7266
63,14,182,-32.6154
67,27,181,-32.6796
34,3,178,-32.9775
64,13,174,-32.4598
25,0,166,-32.9759
47,30,91,-32.3516
41,7,183,-32.6721
38,4,173,-32.8671
68,20,185,-32.2
69,18,178,-32.4101
37,16,96,-32.7917
46,7,177,-32.7966
59,17,203,-32.5517
49,4,160,-32.6875
44,7,153,-32.9673
66,18,166,-32.2229
37,6,141,-32.6241
24,1,170,-32.9235
27,5,146,-32.8356
51,11,206,-32.7816
57,12,170,-32.8471
55,13,172,-32.4186
56,12,211,-32.6256
28,1,158,-32.6139
58,20,191,-32.7696
57,10,180,-32.7444
50,13,91,-32.1429
51,20,100,-31.66
25,0,203,-32.7833
33,2,195,-32.7487
41,12,179,-32.6816
37,7,86,-32.4767
23,2,174,-32.8333
48,11,183,-32.7869
40,9,93,-32.4194
56,12,174,-32.5977
29,1,176,-32.9261
43,14,139,-32.7338
32,2,163,-32.9264
43,6,182,-32.6648
43,4,174,-32.7701
42,4,171,-32.7602
46,4,181,-32.3481
32,6,172,-32.9302
34,1,166,-32.8976
37,4,160,-32.9688
58,16,187,-32.3102
51,18,180,-32.5556
41,4,181,-32.9337
34,6,112,-32.7054
35,6,85,-32.4118
43,15,106,-31.783
27,2,181,-32.9006
45,7,98,-32.6224
34,3,148,-32.7432
50,7,191,-32.6545
58,16,185,-32.4378
24,4,104,-32.7981
54,19,351,-32.4444
37,15,175,-32.6457
28,0,156,-32.9038
38,3,178,-32.9326
55,13,259,-32.8687
28,5,107,-32.9907
61,21,195,-32.5026
47,6,201,-32.6269
43,8,184,-32.5
32,0,186,-32.8978
31,0,177,-32.8983
26,3,167,-32.7844
22,2,185,-32.9189
46,7,160,-32.8438
28,2,111,-32.1081
28,0,186,-32.7097
57,12,183,-32.4536
29,1,186,-32.828
41,9,159,-32.5283
56,26,167,-32.5389
41,5,181,-32.4917
37,7,117,-32.8291
47,11,189,-32.8042
39,7,165,-32.8485
77,39,174,-32.0287
64,26,183,-32.8689
51,12,102,-32.4216
56,13,190,-32.4421
52,7,173,-32.6936
57,16,174,-32.7701
48,19,159,-32.8491
26,2,173,-32.9595
35,6,186,-32.7151
30,0,199,-32.7538
44,12,107,-32.4766
26,1,190,-32.8789
52,19,168,-32.8393
30,2,172,-32.8605
71,29,181,-32.5193
40,4,183,-32.5191
23,1,136,-32.9265
32,6,158,-32.9873
51,23,197,-32.6548
39,6,172,-32.7616
33,5,178,-32.8708
30,8,156,-32.9295
24,0,166,-32.9217
57,8,198,-32.4545
38,8,104,-32.4038
54,13,163,-32.1902
27,2,195,-32.8205
21,2,181,-33
50,18,101,-32.1881
45,10,167,-32.515
23,1,185,-32.9081
38,3,139,-32.705
21,0,108,-32.9907
40,4,175,-32.8514
47,15,169,-32.645
30,0,150,-32.98
20,0,190,-32.6421
38,0,178,-32.7753
57,2,190,-32.7211
55,0,185,-32.6324
50,2,182,-32.7967
38,0,172,-32.7616
48,2,178,-32.6629
65,0,178,-32.6742
51,0,183,-32.7596
37,0,181,-32.6298
32,0,162,-32.8704
51,0,172,-32.5
32,0,183,-32.9235
40,0,170,-32.5059
52,0,127,-32.7165
78,0,192,-32.5729
24,0,156,-33
57,2,175,-32.7829
39,1,160,-32.8937
45,0,181,-32.1934
28,0,174,-32.8046
53,2,203,-32.532
39,0,2355,-32.0008
41,0,168,-32.7738
36,2,173,-32.9133
66,0,168,-32.4762
38,0,178,-32.7528
33,0,176,-32.8352
39,2,172,-32.7442
46,0,189,-32.5291
57,0,186,-32.6989
35,0,170,-32.9471
51,0,183,-32.5628
31,0,150,-32.8667
53,0,177,-32.7627
28,0,107,-32.1402
26,0,102,-32.9706
56,0,168,-32.8512
29,0,189,-32.8095
29,0,192,-32.7969
62,0,197,-32.7056
26,0,142,-32.8803
33,0,184,-32.8967
65,0,181,-32.8564
32,0,157,-32.6815
44,0,202,-32.7723
49,0,113,-32.0973
32,0,107,-33
31,0,182,-32.989
57,0,184,-32.8478
47,0,130,-32.7769
52,0,166,-32.8012
29,0,190,-32.9842
34,0,179,-32.7933
40,0,168,-32.9048
35,0,180,-32.95
29,0,156,-33
49,0,185,-32.5946
32,0,156,-32.6667
29,0,166,-32.747
55,0,175,-32.7429
45,0,183,-32.7596
66,0,190,-32.4842
46,0,176,-32.9034
49,0,170,-32.5941
37,0,177,-32.7006
61,0,200,-32.19
63,0,185,-32.4757
54,0,172,-32.8488
43,0,181,-32.6298
59,0,179,-32.7095
75,10,189,-32.6296
72,8,183,-32.4208
24,0,85,-32.5412
76,10,180,-32.2778
63,11,194,-32.5
65,10,112,-31.7857
49,3,175,-33
35,3,165,-32.9394
31,0,178,-32.8876
44,5,180,-32.7889
28,1,185,-32.8486
25,0,154,-33
28,0,199,-32.9899
26,0,186,-32.9839
21,0,114,-32.5702
53,7,167,-32.6228
31,1,172,-32.6512
29,0,165,-32.8545
26,0,143,-32.8951
22,0,168,-32.9286
25,1,160,-32.775
46,0,176,-32.6364
63,22,180,-32.8222
45,3,166,-32.9036
26,4,188,-32.9415
23,0,179,-32.9385
35,4,166,-32.7831
62,10,175,-32.6286
40,2,187,-32.8663
34,0,185,-32.8919
60,4,172,-32.4826
41,0,172,-32.9535
49,0,179,-32.6704
59,0,174,-32.6724
56,0,156,-32.6218
72,0,173,-32.815
29,0,171,-32.8889
48,0,90,-32.2
36,0,83,-32.3373
69,0,198,-32.6111
49,0,165,-32.5394
38,0,154,-32.2078
22,0,138,-32.913
41,0,196,-32.9337
47,0,222,-32.6937
33,0,177,-32.4633
46,0,95,-32.5579
69,0,164,-32.7012
29,0,160,-32.775
69,0,168,-32.4821
32,0,172,-32.6279
54,0,192,-32.8073
51,0,164,-32.1585
56,0,168,-32.5179
68,0,185,-32.6216
55,0,93,-32.5806
44,0,156,-32.8526
56,0,162,-32.7099
39,0,185,-32.773
29,0,177,-32.8305
51,0,152,-32.5855
71,0,172,-32.4186
49,0,97,-31.9175
57,0,164,-32.6951
41,0,141,-32.8652
52,0,183,-32.776
44,0,183,-32.5574
39,0,186,-32.9409
41,0,168,-32.9048
47,0,154,-33
40,0,189,-32.7937
59,0,179,-32.9385
29,0,167,-32.5749
63,0,185,-32.427
52,0,186,-32.6022
59,0,194,-32.5412
66,0,161,-32.7391
59,0,180,-32.9778
27,0,171,-32.9766
76,0,190,-32.1684
39,0,174,-32.6897
37,0,159,-32.717
58,0,95,-32.5263
64,0,173,-32.5202
47,0,182,-32.1374
57,0,191,-32.7277
47,0,185,-32.6378
42,0,152,-32.8026
70,0,178,-32.2753
46,0,97,-32.6804
40,0,92,-32.2391
47,0,190,-32.9316
71,0,152,-32.5197
57,0,94,-32.0532
66,0,176,-32.483
24,0,168,-32.9405
46,0,163,-32.4601
57,0,185,-32.773
51,0,178,-32.5112
28,0,142,-33
40,0,91,-32.9231
61,0,173,-32.5549
34,0,162,-32.9012
31,0,152,-32.8355
48,0,162,-32.6975
70,0,100,-32.23
24,0,171,-32.8538
54,0,179,-32.5196
23,0,154,-32.7922
37,0,167,-32.9461
82,0,180,-32.5278
55,0,175,-32.7257
48,0,186,-32.9032
44,0,163,-32.7423
31,0,185,-32.8703
62,0,100,-32.18
64,0,183,-32.6612
67,0,189,-32.6984
45,0,157,-32.1847
44,0,172,-32.6977
36,0,163,-32.8405
73,0,170,-32.3118
46,0,185,-32.8973
32,0,153,-32.9477
72,0,197,-32.665
54,0,162,-32.679
65,0,105,-31.7429
59,0,95,-31.9684
37,0,168,-32.4345
24,0,192,-32.8802
59,0,178,-32.8596
35,0,143,-32.993
72,0,180,-32.7
24,0,172,-32.8953
67,0,176,-32.9091
25,0,102,-32.902
53,0,189,-32.5926
36,0,152,-32.8026
35,0,175,-33
36,0,150,-32.8533
47,0,188,-32.8032
77,0,178,-32.3539
33,0,162,-32.9691
73,0,183,-32.612
57,0,177,-32.5706
45,0,173,-32.7168
45,0,201,-32.806
26,0,164,-32.9207
37,0,169,-32.6331
55,0,181,-32.779
49,0,165,-32.2
71,0,177,-32.6158
44,0,189,-32.7354
44,0,195,-32.4667
49,0,174,-32.7299
33,0,170,-32.7882
29,0,94,-32.1277
54,0,169,-32.9408
44,0,184,-32.587
41,0,176,-32.75
76,0,190,-32.8105
49,0,185,-32.8486
57,0,191,-32.623
59,0,167,-32.6826
41,0,182,-32.8791
29,0,191,-32.9476
49,0,192,-32.8385
39,0,152,-32.7697
64,0,191,-32.8429
49,0,190,-32.6263
37,0,199,-32.8593
61,0,182,-32.1813
70,0,185,-32.3459
26,0,166,-32.9096
63,0,199,-32.7839
46,0,185,-32.3838
36,0,179,-32.933
42,0,182,-32.5659
40,0,143,-32.6084
33,0,185,-33
22,0,168,-32.9405
64,0,103,-32.3495
25,0,172,-32.6105
51,0,190,-32.8474
36,0,165,-32.9455
31,0,171,-32.8713
32,0,184,-32.6902
32,0,190,-32.9053
54,0,185,-32.5838
71,0,185,-32.5622
63,0,183,-32.929
66,0,100,-32.34
21,0,162,-33
71,0,190,-32.6158
45,0,165,-32.7879
35,0,233,-32.8455
58,0,181,-32.7569
40,0,169,-32.9408
28,0,216,-32.9259
54,0,178,-32.5393
56,0,169,-32.6864
56,0,180,-32.6222
76,0,115,-31.8261
47,0,183,-32.9891
43,0,178,-32.8315
71,0,189,-32.7302
46,0,192,-32.5677
53,0,182,-32.7692
48,0,92,-32.2826
39,0,183,-32.9781
57,2,146,-32.8356
75,0,185,-32.5297
68,0,176,-32.2159
77,0,187,-32.3316
37,0,171,-32.3333
25,0,176,-32.8864
54,0,191,-32.6335
63,0,186,-32.6828
36,0,101,-32.5644
24,0,176,-32.9432
25,0,152,-32.9737
22,1,163,-32.9325
21,0,150,-32.8067
22,2,166,-33
22,3,174,-32.9885
25,1,169,-32.7988
21,0,163,-32.9448
23,1,168,-33
20,0,166,-32.9398
28,0,166,-32.8916
21,0,150,-32.6533
20,0,182,-33
30,0,173,-32.8671
31,0,181,-32.2597
26,0,168,-32.8393
34,0,183,-32.9235
20,0,155,-32.9613
22,1,149,-32.6577
21,1,159,-32.9874
25,1,143,-33
20,0,87,-32.7011
30,0,173,-32.3584
30,2,174,-32.9828
32,0,170,-32.9588
24,0,164,-32.5549
27,0,182,-32.8516
22,0,140,-33
26,1,168,-32.7202
25,0,170,-32.7471
31,0,179,-33
24,0,180,-32.9222
24,0,85,-32.5765
21,0,172,-32.9012
23,0,176,-33
28,0,160,-32.975
31,0,155,-32.2903
40,2,172,-32.6919
20,0,138,-33
24,0,166,-32.9157
24,1,90,-32.9444
39,3,176,-32.5398
20,0,140,-32.9857
24,1,150,-33
34,0,209,-32.6699
20,1,147,-32.8639
24,2,160,-32.8937
25,1,143,-32.9091
30,1,171,-32.9708
28,2,155,-32.8645
21,1,170,-32.9471
32,0,177,-32.8814
28,0,174,-32.9885
21,0,175,-32.8571
