40,0,145,-32.4345
47,0,166,-32.1747
65,0,182,-32.3626
44,0,164,-32.3354
22,0,120,-32.525
61,0,166,-32.0904
22,0,117,-32.7521
49,0,145,-32.3655
73,0,185,-32.0486
71,0,193,-32.2176
43,0,169,-32.2012
57,0,157,-32.1911
53,0,173,-32.052
56,0,114,-31.7982
47,0,96,-32.0104
55,0,139,-32.5683
32,0,121,-32.4132
41,0,137,-32.4526
53,0,184,-32.3804
54,0,154,-31.9286
40,0,139,-32.5108
44,0,171,-32.5497
53,0,154,-32.5974
71,0,178,-32.4944
31,0,146,-32.3562
49,0,197,-32.2487
49,0,155,-32.3742
40,0,156,-32.3782
50,0,141,-32.1206
61,0,163,-32.3313
55,0,139,-32.6187
73,0,167,-32.3234
55,0,166,-32.5301
57,0,148,-32.4324
53,0,156,-32.2244
61,0,160,-32.35
50,0,169,-32.1598
49,0,170,-31.9294
41,0,91,-32.1538
43,0,127,-32.5118
35,0,159,-32.1887
41,0,183,-32.1639
74,0,184,-31.9728
75,0,170,-32.4176
63,0,177,-32.3898
52,0,150,-31.9667
44,0,88,-31.7614
28,0,121,-32.5537
35,0,130,-32.5769
35,0,148,-32.5135
79,0,178,-32
64,0,178,-32.3034
47,0,90,-32.2222
49,0,83,-31.241
53,0,130,-32.2462
53,0,179,-31.9609
44,0,96,-32.1979
66,0,101,-31.8317
70,0,114,-32.0175
35,0,165,-32.1515
42,0,177,-32.2486
49,0,139,-32.1151
71,0,274,-32.146
44,0,150,-32.36
60,0,95,-31.7789
60,0,105,-32.1429
49,0,91,-31.978
54,0,110,-32.0545
40,0,93,-31.9785
61,0,170,-32.1824
39,0,164,-32.5976
63,0,182,-31.8352
55,0,159,-32.4277
52,0,139,-32.0504
31,0,131,-32.3969
65,0,182,-32.3352
53,0,190,-32.2474
60,0,175,-32.1429
74,0,170,-31.6
48,0,129,-32.4574
53,0,167,-32.2335
84,0,195,-32.2615
61,0,106,-31.9057
65,0,174,-32.0345
51,0,171,-32.3801
43,0,123,-32.7398
49,0,116,-31.8621
60,0,184,-31.8261
49,0,95,-31.5053
48,0,100,-32.05
62,0,100,-31.65
69,0,186,-32.1398
38,0,94,-32.0106
49,0,161,-32.2547
53,0,167,-32.2156
52,0,160,-32.5063
59,0,147,-32.5646
48,0,105,-32.5619
54,0,100,-31.75
44,0,167,-32.1916
46,0,149,-32.604
50,0,148,-32.0946
44,0,164,-32.3415
61,0,159,-32.4025
44,0,141,-32.4043
55,0,164,-32.0122
43,0,165,-32.3818
51,0,184,-32.3098
60,0,154,-32.1883
29,0,148,-32.1351
43,0,137,-32.5912
70,0,163,-31.9693
48,0,109,-32.4404
35,0,146,-32.4247
59,0,164,-32.378
61,0,171,-32.0994
64,0,187,-32.0963
50,0,169,-31.787
45,0,99,-32.1313
64,0,101,-32.1485
57,0,103,-32.2816
50,0,162,-32.3704
32,0,134,-32.5746
56,0,185,-32.0649
60,0,174,-32.0287
28,0,124,-32.6532
45,0,141,-32.2979
74,32,172,-32.2267
66,33,153,-32.5098
75,60,165,-32.303
53,27,94,-32.2553
73,60,99,-31.6061
60,26,157,-32.5159
51,17,136,-32.125
71,30,176,-32.3807
66,34,174,-32.2241
56,32,168,-32.4464
33,10,151,-32.404
53,17,104,-31.9135
73,53,164,-31.8841
26,4,146,-32.5548
76,44,185,-32.0541
39,4,127,-32.3622
66,18,178,-32.1461
31,6,96,-31.7812
55,21,149,-32.4698
49,19,90,-31.8667
45,11,139,-32.3813
57,20,179,-32.2682
54,26,136,-32.4044
66,39,172,-32.5523
34,5,96,-31.5729
44,11,145,-32.5241
64,40,141,-32.156
36,0,133,-32.594
65,0,172,-32.0291
60,0,109,-31.8257
45,0,155,-32.7355
40,0,132,-32.5
50,0,186,-32.1882
42,0,99,-32.5253
28,0,146,-31.8973
50,0,159,-32.2579
48,0,102,-32.0784
53,0,176,-32.5739
52,0,176,-32.25
46,0,88,-32.2841
44,0,144,-32.6319
23,0,152,-32.5395
62,0,102,-32.3235
47,0,150,-32.34
47,0,92,-32.1304
44,0,144,-32.4583
73,0,155,-32.1742
48,0,186,-32.1183
56,0,98,-32.4286
52,0,145,-31.8759
52,0,172,-32.2791
44,0,161,-32.3478
35,0,133,-32.594
58,0,179,-32.1229
55,0,92,-32.6522
54,0,178,-32.3708
54,0,91,-31.8901
61,0,156,-32.3526
27,0,169,-32.3373
62,0,94,-31.6809
49,0,148,-32.3919
52,0,183,-32.1749
53,0,184,-32.2663
53,0,107,-31.8224
47,0,156,-32.5449
40,0,155,-32.0903
30,10,107,-32.6075
37,0,147,-32.1293
34,0,144,-32.7639
34,0,156,-32.7821
37,0,172,-32.3314
36,16,130,-32.3154
54,0,99,-31.9697
73,0,169,-32.3964
52,0,181,-32.2818
44,0,94,-32.0638
28,0,85,-32.2824
36,0,101,-31.604
72,0,159,-32.4906
61,0,158,-32.538
37,0,161,-32.3602
51,0,179,-31.8547
33,0,130,-32.3231
40,0,143,-32.1049
46,0,161,-32.3106
58,0,169,-31.9053
35,0,108,-31.7685
59,0,189,-32.1376
30,0,147,-32.4966
44,0,154,-32.7143
40,0,168,-32.1726
56,0,181,-32.3867
62,0,173,-31.763
52,0,167,-32.2036
27,0,90,-32.6333
56,0,112,-32.3482
44,0,158,-32.1709
34,0,141,-32.6454
50,0,108,-32.6481
52,0,129,-32.186
25,0,144,-32.6944
71,0,170,-32.1471
69,0,171,-32.2222
47,0,169,-32.071
63,0,176,-32.4318
68,0,95,-31.4632
64,0,101,-31.8515
59,0,91,-31.7143
40,0,94,-32.3617
61,0,89,-31.8989
72,0,189,-31.8889
66,0,145,-31.9931
67,0,98,-32
66,0,155,-32.3548
72,0,150,-32.16
76,0,140,-32.0571
64,0,97,-31.4948
57,0,101,-31.505
70,0,104,-31.3462
48,0,172,-32.2209
67,0,154,-31.9481
74,0,209,-31.8325
80,0,184,-32.212
66,0,149,-32.0671
56,0,157,-32.1338
50,0,90,-31.8
64,0,109,-31.6606
53,0,89,-31.2247
53,0,168,-31.7917
55,0,91,-32.2418
57,0,143,-32.1818
63,0,166,-31.8675
64,0,170,-32.1529
57,0,92,-31.2717
60,0,164,-32.372
70,0,125,-32.376
61,0,91,-31.8791
61,0,156,-32.2244
58,0,165,-31.7939
64,0,99,-31.8384
67,0,169,-32.0651
63,0,154,-32.0519
60,0,156,-32.4231
72,0,169,-32.2781
52,0,146,-32.2945
74,0,160,-32.0375
64,0,98,-31.8571
51,0,157,-32.242
30,0,83,-32.2771
53,0,95,-31.8526
60,0,173,-32.1156
57,0,142,-32.4507
67,0,167,-31.9102
57,0,99,-31.404
60,0,170,-32.5176
52,0,164,-32.3354
58,0,155,-32.3548
73,0,96,-30.9792
68,0,94,-31.8191
52,0,103,-31.4563
68,0,105,-31.3619
53,0,96,-31.5208
52,0,90,-31.4
66,0,96,-31.0104
63,0,162,-31.8951
48,0,177,-32.5819
39,0,150,-32.7933
82,0,196,-32.1735
48,0,97,-31.8557
86,0,205,-32.2585
74,0,146,-31.9589
63,0,139,-32.0647
76,0,109,-31.7156
59,0,103,-31.5728
57,0,96,-31.2708
65,0,179,-31.6536
49,0,154,-32.3766
48,0,96,-31.5625
90,0,170,-32.5471
54,0,99,-31.202
80,0,114,-31.5526
72,0,144,-32.2569
40,0,106,-32.5566
77,0,101,-31.8119
68,0,92,-31.3152
73,0,161,-32.2298
56,0,159,-32.3082
36,0,138,-32.413
63,0,94,-31.266
50,0,93,-31.9892
59,0,91,-31.4396
45,0,97,-31.0928
47,0,93,-31.8925
66,0,173,-32.3642
38,0,173,-32.2428
55,0,172,-32.0465
62,0,101,-31.5149
61,0,101,-31.9208
49,0,94,-32.3617
58,0,164,-32.25
52,0,94,-31.5851
56,0,173,-32.422
59,0,94,-31.7447
54,0,87,-31.2529
81,0,179,-32.1397
62,0,95,-32.2421
52,0,138,-32.2391
52,0,126,-32.2937
60,0,143,-32.049
86,0,207,-32.0242
41,0,92,-31.5109
67,0,152,-32.3421
92,0,201,-32.0697
63,0,111,-32.0811
58,0,103,-31.5922
81,0,174,-31.9138
60,0,147,-31.9116
63,0,170,-32.0235
60,0,100,-31.79
68,0,174,-32.1092
66,0,153,-32.4052
75,0,113,-31.4779
70,0,103,-31.7767
59,0,91,-31.8132
63,0,166,-32.3193
65,0,107,-31.3364
56,0,160,-32.025
89,0,172,-32.2907
60,0,100,-31.56
80,0,189,-32.4815
55,0,188,-31.8936
55,0,91,-30.956
53,0,99,-31.8485
55,0,170,-31.9294
75,0,192,-31.724
72,0,191,-32.3979
55,0,169,-32.5148
58,0,87,-31.9195
63,0,107,-31.972
75,0,114,-31.5702
63,0,107,-32
84,0,148,-32.027
43,0,100,-31.27
78,0,199,-32.4523
47,0,93,-32.3763
44,0,150,-32.6067
68,0,186,-32.3656
58,0,144,-32.2083
71,0,91,-32.2747
39,0,155,-32.4194
57,0,91,-32.044
57,0,153,-31.9935
52,0,90,-32.0444
78,0,193,-32.1762
78,0,213,-32.0798
56,0,156,-32.3077
74,0,149,-32.1409
60,0,94,-31.5957
48,0,160,-32.2313
62,0,104,-31.8462
69,0,195,-32.441
58,0,101,-31.3762
63,0,157,-32.2357
58,0,155,-32.2129
53,0,157,-32.3758
53,0,104,-32.3846
68,0,102,-31.6863
56,0,136,-32.1324
62,0,172,-32.25
47,0,108,-32.0648
65,0,190,-32.2474
68,0,164,-32.4268
57,0,96,-31.1875
46,0,148,-31.7635
68,0,98,-31.6939
53,0,101,-31.2376
65,0,97,-31.4845
51,0,157,-31.9618
73,0,100,-31.67
65,0,97,-31.567
71,0,108,-31.25
69,0,176,-32.0852
89,0,181,-32.2873
33,0,135,-32.3037
51,0,133,-32.391
51,0,88,-31.2386
65,0,100,-31.92
71,0,105,-31.6
60,0,96,-31.8125
58,0,169,-32.3609
68,0,150,-32.32
74,0,160,-31.5813
52,0,156,-32.0962
58,0,162,-32.3704
69,0,167,-32.1198
61,0,163,-32.1472
71,0,116,-32.181
63,0,185,-32.1297
55,0,159,-32.3522
67,0,194,-31.866
68,0,93,-31.3118
72,0,160,-31.7625
62,0,158,-32.3544
77,0,108,-31.8333
57,0,155,-32.4
67,0,160,-32.1063
56,0,135,-31.6593
44,0,134,-32.3657
47,0,160,-32.4438
61,0,181,-31.7459
73,0,98,-31.8265
75,0,108,-31.6852
60,0,100,-31.6
52,0,158,-32.4747
52,0,96,-31.625
51,0,154,-32.5325
54,0,98,-31.5
84,0,198,-31.9545
66,0,102,-32.0098
58,0,163,-32.0982
47,0,141,-32.4539
56,0,125,-32.432
56,0,161,-32.2609
75,0,175,-31.8343
77,0,182,-31.9725
62,0,172,-32.2326
71,0,108,-31.8241
50,0,91,-32.3626
73,0,152,-32.2961
63,0,171,-32.4094
84,0,191,-32.3403
58,0,163,-32.3988
61,0,91,-31.2857
52,0,107,-31.9439
81,0,113,-31.6372
75,0,97,-31.6082
75,0,173,-32.5376
55,0,95,-31.3368
89,0,188,-31.9574
51,0,196,-32.0816
42,0,157,-32.1847
58,0,102,-31.8431
50,0,112,-31.5446
45,0,146,-31.6027
48,0,136,-32.5441
63,0,152,-32.4145
84,0,190,-31.9737
37,0,89,-32.2809
49,0,94,-31.5106
79,0,175,-32.1771
70,0,149,-32.3691
70,0,112,-31.8214
54,0,166,-32.0783
64,0,99,-31.5758
51,0,104,-32.0288
54,0,92,-31.7174
63,0,125,-32.32
58,0,105,-31.4952
36,0,151,-32.4172
55,0,182,-32.5385
72,0,107,-32.2056
55,0,93,-31.6882
72,0,99,-31.899
67,0,98,-31.0612
67,0,104,-31.7308
74,0,101,-31.5743
49,0,131,-32.374
55,0,94,-31.7872
60,0,92,-32.3152
65,0,175,-32.4571
41,0,97,-32.134
75,0,103,-31.3786
82,0,214,-32.1402
71,0,177,-32.2147
52,0,156,-32.1603
84,0,171,-31.7719
53,0,104,-31.6346
81,0,175,-31.8514
60,0,98,-32.1531
66,0,104,-31.8077
44,0,165,-32.4848
49,0,102,-31.7941
53,0,151,-32.2715
59,0,95,-32.0632
63,0,170,-32.5353
67,0,178,-32.5337
95,0,186,-32.3065
55,0,176,-32.017
53,0,155,-32.3935
44,0,160,-32.25
50,0,160,-32.1812
69,0,108,-31.1111
69,0,269,-31.7993
63,0,157,-32.5032
80,0,169,-31.8639
58,0,92,-31.5217
74,0,203,-32.0394
76,0,158,-32.5316
59,0,141,-32.1631
30,0,141,-32.5461
40,0,91,-32.4945
53,0,153,-32.3399
68,0,170,-32.2706
61,0,105,-32.3048
83,0,188,-32.1064
51,0,152,-32.1579
53,0,124,-32.1129
69,0,160,-31.6562
58,0,161,-32.0248
72,0,179,-32.162
65,0,196,-31.9643
55,0,129,-31.7752
42,0,103,-32.3204
74,0,208,-32.1058
72,0,186,-32.2366
64,0,165,-31.8242
57,0,161,-32.0932
52,0,160,-32.6125
70,0,157,-32.1656
63,0,190,-31.7684
56,0,162,-32.1852
61,0,142,-31.9225
57,0,170,-31.7
59,0,173,-32.1965
46,0,170,-32.1176
60,0,103,-31.6408
63,0,167,-32.2575
60,0,148,-32.2027
72,0,153,-32.0588
62,0,104,-32.1635
82,0,101,-31.5446
64,0,107,-31.7757
50,0,95,-31.8211
61,0,101,-31.396
63,0,149,-32.2752
66,0,101,-31.6238
62,0,95,-31.3895
61,0,95,-31.8211
56,0,170,-32.1706
54,0,94,-31.5532
76,0,188,-31.8457
51,0,148,-32.3446
61,0,104,-32.0865
69,0,179,-31.9441
58,0,178,-32.1461
75,0,186,-32.0323
69,0,182,-32.2308
59,0,99,-31.7475
56,0,93,-32.2688
75,0,161,-31.9255
71,0,100,-31.85
64,0,122,-31.9262
68,0,95,-30.8842
64,0,97,-31.7113
72,0,167,-32.1078
70,0,91,-31.1429
70,0,100,-31.91
62,0,94,-31.734
48,0,146,-32.1438
59,0,108,-31.3981
56,0,137,-32.073
65,0,93,-31.9785
66,0,111,-31.9279
57,0,95,-31.0947
61,0,113,-31.7522
73,0,96,-31
69,0,165,-31.8667
61,0,103,-31.5728
53,0,107,-31.6822
58,0,92,-31.5543
61,0,166,-32.3554
59,0,95,-31.9789
60,0,100,-31.99
54,0,169,-32.2485
69,0,186,-32.1183
68,0,103,-31.8544
44,0,90,-31.8778
60,0,161,-31.9689
66,0,91,-31.3736
65,0,100,-32.18
69,0,180,-32.1944
62,0,114,-32.0702
61,0,160,-32.1125
57,0,156,-32.3526
74,0,114,-32.0351
73,0,180,-32.3056
63,0,98,-31.8776
60,0,98,-31.8163
68,0,108,-31.9537
49,0,154,-32.2338
53,0,157,-31.9809
62,0,156,-32.5128
73,0,188,-32.2606
87,0,191,-32.2461
59,0,131,-31.9695
60,0,100,-32.44
63,0,246,-32.2195
57,0,136,-32.4632
68,0,172,-32.3605
68,0,92,-31.3043
57,0,90,-31.4
60,0,105,-31.9619
72,0,206,-31.9612
79,0,105,-32.3429
55,0,91,-31.8352
50,0,95,-32.2105
70,0,93,-31.3333
56,0,97,-31.5464
56,0,92,-31.9783
65,0,173,-31.9711
67,0,99,-32.3333
59,0,92,-30.4565
61,0,135,-32.2815
54,0,179,-31.6089
66,0,171,-32.0058
79,0,181,-32.1657
67,0,96,-32
65,0,92,-31.25
78,0,111,-31.7297
66,0,97,-31.6701
36,0,132,-32.7652
50,0,103,-31.7476
30,0,143,-32.7972
46,0,97,-31.8454
63,0,99,-31.6061
51,0,147,-32.2993
60,0,168,-32.3214
63,0,92,-31.25
42,0,129,-32.2558
68,0,200,-32.255
34,0,98,-32.2143
54,0,169,-32.3846
92,0,180,-32.0333
52,0,170,-32.5941
81,0,112,-31.4821
50,0,96,-32.1667
52,0,98,-32.3469
55,0,102,-32.0784
44,0,101,-31.4752
59,0,108,-31.7222
51,0,92,-31.9674
51,0,174,-32.2816
57,0,102,-31.4608
36,0,96,-31.8229
84,0,197,-32.2132
58,0,111,-32.1982
64,0,95,-31.3895
64,0,170,-31.8882
30,0,71,-32.7324
78,0,174,-31.9713
41,0,143,-32.7762
68,0,180,-31.7611
55,0,97,-31.8557
64,0,173,-32.2197
65,0,97,-31.732
63,0,168,-32.006
60,0,141,-31.1064
59,0,99,-31.7273
66,0,183,-32.2131
79,0,167,-32.1257
58,0,99,-31.8081
67,0,171,-32.2515
56,0,144,-32.1458
56,0,160,-31.975
68,0,197,-31.8782
80,0,177,-32.4011
47,0,146,-31.8356
72,0,188,-32.0691
77,0,322,-32.2453
67,0,145,-32.3517
78,0,185,-31.8108
60,0,179,-32.1676
79,0,182,-31.9451
42,0,93,-31.5806
71,0,149,-31.9732
75,0,166,-32.0542
59,0,174,-32.4828
47,0,139,-32.9065
52,0,100,-31.84
50,0,143,-31.993
64,0,88,-32.1477
62,0,153,-32.4379
74,0,100,-32.09
57,0,164,-31.8476
66,0,163,-32.0613
25,0,93,-32.3763
63,0,94,-31.3404
40,0,163,-32.0123
50,0,106,-32
85,0,182,-31.8791
62,0,95,-31.9579
67,0,186,-32.1882
76,0,103,-30.7282
64,0,154,-32.4545
84,0,140,-31.5786
60,0,91,-31.5385
46,0,90,-31.9111
54,0,171,-32.1637
53,0,96,-31.6771
60,0,169,-31.9527
73,0,103,-31.7087
75,0,96,-31.125
80,0,189,-32.2116
61,0,101,-31.9109
33,0,148,-31.9122
64,0,166,-32.2048
37,0,162,-32.3642
50,0,148,-32.4662
22,0,95,-32.8
20,0,151,-32.7616
65,0,176,-32.3182
51,0,134,-32.291
43,0,97,-32.4124
47,0,172,-32.2965
42,0,96,-32.4271
61,0,103,-31.699
55,0,184,-32.4076
49,0,139,-32.446
50,0,95,-31.7789
55,0,104,-31.625
34,3,89,-31.7303
61,0,143,-32.3427
57,0,97,-31.8041
42,0,156,-32.3077
80,0,172,-32.0872
59,0,150,-32.1667
62,0,170,-31.9059
66,0,156,-32.1218
54,0,176,-32.2727
43,0,137,-32.3212
43,0,141,-32.4043
60,0,171,-31.8713
28,0,159,-32.6478
59,0,101,-32.2871
44,0,83,-32.0602
59,0,102,-32.2549
51,0,103,-32.0971
66,0,105,-31.9905
40,0,135,-32.2741
54,0,99,-31.8081
39,0,150,-32.4267
45,0,82,-31.9024
69,0,151,-32.4437
65,0,165,-32.1636
58,0,146,-32.2945
74,0,175,-31.8457
69,0,133,-32.4737
64,0,175,-32.2914
66,0,164,-31.9512
25,0,121,-32.6694
71,0,168,-32.5655
53,0,107,-32.4486
62,0,101,-31.901
63,0,180,-32.2611
48,0,161,-32.4783
38,0,174,-32.4195
51,0,135,-31.9926
61,0,160,-32.4625
38,0,150,-32.1933
30,0,155,-32.2903
46,0,151,-32.4106
67,0,164,-32.628
34,0,167,-32.2754
49,0,151,-32.351
60,0,166,-32.506
37,0,136,-32.4191
50,0,171,-31.9532
45,0,144,-32.6181
37,0,131,-32.9008
58,0,163,-32.5521
70,0,198,-32.3737
49,0,170,-32.1235
36,0,84,-32.4286
39,0,108,-32.2222
25,0,96,-32.2188
64,0,171,-32.5439
57,0,160,-32.5688
56,0,173,-32.1329
42,0,167,-32.2455
28,0,162,-32.5864
54,0,119,-32.1176
39,12,162,-32.2346
69,52,155,-32.0452
58,9,169,-32.1479
45,22,140,-32.5857
51,0,193,-32.2746
59,37,165,-32.4909
56,10,117,-32.0256
62,7,173,-32.0983
56,0,184,-32.3261
34,9,143,-32.4825
52,2,138,-32.1304
30,2,142,-32.6127
33,0,156,-32.5064
40,2,134,-32.3806
41,4,152,-32.2829
59,60,168,-32.0476
75,3,171,-32.0643
62,29,168,-31.8988
64,4,181,-32.3536
62,0,161,-32.5839
84,10,182,-31.7253
53,3,216,-32.3657
57,50,92,-32.1522
66,6,168,-32.0417
53,24,156,-32.0385
72,10,181,-31.8066
67,0,158,-32.1582
37,11,89,-32.3483
62,0,153,-32.3072
38,0,87,-32.2069
63,0,152,-32.25
27,0,154,-32.4351
66,0,158,-32.2152
61,0,157,-32.2548
32,0,111,-32.5856
49,0,166,-32.5843
56,0,155,-32.1871
41,0,149,-32.7248
73,0,170,-31.8529
43,0,177,-32.4859
46,0,154,-32.1948
65,0,169,-32.2308
52,0,153,-32.2026
45,0,176,-32.375
41,0,139,-31.7986
65,0,168,-32.0714
57,0,168,-32.2083
68,0,143,-31.7622
70,0,191,-32.1361
55,0,149,-32.4966
43,0,185,-32.4757
49,0,97,-32.0103
39,0,155,-32.4
54,0,155,-32.4
41,0,125,-32.504
23,0,80,-32.5625
45,0,134,-32.2388
33,0,161,-32.7578
60,0,150,-31.6467
41,0,157,-32.0764
56,0,165,-32.297
41,0,146,-32.0411
48,0,154,-32.1818
52,0,169,-32.7456
35,0,157,-32.5032
24,0,104,-32.4135
59,0,165,-32.497
75,0,189,-32.4074
22,0,141,-32.4681
66,0,190,-32.0053
48,0,103,-31.9806
51,0,154,-32.3247
22,0,83,-32.8554
66,0,222,-32.3333
57,0,96,-31.7188
45,0,91,-31.989
38,0,149,-32.4161
60,0,157,-31.9108
69,0,159,-32.044
56,0,126,-32.5317
61,0,183,-32.4153
70,0,100,-31.38
25,0,79,-32.5443
72,0,104,-31.5769
57,0,192,-32.2865
48,0,83,-32.0482
47,0,133,-32.4436
24,0,120,-32.5333
31,0,131,-32.7786
45,0,77,-31.8442
42,0,83,-31.6867
58,0,165,-31.9152
60,0,150,-32.5
62,0,156,-32.3333
51,0,160,-32.0812
25,0,140,-32.3571
47,0,130,-32.4385
81,0,183,-31.9727
45,0,179,-31.8827
57,0,159,-32.0314
42,0,153,-32.3072
70,0,128,-32.4609
72,0,175,-31.9543
49,0,168,-32.0298
58,0,150,-32.4933
42,0,152,-32.1974
43,0,155,-32.2452
38,0,149,-32.604
31,0,132,-32.4167
49,0,152,-32.2961
66,0,180,-32.1056
56,0,154,-32.0649
37,0,158,-32.3987
50,0,85,-31.8824
35,0,91,-31.8132
50,0,155,-32.4194
50,0,164,-32.0915
41,0,134,-32.4254
35,0,94,-32.3404
40,0,142,-32.4577
55,0,161,-32.4286
56,0,169,-32.3432
60,0,168,-32.131
64,0,168,-32.3095
51,0,93,-32.0323
63,0,138,-32.0217
50,0,97,-31.6598
44,0,140,-32.2
44,0,147,-32.0544
21,0,165,-32.6061
40,0,130,-31.9769
54,0,82,-31.9024
43,0,90,-31.9556
62,0,111,-32.1261
43,0,157,-32.4013
48,0,92,-30.9565
41,0,163,-32.3988
47,0,85,-31.4
38,0,86,-31.5
39,0,100,-32.46
70,0,176,-32.2841
71,0,150,-32.3467
27,0,117,-32.6239
53,0,100,-31.64
50,0,90,-31.9111
49,0,94,-32.0638
60,0,96,-32.4896
31,0,115,-31.9478
35,0,128,-32.4766
36,0,76,-32.3421
62,0,165,-31.9939
46,0,131,-31.9618
52,0,150,-32.3467
58,0,97,-31.9175
52,0,169,-31.9645
49,0,136,-32.2721
71,0,172,-32.064
61,0,140,-32.3
29,0,126,-32.5476
30,0,138,-32.442
39,0,136,-32.7647
30,0,84,-31.9286
58,0,149,-32.255
60,0,97,-31.7526
59,0,142,-32.3239
66,0,239,-32.2552
24,0,129,-32.7132
64,0,195,-31.7897
43,0,186,-32.0269
25,0,128,-32.3516
68,0,173,-32.0347
26,0,124,-32.3871
48,0,106,-32.1038
67,0,154,-31.9481
59,0,97,-31.8763
44,0,138,-31.9855
41,0,101,-31.9109
47,0,113,-32.292
63,0,104,-31.7692
57,0,104,-32.6058
62,0,154,-31.9545
24,0,161,-32.1242
35,0,141,-32.4043
52,0,167,-32.6826
28,0,89,-31.9551
51,0,150,-32.48
65,0,184,-32.1413
28,0,79,-31.6456
46,0,120,-32.5667
43,0,90,-32.1778
50,0,151,-32.6424
31,0,109,-32.422
57,0,148,-32.1959
33,0,129,-32.7287
52,0,174,-31.9425
42,0,161,-32.4596
50,0,172,-31.5872
48,0,144,-32.5486
46,0,156,-32.3974
41,0,141,-32.2979
51,0,93,-31.7742
48,0,131,-32.3359
48,0,152,-32.5395
25,0,129,-32.1628
54,0,154,-32.3766
63,0,174,-32.6667
69,0,162,-31.7654
63,0,195,-32.3795
50,0,82,-31.9024
47,0,102,-32.1765
56,0,152,-32.2303
32,0,122,-32.4918
33,0,132,-32.197
60,0,99,-32.3131
34,0,154,-32.5974
66,0,165,-32.1939
32,0,118,-31.9492
51,0,93,-32.1075
31,0,87,-31.977
45,0,157,-32.0446
35,0,85,-32.0588
49,0,87,-32.2069
44,0,92,-32.0109
39,0,141,-32.3404
35,0,155,-32.6
60,0,162,-31.4815
51,0,147,-32.4286
53,0,110,-31.7455
42,0,141,-32.3262
65,0,161,-31.2857
44,0,152,-32.5329
64,0,130,-32.1923
31,0,143,-31.7972
48,0,139,-32.3309
36,0,147,-32.3469
54,0,157,-32.1783
45,0,138,-32.3913
55,0,150,-32.56
43,0,95,-32.0842
44,0,86,-31.8721
56,0,159,-32.3459
48,0,93,-32.3548
65,0,96,-32.1875
44,0,86,-31.8372
21,0,129,-32.876
52,0,172,-32.2674
80,0,112,-31.3393
61,0,89,-31.764
53,0,85,-32.1647
49,0,98,-31.4388
35,0,88,-31.6136
38,0,185,-32.2216
41,0,142,-32.5915
31,0,126,-32.4603
56,0,96,-31.9167
69,0,101,-32.2079
60,0,102,-31.6961
31,0,132,-32.8106
62,0,143,-32.3287
54,0,145,-31.9172
82,0,195,-31.8769
69,0,160,-31.4625
36,0,87,-31.8736
76,0,181,-32.1657
74,0,162,-32.1111
57,0,101,-32.2178
45,0,144,-32.2083
35,0,82,-32.1341
71,0,99,-32.202
45,0,99,-32.1616
67,0,93,-31.8065
72,0,169,-32.3018
48,0,140,-32.0214
66,0,164,-32.2256
45,0,151,-32.1854
43,0,143,-32.2168
37,0,166,-32.3373
32,0,83,-32.1084
46,0,141,-32.4113
51,0,100,-31.17
57,0,166,-32.3735
45,0,149,-32.5436
67,0,103,-32
61,0,93,-31.172
59,0,151,-32.1722
59,0,134,-32.3731
72,0,114,-31.1579
41,0,85,-31.8118
44,0,92,-32.5543
30,0,87,-32.5057
38,0,112,-32.7321
35,0,155,-31.9613
50,0,165,-32.703
66,0,176,-32.3352
75,6,172,-31.7209
67,39,173,-32.3757
64,7,152,-32.3355
51,33,93,-31.9677
64,46,101,-31.7921
59,6,94,-32.0851
45,4,133,-32.2932
46,4,95,-31.9895
45,2,141,-31.9716
49,2,150,-32.3467
54,7,137,-32
60,0,149,-32.349
62,0,155,-32.3226
44,0,158,-32.2089
30,0,106,-32.6415
59,0,143,-32.0769
58,0,140,-32.5071
51,0,94,-32.0532
62,0,171,-32.3216
38,0,132,-32.4545
47,0,106,-32.1038
40,0,114,-32.6754
75,0,182,-32.2473
63,0,176,-32.017
50,0,139,-32.4388
21,0,142,-32.7746
42,0,167,-32.2036
62,0,160,-32.0688
55,0,158,-32.6899
67,0,163,-32.1718
39,0,150,-32.54
45,0,155,-32.2129
35,0,99,-32.101
35,0,105,-31.6381
42,0,100,-32.19
35,0,143,-32.6853
61,0,104,-32.1731
31,0,91,-32.1209
38,0,134,-32.7164
53,0,177,-32.3785
32,0,158,-32.481
57,0,144,-32.4375
62,0,171,-31.9825
58,0,151,-32.5364
78,0,156,-31.8974
30,0,144,-32.3889
53,0,141,-32.6241
51,0,157,-32.3949
38,0,158,-32.0316
38,0,91,-32.2418
51,0,143,-32.2727
55,0,164,-32.0122
62,0,131,-32.1603
41,0,99,-31.9293
53,0,136,-32.2574
47,0,104,-32.0096
54,0,100,-31.64
49,0,146,-32.1233
61,0,95,-32.3684
48,0,146,-32.4795
53,0,153,-32.0261
30,0,86,-31.7558
40,0,89,-32.4831
38,0,153,-31.9804
35,0,152,-32.4013
35,0,176,-32.2386
43,0,190,-32.5316
39,0,157,-32.2994
48,0,157,-32.1529
47,0,178,-32.236
51,0,98,-32.3367
61,0,170,-32.3471
54,0,157,-32.3567
54,0,146,-32.5411
69,0,162,-32.642
59,0,102,-31.6078
56,0,154,-32.3506
45,0,136,-32.2941
59,0,148,-31.9054
60,0,179,-32.2291
34,0,137,-32.0803
36,0,98,-31.8571
48,0,184,-32.3478
40,0,118,-32.5847
55,0,124,-31.9516
50,0,171,-32.269
44,0,171,-32.1696
73,0,181,-31.9337
31,0,80,-32.1625
74,0,102,-32.3922
48,0,166,-32.3554
50,0,139,-32.0216
54,0,110,-32.1909
43,0,146,-31.9863
51,0,106,-32.1226
46,0,152,-32.6447
72,0,176,-31.9659
50,0,97,-31.7732
41,0,168,-32.5417
64,0,134,-32.2836
35,0,147,-32.2449
44,0,93,-32.043
42,0,94,-32.0426
57,0,163,-32.6258
47,0,139,-32.5899
57,0,98,-31.4694
37,0,148,-32.2905
28,0,94,-32.4787
53,0,144,-32.5556
58,0,176,-32.25
40,0,169,-32.426
44,0,124,-32.0806
46,0,150,-32.1267
37,0,99,-32.0808
56,0,158,-31.7532
40,0,93,-32.1828
52,0,180,-32.4722
59,0,154,-32.5
40,0,84,-31.7262
83,0,167,-32.2036
66,0,159,-32.2138
57,0,187,-32
51,0,156,-32.5385
64,0,190,-32.0368
35,0,137,-32.8467
42,0,169,-32.1657
43,0,147,-32.1973
40,0,156,-32.2308
59,0,145,-32.0414
58,0,184,-31.9239
35,0,142,-32.6056
23,0,138,-32.4855
52,0,166,-31.9096
66,0,170,-32.1059
34,0,82,-31.2561
37,0,105,-32.1333
50,0,162,-32.4753
50,0,97,-31.8144
52,0,123,-32.4146
38,0,86,-32.0233
59,0,167,-31.9701
54,0,128,-32.1719
67,0,167,-32.4132
49,0,150,-32.2533
43,0,142,-32.3451
62,0,169,-32.4675
43,0,80,-32.175
29,0,133,-32.0301
53,0,102,-32.4706
62,0,99,-31.8687
44,0,100,-32.48
54,0,100,-31.89
46,0,97,-31.9072
80,0,201,-32.0249
61,0,107,-32.2617
48,0,133,-32.609
34,0,82,-32.1585
60,0,165,-32.3939
57,0,155,-32.3806
40,0,92,-31.413
42,0,103,-32.233
40,0,150,-32.3333
36,0,113,-32.4336
46,0,126,-32.4524
42,0,85,-32.4471
40,0,82,-31.8537
53,0,102,-32.2745
56,0,187,-32.1765
61,0,104,-31.75
54,0,87,-31.7701
61,0,98,-31.4592
58,0,128,-32.5312
48,0,148,-32.5135
71,0,162,-32.3086
31,0,82,-31.5366
65,0,166,-32.2831
55,0,100,-31.8
52,0,90,-31.8889
38,0,102,-32.0784
48,0,151,-32.7682
32,0,86,-32.1047
51,0,158,-32.3544
51,0,152,-32.1579
39,0,127,-32.4803
50,0,91,-31.6813
35,0,91,-32.4945
44,0,141,-32.4468
71,0,91,-31.5604
35,0,147,-32.2585
38,4,141,-32.5887
46,0,152,-32.4605
49,0,105,-32.0381
43,0,91,-31.989
46,0,137,-32
50,0,143,-32.3776
33,0,146,-32.6849
50,0,180,-32.1444
27,0,188,-32.5798
40,0,178,-32.1236
51,0,145,-32.269
52,0,159,-32.4969
36,0,135,-32.2222
50,0,102,-31.9902
73,0,114,-32.386
36,0,170,-32.5882
38,0,135,-31.9556
65,0,156,-32.6026
55,0,161,-32.3354
38,0,82,-32.622
62,0,148,-32.2297
60,0,174,-32.0632
62,0,170,-32.1706
78,0,184,-31.9076
57,0,113,-31.5221
61,0,151,-32.0265
68,0,195,-32.241
52,0,173,-32.474
58,0,142,-32.1549
34,0,85,-32.2706
72,0,172,-32.1628
59,0,157,-32.2038
35,0,125,-32.216
63,0,101,-32.1683
46,0,122,-32.2705
48,0,151,-32.6887
70,0,101,-31.7723
64,0,158,-32.2595
43,0,163,-32.3865
41,0,144,-32.25
59,0,182,-32.2088
56,0,187,-32.3476
63,0,95,-31.8737
56,0,158,-32.5759
66,0,149,-31.9597
43,0,162,-32.1235
60,0,150,-31.9067
45,0,156,-32.5641
45,0,132,-32.3409
72,0,198,-32.0758
88,0,193,-32.4197
71,0,175,-32.2743
55,0,169,-32.2485
48,0,179,-32.1285
68,0,165,-32.097
24,0,143,-32.7203
42,0,131,-32.5802
47,0,85,-32.2235
51,0,170,-32.1059
59,0,164,-31.9939
65,0,149,-32.1611
48,0,141,-32.461
59,0,148,-32.3378
62,0,106,-32.1509
48,0,141,-32.4184
62,0,94,-31.9894
61,0,169,-32.5266
77,0,142,-32.4085
60,0,151,-31.947
47,0,131,-32.3969
50,0,185,-32.2162
62,0,141,-31.9574
64,0,151,-32.2649
68,0,163,-32.0368
28,0,125,-32.648
81,0,166,-32.4518
48,0,168,-32.3274
64,0,173,-32.2717
74,0,167,-32.4551
51,0,140,-32.5071
54,0,165,-32.0061
54,0,151,-32.3841
63,0,146,-32.1575
61,0,158,-32.3861
55,0,87,-31.6667
57,0,176,-32.108
55,0,137,-32.4964
35,0,102,-32.3333
43,0,146,-32.5822
36,0,160,-32.275
46,0,160,-32.2875
56,0,150,-32.0667
49,0,135,-32.1778
44,0,103,-32.0777
46,0,172,-32.7907
47,0,167,-31.9042
54,0,159,-32.3585
35,0,103,-32.5922
50,0,162,-32.2963
48,0,152,-32.3355
49,0,152,-32.5461
48,0,139,-32.0863
33,0,186,-32.4731
56,0,154,-32.1429
28,0,150,-32.38
53,0,109,-31.7523
32,0,153,-32.6863
43,0,136,-31.9485
55,0,173,-32.3815
64,0,146,-31.7808
51,0,157,-32.2357
46,0,161,-32.323
26,0,110,-32.1182
22,0,101,-32.9406
24,0,148,-32.6892
92,0,200,-32.18
47,0,159,-32.7358
45,0,160,-32.35
75,0,276,-32.279
51,0,110,-31.9182
67,0,181,-31.9006
53,0,155,-31.9935
53,0,150,-32.5733
80,0,172,-31.3488
51,0,131,-32.1679
68,0,200,-32.605
65,0,184,-32.0978
78,0,192,-32.6302
57,0,167,-32.5269
38,0,145,-32.5034
55,0,175,-32.5371
60,0,198,-32.1919
47,0,153,-32.4641
63,0,155,-31.8065
62,0,186,-32.2527
66,0,178,-32.3315
67,0,164,-32.3415
51,0,170,-32.2882
80,0,153,-31.6013
51,0,169,-32.4497
78,0,177,-32.2938
69,0,121,-31.6777
63,0,205,-31.6634
66,0,170,-32.4529
71,0,174,-32.1379
43,0,161,-32.3354
43,0,168,-32.4345
55,0,117,-31.4188
58,0,162,-32.4444
47,0,143,-32.3077
59,0,182,-31.9286
45,0,176,-31.9318
47,0,159,-32.1006
86,0,177,-32.1017
53,0,151,-32.6291
66,0,157,-31.9427
45,0,100,-32.2
46,0,149,-32.5101
63,0,104,-31.5096
60,0,147,-32.1633
66,0,154,-32.1753
54,0,163,-32.5951
78,0,190,-31.9579
52,0,157,-32.4522
68,0,181,-31.9006
82,0,218,-32.5092
50,0,101,-31.901
78,0,185,-31.9135
64,0,141,-32.2411
79,0,197,-32.198
59,0,182,-32.4286
68,0,186,-31.9086
49,0,112,-31.6429
73,0,110,-31.6818
48,0,172,-32.5872
64,0,190,-32.3579
55,0,176,-32.4659
49,0,173,-32.4335
83,0,186,-32.1774
72,0,210,-31.981
89,0,178,-32.0674
49,0,159,-32.6038
82,0,186,-32.1344
56,0,174,-32.4195
49,0,137,-32.2336
77,0,163,-31.9141
60,0,192,-32.3021
71,0,173,-31.9191
42,0,150,-32.5933
77,0,190,-32.1263
49,0,174,-32.1149
59,0,207,-32.1208
67,0,188,-31.9894
71,0,204,-32.5588
85,0,211,-32.1185
66,0,201,-31.7861
80,0,103,-31.5728
82,0,200,-32.38
54,0,160,-32.425
46,0,148,-32.277
52,0,120,-32.2083
66,0,202,-32.3069
70,0,174,-31.908
70,0,273,-31.7363
72,0,180,-32.3889
66,0,188,-32.2021
92,0,200,-32.195
49,0,161,-32.3106
51,0,175,-32.44
47,0,159,-31.9308
48,0,150,-32.56
61,0,173,-32.1156
80,0,194,-32.1804
77,0,170,-32.3765
37,0,145,-32.6
60,0,181,-31.9558
51,0,112,-32.3929
33,0,142,-32.6761
60,0,157,-32.0382
46,0,155,-32.0774
76,0,184,-32.2446
49,0,166,-32.3313
86,0,187,-32.1658
69,0,165,-32.3333
85,0,196,-32.4949
44,0,164,-32.7439
79,0,201,-32.2189
33,0,152,-32.6776
52,0,97,-32.1649
64,0,112,-31.3036
69,0,181,-32.2099
75,0,170,-32.1824
52,0,192,-32.5521
29,0,154,-32.8506
51,23,184,-32.1576
36,4,102,-32.2451
73,52,152,-32.1513
54,11,189,-32.4709
28,2,147,-32.3469
51,25,178,-32.2416
31,4,134,-32.2015
48,6,200,-32.49
50,0,150,-32.48
61,0,188,-32.5266
74,0,175,-32.2057
34,0,145,-32.6897
64,0,163,-32.2086
43,0,168,-32.4107
44,0,157,-32.1975
21,0,122,-32.877
58,0,201,-32.5124
44,0,159,-32.2704
75,0,197,-31.9391
37,0,156,-32.5
62,0,174,-32.069
44,0,146,-32.5
49,0,163,-32.2454
67,0,183,-32.1257
52,0,167,-32.4132
66,0,162,-32.2037
42,0,155,-32.4387
60,0,165,-32.1152
50,0,191,-32.2723
40,0,179,-32.3408
52,0,169,-32.4734
52,0,186,-32.1129
38,0,167,-32.3713
68,0,166,-31.8193
47,0,184,-31.9891
50,0,161,-32.0932
47,0,172,-32.3953
52,0,160,-32.1625
35,0,154,-32.2338
66,0,191,-31.6859
43,0,108,-32.0926
64,0,168,-32.1131
30,0,145,-32.4966
50,0,168,-32.0238
65,0,194,-31.7938
45,0,167,-32.5449
77,0,188,-31.8511
46,0,150,-32.1867
42,0,169,-32.2544
27,0,133,-32.5338
47,0,203,-32.6305
49,0,113,-32.1416
58,0,176,-32.392
55,0,182,-32.2033
49,0,200,-32.395
59,0,166,-32.253
41,0,99,-32.3939
49,0,146,-32.0959
42,0,135,-32.037
30,0,160,-31.8062
35,0,135,-32.7333
53,0,159,-32.3962
28,0,152,-32.2368
52,0,183,-31.9344
58,0,164,-32.561
57,0,160,-32.6437
23,0,117,-32.3761
39,0,95,-32.3263
58,0,173,-32.5549
45,0,105,-32.1048
36,0,167,-32.3653
51,0,155,-32.4645
40,0,156,-32.6346
28,0,93,-32.5376
54,0,192,-32.3125
66,0,182,-32.0165
24,0,150,-32.52
52,0,170,-32.2941
31,0,138,-32.4928
37,0,129,-32.5659
42,0,165,-32.6
51,0,187,-32.5989
61,0,160,-32.3813
39,0,193,-32.5078
25,0,127,-32.6772
37,0,151,-32.3377
43,0,232,-32.3448
49,0,103,-31.7961
51,0,124,-32.3871
45,0,155,-32.3677
52,0,199,-32.3216
37,0,83,-31.5904
49,0,175,-32.2914
38,0,168,-32.25
37,0,168,-32.2798
31,0,140,-32.1857
29,0,123,-32.1951
48,0,181,-32.3204
23,0,164,-32.0732
32,0,146,-32.3973
52,0,161,-32.4161
42,0,143,-32.1329
22,0,125,-32.808
23,0,151,-32.7219
58,0,199,-32.608
43,0,155,-32.329
31,0,146,-32.4863
45,0,89,-31.9663
49,0,177,-32.0508
37,0,109,-32.3303
58,0,162,-32.3519
23,0,143,-32.6853
31,0,158,-32.1139
34,0,169,-32.426
53,0,152,-32.7566
56,0,174,-31.8161
23,0,112,-32.5804
45,0,148,-32.3986
35,0,138,-32.3478
44,0,183,-32.153
47,0,129,-32.5659
42,0,167,-32.0359
37,0,135,-32.5704
31,0,145,-32.3379
28,0,99,-32.6667
33,0,145,-32.1862
31,0,161,-32.4472
48,0,104,-31.7981
26,0,144,-32.3403
51,0,182,-32.456
49,0,163,-32.1227
41,0,153,-32.5294
66,0,142,-32.0775
55,0,235,-32.2979
62,0,184,-31.9076
29,0,134,-32.7164
38,0,140,-32.1571
63,0,166,-32.3373
47,0,186,-32.1452
68,0,179,-31.9888
53,0,161,-32.1739
38,0,147,-32.6259
55,0,199,-32.3116
41,0,159,-32.3333
59,0,150,-32.7467
46,0,164,-32.3293
37,0,101,-32.0594
51,0,147,-32.1905
48,0,145,-32.3379
27,0,98,-32.3163
52,0,99,-32.1919
31,0,121,-32.2066
46,0,175,-32.3543
72,0,160,-31.65
29,0,93,-32.5269
43,0,154,-32.4805
33,0,159,-32.7358
35,0,167,-32.5868
47,0,157,-32.3503
53,0,169,-32.1893
57,0,163,-32.1104
50,0,148,-32.1959
47,0,159,-32.3522
51,0,139,-32.7122
28,0,160,-32.0562
34,0,153,-32.451
20,0,99,-32.8283
69,0,194,-32.2526
43,0,181,-32.1878
48,0,178,-32.1292
47,0,164,-32.2561
52,0,175,-32.3143
49,0,187,-32.2246
42,0,141,-32.5177
42,0,183,-32.3169
31,0,134,-32.5
39,0,137,-32.7299
34,0,111,-32.2342
50,0,189,-32.3386
49,0,166,-32.0422
26,0,150,-32.4667
45,0,173,-32.1156
54,0,218,-32.2844
46,0,176,-32.517
62,0,162,-32.3148
53,0,159,-32.4151
56,0,165,-32.2667
42,0,151,-32.2318
37,0,105,-32.1429
71,0,184,-31.9293
56,0,165,-31.6848
43,0,167,-32.6048
41,4,144,-32.5833
54,0,162,-31.9938
62,0,163,-32.4294
56,17,143,-32
67,0,177,-31.5819
69,0,176,-31.892
51,0,148,-32.0608
31,0,147,-32.6054
21,0,123,-32.0244
48,0,104,-32.2212
23,0,103,-32.5631
41,0,137,-32.0146
52,0,176,-32.4034
31,0,109,-32.5963
32,0,96,-32.6458
45,0,160,-32.3875
47,0,180,-32.1333
23,0,138,-32.558
37,0,154,-32.7727
28,0,199,-32.3568
29,0,98,-32.4388
27,0,153,-32.7124
22,0,147,-32.6531
29,0,123,-32.4309
31,0,139,-32.705
31,0,108,-32.7963
47,0,105,-32
40,0,138,-32.1304
36,0,101,-32
41,0,157,-32.2675
28,0,106,-32.3774
37,0,168,-32.2917
32,0,151,-32.3377
27,0,121,-32.5455
29,0,152,-32.3158
21,0,133,-32.609
24,0,124,-32.5726
34,0,91,-32.1758
24,0,138,-32.6667
20,0,144,-32.4861
37,0,141,-32.2057
20,0,105,-32.7619
36,0,89,-32.3034
35,0,143,-32.4685
36,0,149,-32.3289
42,0,177,-31.9266
43,0,168,-32.1845
44,0,144,-32.5556
74,0,190,-32.1158
73,0,116,-32.5862
72,0,188,-32.0213
68,0,104,-31.4423
75,0,198,-31.8788
57,0,158,-32.5886
64,0,118,-32.1186
69,0,100,-31.22
71,0,115,-31.8435
68,0,183,-32.0219
76,0,193,-32.2021
62,0,163,-32.2393
72,0,169,-32.1006
61,0,133,-31.6391
60,0,112,-31.2946
62,0,162,-31.9198
54,0,120,-31.9917
63,0,119,-31.7143
46,0,118,-32.5
60,0,167,-32.7425
57,0,154,-32.5844
53,0,171,-32.3509
62,0,178,-32.2584
61,0,177,-32.1921
69,0,191,-31.6335
61,0,191,-32.267
65,0,189,-32.1005
50,0,170,-32.1824
55,0,154,-32.3961
60,0,156,-32.1346
55,0,110,-31.8091
66,0,116,-32.6897
71,0,194,-31.6134
60,0,164,-32.1646
64,0,175,-32.48
76,0,204,-32.2402
68,0,177,-31.7797
77,0,161,-32.6957
56,0,159,-32.1447
65,0,203,-32.0148
54,0,163,-32.2577
58,0,188,-32.3457
52,0,102,-32.3824
78,0,181,-32.105
62,0,202,-31.901
70,0,156,-32.4423
59,0,184,-32.4728
61,0,150,-32.2333
63,0,182,-31.978
60,0,174,-32.1897
71,0,110,-31.2273
64,0,118,-31.5932
53,0,152,-32.4934
59,0,184,-32.2065
43,0,166,-32.1928
43,0,101,-31.6634
64,0,121,-32.3719
58,0,126,-32
65,0,191,-32.5497
50,0,146,-32.4795
70,0,176,-32.0795
55,0,112,-31.9107
52,0,190,-32.3842
56,0,110,-32.0545
75,0,174,-32.2816
61,0,174,-32.1782
75,0,183,-32.2404
60,0,197,-31.9898
71,0,142,-31.8239
52,0,182,-32.1978
64,0,170,-32.4118
66,0,188,-32.1755
43,0,102,-32.7941
58,0,155,-32.2516
64,0,113,-31.823
59,0,107,-31.5607
52,0,105,-31.8667
54,0,157,-32.1975
75,0,192,-31.9062
45,0,143,-32.4056
65,0,105,-31.8381
86,0,208,-32.1683
44,0,147,-32.415
54,0,148,-32.1689
57,0,176,-32.1648
58,0,178,-31.7865
77,0,185,-32.3405
54,0,167,-32.6108
59,0,165,-32.2061
72,0,203,-32.5025
56,0,168,-32.2619
55,0,176,-32.1364
43,0,166,-32.0241
63,0,185,-32.3892
60,0,171,-32.1111
20,0,90,-32.3222
74,0,177,-32.0452
57,0,99,-31.9697
53,0,98,-32.0816
58,0,182,-32.6209
53,0,154,-32.5974
55,0,170,-32.3294
58,0,118,-32.1356
63,0,171,-32.2807
59,0,176,-32.517
63,0,184,-32.25
61,0,121,-32.0826
62,0,169,-32.3314
31,0,179,-32.514
43,0,115,-32.3391
73,0,185,-32.4919
57,0,103,-32.1456
59,0,168,-32.3988
63,0,201,-32.1144
70,0,177,-31.8305
49,0,156,-32.2179
59,0,154,-32.039
56,0,182,-32.2198
58,0,94,-31.6915
59,0,179,-32.4078
70,0,166,-31.7771
65,0,183,-31.9344
56,0,101,-31.6436
64,0,183,-31.9836
52,0,186,-31.9516
72,0,195,-32.1026
42,0,162,-32.2531
31,0,142,-32.5563
35,0,251,-32.255
62,0,187,-32.1604
46,0,162,-32.4136
91,0,185,-32.1622
61,0,177,-31.8588
49,0,171,-31.9123
60,0,167,-32.1677
56,0,175,-32.4971
52,0,127,-32.2126
61,0,165,-31.8667
63,0,172,-32.436
68,0,186,-31.8333
60,0,160,-31.8188
59,0,172,-32.3081
64,0,175,-32.1829
54,0,180,-31.9333
65,0,128,-32.2969
68,0,185,-31.8919
68,0,161,-32.1615
60,0,164,-32.6524
41,0,174,-32.3276
51,0,162,-32.4321
70,0,196,-32.2806
74,0,108,-31.9815
54,0,94,-31.4043
43,0,113,-32.0265
71,0,192,-32.2188
69,0,102,-31.7843
71,0,161,-32.4845
66,0,113,-32.0354
45,0,99,-32.798
49,0,128,-31.7812
69,0,119,-32.1513
70,0,177,-32.1525
34,0,164,-31.6037
63,0,165,-31.8727
74,0,182,-31.2692
62,0,187,-32.0214
73,0,174,-31.7184
37,0,86,-32.2093
43,0,144,-32.8056
44,0,136,-32.8456
62,0,171,-31.8304
67,0,165,-32.4727
47,0,150,-32.2467
60,0,172,-32.0988
75,0,193,-32.2642
48,0,158,-32.4241
59,0,177,-32.6215
71,0,182,-32.022
54,0,161,-32.0311
45,0,99,-32.0909
62,0,156,-32.4551
57,0,172,-32.1337
41,0,116,-32.2328
51,0,150,-32.22
61,0,175,-32.3086
57,0,175,-32.0514
41,2,106,-32.6887
61,0,176,-32.1534
23,0,147,-32.5646
34,0,175,-32.2571
56,0,185,-32.0703
65,0,181,-32.3812
31,2,140,-32.6643
21,0,154,-32.8766
57,3,100,-31.51
22,1,155,-32.3226
68,0,183,-31.9344
43,0,147,-32.2041
66,0,111,-31.1982
59,0,112,-31.9286
68,0,181,-32.2652
41,0,131,-32.5115
67,0,187,-32.1551
39,0,113,-32.0973
77,0,186,-32.0968
83,0,185,-32.4703
43,0,186,-32.5376
51,0,176,-32.2159
59,0,103,-31.8058
60,0,104,-32.0192
46,0,165,-32.6303
52,0,111,-31.9459
51,0,156,-32.1731
71,0,187,-32.1604
59,0,104,-31.6635
70,0,114,-32.0088
68,0,181,-32.3812
62,0,115,-31.9304
29,0,142,-32.4577
59,0,181,-32.5193
82,0,155,-31.6968
49,0,191,-32.2356
53,0,194,-32.1031
29,0,161,-31.8385
29,0,161,-32.1553
66,0,110,-31.6545
92,0,293,-32.215
82,0,188,-32.1915
35,0,160,-32.7062
67,0,110,-31.3727
74,0,153,-32.1895
57,0,113,-32.0177
65,0,193,-31.658
56,0,174,-31.9828
33,0,87,-32.0805
58,0,148,-32.5
47,0,107,-32.243
55,0,163,-32.1411
51,0,193,-31.9845
54,0,181,-32.3867
42,0,147,-32.5306
37,0,93,-31.8065
50,0,154,-32.5065
53,0,143,-32.4056
38,0,161,-32.3665
40,0,184,-32.4022
29,0,152,-32.4408
59,0,180,-32.2333
49,0,158,-32.2278
66,0,154,-31.9221
53,0,180,-32.5722
36,0,174,-32.3103
46,0,116,-31.7328
42,0,151,-32.2185
67,0,172,-32.3779
42,0,162,-31.6481
45,0,126,-32.6032
51,0,187,-31.9465
42,0,151,-32.1854
57,0,156,-32.3333
37,0,105,-31.6381
23,0,133,-32.4662
39,0,137,-32.7445
53,0,167,-32.1078
53,0,191,-32.2251
36,7,108,-32.4444
23,2,108,-32.5648
25,3,118,-32.2203
31,2,94,-31.9894
28,0,144,-32.4514
32,0,143,-32.4895
42,0,95,-31.9684
45,0,172,-32.5291
33,0,93,-32.4516
23,0,119,-32.5378
27,0,150,-32.5067
34,0,95,-32.4421
32,0,148,-32.5608
27,0,142,-32.6197
32,0,93,-32.5806
22,0,144,-32.6181
39,0,107,-32.243
28,0,168,-32.6726
39,0,139,-32.1583
27,0,164,-32.5976
38,0,165,-31.9152
22,0,135,-32.3481
48,0,101,-31.9208
25,0,122,-32.5574
28,0,138,-32.6522
31,0,96,-32.8854
47,0,165,-32.5152
21,0,132,-32.803
28,0,171,-32.4094
40,0,91,-32.2198
28,0,86,-32.4186
73,0,176,-32.6023
24,0,98,-32.4184
28,0,127,-32.0394
25,0,75,-32.4267
31,0,149,-32.7114
45,0,142,-32.662
35,0,81,-32.6049
39,0,183,-32.4317
30,0,103,-32.1748
58,0,140,-32.5429
51,0,185,-32.5622
43,0,93,-32.5269
45,0,156,-32.6987
25,0,94,-31.6702
55,0,173,-32.1503
24,0,110,-32.9364
41,0,169,-32.5089
21,0,118,-32.7373
50,0,149,-32.1745
26,0,126,-32.5952
39,0,141,-32.3475
48,0,143,-32.4895
72,0,181,-31.8453
31,0,129,-32.5194
37,0,161,-32.5714
29,0,141,-32.5319
37,0,149,-32.3221
41,0,191,-32.2094
44,0,151,-32.1921
33,0,111,-32.8468
48,0,191,-32.4974
46,0,170,-32.4941
35,0,138,-32.3986
33,0,133,-31.8195
51,0,92,-32.163
50,0,183,-31.9891
65,0,170,-32.3471
50,0,107,-32.1308
23,0,137,-32.3285
47,0,136,-32.3309
39,0,153,-31.9542
35,0,119,-32.5378
43,0,149,-32.0872
28,0,137,-32.5255
47,0,151,-32.0066
48,0,157,-32.7197
47,0,161,-32.3043
22,0,147,-32.5986
50,0,170,-32.3118
33,0,152,-31.9934
46,0,166,-32.2289
39,0,140,-32.4929
52,0,160,-32.3625
55,0,153,-32.3791
47,0,146,-32.4384
28,0,126,-32.3889
39,0,173,-32.104
46,0,147,-32.3333
36,0,149,-32.6242
45,0,174,-32.2356
26,0,136,-32.0515
39,0,175,-32.4057
54,0,97,-32.2062
23,0,117,-32.6752
44,0,139,-32.6763
43,0,86,-32.186
36,0,122,-32.4836
47,0,152,-32.3487
25,0,103,-32.8058
40,0,125,-32.08
56,0,181,-32.1381
54,0,177,-32.1808
22,0,101,-32.1683
64,0,171,-32.2924
55,0,101,-31.7822
34,0,125,-32.232
46,0,157,-32.1401
46,0,153,-31.9935
36,0,168,-32.5536
50,0,116,-31.8966
36,0,156,-32.5192
39,0,133,-32.0902
61,0,179,-32.0503
22,0,90,-32.0889
46,0,170,-32.2353
68,0,196,-32.102
46,0,94,-32.1064
50,0,197,-32.3299
56,0,187,-32.5348
46,0,96,-32.2188
61,0,143,-32.1818
61,0,155,-31.8839
67,0,184,-32.1739
37,0,88,-32.0455
43,0,99,-32.1212
47,0,180,-32.1833
52,0,164,-32.372
49,0,178,-32.3483
63,0,103,-31.6699
31,0,154,-32.2338
51,0,178,-32.5562
35,0,160,-32.4937
71,0,185,-31.9297
42,0,155,-32.7935
55,0,148,-32.6216
69,0,184,-32.2554
89,59,284,-32.0352
42,14,127,-32.2913
85,52,281,-31.7082
60,41,157,-31.9682
52,36,159,-31.9434
40,11,147,-32.6122
29,4,121,-32.4711
61,42,164,-32.2683
76,57,167,-32.0359
39,10,167,-32.1617
54,27,156,-32.3141
53,24,108,-31.5
67,46,188,-31.867
31,9,138,-32.087
65,41,178,-32.3202
66,36,155,-32.1484
61,36,167,-32.6048
56,29,140,-32.3571
46,6,142,-32.1549
70,51,180,-31.6778
