27,0,164,-32.8902
71,0,192,-32.1094
76,0,198,-31.9899
72,0,164,-32.4695
40,0,155,-32.4323
56,0,174,-32.4368
53,0,182,-32.5989
40,0,169,-32.8639
45,0,109,-32.3853
68,0,175,-32.08
60,0,185,-32.6324
41,0,156,-32.8397
56,0,103,-32.5243
61,0,194,-32.5515
53,0,155,-32.8452
42,0,187,-32.877
68,0,185,-32.627
58,0,183,-32.3497
53,14,183,-32.7377
68,0,175,-31.8514
49,0,190,-32.5211
35,0,145,-32.8483
32,0,180,-33
56,0,140,-32.5643
62,0,174,-32.523
28,0,187,-32.7647
38,0,188,-32.9894
41,0,164,-32.9512
43,0,184,-32.9511
22,0,94,-33
52,0,184,-32.1576
66,0,173,-32.2948
30,0,91,-32.8901
21,0,134,-32.8433
36,0,189,-32.8042
68,0,196,-32.3827
35,0,168,-32.994
43,0,176,-32.358
36,0,165,-32.9455
30,0,165,-32.9758
29,0,154,-32.8766
64,0,192,-32.4115
71,0,172,-32.3953
72,0,187,-32.5187
61,0,183,-32.7814
82,0,165,-32.4303
48,0,159,-32.4088
32,0,170,-33
33,0,89,-32.618
49,0,165,-32.903
57,0,174,-32.7299
54,0,171,-32.4561
47,0,148,-32.75
45,0,141,-32.4184
65,0,182,-32.6209
53,0,98,-32.3265
37,0,173,-32.9075
48,0,179,-32.8492
73,0,197,-32.3249
48,0,169,-32.7633
30,0,95,-32.9158
44,0,184,-32.9728
58,0,98,-31.5816
50,0,86,-32.0349
57,0,115,-32.4696
57,0,174,-32.8276
38,0,156,-32.359
32,0,158,-32.4494
23,0,101,-32.9307
32,0,104,-32.9519
75,0,307,-31.8306
64,0,199,-32.4824
59,0,93,-31.4301
61,0,189,-32.4868
37,0,97,-31.8247
46,0,93,-32.3978
60,0,98,-31.9286
57,0,200,-32.41
63,0,201,-32.4776
54,0,167,-32.1916
53,0,201,-32.6169
46,0,183,-32.6721
23,0,164,-33
58,0,105,-32.6571
53,0,93,-32.3978
59,0,173,-32.3353
41,0,87,-32.2184
72,0,168,-32.4048
46,0,175,-32.5371
78,0,173,-32.6069
58,0,102,-32.6569
56,0,172,-32.8721
57,0,98,-32.5204
58,0,200,-32.58
44,0,94,-32.0851
57,0,166,-32.4819
39,0,185,-32.6108
39,0,152,-32.3618
57,0,103,-32.0291
64,0,185,-32.6919
23,0,104,-32.875
51,0,101,-32.1287
67,0,190,-32.2947
58,0,95,-32.0842
78,0,177,-32.0339
56,0,187,-32.5882
62,0,163,-32.5644
47,0,194,-32.5928
31,0,176,-32.9602
52,0,107,-31.9907
44,0,157,-32.6178
34,0,187,-32.9305
68,0,190,-32.7
40,0,152,-32.8553
55,0,173,-32.5491
75,0,183,-32.4809
23,0,141,-32.9078
44,0,189,-32.5079
61,0,176,-32.6136
25,0,153,-32.9542
35,0,108,-32.6852
30,0,143,-32.8531
38,0,215,-32.8
32,0,200,-32.875
68,0,178,-32.5899
61,0,176,-32.6932
38,0,149,-32.8993
41,0,97,-32.5464
42,0,118,-32.4661
58,0,193,-32.601
60,0,217,-32.5069
63,0,208,-32.2115
50,0,155,-32.871
49,0,93,-32.4086
47,0,94,-32.2766
62,0,104,-32.2788
38,0,186,-32.9032
24,0,140,-32.8714
57,0,194,-32.6546
62,0,96,-32.3438
61,25,185,-32.6216
49,11,193,-32.5907
52,18,180,-32.6167
46,13,107,-32.7944
54,17,175,-32.5943
60,25,97,-32.4433
72,60,104,-31.4712
33,6,202,-32.7871
99,60,181,-31.9945
78,57,173,-32.052
50,16,156,-32.4038
31,3,108,-32.8056
67,40,194,-32.634
44,8,102,-31.5392
68,31,166,-32.1566
22,0,143,-32.7552
56,25,204,-32.6127
55,36,157,-32.0255
47,10,163,-32.773
61,44,200,-32.33
73,39,187,-32.6738
36,6,199,-32.7839
28,1,131,-32.9237
25,2,92,-32.0326
35,7,183,-32.9399
48,12,100,-31.75
46,11,163,-32.6933
46,7,171,-33
66,38,180,-32.6
52,32,162,-32.6914
20,1,125,-33
62,40,189,-32.8836
42,8,174,-32.8678
51,15,163,-32.4049
45,17,93,-32.5161
35,0,166,-32.4759
41,0,182,-32.989
50,0,98,-32.3163
56,0,106,-32.3396
35,0,220,-32.6091
56,0,103,-32.699
45,0,169,-32.8462
50,0,86,-32.0349
55,0,100,-32.03
67,0,210,-32.7619
20,0,161,-32.7081
35,0,158,-32.3797
39,0,166,-32.8795
54,0,176,-32.4886
51,0,106,-32.1792
48,0,95,-31.5579
23,0,167,-32.9581
21,0,94,-32.7766
53,0,183,-32.6175
29,0,177,-32.5254
64,0,98,-32.2755
24,0,143,-32.5804
25,0,156,-32.7756
56,0,95,-32.3789
50,0,189,-32.7778
50,0,171,-32.8187
27,0,90,-32.4889
48,0,96,-31.8229
41,0,159,-32.283
34,0,156,-32.6026
44,0,102,-32.3627
35,0,164,-32.9634
53,0,181,-32.5912
41,0,160,-32.625
37,0,164,-32.3659
37,0,173,-32.8902
55,0,92,-32.4891
44,0,193,-32.3782
34,0,112,-32.75
49,0,187,-32.7005
40,0,103,-32.6117
68,0,182,-32.2473
23,1,187,-32.861
56,0,101,-32.0693
51,0,107,-31.9346
28,0,162,-32.8951
46,0,104,-32.1346
52,0,181,-32.3149
49,0,151,-32.6093
41,0,162,-32.8086
39,0,171,-32.6901
45,0,190,-32.5947
35,0,113,-32.5221
32,0,87,-31.8391
48,0,193,-32.8497
33,0,152,-32.9803
33,0,93,-32.3011
20,0,140,-32.8429
33,0,197,-32.6345
50,0,167,-32.9341
54,0,103,-32.0291
33,0,156,-32.6282
50,0,111,-32.5495
39,0,103,-32.6214
44,0,192,-32.6823
28,0,99,-32.4242
47,0,185,-32.7351
59,0,189,-32.4444
59,0,190,-32.3263
35,0,168,-32.7024
60,0,200,-32.545
66,0,95,-31.6211
63,0,183,-32.7432
74,0,189,-31.9524
55,0,103,-32.699
60,0,99,-31.9192
58,0,119,-32.6723
78,0,109,-32.3119
65,0,172,-32.9302
68,0,105,-32.0667
64,0,102,-32.1275
48,0,102,-32.6176
74,0,171,-32.5263
72,0,171,-32.7602
45,0,110,-32.9818
45,0,173,-32.6127
48,0,97,-32.7938
47,0,91,-31.7363
52,0,96,-31.6146
65,0,199,-32.6281
62,0,175,-32.1714
70,0,132,-32.3636
53,0,98,-31.9592
90,0,186,-31.6559
70,0,97,-32.0412
78,0,186,-32.3011
68,0,153,-32.3856
54,0,103,-32.6602
55,0,110,-32.6818
76,0,173,-32.2948
50,0,164,-32.8537
58,0,96,-31.5938
66,0,98,-32.4184
60,0,120,-32.8333
68,0,200,-32.605
67,0,109,-32.5321
48,0,90,-32.1444
70,0,104,-31.5192
59,0,103,-32.835
56,0,171,-32.1404
56,0,84,-32.6429
69,0,171,-32.3977
65,0,167,-32.2635
66,0,188,-32.7181
64,0,178,-32.6461
71,0,111,-32.009
55,0,166,-32.7289
65,0,185,-32.7459
66,0,96,-32.1771
59,0,104,-32.7692
55,0,174,-32.1839
66,0,111,-32.0631
71,0,90,-31.7333
62,0,98,-32.5612
55,0,106,-32.1226
41,0,169,-32.5385
53,0,192,-32.7188
74,0,182,-32.0165
84,0,192,-32.2344
73,0,179,-32.4469
57,0,109,-32.8349
58,0,198,-32.5909
58,0,108,-32.6759
83,0,207,-32.1498
62,0,109,-32.8073
60,0,95,-31.5895
71,0,181,-32.2652
66,0,176,-32.0966
75,0,175,-32.2571
66,0,182,-32.7143
53,0,110,-32.8636
65,0,186,-32.6022
81,0,201,-32.0547
57,0,107,-32.2991
62,0,103,-32.835
62,0,218,-32.555
68,0,103,-32.3495
46,0,106,-32.0189
70,0,106,-31.7453
64,0,97,-32.3711
53,0,115,-32.8609
52,0,131,-32.3435
69,0,185,-32.4108
47,0,103,-32.7184
74,0,173,-32.1098
73,0,215,-32.386
51,0,171,-32.4327
58,0,100,-32.9
68,0,179,-32.2067
41,0,101,-32.8317
72,0,97,-30.7526
96,0,201,-32.1692
73,0,98,-32.051
80,0,191,-32.3089
53,0,101,-32.8911
55,0,213,-32.5023
64,0,184,-32.4565
98,0,199,-31.5427
88,0,190,-32.2053
50,0,109,-33
68,0,179,-32.3743
55,0,111,-32.6486
86,0,186,-32.2473
64,0,102,-32.6863
49,0,115,-32.4609
62,0,105,-32.1714
56,0,110,-32.3273
77,0,194,-32.1082
64,0,93,-32.0968
62,0,102,-32.6471
75,0,114,-32.9211
77,0,112,-32.3304
38,0,83,-32.4217
40,0,95,-32.9368
51,0,100,-32.41
78,0,178,-32.2978
62,0,115,-32.2174
72,0,173,-32.3815
65,0,104,-32.9038
77,0,111,-31.7568
61,0,118,-31.9237
45,0,99,-32.0606
57,0,106,-32.6321
75,0,111,-32.2432
59,0,96,-31.8542
53,0,114,-32.5351
85,0,109,-32.0275
50,0,186,-32.6559
53,0,159,-32.6792
48,0,101,-32.3465
62,0,102,-31.402
82,0,214,-32.2477
56,0,92,-31.5109
64,0,115,-32.5043
78,0,108,-32.8796
72,0,108,-31.9167
50,0,108,-32.4259
66,0,108,-32.4444
67,0,174,-32.3333
71,0,107,-30.5607
63,0,93,-32.4086
41,0,94,-32.766
38,0,124,-32.9516
63,0,133,-32.7669
64,0,113,-32.2478
72,0,174,-32.4195
52,0,188,-32.8085
68,0,105,-32.1333
68,0,174,-32.0977
62,0,97,-32.4433
44,0,97,-32.9381
71,0,100,-32.55
66,0,108,-32.3981
49,0,94,-32.4043
42,0,96,-32.7604
60,0,103,-32
69,0,94,-32.3617
82,0,197,-32.3452
55,0,107,-32.972
85,0,390,-32.5077
66,0,164,-32.0915
47,0,92,-32.4783
63,0,100,-32.4
56,0,172,-32.4419
58,0,118,-32.5763
90,0,183,-32.1585
64,0,243,-32.6749
65,0,96,-31.5417
47,0,89,-32.9775
63,0,105,-32.8762
65,0,119,-32.521
84,0,189,-32.1958
50,0,106,-32.1415
43,0,104,-32.8269
51,0,168,-31.9345
62,0,181,-32.768
42,0,93,-32.5484
48,0,94,-31.7553
66,0,112,-32.9732
58,0,106,-32.0472
57,0,119,-32.4286
52,0,96,-32.3646
51,0,107,-32.1121
50,0,103,-33
60,0,102,-32.8529
48,0,173,-32.6879
66,0,104,-32.6058
72,0,197,-32.1726
54,0,122,-32.8934
47,0,119,-32.605
74,0,163,-32.2393
55,0,102,-32.9608
67,0,96,-32.7396
71,0,178,-32.2135
94,0,190,-32.1842
71,0,104,-32.875
59,0,209,-32.3254
75,0,177,-32.3107
57,0,116,-32.9741
55,0,189,-32.6984
53,0,176,-32.6136
64,0,190,-32.5842
43,0,172,-32.8198
60,0,188,-32.6543
69,0,196,-32.3316
24,0,100,-32.85
51,0,105,-32.8381
63,0,98,-32.0204
60,0,101,-32.3465
66,0,97,-32.7216
43,0,90,-32.8333
54,0,96,-32.625
48,0,178,-32.736
56,0,100,-32.49
57,0,104,-32.7308
58,0,91,-32.8242
31,0,101,-32.8713
58,0,187,-32.6738
52,0,168,-32.4583
40,0,100,-32.78
49,0,133,-32.797
75,0,212,-32.4858
30,0,133,-32.9774
73,0,108,-32.4352
56,0,185,-32.2216
71,0,98,-31.5408
57,0,136,-32.8529
66,0,163,-32.0429
49,0,105,-32.6667
59,0,107,-32.3458
45,0,178,-32.5337
40,0,138,-32.8623
55,0,106,-32.5094
55,0,191,-32.466
55,0,123,-32.4309
61,0,190,-32.5842
60,0,133,-32.2707
66,0,111,-32.6216
41,0,108,-32.963
98,0,191,-32.4555
47,0,137,-32.9051
65,0,120,-32.375
62,0,115,-31.6087
60,0,196,-32.1378
61,0,97,-32.0928
79,0,200,-32.725
70,0,181,-32.7238
73,0,109,-31.7339
55,0,117,-32.735
59,0,95,-32.2632
52,0,97,-32.4845
51,0,176,-32.8693
51,0,102,-32.8922
60,0,162,-32.3704
53,0,192,-32.4375
74,0,184,-32.2663
82,0,199,-32.0151
61,0,106,-32.6981
59,0,106,-31.6038
72,0,114,-31.6053
77,0,104,-31.0962
70,0,175,-32.2
57,0,112,-32.7679
70,0,182,-32.4396
67,0,112,-32.2054
62,0,97,-32.3711
55,0,165,-32.4182
58,0,174,-32.1149
42,0,110,-32.5909
74,0,176,-32.4148
73,0,150,-32.1133
67,0,101,-31.7327
43,0,132,-32.7348
61,0,199,-32.6734
63,0,96,-32.6146
66,0,165,-32.8727
78,0,195,-32.2103
48,0,113,-32.6726
50,0,193,-32.9689
82,0,186,-32.3333
61,0,88,-32.7386
47,0,179,-32.4916
56,0,96,-32.1771
86,0,110,-31.2455
76,0,105,-32.5619
74,0,178,-32.4551
73,0,101,-32.4554
59,0,99,-32.7273
70,0,97,-32.7113
74,0,195,-32.7077
70,0,98,-31.6735
72,0,184,-32.087
72,0,182,-32.2637
63,0,162,-32.6358
80,0,221,-32.2534
59,0,161,-32.6832
51,0,196,-32.9235
43,0,152,-32.6711
50,0,107,-32.8785
69,0,203,-32.8374
65,0,186,-32.9194
55,0,116,-32.4828
70,0,109,-32.8073
61,0,111,-32.0901
81,0,107,-32.0187
51,0,214,-32.4766
65,0,106,-32.7358
89,0,109,-31.2202
53,0,103,-32.699
68,0,172,-32.0988
61,0,177,-32.435
85,0,209,-32.512
82,0,188,-32.3351
58,0,180,-32.6056
69,0,118,-31.9831
65,0,106,-32.783
76,0,206,-32.733
75,0,105,-31.0476
55,0,117,-32.6581
69,0,180,-32.6111
58,0,99,-32.5354
95,0,185,-32.1459
68,0,182,-32.1374
65,0,126,-31.754
56,0,158,-32.8038
70,0,189,-32.291
80,0,169,-32.1124
28,0,111,-33
55,0,188,-32.6649
55,0,108,-32.3889
54,0,120,-32.9833
62,0,105,-32.7524
57,0,99,-32.2323
54,0,120,-32.55
60,0,113,-32.4248
63,0,271,-31.8155
66,0,193,-32.6218
69,0,187,-31.9572
51,0,102,-32.6373
31,0,158,-32.9114
37,0,105,-32.9714
54,0,100,-32.97
47,0,95,-32.9053
49,0,99,-32.3535
62,0,120,-32.0417
71,0,116,-31.4655
61,0,115,-33
79,0,107,-31.7757
64,0,112,-32.7232
45,0,102,-32.6569
61,0,90,-32.3
68,0,193,-32.3368
47,0,119,-32.9244
64,0,101,-32.8614
91,0,180,-32.3111
61,0,197,-32.8071
68,0,114,-32.5877
67,0,124,-32.5081
49,0,101,-32.9109
47,0,102,-32.4902
61,0,110,-32.4
41,0,100,-32.88
63,0,182,-32.2473
66,0,102,-32.6373
62,0,186,-32.3495
57,0,107,-32.2804
64,0,97,-32.2165
48,0,107,-32.8131
59,0,102,-32.6373
73,0,112,-31.6071
64,0,122,-32.5738
63,0,109,-32.4862
60,0,185,-32.4324
66,0,189,-32.6667
55,0,108,-32.4815
49,0,169,-32.5207
60,0,109,-32.8257
77,0,175,-32.4286
63,0,108,-32.9259
79,0,185,-32.373
76,0,159,-32.0566
56,0,105,-32.4381
54,0,96,-32.6979
60,0,93,-32.828
76,0,187,-32.1604
64,0,96,-32.6354
60,0,97,-32.134
67,0,104,-32.25
23,0,101,-32.9703
55,0,105,-32.7524
71,0,173,-32.1908
65,0,108,-32.2963
74,0,190,-32.5474
57,0,114,-32.6842
72,0,165,-32.4424
72,0,187,-31.9893
51,0,137,-32.0511
55,0,107,-32.729
62,0,125,-32.456
57,0,104,-32.875
46,0,162,-32.7469
56,0,181,-32.6022
77,0,195,-32.1026
65,0,188,-32.2979
60,0,92,-31.9783
58,0,181,-32.3867
72,0,201,-32.2637
50,0,105,-32.7048
63,0,96,-31.875
30,0,92,-32.9783
44,0,93,-32.3548
68,0,193,-32.4145
50,0,176,-32.4091
54,0,91,-32.8571
45,0,108,-32.8611
41,0,98,-32.6633
84,0,174,-32.3103
64,0,165,-32.5636
93,0,190,-32.3263
48,0,121,-32.8843
57,0,163,-32.6564
47,0,194,-32.6856
83,0,187,-32.2139
63,0,109,-32.2294
59,0,116,-32.2328
58,0,106,-32.3019
67,0,99,-32.7071
72,0,177,-32.4124
55,0,186,-32.7527
60,0,103,-32.2913
50,0,100,-32.75
72,0,101,-31.7723
50,0,102,-32.8235
69,0,174,-32.7184
66,0,171,-32.2982
49,0,105,-31.9238
65,0,233,-32.4678
62,0,190,-32.7474
74,0,98,-32.7143
54,0,171,-32.2515
51,0,105,-32.4095
57,0,180,-32.7722
62,0,108,-32.6574
40,0,125,-32.416
36,0,104,-32.6827
35,0,117,-32.6838
79,0,178,-32.3876
51,0,106,-32.6415
30,0,116,-33
67,0,117,-32.2137
55,0,108,-32.5278
65,0,146,-32.3493
67,0,163,-32.4417
68,0,168,-32.4167
40,0,169,-32.8994
51,0,126,-32.5556
59,0,177,-32.5141
48,0,173,-32.9191
59,0,97,-31.4227
57,0,106,-32.2453
52,0,113,-32.9823
55,0,129,-32.5039
54,0,185,-32.5189
50,0,173,-32.6821
37,0,88,-32.8523
63,0,96,-32.0417
46,0,156,-32.6731
48,0,111,-32.8739
83,0,111,-31.6216
46,0,137,-32.7956
75,0,104,-32.6442
72,0,166,-32.494
62,0,112,-32.8482
75,0,112,-32.375
56,0,167,-32.8623
63,0,102,-31.9412
55,0,99,-32.6566
69,0,117,-31.7521
60,0,121,-32.2975
65,0,118,-32.6356
67,0,115,-32.0957
62,0,103,-32.3883
54,0,95,-32.5158
70,0,188,-32.5851
79,0,117,-32.7094
46,0,99,-32.9495
54,0,112,-32.9375
56,0,115,-32.9826
59,0,102,-32.6078
60,0,166,-32.7651
79,0,187,-32.5775
55,0,185,-32.6811
75,0,100,-32.21
70,0,193,-32.2953
55,0,98,-32.898
68,0,111,-32.9189
71,0,97,-32.4845
70,0,205,-32.6683
77,0,195,-32.3795
66,0,115,-31.8
42,0,173,-32.7168
56,0,196,-32.4439
57,0,106,-31.4811
62,0,120,-32.8417
65,0,126,-32.2063
72,0,106,-32.217
76,0,200,-32.44
65,0,107,-32.7196
59,0,183,-32.7213
52,0,105,-32.5429
82,0,194,-32.3918
79,0,99,-32.1717
72,0,98,-32.8061
56,0,108,-32.9722
64,0,111,-32.2613
76,0,114,-32.5175
63,0,108,-32.8148
57,0,98,-32.7245
73,0,199,-32.2211
68,0,202,-32.6733
59,0,111,-32.6847
42,0,113,-32.4956
68,0,102,-32.7059
61,0,105,-32.7333
73,0,101,-32.495
65,0,98,-31.7245
52,0,185,-32.6432
64,0,185,-32.5622
59,0,97,-31.2887
66,0,178,-32.8596
43,0,104,-32.6635
74,0,186,-32.4032
47,0,114,-32.193
34,0,104,-32.7692
48,0,139,-32.5827
47,0,111,-32.4054
71,0,97,-31.3918
57,0,126,-32.4603
70,0,96,-32.1667
67,0,101,-32.5941
71,0,157,-32.0382
71,0,99,-32.1111
53,0,168,-32.4345
65,0,183,-32.6612
70,0,168,-32.5357
68,0,163,-32.184
62,0,182,-32.7033
64,0,104,-32.6058
69,0,111,-32.2883
61,0,100,-32.42
87,0,198,-32.5404
45,0,96,-32.6771
69,0,112,-32.4643
60,0,182,-32.5934
64,0,172,-32.5291
69,0,179,-32.6872
36,0,118,-32.5339
50,0,162,-32.9444
72,0,103,-31.9903
88,0,170,-32.2588
47,0,95,-32.7368
77,0,108,-31.7963
75,0,114,-31.7719
61,0,107,-32.7757
75,0,193,-32.2176
85,0,188,-32.3936
55,0,188,-32.4894
79,0,105,-31.5619
51,0,195,-32.6513
64,0,113,-32.9292
66,0,111,-32.2342
64,0,172,-32.5058
89,0,195,-32.0615
36,0,163,-32.7117
56,0,118,-32.4153
70,0,113,-31.5575
61,0,96,-32.25
70,0,99,-32.1414
61,0,190,-32.5421
90,0,185,-32.0432
62,0,187,-32.5668
63,0,91,-32.5275
64,0,108,-32.6389
63,0,98,-31.5918
75,0,121,-32.405
55,0,97,-32.3093
56,0,166,-32.5422
81,0,299,-32.2809
74,0,168,-32.1786
77,0,123,-32.8049
54,0,187,-32.6898
76,0,116,-32.7672
59,0,116,-32.6379
62,0,93,-32.8602
55,0,106,-33
63,0,113,-32.3363
64,0,107,-31.5794
46,0,98,-32.949
55,0,100,-32.78
47,0,109,-32.7248
55,0,106,-32.3679
63,0,193,-32.5803
56,0,86,-32.9651
73,0,203,-32.7044
89,0,176,-32.0909
89,0,173,-32.4971
46,0,104,-32.4519
40,0,115,-32.6783
63,0,103,-32.7767
62,0,187,-32.4706
40,0,170,-32.9235
54,0,107,-32.6168
56,0,111,-32.8559
57,0,101,-32.5446
76,0,136,-32.2426
57,0,117,-32.5214
51,0,113,-32.9204
64,0,98,-32.551
59,0,104,-32.7212
65,0,92,-32.75
39,0,101,-32.9901
65,0,115,-32.7826
93,0,190,-31.8842
56,0,161,-32.4037
56,0,106,-32.5
53,0,103,-32.9417
50,0,110,-32.7455
50,0,108,-32.8796
71,0,191,-32.3508
59,0,115,-32.687
57,0,97,-32.701
57,0,166,-32.4699
66,0,109,-32.633
59,0,103,-31.7379
49,0,108,-32.4722
60,0,105,-32.3524
71,0,175,-32.3314
67,0,101,-32.3762
82,0,188,-32.5745
47,0,104,-32.2692
43,0,108,-32.8889
53,0,204,-32.7108
83,0,192,-32.4375
76,0,156,-32.1667
53,0,150,-32.24
81,0,171,-32.1462
54,0,132,-33
50,0,99,-32.303
76,0,202,-32.2574
38,0,175,-32.7314
82,0,188,-32.2447
52,0,149,-32.4027
88,0,182,-32.5934
53,0,178,-32.5674
50,0,99,-32.5657
75,0,109,-31.5413
61,0,181,-32.5746
44,0,177,-32.8249
78,0,97,-31.2474
38,0,107,-32.9346
75,0,189,-31.9735
60,0,182,-32.5549
72,0,171,-31.8889
56,0,98,-32.9898
48,0,99,-32.9394
61,0,105,-32.2667
59,0,114,-32.8246
59,0,108,-32.9444
67,0,126,-32.6667
57,0,150,-32.6533
53,0,176,-32.0284
79,0,171,-31.9942
52,0,187,-32.5027
74,0,105,-31.4667
57,0,121,-32.8595
76,0,174,-32.1609
57,0,181,-32.4751
72,0,195,-32.6974
39,0,106,-32.6887
46,0,163,-32.9632
48,0,191,-32.4607
52,0,100,-32.74
54,0,188,-33
30,0,203,-32.798
25,0,91,-32.9121
69,0,177,-32.5254
83,0,129,-32.2558
56,0,152,-32.3882
49,0,121,-31.9587
75,0,205,-32.1659
77,0,107,-32.0374
44,0,115,-32.8609
73,0,199,-32.5477
70,0,95,-32.2105
77,0,196,-31.7245
62,0,95,-32.3895
40,0,106,-32.717
72,0,113,-32.2301
68,0,169,-32.8935
73,0,185,-32.4216
41,0,123,-32.9106
65,0,158,-32.3734
54,2,210,-32.5857
69,0,113,-31.9381
43,0,93,-32.0645
30,0,95,-32.8
63,0,117,-32.6496
32,0,96,-32.9688
51,0,88,-32.2386
51,0,106,-32.1321
51,0,207,-32.6377
32,0,161,-32.9255
57,0,175,-32.7714
70,0,179,-32.0894
66,0,174,-31.977
48,0,163,-32.0613
48,0,214,-32.6262
50,0,187,-32.4599
43,0,163,-32.4417
52,0,168,-32.5238
48,0,108,-32.3241
59,0,97,-32.1546
32,0,98,-32.7245
65,0,169,-32.0828
56,0,162,-32.4506
60,0,110,-32.3091
63,0,177,-32.4915
64,0,114,-32.3772
56,0,100,-32.48
80,0,210,-32.4667
47,0,93,-32.2688
38,0,185,-32.9297
53,0,183,-32.5191
27,0,175,-32.9143
63,0,105,-32.4857
47,0,168,-32.8631
33,0,181,-32.663
48,0,174,-32.7529
34,0,113,-32.3274
65,0,193,-32.4041
67,0,197,-32.5939
40,0,119,-32.6807
74,0,189,-32.0423
43,0,150,-32.4133
41,0,103,-32.6796
71,0,168,-32.494
31,0,84,-32.9286
45,0,194,-32.3969
24,0,166,-32.9759
80,0,175,-32.2343
55,0,195,-32.6154
58,0,92,-31.5
34,0,164,-32.4878
62,0,115,-31.7043
80,0,212,-32.3632
43,0,162,-32.8827
42,0,191,-32.7277
58,0,97,-32.5464
24,3,171,-32.8304
64,0,157,-32.1274
55,0,182,-32.4505
53,0,99,-31.6364
62,0,181,-32.326
60,0,189,-32.4815
59,0,180,-32.5944
55,0,170,-32.9529
78,0,198,-32.3535
33,0,104,-32.7596
33,0,171,-32.9064
57,0,184,-32.7065
43,0,144,-32.2222
67,0,110,-32.3545
70,0,105,-31.5048
49,0,192,-32.7604
57,0,186,-32.6452
80,15,179,-32.1676
74,10,196,-32.2194
31,2,128,-32.7891
33,2,191,-32.4188
59,33,176,-32.6364
57,27,179,-32.5251
45,3,108,-33
49,0,208,-32.4808
67,49,108,-32.3333
58,11,88,-32.9318
80,6,176,-32.7557
58,7,111,-32.4505
45,13,122,-32.3525
48,2,177,-32.3842
31,7,174,-32.6954
67,27,192,-32.3021
29,2,156,-33
79,7,172,-32.1279
61,0,182,-32.2912
28,2,154,-32.8831
72,4,194,-32.3557
25,1,157,-32.8599
48,16,177,-32.7288
42,5,103,-32.9029
77,9,193,-32.2746
34,0,157,-32.8854
59,16,176,-31.9943
61,0,179,-32.1788
48,0,159,-32.5535
28,3,185,-32.4595
56,28,182,-32.3132
23,0,93,-32.9032
46,3,161,-32.9006
52,0,93,-32.9247
64,0,178,-32.6685
66,0,195,-32.2872
67,0,173,-32.3006
41,0,167,-32.4551
34,0,147,-32.8095
50,0,181,-32.4199
47,0,161,-32.3727
70,0,192,-32.4323
45,0,152,-32.4605
66,0,192,-32.5677
42,0,168,-32.7738
56,0,223,-32.574
31,0,107,-32.6822
54,0,206,-32.7379
33,0,179,-32.7598
66,0,187,-32.5989
32,0,153,-32.6209
56,0,179,-32.7151
45,0,99,-32.2626
23,0,140,-32.7357
41,0,173,-32.815
55,0,183,-32.765
60,0,106,-31.9717
44,0,149,-32.698
62,0,101,-31.8911
36,0,187,-32.5936
45,0,189,-32.7302
56,0,168,-32.506
22,0,160,-32.7437
53,0,190,-32.5579
23,0,166,-32.747
46,0,179,-32.648
48,0,197,-32.5888
26,0,158,-32.9177
40,0,179,-32.5196
26,0,165,-32.7939
66,0,174,-32.2241
40,0,114,-32.4737
58,0,179,-32.6816
31,0,169,-32.9941
50,0,191,-32.6597
65,0,182,-32.5714
34,0,89,-32.4944
62,0,159,-32.4214
44,0,154,-32.3701
86,0,193,-31.7409
48,0,163,-32.681
58,0,184,-32.5272
45,0,190,-32.5632
68,0,189,-32.0265
64,0,101,-31.9505
25,0,96,-32.5208
46,0,96,-32.5625
59,0,85,-31.6
55,0,92,-32.1413
40,0,170,-32.6647
56,0,100,-31.48
80,0,176,-31.9659
33,0,150,-32.74
64,0,172,-32
39,0,169,-32.3373
65,0,193,-31.8964
32,0,159,-32.6415
46,0,133,-32.406
74,0,181,-32.3149
58,0,152,-32.3947
50,0,176,-32.4034
56,0,161,-32.4224
29,0,82,-32.9756
35,0,93,-32.1505
74,0,196,-31.9592
43,0,194,-32.8041
56,0,205,-32.6293
62,0,102,-31.8725
56,0,193,-32.7617
58,0,172,-32.564
75,0,198,-32.3535
44,0,89,-32.5618
66,0,173,-32.052
50,0,182,-32.5
49,0,176,-32.4432
52,0,179,-32.6704
66,0,179,-32.4804
52,0,173,-32.4566
37,0,146,-32.5616
54,0,195,-32.5692
65,0,178,-32.1404
55,0,185,-32.5405
71,0,184,-32.3207
28,0,88,-32.7045
48,0,94,-32.9149
53,0,87,-32.0115
52,0,197,-32.5431
61,0,90,-32
47,0,85,-31.1882
58,0,93,-32.3441
44,0,93,-32.6022
65,0,196,-32.398
68,0,197,-32.3046
67,0,193,-32.4819
69,0,186,-32.0323
51,0,111,-32.7477
59,0,105,-32.3905
61,0,184,-32.2174
44,0,175,-32.6514
52,0,167,-31.9281
44,0,96,-32.0833
24,0,179,-32.8492
58,0,163,-32.6687
37,0,158,-32.9557
75,0,104,-31.75
39,0,88,-32.9318
60,0,98,-31.5408
47,0,84,-32.869
56,0,187,-32.0802
63,0,165,-32.6909
43,0,175,-32.6971
64,0,182,-32.3901
53,0,180,-32.5944
52,0,183,-32.5519
63,0,173,-32.289
83,0,186,-32.328
50,0,164,-32.7012
59,0,153,-32.3529
59,0,95,-31.6526
47,0,94,-32.2234
50,0,94,-32.5957
44,0,87,-31.4713
47,0,93,-30.7849
44,0,88,-31.7045
43,0,90,-32.5667
43,0,91,-32.1319
32,0,170,-32.9706
45,0,89,-32.4607
47,0,103,-32.4078
34,0,83,-33
67,0,173,-32.6994
49,0,165,-32.6061
45,0,102,-32.1667
53,0,94,-32.383
40,0,85,-32.3412
28,0,95,-33
48,0,112,-32.3929
34,0,85,-32.9882
53,0,89,-32.8989
52,0,179,-32.7095
50,0,163,-32.4601
46,0,97,-32.4845
43,0,173,-32.4682
37,0,95,-32.8316
37,0,173,-32.3526
43,0,89,-32.8989
57,0,105,-32.0381
26,0,139,-32.7194
58,0,116,-31.7328
46,0,174,-32.6494
35,0,183,-32.8361
37,0,155,-32.3226
59,0,193,-32.5337
60,0,179,-32.6257
47,0,157,-32.3567
61,0,169,-32.4083
58,0,96,-32.5208
31,0,172,-32.8547
45,0,165,-32.2545
40,0,151,-32.5497
59,0,92,-32.5
47,0,93,-32.9032
43,0,98,-32.398
43,0,97,-32.7216
34,0,122,-32.8361
34,0,96,-32.8229
65,0,164,-32.311
63,0,197,-32.3655
74,0,109,-32.3945
63,0,89,-31.764
54,0,99,-31.697
67,0,167,-32.3952
60,0,98,-32.0102
37,0,166,-32.9578
73,0,196,-32.1276
60,0,185,-32.6054
37,0,159,-32.1635
30,0,167,-32.5988
52,0,195,-32.5385
49,0,87,-32.5747
53,0,105,-31.4381
59,0,105,-32.6857
75,0,104,-31.2212
41,0,90,-33
56,0,110,-32.2364
29,0,102,-32.7451
38,0,82,-32.3293
41,0,184,-32.9565
38,0,92,-32.3261
58,0,109,-31.8991
37,0,89,-32.7191
53,0,113,-32.0708
38,0,89,-32.5506
65,0,96,-32.4167
31,0,174,-32.8851
47,0,187,-32.5882
41,0,184,-32.5163
52,0,95,-31.4316
23,0,185,-32.9784
21,0,79,-33
41,0,85,-32.2
51,0,193,-32.5959
69,0,190,-32.2789
32,0,166,-32.5181
57,0,182,-32.522
48,0,183,-32.7049
69,0,186,-32.6774
65,0,101,-31.7129
27,0,70,-32.7429
49,0,183,-32.7923
40,0,138,-32.6957
33,0,90,-32.5333
70,0,231,-32.6667
43,0,169,-32.9941
48,0,159,-32.9245
64,0,185,-32.5297
59,0,94,-32.7979
77,0,181,-32.105
46,0,153,-32.8301
50,0,169,-32.1243
60,0,171,-32.5088
40,0,195,-32.3538
58,0,94,-31.8936
51,0,96,-31.6458
59,0,99,-32.1919
68,0,192,-32.6146
46,0,106,-31.9906
49,0,87,-32.2644
33,0,83,-32.012
65,0,95,-31.4316
35,0,178,-32.9494
33,0,100,-32.99
25,0,181,-32.4972
52,0,161,-32.8509
34,0,159,-32.7484
56,0,168,-32.131
63,0,174,-32.4483
26,0,83,-32.6386
28,0,164,-32.6951
25,0,158,-33
61,0,97,-31.866
50,0,98,-32.5204
51,0,93,-32.7097
53,0,201,-32.2985
54,0,180,-32.6333
51,0,90,-32.6
40,0,172,-32.8256
34,0,95,-32.9263
49,0,93,-32.7742
53,0,101,-32.6931
53,0,93,-31.4839
29,0,159,-32.956
60,0,196,-32.6071
34,0,137,-32.9927
63,0,182,-32.511
60,0,182,-32.5495
67,0,163,-32.6994
55,0,182,-32.7802
44,0,94,-32.1489
59,0,159,-32.4528
48,0,172,-32.4767
57,0,99,-30.9798
46,0,167,-32.3234
56,0,173,-32.2948
50,0,93,-32.6022
61,0,98,-32.1633
49,0,87,-32.4598
64,0,191,-32.466
66,0,184,-32.7772
70,0,198,-32.4394
42,0,96,-32.6458
77,0,158,-32.1266
36,0,86,-32.9535
61,0,85,-32.3294
65,0,99,-31.6162
38,0,78,-32.3205
25,0,141,-32.9504
40,0,91,-32.6264
65,0,184,-32.5272
62,0,169,-32.4024
77,0,194,-32.6031
44,0,162,-32.2222
55,0,170,-32.0824
68,0,98,-32.0306
38,0,89,-32.6404
41,0,143,-32.6713
72,0,197,-32.0406
36,0,146,-32.8699
41,0,167,-32.1557
30,0,150,-32.9733
43,0,163,-32.908
52,0,88,-31.8636
42,0,100,-32.83
66,0,181,-32.0331
45,0,169,-32.6272
58,0,149,-32.7584
62,0,189,-32.5079
38,0,158,-32.5886
32,0,161,-32.4845
60,5,186,-32.0323
23,1,145,-32.9586
76,6,199,-32.3869
68,25,106,-31.8962
56,7,109,-32.1376
55,5,109,-32.3211
22,1,82,-32.9634
66,5,178,-32.2978
52,6,155,-32.5226
53,40,96,-32.5
22,1,115,-32.9565
63,5,195,-32.2205
55,6,96,-31.5521
35,1,193,-32.772
70,0,183,-32.6393
22,0,150,-32.88
32,0,165,-32.497
25,0,97,-32.7423
70,0,184,-32.038
38,0,97,-31.8247
61,0,173,-32.3121
44,0,109,-32.9174
43,0,183,-32.4754
53,0,88,-31.8409
54,0,177,-32.5989
50,0,189,-32.7937
72,0,158,-32.5759
56,0,108,-32.3704
41,0,92,-32.837
48,0,126,-32.5635
41,0,99,-31.9394
24,0,170,-32.9412
36,0,188,-32.867
66,0,179,-32.352
26,0,171,-32.9825
51,0,169,-32.4379
55,0,157,-32.1847
54,0,181,-32.6077
50,0,182,-32.0495
42,0,167,-32.7066
23,0,172,-32.8953
47,0,193,-32.5959
69,0,189,-32.4868
78,0,192,-32.026
59,0,183,-32.6503
54,0,172,-32.5174
64,0,193,-32.399
59,0,102,-31.7059
58,0,179,-32.6816
66,0,179,-32.2235
56,0,160,-32.3625
61,0,112,-31.875
54,0,98,-32.2143
45,0,138,-32.8188
55,0,106,-31.9906
65,0,176,-32.3352
44,0,98,-32.6224
45,0,95,-32.0842
60,0,116,-31.6379
39,0,171,-32.807
48,0,98,-31.9388
35,0,96,-32.3854
73,0,188,-32
36,0,168,-32.8393
54,0,160,-32.6187
34,0,91,-32.4066
55,0,197,-32.2487
55,0,94,-31.1383
51,0,98,-31.7449
48,0,87,-31.908
63,0,196,-32.5765
47,0,99,-32.2121
34,0,120,-32.9333
43,0,101,-32.5545
62,0,105,-32.5143
35,0,121,-32.157
36,0,203,-32.6256
83,0,174,-32.1954
54,0,100,-32.22
38,0,124,-32.6774
70,0,177,-32.452
43,0,169,-32.7692
41,0,192,-32.7292
27,0,172,-32.9593
23,0,164,-32.8293
56,0,103,-32.2816
27,0,162,-32.8704
33,0,102,-32.3725
48,0,156,-32.6987
41,0,107,-32.9346
57,0,171,-32.6082
71,0,180,-32.3111
80,0,107,-30.8879
84,0,173,-32.1965
56,0,184,-32.4185
58,0,91,-31.3846
57,0,183,-32.2787
60,0,170,-32.3647
35,0,145,-32.7724
46,0,100,-32.55
44,0,174,-32.4943
44,0,173,-32.9133
51,0,140,-32.55
48,0,103,-31.9223
34,0,121,-32.8678
49,0,101,-32.4752
44,0,125,-32.888
43,0,123,-32.2927
53,0,186,-32.4624
60,0,185,-31.8378
55,0,187,-32.4278
72,0,206,-32.466
48,0,193,-32.4249
61,0,163,-32.5031
52,0,175,-32.6514
47,0,166,-32.8133
64,0,203,-32.7488
54,0,111,-32.1532
48,0,103,-32.6796
80,0,191,-32.2408
35,0,181,-32.8674
41,0,102,-32.5392
45,0,179,-32.6648
41,0,174,-32.6667
48,0,104,-32.4135
48,0,90,-32.1
66,0,191,-32.2461
56,0,165,-32.5515
42,0,91,-32.3516
47,0,106,-31.6792
36,0,101,-32.5743
75,0,197,-32.7868
47,0,100,-32.19
28,0,103,-32.9029
47,0,178,-32.5
56,0,183,-32.776
62,0,152,-32.5921
44,0,103,-32.7767
73,0,105,-32.1619
46,0,110,-32.8727
47,0,89,-32.4719
37,0,161,-32.8137
24,0,113,-32.7876
60,0,199,-32.4221
31,0,158,-32.9747
37,0,179,-32.4804
58,0,165,-32.3636
71,0,108,-32.1574
63,0,177,-32.6102
44,0,155,-32.5548
57,0,176,-32.3864
30,0,89,-32.382
44,0,103,-32.8058
41,0,118,-32.5593
63,0,150,-32.52
36,0,101,-32.8515
48,0,108,-31.8704
54,0,131,-32.3282
49,0,105,-32.5524
46,0,107,-32.6262
48,0,168,-32.4881
42,0,178,-32.9888
71,0,190,-32.4842
43,0,185,-32.6865
31,0,113,-32.7611
35,0,171,-32.5146
51,0,195,-32.7026
63,0,189,-32.2646
32,0,90,-32.4778
79,0,199,-32.2915
45,0,184,-32.5326
58,0,175,-32.3657
31,0,99,-32.1919
29,0,88,-32.8182
51,0,90,-32.1222
45,0,99,-32.4141
40,0,100,-32.9
33,0,108,-32.7685
49,0,172,-32.3023
39,0,159,-32.8742
52,0,170,-32.6059
53,0,175,-32.9771
46,0,200,-32.46
45,0,191,-32.4346
61,0,178,-32.3202
51,0,196,-32.9082
35,0,116,-32.8103
54,0,100,-32.66
52,0,92,-32.25
27,0,95,-32.6
49,0,109,-31.6606
51,0,97,-32.0722
64,0,107,-32.3271
51,0,173,-32.8497
62,0,182,-32.4396
25,0,176,-32.7614
37,0,184,-32.6196
56,0,173,-32.2081
60,0,187,-32.5668
22,0,144,-32.7847
46,0,160,-32.5
57,0,95,-32.3053
56,0,166,-32.5964
73,0,184,-32.6685
69,0,97,-32.2474
53,0,164,-32.7012
22,0,98,-31.5612
25,0,105,-33
29,0,77,-32.987
62,0,119,-32.1681
42,0,163,-32.8528
44,0,190,-32.7632
56,0,181,-32.6961
61,0,177,-32.8588
67,0,191,-32.288
57,0,178,-32.6404
33,0,160,-32.9188
73,0,182,-32.8626
40,0,210,-32.6571
57,0,187,-31.9947
49,0,157,-32.7643
66,0,179,-32.2235
71,0,168,-32.4405
55,0,107,-31.9533
77,0,193,-32.2902
52,0,167,-32.4731
50,0,204,-31.9902
51,0,189,-32.2857
69,0,88,-31.6477
59,0,182,-32.6209
46,0,98,-32.0306
74,0,165,-32.303
63,0,104,-31.9519
50,0,167,-32.2036
42,0,217,-32.3134
47,0,171,-32.807
58,0,136,-32.2574
63,0,165,-32.1697
63,0,216,-32.4815
58,0,198,-32.0808
43,0,158,-32.4367
49,0,111,-32.2162
56,0,169,-32.6982
61,0,158,-32.4114
59,0,196,-32.0561
74,0,181,-32.3149
64,0,193,-32.1036
49,0,168,-32.4048
75,0,110,-32.4273
70,0,224,-32.5312
59,0,103,-31.4272
54,0,93,-32.1183
61,0,175,-32.28
48,0,87,-32.3678
41,0,183,-32.3716
65,0,106,-32.2358
53,0,109,-32.3486
57,0,95,-31.7263
52,0,143,-32.1958
32,0,149,-32.3624
73,0,115,-32.5478
59,0,179,-32.0447
27,0,187,-32.7594
43,0,155,-32.4839
43,0,144,-32.5139
72,0,196,-32.2959
45,0,216,-32.6111
47,0,195,-32.7436
54,0,189,-32.3704
68,0,191,-32.2984
56,0,168,-32.8155
63,0,157,-32.5796
86,0,187,-31.9893
36,0,104,-32.9327
54,0,109,-32.5596
23,0,159,-32.9937
34,0,184,-32.875
36,0,186,-32.8548
41,0,169,-32.7929
46,0,170,-32.5235
56,0,179,-32.7151
45,0,104,-32.875
25,0,179,-32.9162
63,0,182,-31.9505
56,0,174,-32.4253
52,0,197,-32.5939
48,0,115,-32.487
45,0,114,-32.5439
31,0,174,-32.931
29,0,104,-32.9615
44,0,98,-32.551
44,0,105,-32.5429
46,0,157,-32.7898
41,0,153,-32.8497
49,0,157,-32.0191
43,0,137,-32.2701
54,0,187,-32.4866
20,0,94,-32.6809
27,0,189,-32.8307
22,0,147,-32.8571
27,0,173,-32.9249
23,0,179,-32.9106
71,0,170,-32.0471
62,0,191,-32.466
59,0,185,-32.3297
80,0,188,-32.734
93,0,285,-31.793
66,0,208,-32.476
73,0,185,-32.4757
69,0,192,-32.4427
56,0,194,-32.7216
44,0,187,-32.631
70,0,204,-32.5539
61,0,195,-32.4718
75,0,176,-32.4886
43,0,179,-32.6648
56,0,204,-32.6225
99,0,207,-32.1304
53,0,191,-32.6754
78,0,108,-32.1019
70,0,118,-31.9492
50,0,179,-32.3575
62,0,191,-32.4346
54,0,193,-32.7306
38,0,173,-32.6936
53,0,181,-32.6851
30,0,178,-32.809
50,0,171,-32.7485
63,0,155,-32.6
49,0,180,-32.8111
43,0,200,-32.395
69,0,173,-32.5723
75,0,187,-32.0695
57,0,191,-32.4817
54,0,173,-32.7861
63,0,128,-32.0859
48,0,181,-32.6022
57,0,102,-32.6373
53,0,181,-32.3867
55,0,118,-32.0085
51,0,125,-32.264
75,0,200,-32.25
81,0,192,-32.2917
75,0,196,-32.1786
37,0,112,-32.9821
56,0,208,-32.4038
55,0,192,-32.5625
63,0,202,-32.5941
65,0,202,-32.3168
65,0,198,-32.4141
90,0,195,-31.9026
68,0,200,-32.735
58,0,192,-32.1823
88,0,290,-32.0655
77,0,189,-32.0423
79,0,174,-32.2759
64,0,197,-32.6142
53,0,189,-32.4762
74,0,224,-32.2723
46,0,195,-32.7179
47,0,176,-32.9943
55,0,156,-32.7692
96,0,191,-32.3246
53,0,187,-32.6203
50,0,188,-32.3777
30,0,181,-32.8729
75,0,175,-32.4629
57,0,111,-31.9279
78,0,194,-32.0876
55,0,177,-32.4237
57,0,196,-32.699
50,0,180,-32.8222
56,0,209,-32.3684
49,0,180,-32.85
52,0,197,-32.4873
45,0,180,-32.6278
72,0,183,-32.4262
48,0,187,-32.8128
64,0,111,-31.6667
70,0,195,-32.5487
58,0,191,-32.3037
56,0,188,-32.6809
59,0,176,-32.6307
73,0,199,-32.7387
55,0,97,-31.3402
71,0,184,-32.8913
67,0,184,-32.9728
78,0,105,-31.2286
79,0,210,-32.5
60,0,108,-31.5926
79,0,208,-31.8894
73,0,201,-32.6318
70,0,215,-32.4744
85,0,192,-32.0781
76,0,193,-32.5751
63,0,133,-32.4962
54,0,181,-32.6354
47,0,200,-32.72
58,0,163,-32.8773
61,0,211,-32.4171
62,0,119,-32.3025
68,0,193,-32.5233
45,0,199,-32.9347
79,0,209,-32.0622
62,0,191,-32.3665
89,0,204,-32.0637
66,0,197,-32.264
76,0,204,-32.152
88,0,188,-32.3032
70,0,196,-32.5459
63,0,184,-32.587
51,0,158,-32.3354
61,0,219,-32.6484
80,0,189,-32.5238
54,0,104,-32.3077
67,34,162,-32.6728
37,6,106,-32.2736
43,12,181,-32.4862
56,25,194,-32.5103
62,17,192,-32.2604
40,7,206,-32.835
46,8,187,-32.5401
61,23,182,-32.8022
31,0,192,-32.8542
75,0,196,-32.3622
54,0,186,-32.7419
93,0,217,-32.0737
59,0,190,-32.9
57,0,185,-32.4162
48,0,198,-32.8788
59,0,194,-32.5412
55,0,209,-32.5502
48,0,179,-32.7654
76,0,215,-32.2326
53,0,186,-32.6452
51,0,207,-32.4976
77,0,210,-32.3
54,0,192,-32.5833
82,0,203,-31.9754
84,0,205,-32.161
53,0,208,-32.4952
43,0,183,-32.6995
39,0,176,-32.5739
44,0,196,-32.7704
39,0,181,-32.8564
54,0,216,-32.4769
77,0,195,-31.8462
41,0,170,-32.4471
38,0,194,-32.8763
34,0,179,-32.7263
42,0,174,-32.7011
72,0,193,-32.6788
42,0,196,-32.6939
55,0,203,-32.5468
57,0,163,-32.681
63,0,208,-32.4663
72,0,194,-32.067
51,0,117,-31.9573
67,0,194,-32.3608
43,2,165,-32.9879
37,0,163,-32.3742
38,0,189,-32.7937
75,0,183,-32.3005
56,0,199,-32.593
68,0,205,-32.2927
62,0,174,-32.6092
39,0,108,-32.1204
59,0,188,-32.367
51,0,118,-32.1186
30,0,194,-32.8608
20,0,171,-32.8772
39,0,154,-32.5844
49,0,121,-31.8017
31,0,170,-32.6235
37,0,174,-32.3276
23,0,154,-32.8571
50,0,163,-32.5644
31,0,153,-32.7059
42,0,203,-32.6108
46,0,91,-31.8352
61,0,208,-31.9663
27,0,175,-32.6114
46,0,179,-32.5978
45,0,189,-32.7249
42,0,180,-32.7833
37,0,182,-32.8901
54,0,190,-32.8105
34,0,180,-32.8333
45,0,145,-32.4552
30,0,162,-32.9444
47,0,189,-32.1481
29,0,161,-33
45,0,97,-32.5052
52,0,200,-32.51
34,0,201,-32.597
45,0,192,-32.5156
45,0,154,-32.1883
63,0,184,-31.9837
26,0,148,-32.8716
43,0,93,-32.7634
36,0,181,-32.4033
31,0,167,-32.7485
30,0,76,-32.7105
25,0,175,-32.9143
55,0,186,-32.871
29,0,151,-32.7748
55,0,177,-32.3729
66,0,253,-32.2727
45,0,189,-31.9788
32,0,82,-32.6585
52,0,182,-32.6484
29,0,173,-32.8902
38,0,151,-32.7351
55,0,161,-32.5528
26,0,200,-32.8
31,0,123,-32.5935
45,0,94,-32
35,0,145,-32.4345
40,0,81,-32.0494
24,0,80,-32.6625
42,0,98,-32.4286
58,0,279,-32.4122
49,0,213,-32.5775
37,0,175,-32.8057
39,0,167,-32.8802
38,0,204,-32.9461
39,0,111,-32.5586
29,0,135,-32.9926
22,0,178,-32.9045
30,0,160,-32.6313
47,0,142,-32.2817
53,0,156,-32.4487
21,0,188,-32.9681
34,0,188,-32.6755
45,0,181,-32.6906
57,0,187,-32.1444
27,0,176,-32.983
31,0,168,-32.8571
45,0,184,-32.587
41,0,173,-32.8035
54,0,175,-32.52
38,0,182,-32.9176
43,0,169,-32.3609
37,0,193,-32.6114
37,0,215,-32.5395
45,0,190,-32.6526
52,0,194,-32.5103
61,0,154,-32.3896
55,0,190,-32.1474
63,0,247,-32.502
56,0,112,-32.1696
44,0,140,-32.4571
57,0,188,-32.5691
30,0,144,-32.5833
47,0,173,-32.4682
58,0,174,-32.2874
38,0,189,-32.8942
51,0,172,-32.3198
46,0,216,-32.5787
69,0,199,-32.3467
22,0,86,-33
36,0,140,-32.8214
54,0,176,-32.6989
69,0,183,-31.7596
49,0,185,-32.3838
45,0,115,-32.4261
57,0,176,-32.125
44,0,198,-32.6616
49,0,194,-32.5258
39,0,176,-32.6932
44,0,179,-32.5978
62,0,183,-32.3552
53,0,108,-32.9074
47,0,186,-32.5968
65,0,186,-32.4409
54,0,187,-32.5561
37,0,171,-32.6433
34,0,105,-32.3333
61,0,176,-32.2159
41,0,99,-32.404
51,0,190,-32.4526
50,0,197,-32.6802
35,0,183,-32.8525
54,0,160,-32.5812
44,0,187,-32.3048
54,0,164,-32.6037
56,0,164,-32.7012
35,0,157,-32.9363
61,0,182,-32.3846
52,0,186,-32.6828
36,0,173,-32.5318
55,0,197,-32.3046
79,0,177,-31.8927
34,0,140,-33
57,0,188,-32.3032
69,0,205,-32.6976
39,0,93,-32.8387
35,0,201,-32.9204
45,0,178,-32.8483
54,0,211,-32.6493
68,0,194,-32.3247
66,0,166,-31.9819
28,0,189,-32.963
49,0,189,-32.672
48,0,179,-32.5196
22,0,103,-32.6602
53,4,193,-32.772
30,0,166,-32.8976
58,0,103,-31.7476
41,0,173,-32.6647
61,0,178,-32.4213
61,0,185,-32.3568
29,0,169,-32.8935
21,0,95,-33
36,0,171,-32.5965
55,0,103,-32.3398
30,0,91,-32.8462
49,0,182,-32.6868
39,0,172,-32.907
24,0,86,-32.6512
21,0,107,-32.7103
29,0,138,-33
33,0,192,-32.6354
26,0,156,-32.8269
26,0,99,-32.9596
21,0,175,-32.9886
39,0,88,-32.5795
40,0,173,-32.5318
59,0,159,-32.4465
21,0,95,-33
27,0,106,-32.7453
47,0,140,-32.5357
29,0,101,-32.8812
36,0,185,-32.8703
20,0,85,-32.8824
42,0,141,-32.5035
46,0,144,-32.8681
66,0,187,-32.8289
76,0,126,-31.7619
53,0,187,-32.2406
74,0,198,-32.3636
62,0,191,-32.7696
78,0,215,-32.3256
59,0,116,-32.4828
64,0,200,-31.845
57,0,203,-32.5468
52,0,102,-32.0196
58,0,109,-32.1101
60,0,120,-32.6333
54,0,107,-31.9439
64,0,117,-32.3675
60,0,114,-31.2807
66,0,106,-31.9717
49,0,194,-32.6856
44,0,182,-32.5604
23,0,102,-32.2745
62,0,186,-32.6237
54,0,177,-32.678
63,0,188,-32.367
72,0,190,-31.8842
67,0,190,-32.5211
65,0,191,-32.5812
49,0,169,-32.5325
57,0,180,-32.5722
58,0,210,-32.5905
59,0,210,-32.4286
62,0,170,-32.3588
82,0,179,-32.3799
63,0,110,-31.4182
56,0,191,-32.7435
54,0,97,-32.1443
64,0,216,-32.6204
62,0,181,-32.442
61,0,168,-32.6726
62,0,203,-32.4581
60,0,172,-32.4535
80,0,198,-31.8636
50,0,193,-32.7927
65,0,201,-32.3284
81,0,198,-32.2222
46,0,174,-32.5632
49,0,184,-32.3478
53,0,282,-32.2837
55,0,105,-32.4
56,0,190,-32.6737
52,0,99,-32.3939
51,0,194,-32.8093
53,0,119,-31.9916
72,0,110,-31.7
65,0,194,-32.4278
46,0,123,-32.0569
44,0,114,-32.8421
77,0,181,-32.2099
58,0,190,-32.7947
58,0,185,-32.5784
37,0,160,-32.7938
46,0,158,-32.8734
39,0,118,-32.8729
63,0,219,-32.6438
67,0,114,-31.6491
47,0,125,-32.696
57,0,113,-31.7876
54,0,208,-32.6875
53,0,195,-32.6103
73,0,191,-32.3455
72,0,212,-32.3774
57,0,191,-32.5393
67,0,211,-31.9763
67,0,202,-32.198
63,0,184,-32.5489
64,0,199,-31.9447
73,0,120,-31.775
59,0,185,-31.9676
51,0,180,-32.5889
67,0,113,-31.8053
61,0,106,-31.3774
62,0,102,-32.451
64,0,117,-32.7436
42,0,123,-32.1057
69,0,117,-31.4786
42,0,195,-32.8564
29,0,193,-32.8808
59,0,213,-32.3474
91,0,216,-32.5417
68,0,218,-32.1606
68,0,201,-32.6468
61,0,115,-32.2174
50,0,203,-32.6256
67,0,191,-32.2565
80,0,231,-32.3853
52,0,178,-32.2865
54,0,166,-32.6325
71,0,198,-32.5202
61,0,191,-32.3717
48,0,203,-32.4335
75,0,180,-32.4167
58,0,187,-32.4545
71,0,201,-32.3682
56,0,101,-31.9505
35,0,203,-32.5764
64,0,208,-32.649
63,0,179,-32.3073
57,0,203,-32.4384
65,0,127,-31.6693
58,0,174,-32.3736
58,0,170,-32.5882
63,0,180,-32.6778
62,0,183,-32.5738
69,0,189,-32.1217
77,0,182,-31.8077
72,0,206,-32.6748
79,0,211,-31.981
51,0,197,-32.3655
68,0,169,-32.1183
79,0,214,-32.4019
64,0,213,-32.6948
48,0,186,-32.4731
70,0,194,-32.5258
32,0,158,-32.9051
60,0,102,-31.8235
61,0,111,-31.5225
62,0,162,-32.3827
38,0,196,-32.7959
49,0,209,-32.4976
57,0,189,-32.4074
66,0,200,-32.74
59,0,220,-32.6227
37,0,195,-32.8615
79,0,191,-32.0524
61,0,196,-32.5051
66,0,197,-32.533
61,0,177,-32.3616
55,0,112,-32.9464
66,0,206,-32.2621
55,0,172,-32.4419
75,0,123,-31.9593
39,0,167,-32.7485
62,0,97,-32.0928
65,0,114,-31.9386
51,0,113,-32.9204
60,0,117,-32.0342
69,0,110,-32
73,0,115,-31.6348
73,0,113,-32.0531
47,0,105,-32.7429
46,0,172,-32.6977
61,0,180,-32.35
33,0,118,-32.5254
64,0,187,-32.4439
42,0,199,-32.6382
89,0,202,-31.9653
48,0,197,-32.8071
77,0,116,-32.0259
55,0,110,-32.2727
62,0,122,-31.7131
61,0,208,-32.6058
58,0,210,-32.2714
59,0,183,-32.2842
71,0,187,-32.3262
61,0,180,-32.5333
27,0,148,-32.5811
58,0,194,-32.7113
76,0,200,-32.4
45,0,177,-32.8644
56,0,173,-32.5665
65,0,180,-32.0167
60,0,122,-31.6885
42,0,153,-32.8366
43,0,179,-32.9609
73,0,185,-31.973
42,0,203,-32.6995
48,0,214,-32.5
48,0,210,-32.2524
66,0,148,-32.5743
57,0,182,-32.5769
61,0,192,-32.3229
46,0,200,-32.455
78,0,304,-32.2401
62,0,185,-32.8108
65,0,113,-32.177
51,0,200,-32.795
43,3,182,-32.6264
79,0,194,-32.2165
41,1,223,-32.5022
54,0,111,-32.3063
49,0,158,-32.4747
69,0,187,-32.4385
70,0,116,-31.8879
62,0,118,-32.661
58,0,110,-32.3909
27,0,129,-32.7442
86,0,180,-32.2722
72,0,202,-32.3366
72,0,169,-32.7101
70,0,102,-32.2255
47,0,178,-32.5787
61,0,128,-31.9219
45,0,108,-32.0926
67,0,102,-31.9706
44,0,204,-32.9265
50,0,194,-32.2113
49,0,189,-32.2275
69,0,111,-31.7748
71,0,120,-32.0667
43,0,96,-32.3854
39,0,106,-32.217
54,0,189,-32.4656
70,0,184,-31.9783
75,0,228,-32.6842
70,0,179,-32.3911
43,0,100,-32.15
52,0,114,-31.9912
57,0,177,-32.2825
66,0,165,-32.4909
35,0,188,-32.6649
41,0,188,-32.0851
40,0,97,-32.0928
46,0,96,-32.4896
34,0,146,-32.5342
22,0,154,-33
51,0,171,-32.9064
47,0,115,-32.0696
38,0,195,-32.7179
41,0,219,-32.6621
60,0,177,-32.548
62,0,186,-32.1183
72,0,204,-32.4902
52,0,189,-32.709
37,0,155,-32.0774
66,0,183,-31.7486
37,0,161,-32.7081
55,0,109,-32.1376
41,0,192,-32.6771
45,0,185,-32.6811
28,0,137,-32.9781
44,0,205,-32.5463
37,0,169,-32.8284
70,0,194,-32.7732
56,14,179,-32.7207
34,0,92,-32.25
30,0,163,-32.5337
42,0,165,-32.4121
31,0,184,-32.5163
41,0,98,-32.1939
25,0,166,-32.9337
38,0,89,-32
30,0,94,-31.7553
48,0,181,-32.7569
28,0,197,-32.9594
36,0,110,-32.9818
32,0,92,-32.6196
30,0,152,-32.9868
45,0,95,-32.6211
32,0,184,-32.837
35,0,88,-32.7614
51,0,106,-32.8868
41,0,173,-32.8266
21,2,145,-32.8207
34,0,170,-32.8824
33,0,126,-32.9365
48,0,219,-32.7671
21,0,85,-33
44,0,146,-32.1096
32,0,131,-32.542
45,0,163,-32.9448
41,0,95,-32.9053
38,0,99,-32.7475
67,0,106,-31.8019
32,0,156,-32.8397
25,0,93,-32.9892
40,0,159,-32.6352
48,0,93,-31.7527
35,0,177,-32.8362
35,0,141,-33
36,0,94,-32.9787
21,0,94,-32.9787
29,0,132,-32.7727
45,0,177,-32.3559
22,0,169,-32.9053
32,0,181,-32.895
29,0,150,-33
55,0,175,-32.6
49,0,205,-32.3854
64,0,167,-32.5329
53,0,186,-32.328
50,0,190,-32.4842
48,0,173,-32.6127
52,0,166,-32.8795
60,0,183,-32.5519
59,0,176,-32.6818
33,0,91,-32.4505
44,0,163,-32.8037
56,0,194,-32.6186
59,0,181,-32.6685
44,0,182,-32.7912
62,0,205,-32.4341
48,0,185,-32.773
45,0,96,-32.0312
56,0,205,-32.4927
57,0,176,-32.6477
31,0,169,-32.8284
58,0,159,-32.6164
37,0,168,-32.7321
52,0,178,-32.3989
21,0,172,-32.9302
46,0,178,-32.1742
38,0,102,-32.8627
43,0,168,-32.8571
54,0,98,-31.8265
28,0,157,-32.5159
20,0,139,-32.9784
51,0,196,-32.6633
63,0,190,-32.4526
33,0,170,-32.6941
29,0,147,-32.7279
37,0,85,-32
43,0,118,-32.6949
27,0,149,-32.9732
65,0,219,-32.2237
41,0,143,-32.5385
69,0,189,-32.2169
44,0,181,-32.8674
52,0,79,-31.038
35,0,145,-32.8552
52,0,183,-32.6066
39,0,156,-32.4936
53,0,182,-32.033
58,0,166,-32.2048
40,0,157,-32.9682
38,0,177,-32.8588
52,0,206,-32.4806
62,0,176,-32.0739
50,0,185,-32.6541
54,0,112,-31.875
20,0,159,-33
38,0,150,-32.7133
28,0,100,-32.71
44,0,184,-32.4402
63,0,178,-32.5225
39,0,111,-32.6757
64,0,188,-32.6011
57,0,183,-32.2787
25,0,143,-32.972
30,0,159,-32.9119
70,0,184,-32.5326
74,0,192,-32.5573
20,0,108,-33
42,0,94,-32.6702
38,0,162,-32.7037
25,0,165,-32.9939
55,0,100,-32.18
38,0,175,-32.6914
61,0,182,-32.544
22,0,144,-32.8542
32,0,188,-32.9734
34,0,191,-32.5916
41,0,110,-31.7818
89,57,278,-32.2482
44,24,148,-32.7162
62,35,183,-31.8361
40,15,145,-32.5862
61,20,176,-32.5057
25,4,161,-32.5652
74,53,183,-32.1311
74,60,177,-32.0113
66,35,157,-32.3057
68,43,114,-32.5
68,28,196,-32.0459
64,22,193,-32.3057
62,23,161,-32.118
54,27,177,-31.7853
