21,0,147,-32.9592
58,0,188,-32.5532
23,0,191,-32.9581
22,0,153,-32.8497
33,0,167,-32.9042
31,0,169,-32.8757
52,0,192,-32.8177
37,0,188,-32.5426
39,0,177,-32.8983
28,0,184,-32.7283
43,0,191,-32.6754
36,0,186,-32.9032
53,0,173,-32.6994
48,0,185,-32.6054
49,0,97,-32.567
50,0,176,-32.6477
29,0,197,-32.868
24,0,184,-32.8804
56,0,169,-32.4083
53,0,169,-32.8935
51,0,173,-32.4913
23,0,200,-32.865
46,0,152,-32.6513
24,0,187,-32.6684
33,0,169,-33
27,0,182,-32.9451
23,0,160,-32.2563
44,0,168,-32.8631
35,0,161,-32.7019
48,0,171,-32.7485
27,0,185,-32.9459
35,0,208,-32.899
28,0,154,-32.7078
35,0,156,-32.7885
33,0,151,-32.7881
52,0,175,-32.3371
28,0,175,-33
40,0,190,-32.8
36,0,182,-32.8956
26,0,161,-32.9689
35,0,150,-32.3867
26,0,142,-32.6831
26,0,166,-32.4458
26,0,202,-32.9703
44,0,184,-32.7337
24,0,161,-32.9627
35,0,199,-32.4372
45,0,186,-32.6989
37,0,167,-32.8683
42,0,171,-32.7719
45,0,166,-32.8855
32,0,185,-32.8162
43,2,172,-32.6337
30,0,160,-32.9375
27,0,182,-32.4945
64,0,177,-32.9096
41,2,162,-32.5864
30,0,165,-32.7939
25,4,229,-32.9825
28,1,190,-32.8842
41,0,151,-32.6821
36,0,151,-32.6159
36,0,140,-32.8143
31,0,173,-32.9653
40,2,175,-32.7257
34,2,114,-32.7982
61,4,175,-32.6343
42,0,168,-32.6369
40,4,166,-32.753
30,0,169,-32.8521
37,0,201,-32.9303
25,0,155,-32.7613
33,2,168,-32.9107
61,0,178,-32.3539
40,0,163,-32.6687
33,0,147,-32.8503
58,0,338,-32.8195
53,4,180,-32.8167
57,6,180,-32.75
48,2,196,-32.3367
31,1,145,-32.8345
24,1,159,-32.8365
28,0,171,-32.9825
49,0,190,-32.7684
38,0,178,-32.9944
30,0,176,-32.858
49,0,168,-32.9464
32,0,140,-32.9071
26,0,170,-32.9294
64,0,181,-32.9171
39,0,185,-32.5243
51,0,172,-32.9302
41,2,166,-32.6807
37,1,162,-32.716
31,0,177,-32.9379
46,0,174,-32.7241
39,0,154,-32.9416
40,0,155,-32.6258
37,2,169,-32.8166
26,0,138,-32.8696
31,0,208,-33
41,2,165,-32.8848
29,0,174,-32.8506
39,0,166,-32.9157
52,0,171,-32.462
24,0,183,-32.8415
26,0,327,-32.9297
25,0,180,-32.8222
30,0,152,-32.8882
31,8,151,-32.9934
27,1,145,-32.8345
46,0,165,-32.7636
38,2,183,-32.847
21,0,167,-32.982
46,3,165,-32.8
42,0,175,-32.9371
28,2,171,-32.6374
36,0,148,-32.3446
46,2,187,-32.754
40,4,149,-32.7517
32,0,172,-32.8314
42,15,155,-32.8258
34,0,146,-32.9932
28,0,139,-32.8273
31,0,160,-32.9438
24,1,145,-32.8828
26,0,141,-32.9291
28,2,91,-32.8901
30,0,173,-32.8786
21,0,171,-32.807
23,0,180,-33
48,0,315,-32.9333
30,2,162,-32.9383
30,0,190,-32.6947
56,0,162,-32.4012
43,0,180,-32.7944
35,0,186,-32.7634
46,0,194,-32.7784
30,0,169,-33
31,0,163,-32.9816
76,7,184,-32.6739
45,0,180,-32.6389
41,0,143,-32.6224
45,0,164,-32.8537
31,0,147,-32.9456
22,0,143,-33
39,0,159,-32.8616
24,0,174,-32.8218
24,0,167,-32.976
20,0,175,-32.8571
32,0,161,-32.6398
70,8,185,-32.2757
30,0,189,-32.836
28,0,148,-32.973
76,0,172,-32.1744
27,0,184,-32.9728
53,0,185,-32.6
45,0,164,-32.9085
46,0,236,-32.9322
75,0,178,-32.809
28,0,156,-32.6987
50,0,174,-32.6494
55,0,183,-32.765
38,0,189,-32.8995
24,0,173,-32.7746
43,0,156,-32.9936
38,0,175,-32.7143
52,0,187,-32.738
48,0,181,-32.6961
45,0,144,-32.2431
27,0,176,-32.9375
22,0,172,-32.9535
26,0,169,-32.929
41,0,182,-32.6374
53,0,183,-32.6612
32,0,173,-32.9711
53,0,155,-32.6774
54,0,178,-32.5787
54,0,176,-32.5625
47,0,173,-32.7688
28,0,162,-32.9321
25,0,175,-32.8857
22,0,166,-32.9759
38,0,194,-32.7423
35,0,198,-32.5808
61,0,178,-32.809
34,0,183,-32.8361
57,0,177,-32.3672
45,0,174,-32.8966
53,0,179,-32.6425
29,0,191,-32.5602
25,0,158,-32.8671
69,0,155,-31.8581
30,0,149,-32.8121
57,0,189,-32.8519
44,0,169,-32.5799
38,0,177,-32.661
25,2,228,-32.9167
29,0,179,-32.8827
23,0,156,-32.9423
40,2,176,-32.6932
20,0,155,-33
34,0,173,-32.8555
24,0,170,-33
31,1,166,-32.8614
52,0,167,-32.5928
31,0,167,-32.7545
42,0,172,-32.7733
37,0,140,-32.8143
22,1,187,-32.984
41,0,175,-32.8114
36,0,177,-32.887
40,0,159,-32.5346
21,1,158,-32.9747
32,0,173,-32.9711
38,0,168,-32.9643
32,0,171,-32.883
56,0,177,-32.209
26,0,175,-32.8057
20,0,180,-32.9333
43,0,163,-32.8037
22,0,186,-32.9946
49,0,161,-32.646
37,0,188,-32.9362
42,0,189,-32.5556
47,0,161,-32.8199
50,0,162,-32.4506
40,0,184,-32.788
36,0,150,-32.98
26,0,157,-32.879
30,0,165,-32.8848
43,0,189,-32.9894
34,0,173,-32.9711
40,0,154,-32.7013
52,0,177,-32.5367
36,0,218,-32.7431
33,0,197,-32.8883
28,0,168,-32.9286
51,0,174,-32.6322
50,0,188,-32.7766
39,0,198,-32.4747
51,0,154,-32.5714
31,0,173,-32.9711
48,0,165,-32.8
35,0,183,-32.9672
36,0,165,-32.8424
39,2,181,-32.442
33,0,153,-32.6993
38,0,164,-32.7378
28,0,146,-32.7808
27,0,159,-32.8679
48,0,145,-32.6483
21,1,171,-32.8713
26,0,185,-32.7838
29,1,156,-32.9423
45,2,162,-32.6543
23,1,188,-32.9787
35,0,173,-32.9249
30,2,166,-32.9277
26,0,176,-32.9318
43,0,177,-32.9548
31,1,184,-32.9239
53,0,198,-32.601
29,0,179,-32.676
44,0,181,-32.8729
25,0,170,-32.8118
32,9,178,-32.9045
21,0,175,-32.84
22,0,167,-32.976
25,0,173,-32.9538
53,0,174,-32.9195
33,0,174,-32.592
40,0,205,-32.7415
39,0,161,-32.9876
40,2,152,-32.8816
37,0,167,-32.8623
25,0,176,-32.8523
30,0,167,-33
32,0,176,-32.9148
60,0,168,-32.7917
29,0,164,-32.8415
44,0,198,-32.8485
47,0,165,-32.8061
26,0,175,-32.8629
28,0,180,-32.8056
25,0,177,-32.9096
58,0,186,-32.5645
30,0,165,-32.9697
33,0,174,-32.9425
63,5,190,-32.0947
49,0,159,-32.5975
38,0,176,-32.9886
61,0,185,-32.7568
31,0,165,-32.8485
51,0,166,-32.5783
36,0,169,-32.7396
31,0,176,-32.8011
34,0,152,-32.2961
47,0,168,-32.8393
34,0,167,-32.982
44,0,186,-32.7043
27,0,155,-32.8774
35,0,156,-32.6346
52,0,184,-32.9457
48,0,182,-32.3901
25,0,189,-32.9894
50,0,226,-32.8363
76,0,180,-32.7111
41,0,177,-32.6271
56,0,192,-32.7969
35,0,165,-32.7333
39,0,157,-32.5541
48,8,155,-32.6258
40,2,159,-32.8365
56,0,168,-32.7321
57,0,184,-32.5761
47,0,159,-32.7296
46,0,166,-32.6627
37,0,179,-32.8939
41,0,178,-32.9438
44,0,160,-32.8438
42,0,174,-32.9885
41,0,184,-32.663
25,0,142,-32.5141
33,0,170,-32.9882
23,0,184,-32.8804
31,0,161,-32.9068
47,0,151,-32.5828
21,0,149,-32.9933
36,0,169,-32.9467
26,0,165,-32.897
20,0,179,-32.8715
22,0,168,-32.9167
28,0,179,-32.7151
23,0,183,-32.9563
26,0,167,-32.5449
28,0,165,-32.7515
44,0,166,-32.7229
27,0,168,-32.8631
33,0,193,-32.9275
41,0,161,-32.7081
43,0,170,-32.4118
39,0,169,-32.7041
49,0,190,-32.7211
25,0,139,-32.8993
28,0,183,-33
25,0,181,-33
35,0,165,-32.7818
31,0,175,-32.9143
59,0,191,-32.4712
27,0,171,-32.9708
33,0,176,-33
53,3,180,-32.7056
26,0,198,-32.8636
69,0,178,-32.073
51,0,185,-32.8324
42,0,150,-32.9
60,0,183,-32.4918
43,0,169,-32.9704
42,0,151,-32.7881
41,0,182,-32.6429
27,0,175,-32.9657
34,0,178,-32.809
50,0,169,-32.5621
27,0,173,-32.5954
33,0,187,-32.8503
26,0,169,-32.9408
44,0,176,-32.6761
47,0,165,-32.6485
24,0,177,-32.7627
61,0,184,-32.6685
33,0,179,-32.8324
43,0,165,-32.7091
21,0,194,-33
38,0,184,-32.9837
23,0,148,-32.9527
31,0,169,-32.9408
59,0,192,-32.526
31,0,148,-32.8311
36,0,163,-32.7362
31,0,191,-32.911
20,0,181,-33
49,0,183,-32.6995
46,0,204,-32.75
55,0,186,-32.6882
62,0,188,-32.5532
52,0,157,-32.9809
42,0,181,-32.8122
38,0,191,-32.7173
24,0,145,-32.7931
69,0,198,-32.6061
48,0,181,-32.6133
26,0,166,-32.7711
29,0,157,-32.8854
30,0,181,-32.8674
71,0,184,-32.0978
21,0,170,-32.8765
41,0,173,-32.6994
27,0,184,-32.5054
40,0,147,-32.7687
20,0,87,-32.9885
41,0,171,-32.7544
34,0,117,-33
47,0,190,-32.9105
49,0,170,-32.9412
68,0,206,-32.4854
34,0,164,-32.7988
38,0,173,-32.8035
47,0,92,-31.6196
60,0,170,-32.7471
34,0,170,-32.5706
38,0,175,-32.6857
45,0,154,-32.6818
39,0,165,-32.2061
51,0,180,-32.8056
47,0,162,-32.6173
43,0,188,-32.8989
29,0,153,-32.9739
58,0,158,-31.9367
36,0,167,-32.7844
52,0,171,-32.6491
38,0,188,-32.6809
56,0,173,-32.5318
72,0,187,-32.3155
21,0,150,-32.9667
43,0,147,-32.4218
48,0,180,-32.4556
36,0,178,-32.8876
46,0,158,-31.9114
25,0,175,-32.3657
47,0,194,-32.7113
45,0,155,-32.8581
30,0,93,-32.6774
24,0,154,-32.7922
32,0,181,-32.7238
32,0,165,-32.9455
56,0,156,-31.9103
45,0,155,-32.7484
55,0,178,-32.4663
27,0,160,-32.9312
43,0,197,-32.7817
39,0,178,-32.7472
48,0,169,-32.8166
48,0,168,-32.5536
40,0,179,-32.7207
41,0,164,-32.8537
45,0,160,-32.7437
44,0,176,-32.8864
30,0,156,-32.859
48,0,137,-32.4015
52,0,179,-32.4358
44,0,192,-32.9323
37,0,159,-32.8616
64,0,199,-32.4221
48,0,179,-32.5698
47,0,165,-32.9697
24,0,155,-32.9355
42,0,163,-32.7669
55,0,173,-32.8092
42,0,167,-32.8443
28,0,168,-32.5536
53,0,191,-32.1152
30,0,168,-32.8155
43,0,169,-32.6627
49,0,177,-32.8079
52,0,168,-32.4702
54,0,162,-32.1358
61,0,176,-32.8409
44,0,144,-32.7014
42,0,157,-32.6561
49,0,177,-32.6497
51,0,184,-32.6141
63,0,195,-32.4513
48,0,148,-32.6689
58,0,176,-32.2443
34,0,188,-32.8138
58,0,365,-32.8247
36,0,159,-32.4528
32,0,155,-32.9613
46,0,170,-32.4824
33,0,168,-32.8393
39,0,167,-32.7305
45,0,106,-32.4906
48,0,169,-32.5562
36,0,184,-32.9022
51,0,177,-32.4802
59,0,177,-32.5085
66,0,187,-32.5027
29,0,162,-32.5926
47,0,158,-32.3038
40,0,189,-32.9206
28,0,173,-32.9653
34,0,157,-32.9682
41,0,186,-32.8602
28,0,166,-33
41,0,176,-32.733
45,0,144,-32.9583
32,0,174,-32.6897
32,0,155,-32.8387
27,0,167,-32.8922
63,0,171,-32.4094
53,0,162,-32.6543
48,0,188,-32.5106
27,0,175,-32.8914
61,0,185,-32.2216
39,0,199,-32.7085
52,0,202,-32.5743
53,0,198,-32.2727
57,0,175,-32.4629
36,0,168,-32.4821
36,0,193,-32.9067
47,0,168,-32.5119
45,0,175,-32.7543
56,0,205,-32.6976
35,0,166,-32.8976
27,0,163,-32.8957
46,0,177,-32.7401
53,0,182,-32.6978
29,0,176,-32.8068
31,0,156,-32.8974
44,0,167,-32.7784
49,0,166,-32.6988
41,0,181,-32.7956
32,0,172,-33
31,0,168,-32.8988
43,0,172,-32.9419
33,0,184,-32.9565
30,0,175,-32.9143
49,0,157,-32.9618
29,0,171,-32.7485
20,0,162,-32.7654
23,0,173,-32.9884
20,0,193,-32.9741
28,0,184,-32.8696
38,0,165,-32.8848
45,0,176,-32.9261
28,0,169,-32.7929
42,0,165,-32.8424
40,0,180,-32.7889
37,0,155,-32.8968
34,0,172,-33
24,0,187,-32.8235
22,0,171,-32.924
54,0,163,-32.2883
43,0,204,-32.9412
28,0,149,-32.7785
37,0,193,-32.9637
22,0,149,-32.8792
28,0,170,-32.8235
22,0,161,-33
33,0,176,-32.5398
56,0,179,-32.5754
65,0,175,-32.68
42,0,163,-32.7607
51,0,208,-32.6827
27,0,174,-32.7471
38,0,177,-32.887
38,0,166,-32.9337
29,0,149,-33
55,0,181,-32.8729
33,0,155,-32.6968
50,0,162,-32.9321
55,0,181,-32.6519
63,0,201,-32.5721
30,0,204,-32.8235
42,0,166,-32.8554
34,0,172,-32.8023
58,0,169,-32.3195
34,0,165,-32.8667
45,0,168,-32.875
44,0,180,-32.65
36,0,155,-32.9097
30,0,191,-32.9372
48,0,182,-32.5769
49,0,192,-32.5625
38,0,172,-32.9767
36,0,164,-32.3354
53,0,168,-32.5357
28,0,163,-32.9141
35,0,168,-32.6786
26,0,153,-32.7908
23,0,152,-32.7368
47,0,170,-32.5412
58,0,184,-32.5543
36,0,179,-32.6369
53,0,179,-32.5531
51,0,172,-32.5291
42,0,164,-32.7012
46,0,191,-32.6911
22,0,161,-33
29,0,190,-32.8
48,0,190,-32.7368
27,0,165,-32.6667
59,0,193,-32.456
35,0,253,-32.8854
44,0,172,-32.4709
21,0,170,-32.9824
56,0,160,-32.7188
62,0,195,-32.7231
38,0,179,-32.9777
34,0,168,-32.4881
65,0,174,-32.4425
33,0,178,-32.7303
36,0,172,-32.5349
46,0,196,-32.7908
29,0,176,-32.9375
36,0,160,-32.7188
46,0,193,-32.9482
34,0,189,-32.6138
21,0,135,-32.4741
55,0,179,-32.6816
27,0,187,-33
36,0,91,-31.978
28,0,194,-32.9227
26,0,176,-32.8977
44,0,186,-32.8118
45,0,170,-32.8824
35,0,189,-32.7778
38,0,179,-32.5531
34,0,167,-32.6766
34,0,164,-32.8963
33,0,177,-32.9492
25,0,176,-33
58,0,200,-32.66
33,0,180,-32.5722
28,0,152,-32.6776
51,0,176,-32.6591
26,0,174,-32.9483
45,0,160,-32.6063
51,0,194,-32.6031
26,0,167,-32.7066
29,0,120,-32.9667
58,0,152,-32.5526
24,0,179,-33
28,2,158,-32.8797
67,7,171,-32.4094
23,3,150,-32.6933
67,33,191,-32.377
42,2,194,-32.866
30,0,194,-32.732
21,0,132,-32.8258
39,0,186,-32.8817
37,2,174,-32.6782
27,2,187,-32.6524
41,0,191,-32.8691
37,3,181,-32.6243
45,2,190,-32.6579
58,4,188,-32.4255
32,0,177,-32.8644
23,1,142,-32.8803
22,0,174,-32.8333
25,1,182,-32.8571
24,0,146,-32.8493
35,5,157,-32.6051
48,6,170,-31.9941
25,2,200,-32.995
48,2,179,-32.4302
32,1,201,-32.8657
41,3,184,-32.8804
41,0,164,-32.7866
22,2,169,-33
40,6,165,-32.6727
61,9,174,-32.3161
30,0,178,-32.7584
29,1,177,-32.887
20,0,195,-32.9282
38,17,151,-32.8212
31,2,167,-32.8802
31,1,179,-32.8101
53,4,204,-32.4755
29,2,189,-32.6561
55,9,195,-32.6718
42,2,202,-32.604
33,2,179,-32.9888
35,0,176,-32.7557
44,0,181,-32.4696
59,0,179,-32.1508
41,0,155,-32.5613
29,0,176,-32.8239
38,0,193,-32.9171
30,0,194,-32.5619
37,0,202,-32.896
30,0,167,-32.9222
67,0,170,-32.8059
40,0,163,-32.7423
35,0,185,-32.6595
32,0,181,-32.8122
24,0,179,-32.9497
36,0,314,-32.8344
23,0,179,-32.9944
24,0,170,-32.4941
34,0,160,-32.7812
33,0,175,-32.8114
62,0,181,-32.4807
53,0,183,-32.2842
32,0,178,-32.736
26,0,143,-32.7273
24,0,165,-32.9576
31,0,197,-32.6853
58,0,175,-32.2229
43,0,159,-32.7358
35,0,191,-32.7435
54,0,186,-32.6774
37,0,160,-32.5938
55,0,200,-32.765
24,0,173,-32.9653
32,0,191,-32.8848
21,0,148,-32.8041
32,0,173,-32.8497
48,0,155,-32.7677
49,0,180,-32.9222
47,2,164,-32.8293
60,0,186,-32.2581
21,0,104,-33
36,2,194,-32.8814
21,0,191,-32.712
32,0,163,-32.773
45,0,174,-32.9023
40,0,201,-32.9502
43,0,175,-32.5029
30,0,200,-32.895
48,0,186,-32.6183
32,0,171,-32.7076
23,0,163,-33
61,2,179,-32.1899
43,0,157,-32.7389
48,0,191,-32.4607
31,0,183,-32.8087
21,0,180,-32.9833
48,0,186,-32.8548
48,0,177,-32.3898
42,0,204,-32.7402
36,0,183,-32.6995
32,0,164,-32.872
47,14,176,-32.9375
30,0,183,-32.929
33,3,179,-32.9106
28,0,174,-32.908
21,0,168,-32.7619
33,0,165,-32.9333
38,2,146,-32.6712
23,0,187,-32.7914
63,3,244,-32.4016
26,0,166,-32.6145
25,0,170,-32.9235
27,0,168,-32.9821
41,0,173,-32.8671
35,0,170,-32.7824
36,0,103,-32.3398
52,0,167,-32.6766
26,0,164,-32.9695
38,0,196,-32.7959
37,0,198,-32.7475
52,3,165,-32.497
46,0,177,-32.6554
53,0,183,-32.7486
40,0,185,-32.7189
27,1,192,-32.9167
30,0,154,-32.7922
36,2,180,-32.8278
37,0,190,-32.8158
48,0,156,-32.5513
24,0,180,-32.9056
39,0,188,-32.8351
45,0,183,-32.6011
21,0,178,-33
25,0,135,-33
56,0,178,-32.5393
26,0,192,-32.8333
22,0,180,-32.8944
25,0,156,-32.8782
32,0,157,-32.8726
30,0,166,-32.994
30,0,165,-32.703
32,7,208,-33
22,3,183,-32.8689
23,0,157,-32.9045
51,14,171,-32.4503
27,0,153,-32.8431
53,3,182,-32.6703
27,0,196,-32.852
21,1,169,-32.9763
55,3,188,-32.4787
34,5,188,-32.9521
21,0,182,-32.978
24,0,174,-32.9195
27,0,178,-32.9775
41,0,164,-32.7927
24,0,166,-32.9337
45,8,174,-32.6897
30,2,204,-32.9216
56,5,187,-32.7059
47,5,164,-32.6524
49,4,188,-32.6862
26,0,159,-32.8742
31,2,198,-32.9596
50,0,201,-32.7512
65,6,176,-32.1364
26,0,169,-32.9112
24,2,175,-32.9029
50,2,169,-31.7396
56,0,181,-32.3757
35,0,154,-32.8636
29,0,198,-32.7879
29,2,169,-32.9349
39,15,158,-32.1772
40,1,172,-32.8488
35,3,187,-32.7968
31,0,164,-32.9634
59,5,177,-32.4068
26,2,178,-33
46,0,185,-32.5838
54,4,173,-32.8902
25,0,190,-32.9684
47,24,211,-32.9953
25,2,206,-32.9951
25,3,202,-32.9554
22,0,158,-32.9937
34,0,195,-32.7949
21,0,163,-32.9877
46,2,187,-32.9412
30,1,182,-32.7857
26,0,186,-32.7151
21,0,183,-32.8197
27,0,175,-32.9657
43,0,202,-32.7921
35,0,182,-32.5824
53,0,185,-32.6378
61,2,174,-32.0805
31,0,185,-32.9081
23,0,164,-32.6951
39,1,166,-32.7831
27,1,162,-33
34,0,163,-32.7975
41,2,148,-32.6081
67,3,193,-32.7254
52,2,184,-32.837
51,3,180,-32.5778
46,2,185,-32.4378
58,0,168,-32.375
49,3,187,-32.4064
57,4,167,-32.7844
48,0,169,-32.3964
34,0,174,-32.7874
26,0,191,-32.8901
39,0,177,-32.8644
26,0,157,-33
49,0,171,-32.7368
54,0,155,-32.5613
42,2,167,-32.6168
37,0,145,-32.8345
51,0,99,-32.1919
29,1,173,-32.9422
20,0,155,-32.9484
30,0,167,-32.2874
41,0,168,-32.7857
29,0,182,-32.8297
23,0,142,-32.6268
25,0,186,-32.9355
47,2,179,-32.7877
38,0,175,-32.7714
34,7,152,-32.5921
29,0,197,-32.6802
44,0,186,-32.9086
31,0,171,-32.8596
31,0,187,-32.8556
33,1,173,-32.7514
27,0,161,-32.9938
29,0,164,-32.8537
45,0,168,-32.9107
35,2,188,-32.9628
39,0,172,-32.6512
30,0,166,-32.9398
24,0,196,-32.8469
26,1,181,-32.895
24,0,148,-32.9595
24,0,166,-33
36,1,168,-33
29,0,177,-32.8192
23,0,175,-33
22,0,131,-32.9771
24,0,160,-32.9688
43,3,176,-32.6648
41,3,180,-32.75
31,3,182,-32.8407
30,0,189,-32.9312
25,1,165,-32.8485
29,3,172,-32.9535
45,0,170,-32.7941
30,0,173,-32.9191
38,3,159,-32.9245
40,3,173,-32.7225
32,0,186,-32.7903
25,2,155,-32.929
44,2,159,-32.5535
31,2,172,-32.6395
38,5,147,-32.3605
39,0,170,-32.6941
39,0,170,-32.8588
43,0,209,-32.6459
24,0,182,-33
29,0,172,-32.9884
33,0,150,-32.8467
48,0,174,-32.7816
45,0,164,-32.8049
37,0,181,-32.7845
39,0,160,-32.875
37,0,156,-32.7949
37,0,161,-32.8261
28,0,180,-32.9056
32,0,176,-32.9318
26,0,161,-32.913
26,0,184,-32.7554
24,0,166,-32.9398
33,0,161,-32.5155
26,0,161,-32.7391
46,0,180,-32.7167
25,0,176,-32.9205
34,5,177,-33
25,0,163,-32.7975
26,0,179,-33
25,0,189,-32.836
28,2,180,-32.9833
31,0,185,-32.5892
26,2,165,-32.697
30,2,183,-32.9945
22,0,170,-32.9176
26,2,162,-32.963
27,0,169,-32.9172
23,0,153,-32.7712
22,0,173,-32.9942
20,0,166,-32.6627
34,0,181,-32.7569
23,2,181,-32.9392
23,1,195,-33
46,0,161,-32.2981
26,0,177,-32.7797
27,0,142,-32.7042
35,0,162,-32.5988
38,0,162,-32.9198
40,0,170,-32.7765
33,0,177,-32.8644
29,0,151,-32.6689
54,0,160,-32.45
21,0,178,-32.8539
31,0,174,-32.8448
22,0,169,-32.787
60,0,159,-32.5975
29,0,160,-32.975
44,0,176,-32.8409
37,0,185,-32.7784
22,0,158,-32.8608
32,0,167,-32.4611
32,0,162,-32.9691
29,0,170,-32.8176
27,0,166,-32.9639
42,0,322,-32.4068
52,0,193,-32.8238
24,0,160,-32.8188
53,0,156,-32.1538
40,0,164,-32.6402
36,0,177,-32.6893
34,0,148,-32.8176
28,0,165,-32.9879
28,0,141,-32.9362
26,0,202,-33
45,0,165,-32.5515
29,0,188,-32.7713
22,0,197,-32.9543
34,0,159,-32.7484
23,0,148,-32.9054
21,0,148,-32.973
28,0,135,-32.6222
25,0,158,-32.9367
36,0,167,-32.8982
22,0,173,-32.7457
27,0,164,-32.9878
64,0,182,-32.4176
49,0,177,-32.9322
54,0,174,-32.431
32,0,126,-32.7698
32,0,167,-32.7186
40,0,172,-32.8198
24,0,157,-32.8599
41,0,161,-32.7143
42,0,170,-32.5118
29,0,197,-32.9645
43,0,174,-32.7471
22,0,152,-32.8026
41,0,170,-32.6353
56,0,175,-32.4686
49,0,164,-32.4573
35,0,158,-32.7089
38,0,162,-32.9444
40,0,146,-32.7123
31,0,170,-32.7294
27,0,176,-32.8977
27,0,155,-32.6516
40,0,176,-33
31,0,154,-32.7273
43,0,156,-32.7949
29,0,136,-32.7132
42,0,159,-32.9623
22,0,182,-32.978
24,0,151,-32.9205
20,0,156,-32.6731
30,0,161,-32.8571
38,0,162,-32.7901
21,0,84,-33
29,2,151,-32.4702
36,0,166,-32.4277
35,0,175,-32.6343
54,0,160,-32.425
48,0,153,-32.6471
52,0,178,-32.764
44,0,166,-32.9096
32,0,179,-32.5922
38,0,156,-32.7564
44,0,165,-32.6303
30,1,159,-32.805
31,0,164,-32.7683
40,0,188,-32.867
41,0,174,-32.6092
53,0,182,-32.6374
58,0,177,-32.3559
53,2,167,-32.5868
43,0,183,-32.6393
38,0,165,-32.4121
26,1,182,-32.8516
42,0,159,-32.3396
54,0,181,-32.5691
53,3,169,-32.4379
56,0,186,-32.6505
37,0,171,-32.6023
46,0,160,-32.8312
55,0,158,-32.7089
33,0,165,-32.9333
50,2,159,-32.4151
32,2,160,-32.6313
39,2,155,-33
41,0,183,-32.5574
27,0,181,-32.8232
51,3,172,-32.4535
44,0,153,-32.6209
50,2,176,-32.625
39,0,195,-32.9897
54,0,190,-32.7053
23,0,146,-32.9726
22,0,165,-32.7394
43,0,179,-32.7374
43,0,160,-32.3875
38,0,184,-32.9837
38,0,182,-32.9121
23,1,170,-32.6588
28,0,173,-32.9364
31,0,142,-32.8169
38,7,155,-32.4903
30,1,191,-33
39,10,151,-32.4437
33,2,164,-32.878
25,3,165,-32.6182
28,0,174,-32.6437
42,0,158,-32.6329
27,0,174,-32.9885
23,0,149,-32.4899
45,0,172,-32.8721
32,0,168,-32.8452
24,0,168,-32.8333
21,0,158,-32.9557
38,0,164,-32.7866
35,0,148,-32.9865
31,0,180,-32.7167
42,0,163,-32.5399
40,0,177,-32.6271
43,0,155,-32.6258
33,0,177,-32.9605
33,0,160,-32.9688
29,0,171,-32.7778
36,0,180,-32.7
42,0,163,-32.5706
28,0,148,-32.723
32,0,157,-32.8408
23,0,166,-32.8494
52,0,167,-32.8982
38,0,173,-32.4798
28,0,161,-32.9441
33,0,154,-32.8442
42,0,167,-32.7904
35,0,164,-32.9329
21,0,143,-32.9161
29,0,143,-32.5734
39,0,149,-32.5705
28,0,161,-32.9814
44,0,156,-32.3846
23,0,179,-32.7654
36,0,177,-32.8362
33,0,185,-32.9568
29,0,169,-32.9112
24,0,181,-32.7845
45,0,171,-32.8889
45,0,151,-32.8874
32,0,176,-32.9091
24,0,182,-32.7747
29,0,168,-32.9583
27,0,186,-32.8065
45,0,185,-32.8703
40,0,174,-32.8621
33,0,170,-32.5647
39,0,164,-32.6463
45,0,164,-32.622
28,0,172,-32.9767
36,0,191,-32.9058
27,0,178,-32.9944
27,0,146,-32.7603
36,0,170,-32.6706
42,0,164,-32.5793
32,0,166,-32.9217
32,0,155,-32.9419
41,0,153,-32.7582
27,0,158,-32.6709
43,0,188,-32.6649
51,0,163,-32.5031
31,0,200,-32.73
35,0,184,-32.3152
38,0,162,-32.4691
26,0,165,-32.8909
37,0,199,-32.809
30,0,155,-32.8903
34,0,158,-32.9367
38,0,147,-32.5442
34,0,166,-32.7651
34,0,161,-32.5714
63,0,180,-32.8389
33,0,153,-32.9412
23,0,160,-32.8625
35,0,166,-32.8012
31,0,169,-32.9053
21,0,155,-32.9355
43,0,184,-32.7011
46,0,159,-32.7044
33,0,182,-32.9066
57,0,171,-32.2982
26,0,147,-32.9796
32,0,171,-32.8129
34,0,180,-32.8889
35,0,162,-32.8025
40,0,160,-32.7437
29,0,158,-32.5886
44,0,164,-32.8171
32,0,179,-32.9832
30,0,160,-32.4937
32,0,164,-32.9756
24,0,181,-33
37,0,193,-32.7824
46,0,175,-32.4057
26,3,170,-32.9353
28,0,160,-32.925
22,0,186,-32.8656
25,0,154,-32.9545
38,0,167,-32.8204
22,0,148,-32.9595
31,0,166,-32.9639
36,0,181,-32.7017
28,0,160,-32.8188
26,2,160,-32.875
35,0,117,-32.5128
28,0,193,-32.9689
29,0,176,-32.9375
35,0,179,-32.9777
26,0,140,-32.9214
20,0,174,-32.9828
21,0,334,-32.985
21,0,176,-32.9943
24,0,167,-32.9281
24,0,163,-32.9264
36,0,170,-32.9294
43,0,171,-32.9415
32,0,170,-32.9824
39,0,168,-32.5179
45,0,160,-32.5812
32,0,148,-32.7703
23,0,171,-32.924
49,2,165,-32.4424
54,4,184,-32.5978
51,0,147,-32.7279
63,0,192,-32.3906
37,0,173,-32.4682
58,0,166,-32.506
28,0,199,-32.8291
28,0,176,-32.5909
27,0,158,-33
46,0,141,-32.6809
51,0,170,-32.5471
45,0,164,-32.6768
42,0,158,-32.7532
31,0,160,-32.9562
37,0,165,-32.7455
26,0,165,-32.9333
36,0,173,-32.9133
35,0,178,-32.8371
50,0,189,-32.4286
35,0,169,-32.7751
24,0,167,-32.7365
57,0,165,-32.4909
41,0,147,-32.8299
34,0,171,-32.9766
37,0,180,-32.8111
51,0,165,-32.2121
34,0,159,-32.8491
21,0,161,-32.7267
42,0,167,-32.7964
41,0,174,-32.9425
59,0,175,-32.7543
27,0,143,-32.958
45,0,88,-32.7159
36,0,148,-32.9122
48,0,170,-32.7353
37,0,158,-32.7468
29,0,169,-32.7456
32,0,162,-32.7346
41,0,200,-32.93
25,0,148,-32.9392
36,0,152,-32.6053
42,0,188,-32.7021
22,0,170,-32.9941
41,0,177,-32.8644
49,0,177,-32.7062
63,0,171,-32.3392
66,0,165,-32.303
53,0,154,-32.8117
71,0,162,-32.4691
48,0,171,-32.3567
47,0,186,-32.7849
53,0,185,-32.6811
33,0,181,-32.8508
66,0,182,-32.3901
59,0,89,-31.764
49,0,145,-32.4069
26,0,161,-32.9627
69,0,186,-32.6559
49,0,162,-32.3025
63,0,185,-32.1784
59,0,185,-32.8865
22,0,146,-32.8562
28,0,146,-32.8356
65,0,178,-32.6011
73,0,161,-32.6087
68,0,169,-32.3669
26,0,175,-32.8571
50,0,184,-32.6141
41,0,182,-32.8626
32,0,202,-32.604
41,0,181,-32.895
36,0,209,-32.2344
47,0,171,-32.8363
75,0,200,-32.38
48,0,172,-32.9012
56,0,94,-31.9468
39,0,203,-32.7438
22,0,147,-32.8435
54,0,171,-32.5906
42,0,172,-32.8256
61,0,163,-32.6748
62,0,182,-32.0549
27,0,149,-33
38,0,184,-32.8533
30,0,169,-32.8994
46,0,121,-32.6777
33,0,164,-32.7134
39,0,163,-32.5706
65,0,176,-31.6818
50,0,161,-32.8882
27,0,166,-32.9639
38,0,135,-32.6741
27,0,178,-32.9382
41,0,171,-32.9766
20,0,161,-32.9689
31,0,175,-33
36,0,187,-32.7807
65,0,166,-32.3434
53,0,171,-32.3743
24,0,143,-32.951
40,0,164,-32.5183
40,0,179,-32.8324
48,0,173,-32.6879
32,0,174,-32.9598
30,0,141,-32.8014
48,0,152,-32.6974
49,0,182,-32.533
35,0,156,-32.7244
53,0,171,-32.2573
35,0,161,-32.8571
44,0,169,-32.6036
59,0,168,-31.6786
25,0,171,-32.9649
42,0,164,-32.9207
73,0,173,-32.2659
51,0,145,-32.4552
48,0,189,-32.4656
55,0,172,-32.2965
32,0,168,-32.994
45,0,163,-32.8712
39,0,342,-32.769
42,0,157,-32.7834
49,0,185,-32.2919
31,0,175,-32.7886
44,0,168,-32.4405
62,0,172,-32.3256
38,0,180,-32.6556
26,0,177,-32.8362
50,0,171,-32.5906
22,0,151,-32.6358
49,0,189,-32.672
68,0,167,-32.1796
44,0,147,-32.898
43,0,163,-32.5337
36,0,137,-32.9927
44,0,172,-33
37,0,162,-32.6667
40,0,178,-32.6348
36,0,163,-32.8405
39,0,163,-32.8344
27,0,140,-33
45,0,167,-32.4611
54,0,153,-32.3399
33,0,164,-32.7012
49,0,174,-32.2299
28,0,175,-32.7943
44,0,180,-32.8167
49,0,182,-32.8077
39,0,168,-32.5179
50,0,185,-32.8162
35,0,159,-32.8365
69,0,176,-32.4773
62,0,167,-32.1796
38,0,145,-32.6414
73,0,177,-32.5028
35,0,170,-32.6824
31,0,154,-32.9221
43,0,186,-32.8172
29,0,159,-32.9748
38,0,150,-33
47,0,173,-32.711
35,0,144,-33
52,0,175,-32.2286
40,0,149,-32.1544
62,0,171,-32.2456
44,0,186,-32.6935
33,0,153,-33
61,0,178,-32.1404
47,0,174,-32.6839
72,0,178,-32.1798
34,0,183,-32.9945
52,0,198,-32.8788
66,0,185,-32.3838
45,0,180,-32.1278
36,0,165,-32.5576
42,0,157,-32.8535
56,0,176,-32.5
77,0,171,-32.6667
65,0,180,-32.5
35,0,164,-32.6463
70,0,191,-32.1309
37,0,133,-32.8421
99,0,189,-31.8995
50,0,156,-32.4423
65,0,181,-31.9945
41,0,158,-32.6392
35,0,192,-32.625
33,0,173,-32.1965
44,0,170,-32.9118
30,0,177,-32.8757
55,0,165,-32.4
45,0,155,-32.6
30,0,174,-32.8621
54,0,179,-32.6369
46,0,162,-31.5556
50,0,170,-32.4471
41,0,174,-32.5402
56,0,179,-32.838
63,0,193,-32.2073
53,0,169,-32.645
65,0,184,-32.5217
40,0,163,-32.8282
32,0,165,-33
54,0,165,-32.7152
27,0,114,-32.7632
62,0,187,-32.6684
62,0,181,-32.7017
50,0,166,-32.3253
37,0,190,-32.8895
64,0,173,-32.5145
31,0,184,-32.9946
61,0,173,-32.3988
24,0,171,-32.5439
49,0,182,-32.7912
30,0,157,-32.879
40,0,191,-32.7068
35,0,158,-32.7975
40,0,173,-32.9017
50,0,174,-32.7356
72,0,176,-31.9091
37,0,163,-32.9939
34,0,184,-32.712
37,0,162,-32.858
29,0,157,-32.9618
45,0,164,-32.561
47,0,157,-32.5223
40,0,162,-32.6728
54,0,167,-32.3413
42,0,148,-32.7027
40,0,172,-32.6163
22,0,145,-32.9379
61,0,150,-31.84
47,0,184,-32.9946
40,0,155,-32.7161
47,0,173,-32.7688
42,0,190,-32.4947
33,0,173,-32.6647
35,0,153,-33
37,0,180,-32.7556
43,0,157,-32.9299
64,0,172,-32.3372
29,0,169,-32.8639
64,0,177,-32.4802
48,0,170,-32.6176
54,0,179,-32.4525
39,0,183,-32.8033
38,0,176,-32.7159
30,0,153,-32.8824
48,0,173,-32.9306
59,0,187,-32.5294
38,0,169,-32.2722
40,0,155,-32.6065
32,0,172,-32.7616
38,0,167,-32.7725
39,0,205,-32.8585
44,0,156,-32.9487
30,0,152,-32.8684
37,0,143,-32.3986
47,0,171,-32.4211
26,0,164,-32.7134
45,0,152,-32.7895
33,0,158,-32.8861
41,0,186,-32.7849
22,0,168,-32.9762
29,0,177,-32.9718
45,0,183,-32.459
29,0,170,-32.7941
39,0,186,-32.6398
26,6,176,-32.0455
24,0,168,-32.9821
25,0,166,-33
27,0,151,-32.5894
53,0,164,-32.4817
30,0,106,-32.7075
35,0,173,-32.7746
63,0,164,-32.2012
48,0,182,-32.511
49,0,155,-32.7613
43,0,104,-32.5673
27,0,174,-32.8793
36,0,189,-32.9577
33,0,164,-32.8537
36,0,177,-32.6215
50,0,158,-32.3418
37,0,159,-32.6918
53,0,186,-32.6882
50,0,169,-32.4083
55,0,162,-32.5
39,0,175,-32.7543
40,0,165,-32.9394
23,0,178,-33
26,0,168,-32.9702
36,0,172,-32.9651
49,2,185,-32.7838
46,0,161,-32.7329
30,0,167,-32.994
26,0,158,-32.9367
25,0,165,-32.8606
51,0,185,-32.6757
45,0,172,-32.8837
41,0,152,-32.7303
58,0,167,-32.5928
21,0,135,-32.8741
55,0,183,-32.541
59,0,188,-32.5479
36,0,171,-32.7953
29,0,200,-32.955
45,0,174,-32.9138
22,0,184,-32.9022
49,0,190,-32.7053
38,0,176,-32.6193
39,0,190,-32.5737
36,0,157,-32.6561
57,0,151,-32.6954
64,0,178,-32.1854
49,0,159,-32.5031
31,0,154,-32.8961
24,0,153,-32.732
50,0,163,-32.7791
35,0,162,-32.3765
36,0,202,-32.5347
32,0,154,-32.7013
22,0,157,-32.9873
22,0,162,-32.9753
25,0,165,-32.7273
25,1,113,-32.9646
39,0,205,-32.8829
31,2,154,-32.7727
33,0,171,-32.9357
40,0,174,-32.5805
33,0,138,-32.7536
43,0,154,-32.5909
27,0,157,-32.8599
47,0,177,-32.8588
31,2,155,-32.9935
44,2,162,-32.537
30,0,92,-32.7609
30,0,169,-32.7278
31,0,190,-32.9474
20,0,185,-32.8
21,0,159,-32.8176
44,0,165,-32.9152
29,0,135,-32.7407
44,0,174,-32.546
25,0,166,-32.9277
32,0,172,-32.9302
30,0,205,-32.8341
41,0,246,-32.9228
29,1,174,-32.9943
26,0,172,-32.9477
32,2,180,-33
49,0,171,-32.7895
49,0,177,-32.5763
46,0,160,-32.5938
25,0,150,-32.9667
34,2,186,-32.9624
44,0,163,-32.6871
28,1,188,-32.8723
39,0,177,-32.904
25,0,187,-32.7701
45,0,182,-32.9286
45,0,184,-32.625
32,0,183,-32.8743
31,0,173,-32.659
33,0,164,-32.8841
25,0,166,-32.8855
22,0,168,-33
74,0,178,-32.3989
48,0,173,-32.6243
50,0,156,-32.4679
20,0,187,-32.6684
39,0,184,-32.7283
47,0,152,-32.5461
40,0,172,-32.8372
38,0,157,-32.0318
44,0,157,-32.8089
44,0,189,-32.6349
37,0,180,-32.8722
33,0,185,-32.8649
46,0,165,-32.7515
28,0,155,-32.8903
25,1,164,-32.6646
36,0,161,-32.6832
29,0,181,-32.9337
31,0,188,-32.8457
25,0,178,-33
23,0,186,-32.9892
24,0,173,-32.9595
33,0,211,-32.8341
31,0,186,-32.9785
38,0,154,-32.7597
22,0,187,-32.9037
28,0,165,-32.7636
49,0,188,-32.6755
28,0,164,-32.7561
40,0,137,-32.8102
56,0,173,-32.7514
26,0,331,-32.9547
65,0,184,-32.8261
26,0,165,-32.9333
32,0,190,-32.6632
54,0,176,-32.9318
42,0,180,-32.7333
53,0,169,-32.6272
38,0,167,-32.8443
34,0,194,-32.9124
44,0,181,-32.5856
25,0,168,-32.9524
56,0,173,-32.6069
35,0,169,-32.8521
33,0,193,-32.6736
26,0,138,-32.8551
26,0,165,-32.697
30,0,131,-32.855
32,0,168,-32.7917
32,0,178,-32.8933
51,0,170,-32.8353
53,0,180,-32.7333
35,0,185,-32.6919
67,0,179,-32.7654
58,0,169,-32.4675
25,0,172,-32.7907
37,0,167,-32.8922
35,0,168,-32.7857
23,0,128,-33
39,0,179,-32.7765
29,0,149,-32.8926
20,0,149,-32.8859
27,0,170,-32.9765
60,0,176,-32.6875
37,0,172,-32.343
37,0,154,-32.2727
31,0,178,-32.9101
39,0,183,-32.5301
24,0,173,-32.9538
54,0,173,-32.9017
45,0,169,-32.8757
34,0,147,-32.8367
45,0,169,-32.5148
33,0,174,-32.8161
33,0,164,-32.7988
66,0,186,-32.7258
35,0,173,-32.7977
24,0,169,-32.7811
59,0,175,-32.5143
64,0,175,-32.3886
31,0,173,-32.9191
27,0,166,-32.9157
36,0,177,-32.9209
36,0,230,-32.8391
34,0,184,-32.6957
46,0,144,-32.7153
51,0,98,-32.1531
61,0,170,-32.4235
33,0,162,-32.6667
34,0,183,-32.7923
32,0,186,-32.9839
38,0,155,-32.729
52,0,195,-32.8974
41,0,168,-32.8333
39,0,224,-32.9955
22,0,167,-33
29,0,172,-32.8314
32,4,212,-32.6179
46,0,180,-32.7778
39,0,187,-32.5829
37,0,179,-32.8156
33,0,91,-32.9451
30,0,166,-32.8614
28,0,180,-32.7833
41,0,158,-32.8734
45,0,164,-32.9756
29,0,164,-32.7866
52,0,170,-32.4294
37,0,159,-32.7736
28,0,164,-32.9512
38,0,188,-33
33,0,156,-32.7821
42,0,186,-32.8333
57,0,165,-32.5636
57,0,174,-32.3103
42,0,180,-32.6333
28,0,161,-32.8447
51,0,166,-32.8855
38,0,161,-32.7267
21,0,191,-32.9843
69,0,178,-32.4551
28,0,168,-32.9107
28,0,166,-32.9819
27,0,92,-32.5217
45,0,163,-32.8221
37,0,163,-32.6442
50,0,158,-32.3291
26,0,157,-32.7962
46,0,170,-32.7294
34,0,170,-32.7941
53,0,171,-32.538
32,0,171,-32.8772
35,0,179,-32.8045
20,0,159,-33
20,0,147,-32.9524
51,0,176,-32.8011
70,0,179,-32.3128
45,0,184,-32.587
32,0,173,-32.8728
59,0,187,-32.5829
66,0,199,-32.6985
34,0,149,-32.8054
53,0,166,-32.6084
46,0,173,-32.5896
35,0,149,-32.6644
34,0,151,-32.9007
31,0,82,-32.7195
56,0,178,-32.5506
35,0,164,-32.7256
56,0,167,-32.6647
33,0,164,-32.9878
38,0,169,-32.7929
52,0,167,-32.5868
29,0,145,-32.8207
42,0,171,-32.9474
29,0,157,-32.9873
48,0,180,-32.9278
42,0,192,-32.7969
52,0,182,-32.7582
39,0,189,-32.6667
50,0,171,-32.4269
24,0,164,-32.9024
46,0,176,-32.6648
47,0,180,-32.4722
53,0,156,-32.891
36,0,170,-32.8176
26,0,185,-32.9351
47,0,167,-32.5928
51,0,196,-32.7653
35,0,168,-32.9643
30,0,156,-32.9679
22,0,148,-32.9865
50,0,174,-32.8046
25,0,166,-32.7892
34,0,173,-32.7457
51,0,196,-32.7857
42,0,166,-32.9036
28,0,167,-32.8922
29,0,182,-32.8407
28,0,193,-32.8497
41,0,165,-32.4545
43,0,160,-31.95
37,0,155,-32.9097
28,0,161,-32.8758
36,0,164,-32.8171
32,0,162,-32.7901
49,0,194,-32.8557
36,0,163,-32.4969
47,0,156,-32.7692
36,0,311,-32.8424
41,0,169,-32.6686
53,0,175,-32.4629
32,0,155,-32.7677
47,0,174,-32.7701
55,0,153,-32.8693
28,0,171,-32.9591
31,1,168,-33
43,0,180,-32.9889
25,2,171,-32.731
48,0,191,-32.3194
28,0,174,-32.8391
26,0,147,-32.7007
40,0,163,-32.5153
46,0,174,-32.523
50,2,186,-32.8925
53,0,180,-32.8222
28,0,177,-32.9492
35,0,176,-32.8977
60,0,181,-32.5414
30,2,94,-33
34,0,173,-32.8728
20,0,148,-32.8581
31,0,193,-32.9171
31,2,169,-32.9822
34,0,163,-32.9264
62,0,178,-32.3146
47,2,166,-32.7711
33,0,166,-32.9217
52,0,174,-32.3276
26,0,163,-32.9509
37,1,188,-32.7713
31,0,153,-32.6013
41,5,146,-32.7329
35,2,148,-32.8649
39,0,192,-32.8958
32,0,186,-32.9624
35,0,157,-32.6815
32,0,170,-32.3353
24,2,164,-32.9024
34,0,172,-32.7965
25,2,154,-32.8961
26,0,153,-32.9412
62,0,178,-32.6517
26,1,177,-32.9435
35,3,128,-32.6172
53,0,192,-32.9115
30,0,179,-32.8715
45,0,182,-32.9505
48,0,176,-32.5568
44,2,166,-32.6747
31,0,178,-32.9888
56,3,178,-32.6011
43,0,170,-32.4941
50,0,182,-32.6868
38,3,161,-32.6584
42,0,151,-32.404
24,0,169,-32.8876
41,17,144,-32.5556
48,0,162,-32.7778
24,0,186,-32.9624
21,0,147,-32.8912
32,0,191,-32.9005
55,0,178,-32.4831
38,1,180,-32.6778
47,0,190,-32.6789
29,5,163,-32.8712
31,0,186,-32.7473
31,0,94,-32.5532
36,0,187,-32.7914
33,1,170,-32.8588
36,1,175,-32.8
33,0,166,-32.9699
21,0,177,-32.8814
29,0,153,-32.9804
36,0,177,-32.8644
27,0,174,-32.8851
30,1,173,-32.7919
41,0,297,-32.8552
27,1,187,-32.9305
23,0,180,-32.8333
24,0,157,-32.9873
24,0,161,-33
22,1,164,-32.9329
41,0,182,-32.7418
30,0,157,-32.9108
50,0,168,-32.381
33,0,167,-33
50,0,180,-32.4611
45,0,175,-32.8171
52,0,186,-32.4839
34,0,166,-32.5783
59,0,181,-32.7072
51,0,165,-32.5152
37,0,176,-32.3182
54,0,171,-32.3801
33,0,164,-32.7134
41,0,186,-32.4892
20,0,161,-32.9689
39,0,151,-32.8146
49,0,166,-32.9458
42,0,180,-33
37,0,173,-32.6705
61,0,183,-32.4372
34,0,166,-32.759
36,0,162,-32.8765
32,0,194,-32.799
34,0,167,-32.6108
25,0,191,-32.9058
27,0,162,-32.9506
24,0,202,-32.9307
28,0,171,-32.8012
32,0,173,-32.578
41,0,168,-32.5714
47,0,168,-32.4345
30,0,182,-32.7912
31,0,157,-32.9873
28,0,156,-32.7051
43,0,174,-32.7644
20,0,158,-32.7722
45,0,175,-32.8286
28,0,177,-32.8814
46,0,170,-32.4471
50,0,175,-32.7657
34,0,190,-32.9053
31,0,167,-32.9102
41,0,192,-32.7344
25,0,168,-32.9286
45,0,161,-32.7329
47,0,158,-32.8608
23,0,175,-32.72
46,0,169,-32.8225
24,0,128,-32.8203
40,0,176,-32.6818
23,0,207,-32.9903
41,0,175,-32.4686
32,0,187,-32.7968
41,0,183,-32.9781
26,0,178,-32.6798
51,0,176,-32.608
45,0,198,-32.7576
56,0,165,-32.1212
56,0,156,-32.4487
39,0,171,-32.6608
71,0,163,-31.9693
61,0,180,-32.5556
50,0,390,-32.4282
59,0,161,-32.3106
78,0,175,-32.7257
34,0,151,-32.8609
48,0,166,-32.6024
66,0,181,-32.547
34,0,166,-32.9217
47,0,170,-32.9588
22,0,160,-32.9625
61,0,174,-32.8333
62,0,172,-32.2558
43,0,161,-32.6149
62,0,166,-32.7229
77,0,202,-32.5495
56,0,170,-32.5294
45,0,172,-32.7791
67,0,166,-32.3072
76,0,176,-32.1023
51,0,177,-32.5989
48,0,178,-32.5393
24,0,136,-32.8015
56,0,170,-32.4647
63,0,174,-32.5747
42,0,178,-32.7247
72,0,179,-32.3073
49,0,186,-32.6935
66,0,169,-32.1065
51,0,165,-32.6182
59,0,170,-32.1941
33,0,169,-32.7041
37,0,166,-32.9096
35,0,172,-32.7267
52,0,173,-32.526
58,0,154,-32.7013
47,0,198,-32.7222
45,0,183,-32.7213
32,0,140,-32.7786
62,0,96,-32.3021
75,0,169,-32.0947
65,0,178,-32.7079
66,0,179,-32.3408
35,0,170,-32.7706
73,0,182,-32.5
79,0,175,-32.2457
52,0,171,-32.3158
58,0,184,-32.6141
32,0,177,-32.8531
73,0,179,-32.2402
30,0,146,-32.8767
35,0,161,-32.8261
38,0,166,-32.8313
61,0,170,-32.1235
54,0,198,-32.7828
56,0,163,-32.3681
80,0,174,-32.092
59,0,178,-32.809
66,0,166,-32.8072
39,0,185,-32.8324
42,0,169,-32.6568
53,0,183,-32.6995
39,0,172,-32.8779
62,0,185,-32.2541
43,0,156,-32.2821
61,0,182,-32.6154
22,0,144,-32.9792
40,0,178,-32.8371
27,0,157,-32.8471
51,0,176,-32.8636
29,0,179,-32.933
42,0,164,-32.8659
40,0,189,-32.8254
43,0,176,-32.625
50,0,183,-32.3825
48,0,187,-32.5989
52,0,176,-32.5795
39,0,179,-32.6816
55,0,172,-32.3547
44,0,193,-32.6528
34,0,184,-32.7935
53,0,157,-32.707
42,0,197,-32.8122
53,0,179,-32.2737
55,0,252,-32.7619
65,0,179,-32.4246
38,0,151,-32.9536
46,0,174,-32.7414
45,0,179,-32.5587
27,0,162,-32.9198
33,0,83,-32.3735
39,0,164,-32.872
58,0,171,-32.3158
45,0,195,-32.5436
46,0,167,-32.7904
40,0,172,-32.6802
44,0,174,-32.8161
36,0,164,-32.4451
61,0,176,-32.3239
62,0,177,-32.7062
37,0,148,-32.2703
41,0,170,-32.9059
57,0,161,-32.3602
30,0,141,-32.5248
42,0,163,-32.8405
41,0,174,-32.9655
51,0,162,-32.858
86,0,189,-32.2063
54,0,176,-32.4886
40,0,174,-32.9253
27,0,157,-32.8981
30,0,186,-32.7849
40,0,198,-32.8131
43,0,169,-32.929
28,0,193,-32.8135
40,0,160,-32.725
40,0,156,-32.4423
48,0,173,-32.6185
34,0,165,-32.7091
30,0,157,-33
29,0,159,-32.717
54,0,172,-32.5
57,0,177,-32.4915
60,0,152,-32.3816
46,0,157,-32.2739
69,0,170,-32.1353
58,0,188,-32.6277
41,0,181,-32.7735
71,0,185,-32.3081
41,0,165,-32.7455
41,0,171,-32.8129
32,0,165,-32.8364
51,0,178,-32.7753
39,0,147,-32.6667
64,0,171,-31.8538
30,0,182,-32.8736
27,0,158,-32.8671
32,0,179,-33
41,0,172,-32.7616
33,0,172,-32.7093
48,0,161,-32.2919
40,0,77,-32.6494
78,0,181,-32.2818
73,0,183,-32.2951
74,0,181,-32.2707
58,0,94,-32.4681
45,0,172,-32.3547
47,0,172,-32.8023
62,0,176,-32.3239
53,0,169,-32.3491
44,0,192,-32.6719
53,0,176,-32.5852
31,0,152,-32.9671
34,0,180,-32.9667
86,0,190,-32.1737
65,0,170,-31.6294
79,0,176,-32.1364
53,0,175,-32.2971
44,0,149,-32.7919
50,0,176,-32.5511
75,0,183,-32.2842
41,0,208,-32.851
42,0,184,-32.7174
83,0,177,-31.8588
51,0,168,-32.3333
30,0,175,-32.96
48,0,176,-32.6307
22,0,181,-32.8785
52,0,171,-32.5789
45,0,193,-32.9482
37,0,180,-32.2778
53,0,151,-32.3311
54,0,180,-32.6778
59,0,191,-32.7539
41,0,217,-32.9493
46,0,170,-32.9176
50,0,183,-32.4262
24,0,185,-32.7568
57,0,185,-32.3622
27,1,200,-32.795
34,0,183,-32.776
42,0,187,-32.492
39,0,165,-32.6485
35,0,170,-32.5824
42,0,170,-32.6294
52,0,161,-32.559
31,0,175,-32.3543
66,0,172,-32.4535
70,0,186,-31.871
69,0,179,-32.2849
59,0,172,-31.8198
29,0,143,-32.965
77,0,182,-32.3791
51,0,167,-32.5269
77,0,162,-31.6975
64,0,174,-32.3161
39,0,172,-32.6453
41,0,172,-32.4942
52,0,171,-32.9181
50,0,164,-32.3171
45,0,181,-32.8508
36,0,171,-32.6608
58,0,166,-32.4337
35,0,174,-32.9425
27,0,266,-32.9173
36,0,189,-32.7407
70,0,191,-32.199
56,0,180,-32.4444
46,0,164,-32.5427
47,0,163,-32.816
52,0,181,-32.5249
40,0,176,-32.608
55,0,163,-32.773
80,0,190,-31.4474
56,0,189,-32.5503
35,0,90,-32.8444
28,0,170,-32.6529
26,0,164,-32.8476
61,0,171,-32.7836
44,0,153,-32.7778
56,0,175,-32.52
38,0,178,-32.8596
58,0,200,-32.285
53,0,194,-32.9433
42,0,156,-32.3333
40,0,140,-32.9214
41,0,186,-32.7957
57,0,173,-32.4682
48,0,181,-32.558
34,0,162,-32.7654
53,0,192,-32.2031
41,0,186,-32.6022
50,0,174,-32.5287
44,0,179,-32.5084
30,0,188,-32.8883
76,0,177,-32.2938
53,0,194,-32.6753
24,0,205,-32.8293
46,0,188,-32.7979
44,0,171,-32.7427
53,0,99,-31.7677
42,0,147,-32.3673
55,0,178,-32.2528
35,0,182,-32.7143
56,0,189,-32.5608
48,0,168,-32.9702
32,0,167,-32.7246
28,0,190,-32.7947
44,0,183,-32.4918
21,0,176,-32.9886
22,0,162,-32.9753
45,0,144,-32.5556
24,2,161,-32.9317
45,0,177,-32.7797
31,0,177,-33
22,0,189,-33
28,0,157,-32.8089
62,0,169,-32.7515
41,0,182,-32.8516
27,0,151,-32.7815
69,0,169,-32.0888
76,0,189,-32.5979
65,0,189,-32.5291
55,0,194,-32.5206
70,0,155,-32.329
27,0,101,-32.8713
63,0,173,-32.6474
58,0,173,-32.4624
77,0,178,-32.1966
54,0,167,-32.3713
84,0,189,-32.1534
58,0,172,-32.0058
69,0,178,-32.3652
55,0,203,-32.5616
53,0,202,-32.4406
55,0,168,-32.1488
54,0,192,-32.5833
25,0,159,-32.956
75,0,176,-31.9943
69,0,164,-31.8171
44,0,195,-32.8154
51,0,159,-32.8113
69,0,158,-32.7025
44,0,186,-32.828
47,0,160,-32.2812
52,0,157,-32.4713
57,0,167,-32.3892
43,0,181,-32.674
51,0,166,-32.4759
51,0,176,-32.5739
45,0,189,-32.5556
44,0,88,-31.4432
24,0,149,-32.8792
25,2,172,-32.6628
66,0,185,-32.3946
24,0,161,-32.9689
44,0,172,-32.6802
39,0,155,-32.2968
71,0,153,-32.2549
74,0,176,-32.1193
30,0,151,-32.947
42,0,143,-32.979
45,0,180,-32.7167
32,0,161,-32.8696
25,0,196,-32.9643
44,0,164,-32.7866
53,0,182,-32.4231
30,0,170,-32.8706
44,0,172,-32.7616
46,0,178,-32.7191
31,3,152,-32.7895
24,0,140,-32.85
31,0,172,-32.814
31,0,152,-32.8882
35,0,154,-32.7597
46,0,155,-32.7419
36,0,155,-32.7355
32,0,192,-32.776
27,0,163,-32.9141
59,0,159,-32.7862
38,0,177,-32.8192
28,0,188,-32.734
33,0,176,-32.892
30,0,181,-32.8122
60,0,185,-32.5514
32,0,256,-32.8906
41,0,158,-32.6709
26,0,196,-32.9694
57,0,186,-32.5753
65,0,179,-32.2179
72,0,164,-32.122
28,0,178,-32.736
30,0,169,-33
37,0,188,-32.617
48,0,171,-32.5906
66,0,160,-32.4562
53,0,147,-32.3333
47,0,164,-32.6951
35,0,155,-32.5548
30,0,156,-33
54,0,172,-32.5116
51,0,156,-32.6923
38,0,173,-32.578
38,0,197,-32.8934
53,0,200,-32.975
38,0,174,-32.7874
26,0,158,-32.8608
47,0,184,-32.7065
64,0,167,-32.3952
51,0,175,-32.8229
52,0,159,-32.1509
32,0,153,-32.8431
46,0,173,-32.6647
52,0,177,-32.8192
30,0,184,-32.7989
80,0,184,-32.5
39,0,151,-32.649
59,0,184,-32.4565
36,0,186,-32.9839
37,0,148,-32.8649
52,0,172,-32.657
45,0,178,-32.9551
31,0,204,-32.8186
63,0,173,-32.6185
32,0,185,-32.8
46,0,169,-32.5799
23,0,166,-32.8675
53,0,196,-32.6888
65,0,165,-32.2727
48,0,145,-32.1241
56,0,160,-32.3062
59,0,156,-32.4487
33,0,164,-32.9878
52,0,156,-32.7564
43,0,158,-32.7975
60,0,181,-32.5801
61,0,178,-32.2528
28,0,185,-32.9135
42,0,191,-32.822
34,0,164,-32.6951
52,0,258,-32.6318
49,0,177,-32.8249
36,0,164,-32.8171
53,0,163,-32.3742
40,0,156,-32.6603
31,3,169,-32.4852
71,0,182,-32.1923
35,0,161,-32.8323
25,3,141,-32.9362
38,0,91,-32.3297
66,0,171,-32.3333
63,0,169,-32.4083
48,0,177,-32.5537
66,0,166,-32.488
26,0,160,-32.4625
42,0,197,-32.6142
31,0,186,-32.8333
32,0,169,-32.8402
45,0,166,-32.6145
38,0,168,-32.8869
47,0,169,-32.6331
61,0,163,-32.5644
53,0,175,-32.7143
40,0,157,-32.2803
22,0,151,-32.8278
46,0,175,-32.7657
50,0,158,-32.3734
51,0,174,-32.4368
23,0,189,-32.9524
50,0,172,-32.6279
42,0,171,-32.3392
25,0,140,-32.7857
36,0,181,-32.9448
63,0,156,-32.0449
52,0,176,-32.7216
69,0,182,-32.1099
23,0,149,-32.9262
48,0,156,-32.1923
56,0,177,-32.4237
46,0,173,-32.8613
44,0,161,-32.5714
51,0,166,-32.8313
58,0,154,-32.7403
46,0,143,-32.7622
54,0,157,-32.2357
78,0,175,-32.08
67,0,154,-32.4221
31,0,144,-32.9028
41,0,145,-32.9241
46,0,203,-32.6404
38,1,152,-32.375
23,0,159,-32.9811
22,0,173,-32.6705
44,0,162,-32.6481
21,0,187,-32.4545
28,1,199,-32.8995
23,0,175,-32.9314
27,0,149,-33
23,0,181,-33
28,0,181,-32.6796
29,0,135,-32.6444
48,0,159,-32.7484
52,0,191,-32.7173
20,0,156,-32.891
61,0,175,-32.5143
22,0,208,-32.899
28,0,175,-32.9371
44,0,181,-32.7072
38,0,149,-32.8591
24,0,168,-32.4226
41,0,186,-32.4355
27,0,159,-32.8428
40,0,179,-32.2235
32,0,149,-32.8389
40,0,184,-32.7772
24,0,199,-32.995
21,0,181,-32.9061
42,0,169,-32.7751
25,0,165,-32.697
29,0,190,-32.8316
50,0,164,-32.5732
23,0,148,-32.7838
36,0,168,-32.9345
33,0,169,-32.8284
40,0,96,-32.9896
36,0,161,-32.9193
42,0,167,-32.9042
36,0,166,-32.759
36,0,170,-32.6235
41,0,177,-32.6215
26,0,136,-32.6176
34,0,148,-32.9595
42,0,159,-32.9434
42,0,186,-32.6989
70,0,166,-32.6566
38,0,184,-32.6413
52,0,167,-32.6647
72,0,177,-32.5876
59,0,178,-32.7921
60,0,161,-32.6273
35,0,172,-32.9651
22,0,173,-32.9942
44,0,156,-32.7885
64,0,160,-32.275
50,0,180,-32.5944
74,0,179,-31.9665
53,0,147,-32.8163
61,0,184,-32.6413
29,0,187,-32.7059
44,0,171,-32.9298
36,0,159,-32.8428
37,0,150,-32.94
24,0,175,-32.8857
50,0,219,-32.4658
57,0,185,-32.827
58,0,157,-32.1656
26,0,159,-32.6855
25,0,181,-32.7238
20,0,168,-33
57,0,163,-32.1718
50,0,152,-32.7171
28,0,160,-32.8875
38,0,162,-32.9753
55,0,135,-32.3111
45,0,158,-32.4367
38,0,188,-32.9149
36,0,168,-32.6548
58,0,169,-32.2722
47,0,179,-32.6648
34,0,152,-32.8289
41,0,165,-32.7091
43,0,160,-32.6125
37,0,145,-32.8414
53,0,162,-32.4198
42,0,188,-32.7234
44,0,184,-32.7609
31,0,131,-32.7405
33,0,195,-32.8923
67,0,168,-32.1607
75,0,179,-32.3966
50,0,174,-32.6552
51,0,200,-32.78
39,0,175,-32.9143
38,3,141,-32.7589
46,0,176,-32.8352
46,0,196,-32.8367
39,0,178,-32.9831
39,0,164,-32.4146
28,0,179,-32.7263
31,0,177,-32.8362
37,0,163,-32.8834
22,0,190,-32.8895
71,0,172,-32.5523
22,0,163,-33
21,0,146,-32.9178
52,0,175,-32.4857
34,0,150,-32.8667
23,0,157,-32.9172
24,0,177,-32.9266
61,0,171,-32.2281
31,0,173,-32.8555
45,0,154,-32.4935
25,0,170,-33
39,0,169,-32.7929
51,0,186,-32.8172
51,0,190,-32.8632
56,0,166,-32.2169
26,0,156,-32.9167
36,0,158,-33
37,0,153,-32.6144
35,0,186,-32.7903
53,0,201,-32.5025
44,0,180,-32.5833
44,0,160,-32.8
70,0,170,-32.6412
52,0,166,-32.6265
45,0,155,-32.6194
48,0,192,-32.6094
33,0,158,-32.8481
43,0,194,-32.5309
46,0,155,-32.8968
60,0,171,-32.2105
59,0,170,-32.5176
63,0,179,-32.6536
67,0,162,-32.6605
56,0,177,-32.2938
66,0,198,-32.8182
26,0,146,-32.9863
58,0,156,-32.7179
52,0,163,-32.589
45,0,170,-32.7941
82,0,163,-32.2147
68,0,167,-32.3653
35,0,147,-32.9048
41,0,180,-32.8056
56,0,175,-32.4629
71,0,182,-32.5659
85,0,172,-32.4012
55,0,171,-32.807
71,0,160,-32.3563
40,0,166,-32.6325
65,0,159,-32.4465
26,0,173,-32.7861
75,0,182,-32.4011
47,0,150,-32.4867
72,0,167,-32.5449
42,0,166,-32.4699
55,0,205,-32.7171
57,0,181,-32.558
43,0,175,-32.7543
44,0,89,-32.764
53,0,186,-32.4086
37,0,154,-32.9286
44,0,142,-32.7394
53,0,174,-32.8333
46,0,210,-32.619
53,0,206,-32.4563
54,0,155,-32.5484
45,0,164,-32.7317
65,0,178,-32.4494
63,0,172,-32.0872
52,0,161,-32.5031
38,0,175,-32.9086
51,0,155,-32.4387
50,0,159,-32.6101
52,0,148,-32.4189
68,0,192,-32.5208
68,0,151,-31.9007
35,0,162,-32.6173
50,0,187,-32.9358
39,0,171,-32.8012
60,0,168,-32.2619
48,0,183,-32.8634
77,0,166,-32.506
62,0,208,-32.6394
52,0,184,-32.4946
57,0,179,-32.581
68,0,166,-31.988
67,0,183,-32.2842
35,0,168,-32.8452
48,0,164,-32.2988
46,0,165,-32.6182
39,0,174,-32.6724
44,0,300,-32.6667
41,0,169,-32.8166
51,0,145,-32.5931
76,0,183,-32.1585
78,0,169,-31.716
51,0,177,-32.8362
57,0,180,-32.7056
57,0,154,-32.7792
51,0,162,-32.4444
65,0,179,-32.4413
36,0,179,-32.9944
37,0,154,-32.8831
75,0,178,-32.0787
67,0,174,-31.9885
43,0,179,-32.514
39,0,173,-32.6358
45,0,142,-32.7958
42,0,197,-32.6701
66,0,147,-32.2721
56,0,165,-32.0121
63,0,211,-32.218
47,0,166,-32.7952
28,0,149,-32.9396
46,0,185,-32.7784
61,0,142,-32.6549
48,0,172,-32.8779
46,0,181,-32.8122
42,0,172,-32.8605
63,0,181,-32.453
49,0,160,-32.8062
78,0,176,-31.6648
45,0,176,-32.7102
43,0,169,-32.6982
28,0,162,-32.7716
31,0,176,-32.7557
53,0,179,-32.6648
41,0,184,-32.3207
51,0,159,-32.9057
73,0,172,-32.436
33,0,166,-32.7651
41,0,162,-32.642
44,0,190,-32.9737
31,0,144,-32.7292
29,0,142,-32.8239
30,0,165,-33
33,0,157,-32.8854
50,0,179,-32.581
74,0,184,-32.4348
51,0,160,-32.425
26,0,166,-32.7711
65,0,168,-32.625
42,0,177,-32.9209
37,0,170,-32.8824
27,0,160,-32.8875
50,0,144,-32.7847
60,0,161,-32.3043
58,0,163,-32.2454
43,0,147,-32.6871
62,0,159,-32.5535
44,0,176,-32.4659
41,0,145,-32.469
41,0,142,-32.9225
48,0,180,-32.6556
44,0,176,-32.9716
39,0,164,-32.7927
35,0,153,-33
39,0,182,-32.8462
65,0,181,-32.6188
37,0,201,-32.801
46,0,154,-32.8636
42,0,210,-32.7
38,0,162,-32.7407
57,0,186,-32.8656
41,0,169,-32.8284
79,0,163,-31.7669
51,0,167,-32.4132
31,0,145,-32.6207
34,0,181,-32.9392
57,0,162,-31.9877
55,0,172,-32.657
38,0,184,-32.788
43,0,176,-32.4773
40,0,152,-32.4539
57,0,187,-32.7914
34,0,186,-32.8817
55,0,185,-32.8324
25,0,172,-32.6395
48,0,182,-32.7473
77,0,172,-32.6221
71,0,152,-32.2039
24,0,151,-32.8477
58,0,185,-32.8108
47,0,147,-32.6463
46,0,172,-32.657
38,0,170,-32.6353
42,0,197,-32.731
40,0,173,-32.8324
70,0,179,-32.4022
47,0,139,-31.8633
65,0,174,-32.7471
68,0,178,-32.6854
50,0,182,-32.5989
42,0,146,-32.3767
72,0,172,-32.4477
56,0,183,-32.2077
60,0,191,-32.5602
45,0,180,-32.5111
51,0,183,-32.7158
33,0,159,-32.6478
43,0,161,-32.1801
30,0,183,-32.8415
44,0,172,-32.843
85,0,200,-32.45
78,0,177,-31.8701
71,0,174,-32.1724
54,0,184,-32.5435
61,0,187,-32.4652
32,0,171,-32.924
42,0,159,-32.6604
46,0,182,-32.7967
49,0,178,-32.2697
39,0,154,-32.8052
52,0,166,-32.7892
53,0,189,-32.4603
51,0,165,-32.5515
45,0,223,-32.6099
30,0,167,-33
47,0,168,-33
59,0,163,-32.5276
31,0,155,-32.7032
46,0,190,-32.5474
53,0,168,-32.6429
51,0,168,-32.4762
56,0,173,-32.659
46,0,150,-32.3933
61,0,170,-32.7706
44,0,162,-32.5247
45,0,171,-32.5497
66,0,161,-32.4348
50,0,170,-32.8294
49,0,174,-32.3908
45,0,186,-32.2688
67,0,171,-32.8246
71,0,183,-32.5191
35,0,151,-32.9868
61,0,168,-32.5595
49,0,137,-32.1971
52,0,175,-32.2571
56,0,200,-32.55
52,0,157,-32.6369
30,0,175,-32.6514
32,0,157,-32.758
59,0,159,-31.9623
49,0,169,-32.1006
37,0,354,-32.8475
60,0,174,-32.7356
48,0,166,-32.5361
73,0,201,-32.4826
54,0,203,-32.7389
42,0,169,-32.8047
38,0,165,-32.7152
36,0,179,-32.8659
41,0,169,-32.8994
58,0,193,-32.5907
51,0,181,-32.5028
49,0,195,-32.8718
64,0,180,-32.0778
28,0,152,-32.9013
62,0,191,-32.445
25,0,171,-32.7836
73,0,175,-32.1886
56,0,165,-32.6
30,0,177,-32.9435
47,0,163,-32.4663
56,0,206,-32.6796
44,0,153,-32.5686
50,0,164,-32.7073
33,0,164,-32.8232
26,0,92,-33
59,0,174,-32.7874
60,0,160,-32.5938
23,0,170,-32.9235
45,0,158,-32.5886
34,0,166,-32.9518
47,0,160,-32.3937
46,0,175,-32.9829
50,0,154,-32.7078
28,0,183,-32.9836
28,0,151,-32.9669
70,0,167,-32.5269
38,0,170,-33
42,0,184,-32.663
43,0,180,-32.65
46,0,179,-32.5698
48,0,142,-32.7183
27,0,154,-32.9545
28,0,173,-32.9827
38,0,206,-32.8447
38,0,149,-32.7181
41,0,143,-32.8042
21,0,173,-32.9942
39,0,92,-32.5
37,0,156,-32.6987
44,2,158,-32.6456
31,0,166,-32.8554
42,0,170,-32.7
22,0,202,-32.8366
31,0,160,-32.7687
48,0,173,-32.8613
20,0,132,-32.9545
48,0,152,-32.4079
36,0,144,-33
28,0,179,-32.8883
38,3,169,-32.9112
43,2,174,-32.8506
34,0,163,-32.6503
34,0,133,-33
41,0,155,-32.6774
31,0,171,-32.9415
30,0,186,-32.8495
29,0,168,-32.9881
24,0,139,-32.6403
21,0,181,-32.9779
23,0,172,-33
24,0,163,-32.9325
42,0,153,-32.4902
33,0,193,-32.9689
20,2,179,-32.8603
29,0,131,-32.8092
24,5,161,-32.9255
26,0,209,-32.9569
26,0,193,-32.9948
20,0,176,-32.9318
24,0,175,-32.9829
67,0,172,-32.0756
25,2,172,-32.9709
23,1,169,-32.9112
22,0,169,-33
63,0,161,-32.559
41,0,177,-32.3107
20,0,167,-32.7126
32,0,157,-32.9873
26,0,195,-32.9026
50,0,185,-32.6432
40,0,184,-32.9728
24,0,166,-32.988
35,0,194,-32.9227
35,3,180,-32.7056
41,0,174,-32.569
35,0,137,-32.5182
69,0,174,-32.7069
32,0,168,-32.6845
46,0,183,-32.9016
32,0,171,-32.9298
44,0,191,-32.8377
35,0,133,-32.7143
34,0,156,-32.8974
52,0,177,-32.4181
73,0,188,-32.5053
42,0,183,-32.7923
43,0,184,-32.1304
36,0,174,-33
40,0,192,-32.875
24,0,177,-32.9887
53,0,171,-32.5029
36,0,152,-32.7961
34,2,178,-32.9607
39,0,174,-32.9023
58,0,189,-32.5767
59,0,183,-32.3661
24,0,171,-32.8772
42,0,192,-32.401
38,0,148,-32.8176
41,0,171,-32.6901
20,0,187,-32.754
55,0,159,-32.1447
35,0,184,-33
36,0,168,-32.744
41,0,168,-32.8512
22,0,180,-33
54,0,182,-32.8516
28,0,160,-32.9625
46,0,186,-32.8011
36,0,163,-32.4417
51,0,187,-32.7326
53,0,162,-32.5
39,0,186,-32.3333
40,0,168,-32.3274
47,0,190,-32.3368
29,0,156,-32.9423
50,0,189,-32.2487
56,0,191,-32.8534
54,0,180,-32.6833
35,0,182,-32.8242
43,0,137,-32.8394
66,0,184,-32.4837
48,0,185,-32.3081
28,0,177,-32.7684
23,0,163,-32.8221
50,0,202,-32.7475
44,0,180,-32.7667
31,0,197,-32.9695
42,0,171,-33
36,0,161,-32.8944
47,0,199,-32.407
71,0,114,-32.0439
35,0,184,-33
72,0,192,-32.5573
58,0,184,-32.4891
29,0,173,-33
50,0,173,-32.3815
60,0,182,-32.7308
44,0,170,-32.5294
55,0,185,-32.7892
31,0,158,-32.8165
56,0,179,-32.486
33,0,169,-33
39,0,185,-32.9297
26,0,148,-32.9932
32,0,200,-32.96
34,0,180,-32.8556
25,0,173,-32.9017
47,0,183,-32.5082
36,0,90,-32.4889
42,0,265,-32.7811
44,0,186,-32.6183
22,0,187,-32.9465
37,0,174,-32.9425
49,0,277,-32.9422
28,0,173,-32.8902
23,0,168,-32.9702
44,0,195,-32.8
34,0,181,-32.8619
48,0,156,-32.5449
32,0,85,-33
62,0,166,-31.5663
44,0,145,-32.6759
45,0,198,-32.7071
25,0,213,-32.9906
55,0,177,-32.435
66,0,190,-32.3421
40,0,205,-32.6
56,0,161,-32.5652
43,0,176,-32.75
30,0,158,-32.7911
40,0,190,-32.7053
55,0,174,-32.7701
33,0,158,-32.9241
46,0,165,-32.5818
62,0,197,-32.6142
60,0,177,-32.452
57,0,175,-32.6343
43,0,168,-32.6071
38,0,167,-32.6647
42,0,192,-32.3958
36,0,182,-32.5769
41,0,179,-32.514
49,0,166,-32.8976
40,0,149,-32.8926
41,0,181,-32.547
25,0,200,-32.845
50,0,189,-32.7196
36,0,166,-32.9096
34,0,223,-32.9193
23,0,196,-32.9184
49,0,166,-32.7771
52,0,171,-32.2456
34,0,186,-32.8441
43,0,196,-32.6582
35,0,185,-32.7243
56,0,187,-32.8235
31,0,197,-32.5939
38,0,182,-32.9615
56,0,167,-32.497
55,0,198,-32.0051
54,0,150,-32.6667
33,0,176,-32.733
32,0,170,-32.9588
27,0,186,-32.8925
49,0,319,-32.6332
61,0,185,-32.5081
66,0,167,-32.3653
49,0,188,-32.734
43,0,173,-32.8613
44,0,173,-32.6821
66,0,141,-32.5461
44,0,168,-32.4405
37,0,195,-32.5179
31,0,175,-32.8686
38,0,165,-32.6909
37,0,180,-32.7167
50,0,213,-32.8826
41,0,175,-32.9657
46,0,223,-32.8161
42,0,178,-32.9438
58,0,190,-32.6632
26,0,167,-32.7844
33,0,175,-32.92
47,0,175,-32.5714
50,0,160,-32.5688
39,0,200,-32.835
60,0,185,-32.4865
31,0,168,-32.9405
68,0,172,-32.6686
28,0,193,-32.513
70,0,169,-32.2071
42,0,168,-32.3333
27,0,170,-32.8706
35,0,142,-32.6338
43,0,208,-32.6587
33,0,158,-32.9114
23,0,202,-32.8713
53,0,186,-32.4086
45,0,173,-32.711
27,0,187,-32.9091
28,0,179,-32.838
40,0,188,-32.9415
28,0,177,-32.9887
32,0,197,-32.9137
37,0,184,-32.8261
49,0,158,-32.8354
33,0,204,-32.8922
49,0,169,-32.7692
35,0,153,-32.915
49,0,122,-32.7459
44,0,167,-32.5569
66,0,154,-32.3117
36,0,161,-32.8012
76,0,181,-32.4751
38,0,175,-32.5829
38,0,182,-32.8022
34,0,187,-32.9465
37,0,181,-32.6077
71,0,178,-32.5449
55,0,172,-32.3314
59,0,180,-32.6667
48,0,183,-32.5027
29,3,159,-32.7799
27,0,178,-32.8146
24,0,144,-32.7986
42,0,199,-32.6583
50,0,190,-32.7368
43,0,178,-32.927
39,0,160,-32.6437
55,0,176,-32.767
47,0,163,-32.7975
43,0,179,-32.648
39,0,149,-32.6644
55,0,174,-32.8161
60,0,192,-32.4375
60,0,171,-31.883
71,0,166,-31.9217
28,0,171,-32.8304
28,0,163,-32.6994
49,0,188,-32.3777
58,0,164,-32.2439
27,0,164,-32.8049
35,1,181,-32.8453
23,0,138,-32.7536
28,0,167,-32.982
30,0,184,-32.9022
33,0,204,-32.9265
28,0,183,-32.7377
43,0,184,-32.8587
22,0,153,-33
34,0,223,-32.9776
47,0,200,-32.615
39,0,155,-32.6258
21,0,150,-32.5733
54,0,184,-32.8533
37,0,195,-32.8923
23,0,172,-32.5407
20,0,162,-32.9938
29,0,113,-32.9735
45,0,188,-32.7181
20,0,164,-33
29,0,167,-32.8443
40,0,162,-32.5247
23,0,155,-33
31,0,188,-32.8936
28,0,191,-32.8953
33,0,170,-32.6647
34,0,165,-32.8485
32,2,174,-32.8851
26,2,167,-32.8144
24,0,190,-32.7842
35,0,173,-32.896
30,0,159,-33
39,0,192,-32.9844
28,0,178,-32.8596
21,0,166,-32.9639
39,0,160,-32.5625
25,0,169,-33
32,0,166,-32.9217
31,0,159,-32.9811
37,0,182,-32.6209
33,0,180,-32.8944
31,0,179,-32.7542
40,0,181,-32.6188
21,0,188,-32.9149
34,0,154,-32.6623
37,0,171,-32.7953
23,0,171,-32.7251
34,0,167,-32.8563
40,0,162,-32.784
29,0,183,-32.8087
32,0,190,-32.8421
39,0,162,-32.8827
30,0,182,-32.9231
64,0,179,-32.1117
32,0,162,-32.8333
45,2,173,-32.8324
49,2,194,-32.7835
27,0,169,-32.9112
32,0,93,-32.7312
40,1,245,-32.5755
22,0,177,-33
25,1,167,-33
29,0,171,-32.9532
34,0,182,-32.8901
42,0,193,-32.8549
29,0,152,-32.9079
21,0,167,-32.982
23,0,159,-32.8428
37,0,173,-32.9942
25,0,143,-32.7972
27,0,189,-32.672
25,0,169,-32.7278
31,0,175,-32.7771
35,0,172,-32.657
20,0,157,-33
23,0,155,-33
36,2,171,-32.9298
41,0,174,-32.8218
31,0,176,-32.9375
31,2,162,-33
26,0,170,-32.5647
22,0,180,-32.9833
25,0,173,-32.8382
31,1,159,-32.9937
30,0,270,-32.7667
24,0,178,-32.9775
38,3,194,-32.8557
34,0,172,-32.4826
36,0,208,-32.8221
28,0,188,-32.9628
45,0,189,-32.8519
27,0,190,-32.9421
33,0,177,-32.8983
43,0,197,-32.9594
46,0,181,-32.5801
37,0,178,-32.7528
64,0,184,-32.5109
32,0,208,-32.7308
25,0,168,-32.7202
33,0,174,-32.931
30,0,180,-32.7222
27,0,164,-32.9207
42,0,180,-32.7778
65,0,178,-32.3933
37,0,173,-32.7457
23,0,174,-32.9943
40,0,120,-32.925
52,0,194,-32.4691
43,0,214,-32.7009
35,0,187,-32.8396
30,0,162,-32.7901
22,0,177,-32.5876
49,0,157,-32.6306
28,0,206,-32.6602
57,0,197,-32.9695
47,0,209,-32.8134
38,0,187,-32.7059
54,0,163,-32.6319
31,0,180,-32.7556
31,0,185,-33
22,0,147,-32.9796
42,0,192,-32.8021
57,0,186,-32.4086
31,0,181,-32.9558
28,0,188,-32.7766
32,0,192,-32.9167
21,0,148,-32.7635
33,0,185,-32.8216
35,0,187,-32.877
40,0,189,-32.9894
20,0,156,-33
27,0,171,-33
26,0,191,-32.8796
42,0,168,-32.6786
28,0,176,-32.9602
45,0,181,-32.8674
57,0,184,-32.6902
36,0,183,-33
41,0,188,-32.9096
40,0,102,-32.7353
20,0,172,-32.8372
31,0,182,-32.9451
46,0,190,-32.9474
28,0,185,-32.8865
65,0,173,-32.5665
51,0,178,-32.7697
29,0,162,-32.9444
39,0,188,-32.8883
58,0,190,-32.5632
47,0,188,-32.7872
27,0,164,-32.7866
58,0,184,-32.7337
59,0,176,-32.6364
41,0,182,-32.7198
37,0,183,-32.7814
39,0,158,-32.6519
44,0,103,-32.0777
40,0,187,-32.5508
36,0,177,-32.9831
20,0,177,-33
41,0,183,-32.7869
32,0,168,-32.8929
44,0,157,-32.6688
39,0,161,-32.7826
51,0,188,-32.2979
36,0,176,-32.7386
33,0,179,-32.8659
35,0,108,-32.7037
20,0,169,-32.8935
38,0,165,-32.8848
26,0,208,-32.9471
34,0,195,-32.6718
37,0,202,-32.8515
36,0,171,-32.9532
35,0,203,-32.9163
37,0,198,-32.6111
44,0,182,-32.8187
23,0,167,-32.6168
40,0,185,-32.7892
36,0,190,-32.7947
28,0,187,-32.7273
47,0,179,-32.1508
47,0,196,-32.6429
26,0,182,-32.6923
34,0,187,-32.8556
32,0,185,-32.9514
23,0,188,-32.9202
52,0,220,-32.4409
39,0,149,-32.9463
56,0,193,-32.6632
31,0,203,-32.8768
69,0,193,-32.8653
44,0,156,-32.3269
29,0,168,-32.9762
35,0,159,-32.9497
41,0,163,-32.7055
41,0,174,-32.8793
21,0,162,-33
45,0,184,-32.5054
28,0,187,-32.738
32,0,173,-32.9827
43,0,187,-32.9679
34,0,187,-33
44,0,193,-32.886
45,0,194,-32.7629
30,0,189,-32.9312
27,0,208,-33
22,0,172,-32.936
74,0,189,-32.6984
51,0,179,-32.6592
31,0,183,-32.9508
27,0,181,-32.8895
40,0,184,-32.9565
37,0,192,-32.8854
21,0,180,-32.7611
59,0,188,-32.6596
33,0,188,-32.6809
32,0,184,-32.9674
27,0,183,-32.9071
38,0,172,-32.6802
24,0,179,-33
46,0,194,-32.9588
57,0,191,-32.7749
29,0,167,-32.8144
25,0,187,-32.8342
41,0,187,-32.9305
57,0,181,-32.7845
48,0,189,-32.8201
36,0,179,-32.7933
49,0,179,-32.9888
54,0,186,-32.7258
34,0,171,-32.9532
22,0,201,-32.9701
50,0,187,-32.6738
24,0,173,-33
48,0,181,-32.6133
27,0,172,-32.8256
24,0,192,-32.9583
39,0,176,-32.9545
53,0,196,-32.7041
31,0,112,-32.9018
74,0,176,-32.5057
44,0,163,-32.7791
36,0,152,-32.8026
32,0,193,-32.9016
59,0,198,-32.4747
38,0,203,-32.8571
36,0,179,-32.9888
28,0,186,-32.9839
24,0,191,-32.6963
30,0,180,-32.9222
47,0,175,-32.48
46,0,184,-32.9076
38,0,183,-33
46,0,200,-32.235
39,4,175,-32.6743
25,0,193,-32.9741
28,0,196,-32.8316
43,0,169,-32.9053
35,0,177,-32.7853
63,0,185,-32.3459
41,2,194,-32.9227
41,0,177,-32.8644
53,0,181,-32.9116
48,0,180,-32.6444
37,0,196,-32.7551
25,0,181,-32.9613
54,0,169,-32.7633
37,0,173,-32.9249
49,0,188,-32.5372
55,0,194,-32.5515
20,0,199,-32.794
51,0,180,-32.9111
25,0,164,-33
52,0,174,-32.3908
52,0,181,-32.7624
38,0,185,-32.9243
51,0,183,-32.5792
41,0,172,-32.8488
22,0,192,-32.9948
24,0,157,-32.9554
27,0,188,-32.9734
44,1,179,-32.9385
32,0,204,-32.9265
27,0,189,-32.9947
22,0,194,-32.8196
26,0,176,-33
28,0,148,-33
47,0,172,-32.7849
33,0,207,-32.8454
41,0,178,-32.9101
20,0,159,-33
30,0,160,-33
46,0,186,-32.7957
20,0,188,-32.8617
31,0,147,-32.8776
38,0,192,-32.7135
33,3,188,-32.766
52,0,184,-32.8696
27,0,144,-32.9375
27,0,195,-32.9538
55,0,195,-32.7282
28,0,173,-32.9538
30,0,198,-32.8535
28,0,182,-32.8626
39,0,183,-32.8142
36,0,193,-32.8549
47,0,188,-32.7128
36,0,184,-32.5109
53,0,188,-32.5053
32,0,167,-32.1677
36,0,183,-32.7213
24,0,186,-32.8495
33,2,168,-32.6726
22,0,183,-32.9344
26,0,162,-32.8704
28,0,171,-32.7018
29,0,183,-32.8306
27,1,188,-32.984
21,0,155,-32.7871
48,0,150,-32.78
50,2,192,-32.4531
42,0,152,-32.5395
29,0,199,-32.9799
52,0,167,-32.6168
34,0,175,-32.7543
27,1,194,-33
37,8,186,-32.5968
39,0,181,-32.8785
24,2,159,-32.8365
38,0,188,-32.9202
35,0,183,-32.7978
34,0,194,-32.9175
34,0,186,-32.8978
28,0,162,-32.7593
45,0,197,-32.8579
26,0,174,-32.9885
28,0,198,-33
34,0,178,-32.8876
26,0,160,-32.9438
51,0,192,-32.2031
45,0,173,-32.6879
26,0,190,-32.9842
24,0,187,-32.8984
20,0,158,-32.7722
23,0,160,-32.6625
31,0,170,-32.6706
35,0,175,-32.88
45,0,178,-32.7135
30,0,200,-32.835
43,0,192,-32.8333
33,0,178,-32.9607
32,0,190,-32.9684
32,0,174,-32.9713
36,2,179,-32.8268
51,0,206,-32.3058
22,1,199,-32.9548
36,0,197,-32.7868
34,0,192,-32.7292
41,0,186,-32.9516
24,0,172,-32.843
45,0,192,-32.5938
29,1,169,-32.9882
48,0,196,-32.7449
29,0,199,-32.6683
38,0,184,-32.8804
32,0,167,-32.6228
27,0,204,-32.6961
64,0,191,-32.0262
50,0,184,-32.7391
35,0,247,-32.7571
41,0,188,-32.766
35,0,152,-32.9079
33,0,175,-32.7886
43,0,189,-32.8201
31,0,190,-33
44,0,203,-32.9015
65,0,187,-32.3048
37,0,178,-32.8708
40,0,170,-32.8882
35,0,191,-32.7382
20,0,186,-32.9355
26,0,352,-32.9744
20,0,202,-32.9653
30,0,165,-32.9818
58,0,182,-32.6758
28,0,182,-32.9945
40,0,190,-32.6684
27,0,181,-32.9834
45,0,198,-32.7626
42,0,188,-32.5957
33,0,177,-32.9944
36,0,173,-32.8844
43,0,173,-32.9538
58,0,180,-32.7944
28,0,192,-32.8906
28,0,165,-32.8485
36,0,196,-32.9133
52,0,190,-32.8105
36,0,195,-32.7077
23,0,168,-33
49,0,173,-32.5954
22,0,172,-32.907
43,0,193,-32.8135
36,0,194,-32.9794
24,0,185,-32.8378
36,0,170,-32.9765
31,0,187,-32.9733
60,0,201,-32.4229
48,0,194,-32.6701
29,0,194,-33
37,0,163,-32.9816
25,0,194,-32.8454
45,0,179,-32.6872
22,0,196,-32.8265
30,0,174,-32.8621
28,0,185,-32.6649
49,0,187,-32.8984
35,0,199,-32.7437
21,0,173,-33
32,0,163,-32.7301
58,0,187,-32.7807
38,0,169,-32.8757
30,0,159,-32.8742
37,0,185,-32.8108
53,0,161,-32.5901
35,0,177,-32.9944
60,0,182,-32.4615
25,0,173,-32.9306
48,0,188,-32.5957
29,0,188,-32.7819
27,0,157,-32.9299
37,0,191,-32.9948
48,0,181,-32.779
48,0,174,-32.6379
55,0,181,-32.5138
41,0,196,-32.9949
42,0,188,-32.9468
41,0,175,-32.6914
46,0,171,-32.7251
22,0,154,-32.8247
37,0,210,-32.9524
46,0,190,-32.6158
31,0,182,-32.6758
31,0,187,-32.9519
46,0,183,-32.6612
30,0,169,-32.9408
64,0,181,-32.7956
31,0,176,-32.9148
47,0,189,-32.6667
60,0,185,-32.4216
39,0,180,-32.9722
34,0,152,-32.7303
46,0,196,-32.801
33,0,177,-32.7062
44,0,167,-32.5509
49,0,191,-32.9634
22,0,166,-32.9337
29,0,156,-32.4744
38,0,170,-32.4706
28,0,167,-32.988
35,0,325,-32.7385
37,0,177,-32.8418
43,0,190,-32.4421
28,0,178,-32.9326
41,0,215,-32.8744
51,0,198,-32.7778
26,0,157,-32.8981
37,0,196,-32.8316
47,0,193,-32.943
35,0,185,-32.9405
31,0,191,-32.7487
30,0,198,-32.8889
24,0,177,-32.9492
27,0,166,-32.6205
20,0,205,-33
20,0,175,-32.6343
43,0,202,-32.8366
38,0,193,-32.9482
33,0,181,-32.9116
31,0,161,-32.9814
63,0,163,-32.5521
36,0,181,-32.9337
29,0,167,-32.8144
49,0,189,-32.8466
32,0,153,-32.9673
31,0,164,-32.628
22,0,155,-32.7935
27,0,202,-32.8614
42,0,193,-32.715
51,0,186,-32.6452
49,0,192,-32.3906
32,0,169,-32.9941
28,0,188,-32.9681
31,0,182,-32.967
56,0,206,-32.5971
23,0,161,-32.6584
24,0,162,-32.9938
25,0,169,-32.9408
46,0,184,-32.7989
24,0,201,-32.8806
42,0,188,-32.9574
28,0,161,-32.8882
33,0,193,-32.9378
33,0,174,-32.8161
39,0,173,-32.9306
21,0,173,-33
36,0,174,-32.8736
27,0,192,-32.9792
24,0,153,-32.9935
26,0,163,-33
25,1,188,-32.8457
39,2,181,-32.9227
31,1,152,-32.9276
35,3,170,-32.9118
34,2,182,-32.8791
34,2,214,-32.8879
39,1,180,-32.8722
43,2,192,-32.7083
42,0,188,-32.7926
34,0,186,-32.672
50,0,179,-32.6089
52,7,184,-32.5598
51,10,173,-32.9422
46,4,180,-32.7167
26,0,174,-32.9023
23,0,158,-33
20,0,152,-32.8421
57,4,192,-32.2604
58,8,187,-32.7968
54,4,199,-32.9598
36,2,179,-32.676
36,1,180,-32.9944
20,0,212,-32.9764
62,0,172,-32.5756
22,1,153,-32.8497
30,4,179,-32.6201
30,0,197,-32.9036
23,0,182,-32.8901
36,3,189,-32.8254
32,4,191,-32.7853
58,3,184,-32.4457
47,4,171,-32.6199
46,2,173,-32.7052
25,5,239,-32.9247
44,1,195,-32.6923
40,7,180,-32.9167
47,0,178,-32.7865
60,3,172,-32.5407
24,4,178,-32.9494
48,0,184,-32.5543
40,11,163,-32.7914
30,0,196,-32.7806
28,0,210,-32.619
24,0,182,-33
25,0,176,-32.8693
31,2,181,-32.6188
32,0,177,-32.8757
41,6,193,-32.9067
22,0,153,-33
45,3,171,-32.6199
33,1,170,-32.7353
45,4,170,-32.5765
33,2,177,-32.8192
26,0,377,-32.9788
51,19,188,-32.3777
24,1,191,-32.8743
29,0,184,-32.9728
36,2,179,-32.9888
30,0,189,-32.8571
35,2,178,-32.9775
21,0,181,-32.8564
35,3,171,-32.8246
31,2,173,-32.9422
34,7,209,-32.9569
27,1,195,-32.7795
47,2,160,-32.725
39,0,193,-32.8187
27,0,213,-32.8451
28,0,193,-32.8653
42,0,192,-32.5833
39,0,179,-32.7765
34,0,186,-32.9086
44,0,192,-32.7135
36,0,197,-32.8274
73,0,163,-32.4233
24,0,173,-32.7514
47,0,161,-32.4596
36,0,173,-32.9075
66,0,183,-32.5301
43,0,183,-32.8907
29,0,180,-32.9889
41,0,150,-32.6533
36,0,199,-32.794
43,0,181,-32.4807
28,0,167,-32.9641
38,0,180,-32.8667
52,0,176,-32.7273
22,0,160,-32.975
32,0,171,-32.883
27,0,167,-32.9162
44,0,185,-32.7514
62,3,189,-32.5767
22,0,172,-32.7674
26,0,177,-32.8136
20,0,170,-32.9706
38,0,180,-32.8556
36,0,169,-33
27,3,187,-32.8075
21,0,163,-32.9509
26,0,176,-32.9091
26,0,166,-32.8133
47,0,190,-32.8789
43,0,193,-32.6425
24,1,194,-32.8144
27,0,151,-32.6887
45,2,189,-32.8307
44,4,201,-32.99
38,0,163,-32.8344
57,2,192,-32.5052
40,1,165,-32.9879
24,1,91,-32.8791
35,0,203,-32.7291
37,2,191,-32.9634
32,0,164,-32.878
37,1,179,-32.9162
36,1,201,-32.9801
55,3,174,-32.7931
30,2,191,-32.8377
37,0,202,-32.7426
28,1,173,-32.948
28,0,194,-32.9845
38,0,200,-32.89
27,3,182,-32.9176
38,0,168,-32.9524
58,2,176,-32.5739
22,0,167,-32.7784
45,0,169,-32.8107
39,0,166,-32.6566
21,1,206,-32.8398
30,0,164,-32.9573
24,1,167,-32.8802
38,2,186,-32.7312
23,1,183,-32.9563
58,5,181,-32.4365
38,2,183,-32.9126
28,2,133,-32.9173
31,0,175,-32.8343
45,0,180,-32.8722
31,0,149,-32.6644
33,0,213,-32.8451
34,0,183,-32.8361
39,0,150,-32.3333
29,0,149,-32.9866
26,0,187,-32.9519
30,0,173,-32.9306
20,0,163,-32.9325
34,0,166,-32.7771
58,0,186,-32.5914
45,0,162,-32.5123
42,0,167,-32.7305
33,0,170,-32.8353
42,0,167,-32.8443
39,0,162,-32.7716
50,0,154,-32.6494
21,1,184,-32.7446
30,0,170,-32.7
20,1,166,-32.9819
24,0,178,-32.7697
36,3,175,-32.96
25,1,166,-32.4036
43,3,176,-32.9318
27,0,178,-32.9438
28,0,174,-32.8333
24,0,189,-32.7884
29,0,156,-32.9359
21,0,181,-32.8785
38,0,163,-32.638
21,0,176,-32.858
31,0,167,-32.994
48,0,166,-32.8313
22,0,174,-33
29,0,172,-32.8605
39,0,183,-32.6885
31,0,158,-32.7215
28,0,177,-32.8249
36,0,182,-32.9066
28,0,198,-32.8687
36,0,167,-32.7425
25,0,114,-32.8158
27,0,167,-32.982
56,0,191,-32.7487
42,0,181,-32.895
25,0,175,-32.6971
40,0,150,-32.86
38,5,198,-32.9697
29,1,177,-32.7853
30,2,163,-32.9939
44,2,178,-32.9326
26,1,150,-32.8733
51,2,190,-32.8368
41,0,160,-32.9875
28,0,170,-32.8294
29,0,138,-32.9928
38,0,149,-32.5973
25,1,192,-32.8438
41,0,174,-32.2356
26,1,160,-32.9062
54,0,185,-32.2757
31,2,168,-32.994
32,0,177,-32.9887
33,0,132,-32.8561
21,0,162,-32.9753
40,0,160,-32.6938
33,0,166,-32.6566
50,0,151,-32.2583
48,0,158,-32.8291
39,0,195,-32.9436
30,0,165,-32.9515
23,0,161,-32.9317
47,0,196,-32.8622
49,0,190,-32.9053
53,0,154,-32.461
50,0,165,-32.4303
26,0,190,-32.8632
20,0,171,-32.9474
24,0,173,-32.9017
27,0,157,-32.9745
33,0,180,-32.8889
30,0,181,-32.8729
24,0,164,-33
20,0,176,-32.9261
23,0,198,-32.9697
28,0,167,-32.8922
30,0,182,-32.989
32,0,177,-32.8249
31,0,171,-32.8012
29,2,200,-32.87
26,1,169,-32.8462
41,2,165,-32.3818
34,0,142,-32.993
26,1,180,-32.9
27,0,202,-32.8762
26,0,167,-32.8443
22,1,195,-32.9692
21,1,212,-32.8821
39,0,181,-32.1713
28,0,160,-32.7938
35,1,170,-32.8824
29,0,184,-32.5543
22,0,103,-32.8738
27,0,174,-32.6149
38,0,167,-32.9581
39,0,185,-32.8595
31,2,194,-32.9536
20,0,171,-32.9883
23,1,177,-32.4802
28,1,173,-32.8092
29,0,173,-33
30,0,180,-32.65
24,0,149,-32.9866
20,0,187,-32.9572
31,0,153,-32.268
25,0,188,-32.9043
38,2,163,-32.7423
30,0,172,-32.9477
26,0,149,-32.8792
49,0,164,-32.4878
37,0,132,-32.6439
32,2,138,-32.6377
48,2,161,-32.7578
37,0,175,-32.9314
48,0,177,-32.8023
43,0,155,-32.8
32,0,149,-32.7919
28,0,159,-33
41,1,196,-32.6735
29,2,213,-32.9343
31,0,179,-32.9218
32,2,202,-32.8762
52,0,183,-32.8743
58,0,169,-32.5089
35,2,143,-32.6923
22,0,139,-32.9784
27,0,179,-32.7318
21,1,150,-32.78
29,0,155,-32.9355
25,0,212,-32.8113
42,0,170,-32.7
24,0,199,-32.9548
25,0,206,-32.6117
26,0,189,-32.8254
62,0,187,-32.5561
41,0,188,-32.5745
46,0,171,-32.5439
41,0,89,-32.3034
36,0,174,-33
35,0,171,-32.7661
53,0,185,-32.8541
34,0,161,-32.6025
49,0,185,-32.973
40,0,166,-32.9759
25,0,155,-32.9935
31,0,162,-32.8333
33,0,151,-32.649
44,0,176,-32.8409
58,0,163,-32.7178
53,0,198,-32.7273
45,0,244,-32.918
34,0,176,-32.892
25,0,186,-32.8387
27,0,146,-32.8151
44,0,175,-32.8114
40,0,176,-32.7898
41,0,159,-32.5409
34,0,164,-32.7744
23,0,186,-32.7097
27,0,198,-32.9343
53,0,178,-32.6348
51,0,187,-32.8663
49,0,175,-32.7829
22,0,172,-32.657
35,0,161,-32.1925
24,0,152,-32.4539
52,0,179,-32.162
26,0,144,-32.6736
39,0,183,-32.8033
24,0,179,-32.8659
36,0,174,-32.8276
42,0,179,-32.9106
52,0,173,-32.8497
32,0,192,-32.8958
35,0,185,-32.8973
30,0,148,-32.7432
41,0,183,-33
29,0,183,-32.8306
36,2,165,-33
55,2,171,-32.807
31,4,188,-32.9894
50,2,208,-32.8846
53,0,190,-32.6895
25,0,171,-32.5439
22,0,180,-32.7833
51,0,176,-32.5852
27,0,169,-32.645
25,1,201,-32.9204
29,3,200,-32.74
21,0,149,-33
24,0,195,-32.9026
30,0,174,-32.4943
30,0,157,-33
36,2,166,-32.9217
30,2,177,-32.9322
33,0,191,-32.7435
23,0,145,-32.669
32,1,166,-32.4639
49,0,167,-32.6826
23,2,197,-32.8477
33,0,176,-32.8693
23,0,181,-32.6796
43,4,198,-32.9495
25,1,194,-32.9536
28,0,184,-32.8859
48,0,177,-32.4972
44,0,179,-32.4637
41,0,186,-32.8118
54,0,175,-32.5314
24,0,159,-32.6352
34,0,171,-32.7193
45,0,172,-32.6686
44,0,170,-31.8412
38,0,148,-32.5203
29,0,182,-32.8901
38,0,167,-32.3293
37,0,97,-32.4124
65,0,188,-32.6862
36,0,151,-32.7086
29,0,189,-32.8466
29,0,198,-32.8535
28,0,82,-31.8415
22,0,138,-32.8623
29,0,163,-32.9755
44,0,184,-32.6685
24,0,205,-32.9122
42,0,178,-32.3371
25,0,170,-32.7588
37,0,162,-32.784
32,0,171,-32.7018
38,0,176,-32.8239
33,0,97,-32.9691
49,0,196,-32.5663
56,0,178,-32.5506
49,0,172,-32.25
37,0,177,-32.9718
24,0,214,-32.7664
43,0,183,-32.6393
30,0,166,-32.7229
29,0,167,-32.6707
29,1,167,-32.7904
36,2,173,-32.7283
28,0,150,-32.9267
44,0,167,-32.6467
33,0,163,-32.6564
40,0,183,-32.8798
57,3,179,-31.9665
50,3,164,-32.5915
26,0,167,-33
23,0,177,-32.9492
31,0,178,-33
50,0,178,-32.2584
23,0,174,-32.6839
30,1,176,-32.7955
27,1,172,-32.9244
29,0,185,-32.8703
33,0,166,-32.9458
27,0,157,-32.5796
27,0,162,-32.8704
26,0,156,-32.75
28,1,183,-33
33,0,144,-32.8889
32,0,174,-32.7011
39,0,176,-32.6477
24,0,166,-32.8675
36,0,151,-32.649
48,0,171,-32.9298
42,0,159,-32.6541
37,0,189,-32.582
41,0,169,-32.5207
34,0,155,-32.6774
35,0,175,-32.9429
47,0,149,-32.3356
22,0,184,-32.8098
32,0,170,-33
33,0,187,-32.6096
47,0,178,-32.764
37,0,154,-32.7662
23,0,159,-32.805
29,0,181,-33
42,0,162,-32.9012
26,0,196,-32.7143
32,0,170,-32.8176
40,0,154,-32.6948
48,0,147,-32.1973
21,0,224,-32.9777
57,0,167,-32.5509
27,0,176,-32.6023
29,0,185,-32.9243
34,0,153,-32.9739
29,0,163,-33
55,0,172,-32.7384
24,0,145,-32.8966
60,0,188,-32.1596
29,0,165,-32.9636
25,0,124,-32.7581
28,0,191,-32.9738
38,0,143,-32.6294
35,0,155,-32.6323
27,0,146,-32.8836
34,0,160,-32.45
29,0,163,-32.7975
54,0,161,-32.6584
26,0,162,-33
22,0,177,-32.9718
28,0,183,-32.9617
49,0,180,-32.7778
25,0,186,-32.957
28,0,185,-32.8216
34,0,93,-32.2903
62,0,177,-32.5085
30,0,77,-32.2987
27,0,164,-33
39,0,162,-32.6296
23,0,151,-32.9801
30,0,134,-32.9478
49,0,170,-32.6882
23,0,171,-32.5497
39,0,123,-32.5854
21,0,138,-32.8696
36,0,151,-32.8344
36,0,157,-32.8471
36,0,167,-32.8024
30,0,161,-32.8261
37,0,167,-32.8144
37,0,166,-32.5843
29,0,335,-32.8358
34,0,174,-32.8621
29,0,177,-32.9944
42,0,178,-32.9101
29,0,178,-32.7753
57,0,174,-32.6954
56,0,161,-32.677
44,0,151,-32.9007
22,0,172,-32.9826
32,0,165,-32.8182
30,0,170,-32.9882
29,0,175,-32.7771
29,0,192,-32.9948
25,2,164,-32.5854
34,0,191,-32.6073
24,0,157,-32.9554
30,0,162,-32.9383
20,0,183,-32.9781
51,0,183,-32.7541
24,0,161,-32.6584
50,0,170,-32.2824
21,0,164,-32.9756
39,0,192,-32.901
30,1,175,-32.8114
38,0,163,-32.7914
31,3,141,-33
23,0,173,-32.9364
25,0,159,-33
39,0,175,-32.8286
36,2,169,-32.9822
47,0,172,-32.4012
22,0,146,-32.8151
22,0,164,-32.7683
26,1,172,-32.936
21,2,165,-32.9515
48,0,180,-32.5611
36,0,164,-32.7439
43,0,166,-32.8193
37,0,181,-32.5801
40,0,200,-32.59
33,0,175,-32.6914
36,0,157,-32.8089
49,0,182,-32.7308
40,0,169,-32.9172
26,2,171,-32.9474
26,0,122,-32.7787
34,0,146,-32.6918
37,0,155,-32.6129
30,0,186,-32.7151
54,0,176,-32.4943
31,0,169,-32.9408
37,0,170,-32.3647
41,0,167,-32.4192
25,0,177,-33
28,0,159,-32.9308
33,0,155,-32.6258
24,0,165,-32.9576
34,0,161,-32.2609
28,0,156,-33
45,0,171,-32.807
20,0,168,-32.9821
37,0,187,-32.9626
47,0,153,-32.6275
50,0,160,-32.4625
27,0,178,-32.8652
28,0,153,-32.8889
39,0,160,-32.875
28,0,169,-32.8876
20,0,150,-32.9533
47,0,185,-32.7622
48,0,155,-32.2516
39,0,172,-32.75
40,0,180,-32.6556
24,0,174,-32.5287
23,0,146,-32.4589
55,0,170,-32.3471
58,0,204,-32.5196
36,0,193,-32.8756
53,0,171,-32.5848
52,0,162,-32.3272
26,0,148,-32.9527
35,0,175,-32.7371
45,0,164,-32.75
35,0,177,-32.8475
23,0,161,-32.6957
49,0,195,-32.3692
27,0,160,-32.775
38,0,158,-32.7848
23,0,167,-32.8563
54,0,183,-32.7049
50,0,160,-32.7563
25,0,157,-32.4395
43,0,153,-32.7059
45,0,195,-32.8769
29,0,189,-32.7672
38,0,171,-32.4094
49,0,173,-32.7861
23,0,153,-33
27,0,167,-32.9341
38,0,162,-32.7284
44,0,164,-32.5671
33,0,177,-32.8192
32,0,170,-32.6412
48,0,165,-32.8061
54,0,164,-32.3171
39,0,146,-32.8493
43,0,170,-32.7647
31,0,181,-32.9116
29,0,173,-32.8902
34,0,169,-32.2959
48,0,160,-32.5312
32,0,166,-32.8313
34,0,183,-32.6995
32,0,181,-33
38,0,148,-32.4324
43,0,162,-32.9444
50,0,165,-32.5636
45,0,171,-32.9532
22,0,211,-32.8673
37,0,165,-32.7818
48,0,171,-32.7135
41,0,154,-32.5714
46,0,148,-32.8108
21,0,148,-32.8041
27,0,154,-32.7208
48,0,164,-32.5976
39,0,168,-32.9048
42,0,159,-32.8805
24,0,141,-32.617
50,0,148,-32.3243
33,0,173,-33
55,0,174,-32.6782
53,0,172,-32.5174
47,0,194,-32.134
26,0,185,-32.7514
30,0,97,-32.7938
33,0,169,-32.7929
46,0,170,-32.7765
25,0,168,-33
47,0,173,-32.5665
53,0,185,-32.6973
42,0,192,-32.7656
47,0,181,-32.8564
41,0,169,-32.8284
34,0,166,-32.9639
47,0,174,-32.454
34,0,173,-32.9711
35,0,162,-32.6914
41,0,180,-32.7444
26,0,150,-32.6333
37,0,166,-32.6205
33,0,185,-32.7838
34,0,148,-32.8108
35,0,99,-32.596
32,0,148,-32.8041
25,4,154,-32.8766
32,0,135,-32.9778
34,0,147,-32.8571
44,0,173,-32.4971
31,0,174,-32.7586
33,0,156,-32.4423
26,0,164,-32.939
26,0,152,-32.5263
21,0,189,-32.9947
26,0,174,-32.8678
49,0,179,-32.1341
34,2,171,-32.9474
27,0,153,-32.9673
35,0,166,-32.6566
49,0,167,-32.4012
25,0,268,-32.8694
37,0,180,-32.9167
56,0,169,-32.716
28,0,161,-33
31,0,168,-32.9762
25,1,152,-32.7171
55,0,191,-32.6335
45,0,173,-32.9538
26,0,162,-32.8765
31,0,188,-32.9149
60,3,187,-32.5775
21,0,159,-32.6415
29,0,163,-32.9387
31,0,161,-32.8882
39,0,162,-32.679
41,0,181,-32.895
23,0,152,-32.8684
31,0,194,-32.9381
37,0,168,-32.5357
43,0,177,-32.4237
46,0,184,-32.587
34,0,168,-32.6786
34,0,148,-32.8986
28,0,164,-32.9878
56,0,180,-32.7333
40,0,175,-33
45,0,173,-32.9306
24,0,142,-32.8662
26,0,159,-32.9119
59,0,174,-32.546
42,0,101,-32.0792
37,0,96,-32.4167
42,0,167,-32.7904
48,0,153,-32.4837
38,0,158,-32.5316
38,0,153,-32.8954
33,0,167,-32.8982
36,0,165,-32.897
29,0,153,-32.8889
35,0,186,-32.9731
26,0,176,-32.9318
52,0,172,-32.2267
57,0,192,-32.3958
28,0,155,-32.7742
40,0,196,-32.6429
39,0,165,-32.6061
59,0,184,-32.5543
77,36,170,-32.1294
56,16,185,-32.427
76,32,189,-32.6825
84,55,186,-32.0323
27,2,176,-32.7784
40,8,160,-32.775
65,42,187,-32.3102
24,1,166,-32.9819
20,0,219,-33
20,0,187,-32.9786
30,0,161,-32.8758
29,0,142,-32.8451
45,0,180,-32.5556
52,0,186,-32.7527
39,0,158,-33
24,0,177,-32.9944
25,0,153,-32.8497
34,0,168,-32.881
38,0,179,-32.7039
29,0,184,-32.7283
33,0,212,-32.9104
29,0,192,-32.9896
22,0,183,-33
65,0,208,-32.4904
31,0,201,-32.9751
33,0,185,-32.8703
64,0,197,-32.4416
24,0,175,-32.8343
24,0,153,-32.9869
28,0,177,-32.9887
43,0,180,-32.8611
35,0,166,-32.9337
29,0,165,-32.7818
44,0,200,-32.925
36,0,160,-32.825
31,0,169,-32.6272
35,0,148,-32.9932
20,0,158,-32.9051
36,0,199,-32.9196
47,0,192,-32.75
22,0,174,-32.9885
34,0,185,-32.827
43,0,189,-32.746
35,0,184,-32.8424
42,0,185,-32.8162
20,0,170,-32.9941
32,0,188,-32.9415
43,0,188,-32.5372
25,0,174,-33
28,0,173,-32.9249
28,0,176,-32.875
35,0,194,-32.9845
43,0,185,-32.6054
25,0,172,-32.9709
32,0,204,-32.8235
29,0,169,-32.787
28,0,158,-33
27,0,211,-32.9858
36,0,183,-32.7158
32,0,184,-32.8152
59,0,186,-32.4301
44,0,190,-32.8
55,0,212,-32.5991
34,0,169,-33
51,0,188,-32.6702
46,0,169,-32.787
22,0,183,-32.7432
35,0,213,-32.7089
24,0,166,-33
38,0,173,-32.9884
31,0,180,-32.9722
28,0,152,-32.6184
51,0,198,-32.7172
38,0,203,-32.9015
42,0,196,-32.898
37,0,169,-32.8107
30,0,172,-32.9651
36,0,151,-32.6358
36,0,171,-32.8187
24,0,153,-32.902
53,0,190,-32.8421
35,0,179,-32.8771
54,0,175,-32.3143
26,0,167,-32.8982
39,0,197,-32.2893
40,0,183,-32.7322
61,0,203,-32.5714
49,0,193,-32.6891
29,0,159,-32.9434
20,0,165,-33
50,0,160,-32.4188
35,0,199,-32.9296
25,0,163,-33
24,0,140,-32.9714
53,0,190,-33
34,0,179,-32.8715
22,0,162,-32.6728
24,0,153,-32.7647
50,0,185,-32.9243
23,0,191,-32.9791
47,0,177,-32.904
60,0,183,-32.7432
22,0,156,-32.7115
37,0,211,-32.6872
44,0,188,-32.8191
48,0,180,-32.7278
29,2,189,-32.9524
36,0,175,-32.9657
44,0,181,-32.8895
27,0,168,-32.6845
36,0,178,-33
31,0,179,-32.9609
30,0,166,-32.8072
24,0,162,-32.9753
44,0,182,-32.7802
40,2,165,-32.8788
56,0,185,-32.5081
24,0,167,-32.982
24,0,182,-32.9286
35,0,190,-32.8421
35,0,180,-32.95
43,1,167,-32.8982
28,0,166,-33
26,0,163,-32.8773
36,0,172,-32.7791
32,0,177,-32.791
32,0,162,-32.8457
75,0,209,-32.3828
26,0,192,-33
37,8,161,-32.8323
35,0,196,-32.8673
26,0,199,-32.7588
29,0,184,-32.7228
43,0,192,-32.6875
27,0,167,-32.6946
38,0,191,-32.8901
29,0,178,-32.5449
36,0,190,-32.9474
40,0,188,-32.6649
24,1,192,-32.9688
47,0,170,-32.7294
31,0,150,-32.5867
26,0,174,-33
41,0,177,-32.8192
31,0,202,-32.9554
28,0,115,-32.9391
47,0,180,-32.7722
20,0,180,-32.8389
27,0,175,-32.8343
36,0,173,-32.4277
37,1,169,-32.9822
28,0,200,-33
33,0,188,-32.9415
22,0,223,-33
27,0,188,-32.8617
20,0,139,-33
32,0,178,-32.7978
30,5,185,-32.8595
28,0,185,-32.7081
32,0,193,-32.8601
29,0,178,-32.9494
30,2,199,-33
35,4,185,-32.9243
22,0,144,-32.9722
38,2,178,-32.9213
37,3,166,-32.9096
22,1,173,-32.8092
50,0,173,-32.9017
61,0,172,-32.4302
33,0,181,-32.8343
28,0,172,-32.9767
21,0,212,-32.9764
49,0,168,-32.6667
21,0,168,-32.8571
34,0,187,-32.8289
36,0,186,-32.328
23,0,169,-32.9941
37,0,174,-32.9885
30,0,176,-32.6989
41,0,160,-32.8687
36,0,174,-33
28,0,176,-32.767
39,0,198,-32.899
22,0,171,-32.9415
26,0,153,-32.7974
35,0,168,-32.7143
37,0,104,-31.6827
35,0,198,-32.798
31,0,179,-32.9665
57,0,194,-32.9021
26,0,176,-32.892
28,0,176,-32.6136
45,0,175,-32.8057
39,0,192,-32.9635
33,0,171,-32.8129
63,0,168,-32.6667
51,0,188,-32.7979
39,0,193,-32.9896
20,0,150,-32.9667
37,0,186,-32.9355
21,0,184,-33
32,0,154,-32.6364
48,0,192,-32.4427
41,0,184,-32.6848
22,0,178,-32.9213
30,0,190,-32.8579
58,0,187,-32.4225
52,0,186,-32.5538
51,0,181,-32.7017
44,0,165,-32.4182
24,0,153,-32.8824
55,0,170,-32.8235
24,0,150,-32.8867
53,0,177,-32.9548
21,0,177,-32.9944
29,0,151,-32.8212
37,0,176,-32.6875
24,0,170,-32.9824
74,0,187,-32.2193
51,0,168,-32.2381
39,0,163,-32.4908
33,0,169,-32.8935
71,0,186,-32.3226
57,0,189,-32.582
46,0,171,-32.6959
46,0,184,-32.7283
32,0,191,-32.8639
23,0,176,-32.8011
36,0,170,-32.7765
46,0,174,-32.7126
47,0,183,-32.6995
26,0,166,-33
45,0,185,-32.7351
27,0,181,-32.9392
47,0,175,-32.9086
40,0,171,-32.9415
32,0,181,-32.9006
37,0,164,-32.9268
36,0,183,-32.8579
30,0,180,-32.9667
47,0,175,-32.9829
27,0,170,-32.7588
41,0,171,-32.8421
30,0,157,-33
35,0,191,-32.9215
36,0,161,-32.9814
42,0,179,-32.8492
51,0,193,-32.8394
39,0,165,-32.6727
43,0,165,-32.6667
32,0,182,-32.989
36,0,182,-32.7418
29,0,188,-32.8617
25,0,181,-32.8619
38,0,198,-32.8081
31,0,167,-32.976
27,0,163,-32.773
26,0,152,-32.8158
33,0,195,-32.9128
33,0,169,-32.8166
46,0,179,-32.6592
30,0,188,-33
69,0,188,-32.6702
48,0,171,-32.7719
42,0,176,-32.5852
38,0,177,-32.7853
48,0,185,-32.8108
31,0,172,-32.8256
27,0,154,-32.8831
24,0,139,-32.8705
40,0,170,-32.7412
29,0,170,-32.7824
25,0,154,-33
45,0,165,-32.8788
32,0,183,-32.9945
43,2,211,-32.7536
51,2,172,-32.5058
41,0,157,-32.6561
38,0,171,-32.9298
31,4,162,-32.8333
47,0,255,-32.8196
44,0,177,-32.5593
39,0,180,-32.6
24,0,177,-32.5876
46,0,173,-32.9133
46,0,166,-32.9157
33,0,197,-33
29,0,100,-32.97
43,0,173,-32.9422
26,0,174,-32.7011
21,0,154,-32.9805
41,0,194,-32.9588
29,0,174,-32.9713
51,0,185,-32.9027
35,0,162,-32.8951
26,0,169,-33
29,0,191,-32.7435
35,0,178,-32.9775
26,0,176,-32.9943
23,0,168,-32.9524
32,0,180,-32.9222
28,3,173,-32.9075
32,4,188,-32.9043
64,4,175,-32.4914
51,6,173,-32.4104
34,0,171,-32.7076
50,2,172,-32.4884
59,4,205,-32.6537
36,0,184,-32.875
53,7,173,-32.7514
45,3,178,-32.8652
46,4,166,-32.5602
32,2,174,-32.7471
42,2,169,-32.6627
53,4,201,-32.5572
36,2,188,-32.7872
20,3,197,-32.9188
32,4,141,-32.7872
28,2,182,-32.5385
39,1,225,-32.8667
33,3,190,-32.7737
28,1,183,-32.5956
36,0,184,-32.7663
34,0,185,-32.9135
25,0,169,-32.9231
24,0,162,-32.9815
29,0,175,-32.8686
47,0,194,-32.7938
51,0,186,-32.7634
43,0,183,-32.765
24,0,163,-33
30,0,184,-32.875
39,0,188,-32.7394
48,0,185,-33
44,0,189,-32.9048
37,0,200,-32.91
26,0,152,-32.7697
39,0,183,-32.9891
31,0,169,-32.9112
31,0,193,-32.772
26,0,176,-32.9205
29,0,173,-32.9769
64,0,176,-32.3125
37,0,190,-32.8263
31,0,193,-32.6943
40,0,186,-32.7796
24,0,188,-32.6277
27,0,194,-33
57,0,186,-32.8226
23,0,177,-32.9435
41,0,177,-32.9435
30,0,179,-32.9106
32,0,168,-32.8155
61,0,195,-32.2821
23,0,184,-32.8859
21,0,155,-32.9032
34,0,160,-32.9937
40,0,202,-32.6089
36,0,95,-32.4737
50,0,168,-32.1786
31,0,152,-32.8224
30,0,164,-32.7073
32,0,194,-32.8711
23,0,169,-32.9053
45,0,174,-32.8046
40,0,186,-32.8925
39,0,182,-32.978
41,2,180,-32.8889
34,3,173,-32.8208
43,0,183,-32.8579
51,0,185,-32.8
29,0,185,-32.8324
45,8,182,-32.8077
20,0,177,-32.9548
22,0,156,-33
29,0,186,-32.871
26,0,182,-32.9505
27,3,164,-32.939
44,0,152,-32.6316
60,0,180,-32.4389
28,0,157,-32.9045
29,0,174,-32.908
31,0,195,-32.7026
27,0,156,-32.6346
43,0,173,-32.9711
37,0,184,-32.837
35,0,186,-32.7097
40,0,168,-32.7321
24,0,161,-32.8447
23,1,206,-32.8544
36,0,170,-32.6471
57,0,155,-32.7871
44,0,178,-32.7753
37,0,197,-32.8223
41,0,171,-32.9532
33,0,191,-32.9058
26,0,177,-33
53,0,175,-32.3143
38,0,176,-32.6875
23,0,171,-32.9825
39,0,168,-32.3869
41,2,194,-32.6753
28,0,166,-32.8494
46,0,157,-32.7325
32,0,163,-32.7669
22,0,171,-32.8772
25,0,189,-33
45,0,143,-32.1259
31,0,151,-32.8609
35,8,184,-32.7228
33,0,199,-32.8744
22,0,189,-33
54,0,175,-32.9371
36,0,180,-32.7
48,0,191,-32.5864
46,0,204,-32.4804
53,0,172,-32.9477
54,0,184,-32.6957
35,0,168,-32.9167
26,0,196,-32.7755
24,0,206,-32.8544
26,0,198,-32.8131
36,0,156,-32.8462
56,0,196,-32.6939
44,0,179,-32.5978
29,0,145,-32.669
32,0,146,-32.9178
20,0,168,-32.994
52,0,166,-32.4277
20,0,177,-32.8079
23,1,180,-32.9944
34,0,163,-32.638
28,0,166,-32.6386
27,0,160,-32.8813
56,0,171,-32.7953
39,0,179,-32.8771
23,0,180,-32.9667
24,0,205,-32.9122
26,0,154,-32.7792
29,0,186,-32.8817
20,0,142,-32.8451
31,0,168,-32.9702
29,0,149,-33
23,0,203,-33
24,0,158,-32.943
28,0,151,-32.9338
21,1,151,-32.947
36,0,143,-32.979
37,0,151,-32.8675
35,0,154,-32.5519
22,0,160,-32.9937
31,0,182,-32.8791
26,0,144,-32.8611
26,0,186,-32.9677
21,0,168,-32.9762
39,0,171,-32.9357
41,0,166,-32.747
34,0,172,-32.5756
35,0,182,-32.8626
41,0,166,-32.8373
33,0,179,-32.676
48,2,188,-32.9415
34,0,174,-32.8563
44,1,193,-32.8653
31,2,179,-33
34,0,164,-32.7317
26,0,168,-32.8452
40,3,161,-32.913
23,1,154,-33
26,0,197,-32.9797
37,2,185,-32.6486
24,0,164,-32.9573
39,0,99,-32.5354
20,0,162,-32.9938
26,0,171,-33
32,0,161,-33
28,0,159,-32.9937
28,0,184,-32.8587
49,0,172,-32.2616
22,0,176,-32.9716
34,0,160,-32.6938
42,0,166,-32.8614
20,0,167,-32.9701
22,0,179,-32.8659
30,0,117,-33
30,5,164,-32.7805
25,0,184,-32.8967
43,0,175,-32.9771
20,1,188,-32.9574
24,0,165,-32.8909
24,0,157,-32.949
24,0,165,-33
34,0,170,-32.8
37,0,187,-32.6845
27,0,141,-32.7518
34,0,178,-32.8371
45,0,187,-32.9305
21,0,178,-32.8708
36,0,172,-32.7384
41,0,167,-32.6766
40,0,189,-32.9577
26,0,194,-32.7423
20,0,161,-32.9938
30,2,161,-32.1925
27,2,179,-32.9665
26,0,169,-32.929
37,9,176,-32.5852
23,2,157,-32.8981
24,0,172,-32.7616
25,0,178,-32.8708
20,0,183,-32.9617
37,1,175,-32.4514
26,0,179,-32.7151
26,0,166,-32.9277
25,0,177,-32.9322
37,0,164,-32.7073
42,0,182,-32.6319
20,0,146,-32.9041
31,0,193,-32.8756
35,0,169,-32.8284
24,1,195,-32.9128
21,0,199,-32.8744
24,0,169,-32.8817
22,0,187,-32.877
26,0,150,-32.8467
39,0,170,-32.4353
22,0,184,-32.8641
22,0,164,-32.9024
49,0,159,-32.2264
23,0,192,-33
24,0,180,-33
40,0,165,-32.6
50,0,161,-32.6273
54,0,174,-32.6839
31,0,147,-32.9116
31,0,195,-32.9538
30,0,153,-32.9739
28,0,173,-32.7225
26,0,152,-32.8092
28,0,144,-32.9028
35,0,172,-32.6221
32,0,173,-32.9075
48,3,170,-32.6647
22,0,156,-32.9295
23,0,149,-32.5839
61,3,183,-32.5355
60,3,175,-32.8171
23,0,179,-32.8156
20,0,129,-32.9845
35,0,173,-32.8671
41,0,162,-32.0926
42,0,168,-32.5833
35,0,167,-32.9341
29,0,158,-32.7785
43,0,163,-32.6196
24,0,192,-32.9792
42,0,187,-32.8503
35,0,160,-32.7687
31,0,166,-32.6446
43,0,186,-32.9677
33,0,180,-32.9944
23,0,146,-32.8699
42,0,174,-32.6149
46,0,172,-32.5407
31,0,191,-32.8063
26,0,204,-32.9853
25,0,167,-32.9641
31,0,184,-32.9728
49,0,163,-32.6012
39,0,162,-32.6543
33,0,182,-32.8022
24,1,181,-32.8177
29,0,175,-33
23,1,111,-32.955
41,1,174,-32.6954
20,0,171,-32.9591
32,0,195,-32.8667
25,0,143,-33
38,3,183,-32.6339
21,0,130,-32.8615
31,1,164,-32.7744
54,0,155,-32.4065
24,0,186,-32.957
26,0,147,-32.9184
52,0,183,-32.8907
23,0,190,-32.8684
29,0,158,-32.6835
24,0,157,-32.9936
27,0,190,-32.8684
22,0,134,-32.8881
40,0,154,-32.8052
54,0,167,-32.8623
29,0,158,-32.9873
24,0,174,-32.6667
34,0,168,-32.756
54,0,178,-32.7978
48,0,188,-32.4362
40,0,174,-32.523
28,0,190,-32.9632
27,0,173,-32.4509
24,0,185,-32.7027
27,0,190,-32.8895
28,0,174,-32.8736
45,0,179,-32.8268
47,0,176,-32.3239
37,0,171,-32.462
30,0,163,-33
25,0,167,-32.8084
42,0,163,-32.7055
25,1,181,-32.8177
52,0,158,-32.7658
46,0,159,-32.9623
29,0,184,-32.9783
27,0,192,-32.8594
30,1,172,-32.4651
38,0,154,-32.8636
27,0,161,-32.9068
44,0,183,-32.2951
32,0,177,-32.6893
32,0,158,-32.6835
20,0,187,-32.7914
31,0,189,-32.8995
23,0,137,-32.7445
28,0,141,-32.9574
30,0,166,-32.9217
26,0,177,-32.9096
24,0,180,-32.7722
25,0,161,-32.8509
43,0,157,-32.7197
24,1,183,-32.9235
26,2,241,-32.9834
21,0,142,-33
24,0,183,-32.235
28,1,228,-32.6316
36,0,175,-32.9029
47,2,153,-32.8562
35,1,184,-32.2283
26,0,160,-32.825
34,1,162,-32.5556
41,2,184,-32.7609
33,0,172,-32.9535
30,0,164,-32.622
25,0,155,-32.8323
46,0,177,-32.6384
34,0,143,-32.4965
27,0,175,-32.92
28,0,157,-32.7834
25,0,174,-32.9253
22,0,166,-32.9518
28,0,169,-32.787
29,0,179,-32.9553
28,0,164,-32.8049
22,0,187,-32.9519
22,0,175,-33
23,0,168,-32.8512
23,0,177,-32.8588
25,0,156,-32.3846
31,0,197,-32.8832
41,0,162,-32.5926
25,0,168,-32.7857
25,0,151,-32.9404
31,0,160,-32.7437
29,0,172,-32.9535
21,0,137,-32.9416
32,0,164,-32.8598
23,0,176,-32.7557
27,0,184,-32.9185
30,0,156,-33
21,0,153,-32.8758
53,0,185,-32.5081
25,0,148,-32.8851
32,0,152,-32.8947
57,0,176,-32.4489
25,0,169,-32.8876
34,0,181,-32.9503
50,0,179,-32.5084
31,0,155,-32.929
32,0,188,-32.8085
27,0,170,-32.9647
43,0,154,-32.8117
24,0,168,-32.9762
36,0,159,-32.8176
30,0,188,-33
57,0,179,-32.581
46,0,177,-32.6328
22,0,164,-32.9939
22,0,147,-33
53,0,175,-32.4057
24,0,157,-32.4777
39,0,154,-32.4935
36,0,160,-32.5938
30,0,142,-32.831
45,0,176,-32.4716
37,0,155,-32.7613
32,0,146,-33
34,0,148,-32.5676
27,0,164,-32.7683
31,0,148,-32.8176
22,0,160,-32.9
33,0,179,-32.9218
32,0,160,-33
26,0,152,-32.8224
35,1,173,-32.815
26,0,159,-32.7421
32,0,175,-32.76
20,0,188,-32.9468
35,7,177,-32.8983
43,6,176,-32.7273
24,0,157,-32.9618
25,4,165,-32.9091
27,0,161,-33
23,0,163,-32.9755
31,2,160,-33
26,4,165,-32.9636
28,0,175,-32.5829
23,0,177,-32.9944
29,0,181,-32.9006
21,0,160,-33
24,0,173,-32.8555
32,1,172,-32.8314
36,0,175,-32.6629
20,0,157,-32.7771
37,0,172,-32.7849
26,0,181,-32.8619
22,1,135,-32.5259
26,0,165,-32.8727
21,1,152,-33
23,0,173,-32.8555
25,0,164,-32.6951
34,0,200,-32.825
33,1,177,-32.8531
34,3,169,-32.929
45,3,184,-32.5707
42,0,151,-32.5232
42,0,189,-32.7354
35,0,181,-32.5304
33,0,171,-32.8596
33,0,174,-32.8218
29,0,147,-32.6599
45,0,170,-32.9647
28,0,149,-32.906
52,0,178,-32.8652
39,0,160,-32.6437
41,0,179,-32.7654
38,0,189,-32.963
26,0,107,-32.8318
43,0,186,-32.8763
51,0,186,-32.7796
49,0,189,-32.7566
48,0,192,-32.625
44,0,185,-32.8216
48,0,166,-32.9036
73,0,186,-32.4731
53,0,152,-32.0066
41,0,141,-32.9787
39,0,153,-32.8693
26,2,159,-32.8365
36,0,159,-32.4654
43,4,170,-32.8588
32,0,160,-32.775
25,3,158,-32.9177
24,0,146,-32.9384
24,0,174,-33
32,0,160,-33
41,0,173,-32.9942
60,3,180,-32.7
23,0,177,-32.9492
37,0,162,-32.7963
39,0,158,-32.9241
35,0,169,-32.9172
39,13,151,-32.5232
30,0,167,-32.8802
44,2,151,-32.4702
28,0,173,-32.7977
28,2,176,-32.7955
30,0,191,-32.9791
21,0,142,-32.8662
50,2,170,-32.7824
47,3,189,-32.5344
40,3,161,-33
26,0,178,-32.8933
36,0,165,-32.9879
36,2,173,-32.2775
44,3,158,-32.8734
26,0,156,-32.8397
36,2,147,-32.8435
38,0,184,-32.5815
36,0,341,-32.9267
42,10,155,-32.8065
31,0,171,-32.193
44,0,158,-32.7278
47,0,188,-32.5532
31,0,155,-32.7419
45,0,179,-32.8771
22,0,170,-32.9471
28,0,175,-33
44,0,159,-32.8742
27,0,170,-32.8059
42,0,161,-32.3665
41,0,153,-32.6405
42,0,161,-32.8385
43,0,178,-32.5955
21,0,170,-32.8706
63,0,200,-32.12
20,0,163,-32.8834
52,0,190,-32.4895
45,0,155,-32.2258
31,0,169,-32.8698
21,0,156,-33
24,0,158,-32.7215
37,0,155,-32.5677
22,1,189,-32.7884
30,2,178,-33
37,0,163,-32.7301
40,0,159,-32.5786
41,3,172,-32.5988
35,2,169,-33
22,1,161,-33
25,0,136,-32.9853
50,0,171,-32.5263
27,0,164,-32.9512
30,0,177,-32.9096
28,0,317,-32.9085
53,0,206,-32.6117
25,0,149,-32.8591
38,0,178,-32.809
24,0,179,-32.9274
52,0,176,-32.7273
34,0,185,-32.9514
63,0,182,-32.6044
31,0,174,-32.8851
31,0,175,-32.8286
38,0,181,-32.9006
29,0,161,-32.9565
56,0,157,-32.8217
42,0,173,-32.9942
82,0,181,-32.3867
29,0,185,-32.9568
59,0,173,-32.6185
30,0,185,-32.6
30,0,190,-32.8526
29,0,172,-32.9942
45,0,161,-32.6087
45,0,179,-32.6704
52,0,186,-32.7043
38,0,155,-32.7484
58,0,201,-32.6169
69,0,174,-32.5575
38,0,165,-32.8
28,0,171,-32.9006
68,0,174,-32.7299
21,2,155,-32.9871
37,0,156,-32.8974
52,0,167,-32.9281
64,0,188,-32.9043
22,0,184,-32.7065
24,0,169,-33
33,0,196,-32.9949
38,0,147,-32.4558
40,0,165,-32.9394
58,0,173,-32.7688
30,0,165,-32.897
20,0,190,-32.9737
23,0,139,-32.6187
50,0,170,-32.5353
53,0,165,-32.6848
26,0,160,-33
81,0,195,-32.3744
59,0,174,-32.4713
47,0,177,-32.7514
65,0,201,-32.8507
42,0,175,-32.8
60,0,158,-32.7658
40,0,86,-32.9884
67,0,168,-32.5357
41,0,165,-32.9394
47,0,173,-32.2197
58,0,166,-32.6325
46,0,170,-32.8412
46,0,189,-32.7619
51,0,178,-32.236
43,0,174,-32.7931
33,0,167,-32.6407
78,0,176,-32.3352
38,0,169,-32.7337
56,0,185,-33
67,0,186,-32.3333
60,0,204,-32.701
26,0,142,-32.838
23,0,157,-32.9682
54,0,187,-32.5561
64,0,177,-32.5141
38,0,188,-32.9894
67,0,167,-32.2635
54,0,185,-32.627
69,0,180,-31.9611
47,0,188,-32.8617
56,0,138,-32.9565
20,0,185,-32.8865
56,0,171,-32.9415
54,0,155,-32.3871
25,0,179,-32.8101
58,0,197,-32.6142
36,0,148,-32.9324
26,0,162,-32.9753
22,0,132,-33
37,0,162,-32.7963
40,0,180,-32.7278
26,0,168,-32.4167
36,0,174,-32.8966
35,0,182,-32.6978
54,0,168,-32.8929
39,0,190,-32.6211
51,0,194,-32.5825
49,0,158,-32.9114
29,0,150,-31.9467
29,0,162,-32.2901
48,0,174,-32.8563
50,0,193,-32.4974
46,0,168,-32.5714
21,0,191,-32.9319
26,0,144,-32.5556
40,0,203,-32.9606
45,0,187,-32.9305
59,0,177,-32.7062
49,0,168,-32.8869
35,0,149,-32.7517
49,0,179,-32.7765
21,0,182,-31.7033
49,0,160,-32.8125
64,0,190,-32.7842
46,0,170,-32.9294
47,0,164,-32.7622
28,0,154,-32.9351
28,0,172,-32.8837
74,0,189,-32.7831
27,0,159,-32.7925
63,0,163,-32.7669
56,0,187,-32.5936
49,0,173,-32.3179
42,0,174,-32.908
42,0,165,-32.6061
54,0,169,-32.716
48,0,174,-32.8218
64,0,194,-32.5515
66,0,180,-32.1167
43,0,169,-32.645
52,0,176,-32.8182
46,0,193,-32.7254
62,0,186,-32.6559
60,0,182,-32.6648
46,0,192,-32.9427
41,0,201,-32.806
56,0,177,-32.8079
40,0,191,-32.7225
45,0,163,-32.6564
66,0,185,-32.4541
30,0,182,-32.8022
44,0,189,-32.8889
64,0,167,-32.2395
30,0,125,-33
51,0,179,-32.6145
48,0,170,-32.6059
62,0,182,-32.3791
54,0,195,-32.7949
55,0,162,-32.5741
46,0,168,-32.6964
23,0,134,-32.709
48,0,185,-32.7297
53,0,190,-32.6053
22,0,167,-32.9701
42,0,190,-32.5632
21,0,153,-33
39,0,172,-32.6686
32,0,178,-32.6124
32,0,164,-32.6159
55,0,185,-32.7351
55,0,187,-32.5829
30,0,182,-32.6538
48,0,193,-32.6891
41,0,172,-32.593
42,0,190,-32.7579
47,0,170,-32.7294
53,0,169,-32.5917
51,0,177,-32.5311
42,0,175,-32.6686
51,0,169,-32.6213
52,0,177,-32.6836
72,0,170,-32.6471
37,0,166,-32.994
42,0,183,-32.929
58,0,175,-32.4971
74,0,189,-32.5132
44,0,171,-32.7076
40,0,149,-32.3557
54,0,201,-32.6517
42,0,195,-32.8513
39,0,171,-32.7602
30,0,221,-32.9095
33,0,181,-32.989
28,0,137,-32.7664
63,0,103,-31.6019
41,0,192,-32.8906
54,0,157,-32.5796
62,0,191,-32.555
57,0,197,-32.5736
61,0,174,-32.4655
35,0,154,-32.8896
53,0,158,-32.8101
74,0,174,-32.6149
49,0,171,-32.7135
45,0,161,-32.7702
56,0,176,-32.2159
49,0,183,-32.1858
55,0,162,-32.7778
38,0,191,-32.9058
52,0,177,-32.791
47,0,152,-32.8947
38,0,140,-32.4143
55,0,182,-32.7033
39,0,174,-32.6092
24,0,193,-32.6477
37,0,163,-32.7546
50,0,165,-32.7091
26,0,170,-32.7176
27,0,177,-32.9718
36,0,158,-32.6456
78,0,184,-31.8478
46,0,153,-32.6601
60,0,160,-32.6063
36,0,188,-32.7872
43,0,185,-32.6757
33,0,160,-32.8125
64,0,183,-32.4918
36,0,190,-32.7474
41,0,198,-32.7071
21,0,171,-32.6901
60,0,197,-32.7411
23,0,188,-32.8936
57,0,192,-32.224
27,0,159,-32.9497
21,0,148,-33
22,0,142,-32.9789
47,0,199,-32.9799
47,0,176,-32.7784
55,0,160,-32.8312
20,0,159,-32.9874
41,0,185,-32.5892
45,0,182,-32.9615
55,0,194,-32.7165
46,0,181,-32.5359
31,0,162,-32.7963
37,0,159,-32.7484
22,0,84,-32.8571
66,0,154,-32.4091
50,0,156,-32.4551
29,0,163,-32.9877
83,0,193,-32.5181
34,0,189,-32.8571
57,0,174,-32.6322
39,0,186,-32.5753
46,0,186,-32.9301
28,0,171,-33
35,0,168,-32.8988
40,0,174,-32.6379
49,0,175,-32.96
34,0,169,-32.9408
41,0,170,-32.6235
40,0,169,-32.7515
43,0,172,-32.4128
43,0,85,-33
24,0,166,-32.9699
29,0,169,-32.929
50,0,176,-32.5909
44,0,158,-32.7342
61,0,174,-33
44,0,154,-32.9221
46,0,170,-32.5176
41,0,186,-32.8978
53,0,166,-32.6566
38,0,170,-32.5235
28,0,150,-33
42,0,175,-32.8686
53,0,175,-32.76
49,0,204,-32.799
58,0,178,-32.5899
38,0,154,-32.7597
35,0,182,-32.8901
67,0,214,-32.4486
28,0,177,-32.9379
48,0,160,-32.775
36,0,163,-32.8896
47,0,185,-32.9135
51,0,150,-32.6267
46,0,173,-32.8671
35,0,171,-32.9708
63,0,162,-32.5864
47,0,176,-32.6818
58,0,169,-31.8284
48,0,165,-32.8242
60,0,167,-32.6946
63,0,174,-32.6897
67,0,186,-32.2634
37,0,180,-32.9944
58,0,181,-32.2652
64,0,196,-32.5612
44,0,197,-32.8731
