24,0,158,-32.2025
42,3,155,-32.3935
22,0,193,-32.0466
32,0,159,-32.3082
28,0,168,-32.4345
39,0,172,-32.6395
37,0,173,-32.2312
23,0,160,-32.5312
31,0,190,-32.1947
41,2,172,-32.3895
29,0,165,-32.2606
21,0,173,-32.185
25,0,177,-32.565
32,0,162,-32.2284
24,2,159,-32.5535
29,0,185,-32.5243
50,0,173,-32.0058
42,0,171,-32.0351
39,0,153,-32.5294
21,0,93,-32.5161
21,0,155,-32.3226
35,0,173,-32.3006
27,0,165,-32.1394
34,0,164,-32.3963
22,0,215,-32.7628
39,0,166,-32.2349
40,0,152,-32.1447
27,0,173,-32.2139
52,0,160,-31.825
27,0,169,-32.2249
32,0,164,-32.5
32,0,149,-32.443
39,0,176,-32.1648
22,1,169,-32.6805
24,0,160,-32.5312
21,0,155,-32.4323
33,2,158,-32.0253
39,0,171,-32.4795
23,0,162,-32.2407
24,0,159,-32.2075
49,0,202,-31.6733
46,0,153,-32.2026
30,0,165,-32.1576
38,7,180,-32.0889
22,0,172,-32.0058
31,0,168,-32.0952
20,0,172,-32.5988
25,0,172,-32.4012
22,0,159,-32.2138
21,0,160,-32.775
30,0,173,-32.1561
36,0,169,-32.3964
23,0,173,-32.422
30,2,148,-32.2297
26,0,160,-32.775
36,0,173,-31.8555
23,0,147,-32.1837
24,0,158,-32.0886
24,0,139,-32.1511
25,0,177,-32.3051
28,5,162,-32.3272
25,0,124,-32.5403
39,0,189,-32.2434
21,0,151,-32.6887
28,0,154,-32.526
22,0,169,-31.7811
20,0,159,-32.4025
31,1,168,-32.6012
23,0,155,-32.4258
65,0,189,-31.9206
22,0,179,-32.1844
38,0,237,-32.5865
28,0,192,-31.9531
33,0,147,-32.3197
22,0,201,-32.6418
26,0,172,-32.4012
36,0,157,-32.1783
30,0,166,-32.4096
33,0,171,-32.5205
28,0,172,-32.1395
47,0,181,-32.0331
38,0,164,-32.5488
32,0,189,-32.2275
21,0,202,-32.3218
41,0,156,-32.3654
33,0,163,-32.7239
37,0,185,-32.2865
35,0,173,-32.4509
35,0,183,-31.8306
36,0,157,-32.4522
39,0,162,-32.1296
35,0,196,-32.3163
54,0,183,-32.1311
35,0,178,-32.6404
21,0,171,-32.2807
41,0,155,-31.9419
26,0,177,-32.0621
47,0,156,-31.9231
29,0,146,-32.2945
36,0,163,-32.3558
30,0,146,-32.4589
33,0,156,-32.4551
37,0,154,-32.1623
49,0,177,-32.2429
32,0,169,-32.3373
31,0,169,-32.5503
35,0,154,-32.0195
23,0,146,-32.3904
28,0,153,-32.4444
24,0,170,-32.5294
23,0,162,-32.6914
24,0,142,-32.3451
21,0,145,-32.4276
32,0,169,-32.3136
34,0,150,-32.18
24,0,172,-32.3721
25,0,174,-32.408
29,0,143,-32.2028
20,0,127,-32.2598
33,0,157,-32.242
23,0,165,-32.2727
44,0,152,-32.0658
25,0,152,-32.6842
20,0,172,-32.3953
23,0,172,-32.1919
25,0,172,-32.1802
27,0,165,-32.3636
22,1,171,-32.4912
24,0,93,-31.7634
27,0,173,-32.1503
35,2,182,-32.3681
33,0,155,-32.1677
29,0,157,-32.465
27,0,158,-32.5696
20,0,160,-32.5938
31,2,240,-32.4083
25,0,147,-32.1293
20,1,168,-32.2202
31,0,166,-32.1325
24,0,165,-32.3636
27,1,163,-32.227
28,0,156,-32.5513
29,1,164,-32.3476
34,0,159,-32.3648
34,0,158,-32.443
33,0,163,-32.2761
20,0,158,-32.2975
24,0,176,-31.983
41,0,163,-32.6196
27,0,171,-32.3509
30,0,159,-32.4843
50,0,175,-32.3086
31,0,160,-32.275
38,2,156,-32.3462
38,0,177,-32.2825
23,0,142,-32.331
23,0,156,-32.5
30,0,163,-32.3742
25,0,194,-32.2474
33,0,153,-32.2353
36,0,174,-32.4253
28,1,148,-32.2297
48,0,306,-32.2516
43,0,164,-31.9329
40,0,175,-31.6286
40,0,312,-32.1571
34,0,159,-32.2201
29,0,166,-31.988
20,0,152,-32.4737
28,0,164,-31.9146
28,0,164,-32.5427
47,0,220,-31.8636
21,0,146,-31.6575
23,0,167,-32.521
28,0,150,-32.3533
24,0,137,-32.4088
30,0,148,-32.4932
33,0,171,-31.8713
28,0,166,-31.9578
41,0,167,-31.9281
26,0,155,-31.5806
31,0,168,-32.1905
21,0,158,-32.5253
30,0,155,-32.3419
28,0,171,-32.0526
21,0,177,-32.1073
22,0,165,-32.4606
27,0,142,-32.5704
24,0,177,-32.3842
25,0,168,-32.244
25,0,119,-32.6891
24,1,160,-31.8188
29,1,164,-32.2927
37,0,184,-32.5543
35,0,160,-32.0312
20,0,166,-32.3855
30,0,161,-31.7516
47,0,169,-32.503
41,0,162,-32.284
41,5,172,-32.1279
48,0,151,-32.3179
58,0,175,-32.2229
39,0,178,-32.5169
29,0,154,-32.474
43,0,169,-32.0296
48,0,176,-32.3182
25,0,148,-32.4459
50,0,154,-32.4545
20,0,158,-32.5063
69,0,177,-31.7966
37,0,174,-31.9483
23,0,146,-32.4932
35,0,165,-32.0303
36,0,163,-32.3006
43,0,178,-31.8933
46,0,159,-32.1761
20,0,141,-32.1064
47,0,173,-32.3006
31,0,148,-32.527
34,0,166,-32.3313
31,0,173,-32.6301
24,0,163,-31.8282
38,0,160,-32.075
46,0,182,-32.2253
61,0,165,-31.9455
57,0,173,-32.2428
46,0,172,-31.5233
38,0,145,-32.4552
30,0,172,-32.314
45,0,167,-32.1257
48,0,150,-32.0067
62,0,176,-31.8864
35,0,172,-32.1628
25,0,154,-32.4481
31,0,191,-32.0314
36,0,171,-32.0409
32,0,160,-31.7563
20,0,164,-32.2805
49,0,166,-32.259
27,0,146,-32.2603
35,0,110,-32.5364
48,0,162,-32
62,0,199,-32.2462
20,0,158,-32.1203
29,0,179,-31.7765
50,0,94,-31.7553
40,0,150,-32.5067
48,0,177,-31.6441
30,0,145,-32.469
60,0,160,-32.375
35,0,163,-32.0736
39,0,183,-32.5464
32,0,160,-32.5812
37,0,160,-32.4188
31,0,159,-32.522
62,0,161,-32.0621
47,0,163,-32.3067
55,0,181,-31.9448
26,0,160,-32.3937
38,0,158,-32.0127
30,0,172,-32.4302
43,0,171,-32.4678
46,0,173,-32.2717
23,0,156,-31.7692
26,0,166,-32.0482
39,0,180,-32.0778
52,0,168,-32.4524
36,0,147,-32.0612
30,0,158,-32.1709
51,0,149,-31.5302
22,0,152,-32.3882
38,0,148,-32.3108
32,0,155,-32.0258
25,0,156,-32.2372
45,0,155,-32.6774
35,0,175,-32.1486
34,0,151,-31.9801
24,0,155,-32.3677
46,0,169,-32.0651
55,0,185,-31.9838
47,0,168,-31.9881
38,0,161,-32.1242
32,0,180,-32.3167
57,0,173,-32.1561
39,0,171,-32.3918
32,0,149,-31.9866
38,0,146,-31.911
36,0,162,-32.2469
43,0,175,-31.9143
39,0,167,-31.994
44,0,167,-32.4491
56,0,93,-32.1398
22,0,175,-32.5314
34,0,161,-32.0062
35,0,153,-32.2614
46,0,181,-31.7514
41,0,172,-32.2849
26,0,144,-32.625
56,0,170,-32.0471
56,0,163,-31.9387
21,0,160,-32.675
57,0,177,-32.0678
58,0,174,-32.3793
26,0,149,-32.3893
36,0,131,-32.1832
33,0,159,-31.9182
36,0,173,-32.4566
41,0,148,-32.4662
60,0,165,-31.9939
44,0,180,-32.2444
40,0,158,-32.0316
36,0,157,-31.9873
48,0,180,-31.95
51,0,160,-32.0063
26,0,154,-32.4935
25,0,168,-32.5119
34,0,167,-32.3772
34,0,144,-32.3403
45,0,158,-32.5886
45,0,168,-31.8988
30,0,155,-32.3935
35,0,161,-32.1242
38,0,158,-31.7468
31,0,157,-31.9618
34,0,163,-32.2638
25,0,152,-32.3882
40,0,168,-32.5774
30,0,159,-32.2642
20,0,94,-32.2234
58,0,167,-32.3593
31,0,150,-32.3867
24,0,175,-32.3486
65,0,191,-31.9267
48,0,186,-32.0323
36,0,171,-31.8947
30,0,170,-32.2471
35,0,156,-32.4808
32,0,160,-32.2375
44,0,160,-31.9812
30,0,150,-32.2933
29,0,145,-32.6345
31,0,170,-32.5941
36,0,147,-32.1769
48,0,167,-32.1018
38,0,151,-32.4172
41,0,175,-32.08
44,0,169,-32.4556
34,0,155,-32.0903
37,0,151,-32.3974
44,0,166,-32.2048
38,0,162,-32.2222
37,0,163,-32.2945
32,0,180,-32.1
50,0,189,-32.1111
31,0,167,-32.2934
33,0,175,-31.9886
34,0,166,-32.1265
34,0,150,-32.4133
46,0,170,-32.2824
33,0,155,-32.3484
62,0,182,-32.0934
28,0,177,-32.3842
38,0,184,-32.3424
41,0,166,-31.741
35,0,182,-32.3462
44,0,167,-32.1737
45,0,183,-31.9563
40,0,153,-32.1307
34,0,166,-32.1506
39,0,161,-31.8634
64,0,180,-31.9889
37,0,171,-32.2749
45,0,196,-32.2755
40,0,157,-31.9618
20,0,157,-32.5287
32,0,166,-32.5241
23,0,156,-32.3333
62,0,174,-31.7931
36,0,172,-32.4128
36,0,186,-32.0538
54,0,337,-32.1039
39,0,160,-32.3
42,0,161,-32.2919
21,0,149,-31.9933
37,0,166,-32.2169
27,0,148,-32.527
38,0,161,-32.3851
21,0,141,-32.3546
40,0,172,-31.9244
20,0,156,-32.2885
34,0,151,-32.6755
39,0,166,-32.1687
47,0,176,-32.517
43,0,170,-32.2353
57,0,161,-32.0994
46,0,95,-31.4842
57,0,191,-31.9005
43,0,165,-32.4
52,0,166,-32.3434
43,0,162,-32.1481
56,0,175,-32.0457
31,0,169,-32.503
42,0,178,-32.2528
24,0,165,-32.0182
69,0,191,-31.9791
20,0,161,-32.3851
37,0,172,-32.1047
38,0,182,-32.0495
37,0,169,-31.7396
39,0,180,-32.2556
40,0,146,-32.2808
40,2,184,-31.6033
20,0,159,-32.4277
35,0,150,-32.5267
26,3,154,-32.1948
44,5,159,-32.1761
30,3,166,-32.1145
23,0,164,-32.2683
43,4,164,-32.3354
21,0,163,-32.3313
24,0,158,-32.6709
27,3,171,-32.1579
41,1,183,-31.8306
31,3,170,-32.5882
52,8,156,-32.2821
23,0,158,-32.2658
48,5,170,-31.8529
31,0,167,-32.1377
28,0,161,-32.1925
27,0,176,-32.1023
27,2,154,-32.2727
29,0,162,-31.9198
33,3,164,-32.2561
21,0,171,-31.9649
21,0,153,-32.098
22,0,157,-32.6624
30,0,153,-32.4771
33,6,156,-32.359
35,0,169,-32.2899
30,0,165,-32.5515
36,0,173,-32.185
32,1,165,-32.3818
22,0,167,-31.6707
47,2,181,-32.1602
41,0,164,-32.0732
28,1,151,-32.4371
43,15,178,-32.382
25,0,160,-32.4312
35,0,176,-32.0227
35,0,180,-32.1667
44,0,178,-32.4494
30,0,168,-32.369
48,0,166,-31.5663
40,0,166,-31.7108
49,0,188,-32.266
39,0,166,-32.4096
33,0,157,-32.2166
43,0,158,-32.5063
34,0,158,-31.8228
40,0,159,-32.327
25,0,176,-32.5739
34,0,173,-32.3988
55,0,164,-32.0549
51,0,169,-32.3432
25,0,144,-31.9514
32,0,173,-32.5202
39,2,167,-32.0419
25,1,154,-32.4935
28,0,179,-32.3743
21,0,165,-31.9939
32,0,211,-32.3128
24,2,146,-32.4658
53,0,161,-32.4286
29,0,174,-32.2931
34,0,172,-32.2674
42,0,168,-32.1488
36,0,172,-31.9128
23,2,161,-32.2981
28,2,155,-32.5871
34,0,167,-32.1198
39,1,164,-32.2012
21,0,157,-32.3631
33,0,149,-32.4765
48,4,181,-32.0276
42,2,160,-32.2687
21,2,153,-32.1111
44,5,152,-32.3816
21,2,155,-32.6581
38,4,158,-32.2658
26,0,150,-32.2467
40,2,173,-32.4798
48,0,176,-31.8466
20,0,159,-31.9245
34,3,188,-32.1543
34,0,155,-32.1806
42,23,163,-32.1227
56,2,181,-32.1326
47,13,179,-32.0391
29,2,175,-32.1829
34,0,170,-32.3765
36,7,173,-32.422
26,4,176,-32.4545
30,0,176,-32.4489
27,1,179,-31.9553
54,6,178,-31.9551
24,0,158,-32.481
29,0,161,-32.1553
23,0,176,-32.2898
45,0,170,-32.1824
36,0,165,-32.1273
59,0,195,-31.8821
41,0,185,-31.9514
30,0,154,-32.3571
50,0,177,-32
39,0,167,-31.9461
27,3,165,-32.2182
27,0,165,-32.3455
33,0,157,-32.2866
49,2,160,-31.975
25,0,168,-32.5774
30,0,161,-32.2236
32,0,192,-32.6719
23,0,166,-32.5361
23,0,171,-32.5205
36,0,152,-32.0066
29,0,157,-32.4968
35,0,165,-32.2364
24,0,173,-32.659
34,0,161,-32.0932
25,0,185,-32.2378
28,0,158,-32.2975
26,1,164,-32.3841
31,0,144,-32.3472
21,0,145,-32.4621
23,0,162,-32.4568
42,7,165,-32.1758
23,1,163,-32.1166
24,0,155,-32.4129
31,0,159,-32.2516
31,0,159,-32.1509
33,2,166,-32.2169
22,1,144,-32.5278
41,10,139,-31.7986
29,0,163,-32.3988
29,1,150,-32.1267
38,3,171,-32.152
26,0,156,-32.4167
29,4,164,-32.2927
34,4,162,-31.8086
44,3,172,-32.0174
31,5,160,-32.4188
22,0,150,-32.28
27,5,154,-32.2662
36,0,160,-32.3125
36,0,174,-31.9138
32,0,150,-32.2733
28,0,158,-32.4177
34,0,173,-32.0983
33,0,161,-32.6087
25,0,166,-32.5904
30,0,159,-32.4465
25,0,184,-32.7065
29,2,158,-32.1835
31,0,175,-32.1143
30,0,175,-31.5714
20,0,158,-32.443
25,0,173,-32.3642
25,0,146,-32.274
32,0,173,-32.4104
21,0,152,-32.4079
20,0,151,-32.0993
22,0,182,-32.3516
22,0,171,-32.4854
25,0,153,-32.451
33,0,153,-32.1046
44,0,158,-32.3038
34,0,169,-32.6686
39,0,157,-32.3631
27,0,178,-32.3146
22,0,155,-32.4839
25,0,153,-32.3595
35,0,172,-32.3256
27,0,172,-32.5465
21,0,176,-32.1875
27,0,154,-32.4156
33,0,164,-32.3293
37,0,160,-32.1313
29,0,173,-32.5145
28,0,145,-32.0552
32,0,177,-32.226
25,0,156,-32.0705
24,0,153,-32.085
25,0,149,-32.4966
37,0,167,-32.3293
26,0,159,-32.4151
26,0,160,-32.3062
30,0,163,-32.0552
40,0,159,-32.478
34,0,166,-32.1145
28,0,155,-31.8065
28,0,154,-32.0519
42,0,165,-31.9939
33,0,157,-32.2038
22,0,139,-32.259
40,0,160,-31.9375
29,0,152,-32.4079
21,0,170,-32.4647
24,0,145,-32.269
27,0,164,-32.2805
46,0,173,-32.1098
29,0,153,-32.1046
22,0,146,-32.4521
31,0,163,-32.3742
23,0,165,-32.5697
35,2,146,-32.2466
36,0,164,-32.1402
28,0,169,-32.4556
23,0,162,-32.3148
25,0,159,-32.5849
36,0,159,-32.4528
43,2,172,-32.4128
20,0,163,-32.4663
31,0,174,-32.4713
34,0,164,-32.4878
50,0,158,-32.1139
25,0,162,-32.1852
31,0,154,-32.7403
36,0,165,-32.6667
28,0,164,-32.1829
24,0,170,-32.3588
27,0,156,-32.391
47,0,170,-32.4176
26,0,175,-32.1886
25,0,185,-32.2378
32,7,143,-32.0559
29,0,143,-31.965
27,0,143,-32.2797
25,0,155,-32.4194
42,0,153,-32.1961
37,0,160,-32.1125
48,0,175,-31.8914
25,0,164,-32.4146
28,0,150,-31.94
33,0,161,-31.8323
24,0,147,-32.3401
28,0,152,-32.6974
20,0,164,-32.3841
30,0,161,-32.1056
21,0,162,-32.3889
25,0,161,-32.4472
27,0,157,-32.121
42,0,173,-32.104
26,0,159,-32.1824
22,0,161,-32.0248
29,0,186,-32.4247
34,0,174,-31.8678
41,0,179,-32.4413
31,0,174,-32.1609
41,0,173,-32.4624
34,0,160,-32.0562
35,0,158,-32.4177
35,0,170,-32.2412
25,0,169,-32.2249
44,0,168,-32.3155
25,0,164,-32.4207
40,0,178,-32.2022
26,0,174,-32.3333
25,2,165,-32.5515
30,0,158,-32.0696
25,0,154,-32.6818
22,0,157,-32.5414
22,0,161,-32.3975
23,0,166,-32.1747
37,0,166,-32.3976
41,0,163,-32.1595
46,2,167,-32.1138
62,0,181,-31.8232
25,0,159,-32.4528
39,0,145,-32.3172
35,0,151,-32.1589
22,0,154,-32.2922
22,0,155,-31.9355
26,0,194,-32.7526
23,0,166,-32.0904
29,0,156,-32.5321
39,0,168,-32.0298
44,0,157,-31.5796
44,0,157,-31.7325
40,0,143,-32.1888
29,0,157,-32.0573
48,0,176,-32.3182
34,0,158,-32.2658
51,0,160,-32.0063
46,0,171,-32.2982
42,0,163,-31.9816
39,0,156,-32.0321
39,0,157,-31.7006
28,0,173,-31.9538
20,0,149,-32.3289
37,0,179,-32.067
61,0,165,-32.0364
44,0,182,-32.0824
50,0,169,-31.858
42,0,153,-31.7778
36,0,165,-31.8242
43,0,162,-32.0741
48,0,152,-31.8158
45,0,154,-32.0714
35,0,144,-32.3611
55,0,158,-31.8987
31,0,150,-32.1467
43,0,158,-32.0886
56,0,167,-32.1198
37,0,229,-32.1004
26,0,165,-32.1212
41,0,165,-32.2
59,0,177,-31.8079
38,0,135,-31.9481
40,0,156,-32.0705
35,0,178,-31.9045
42,0,341,-32.4897
46,0,187,-32.0695
25,0,158,-31.962
31,0,154,-32.3247
27,0,152,-32.2368
27,0,161,-32.4845
52,0,154,-32.1039
27,0,167,-32.1078
39,0,157,-31.7389
45,0,164,-32.2988
58,0,145,-32.2069
49,0,153,-32.0784
41,0,177,-32.1695
33,0,149,-32.0537
56,0,165,-31.8545
46,0,151,-31.9139
29,0,145,-32.0483
29,0,160,-31.9312
63,0,206,-32.0874
33,0,167,-32.2994
32,0,166,-32.3494
30,0,157,-32.4076
36,0,136,-32.2868
51,0,161,-32.1925
40,0,174,-31.9483
31,0,185,-31.9189
46,0,164,-31.9817
32,0,164,-32.6707
50,0,167,-31.9222
49,0,181,-31.7901
51,0,179,-32.067
31,0,79,-32.2025
27,0,178,-32.5337
29,0,162,-32.3642
35,0,152,-32.2237
42,0,161,-32.5652
35,0,170,-32.3118
34,0,182,-32.1044
33,0,152,-32.3882
34,0,145,-31.7517
45,0,165,-32.0545
56,0,160,-32.1688
36,0,167,-31.9521
27,0,161,-32.2298
49,0,149,-31.9933
32,0,156,-32.2628
45,0,83,-31.4578
29,0,160,-32.25
28,0,163,-32.6687
34,0,168,-32.0238
37,0,158,-32.2658
56,0,165,-32.2667
45,0,185,-32.1946
44,0,182,-32.1868
35,0,176,-31.9489
51,0,170,-32.0588
41,0,150,-31.8933
49,0,165,-31.7576
37,0,167,-31.9401
49,0,159,-31.9371
39,0,163,-32.1043
39,0,173,-31.9942
31,0,151,-32.404
39,0,150,-31.78
35,0,150,-32.2067
22,0,164,-32.3659
47,0,169,-31.8047
24,0,142,-32.5352
22,0,137,-32.219
52,0,176,-31.8693
41,0,163,-32.2822
38,0,150,-32.1333
45,0,154,-32.0649
24,0,150,-32.4067
22,0,141,-32.383
48,0,193,-32.3161
34,0,159,-32.2704
29,0,157,-32.1019
44,0,176,-32.3352
39,0,174,-32.0805
43,0,155,-31.9742
20,0,168,-32.244
46,0,167,-32.4132
30,0,163,-32.1902
58,0,176,-31.9205
29,0,165,-31.8667
23,0,144,-32.0833
48,0,172,-32.4244
37,0,159,-32.283
52,0,172,-31.8488
32,0,159,-31.8868
35,0,158,-31.7848
22,0,149,-32.2013
32,0,159,-32.434
28,0,187,-32.2888
44,0,153,-32.1699
26,0,168,-32.3452
29,0,142,-32.4718
40,0,128,-31.875
35,0,153,-32.2092
49,0,174,-32.1552
24,0,148,-32.4595
40,0,146,-32.5068
24,0,148,-32.4932
24,0,165,-32.7576
22,1,149,-32.0403
22,0,157,-32.4777
36,0,172,-31.7267
40,0,156,-32.1154
35,0,177,-32.3729
38,0,160,-32.0438
29,0,203,-32.5271
31,0,176,-32.3466
29,0,167,-32.0539
39,0,239,-32.6611
43,0,172,-32.1744
43,0,157,-32.051
38,0,163,-32.2331
38,0,167,-32.3114
51,0,180,-32.1667
51,0,158,-31.8734
32,0,148,-32.5203
27,0,146,-32.1301
21,0,166,-32.0602
21,0,179,-32.3575
28,0,164,-32.0305
33,0,182,-32.4396
47,0,174,-32.0402
29,0,150,-32.6267
42,0,172,-32.1628
24,0,156,-32.1218
42,0,150,-32.0933
53,0,182,-31.978
33,0,163,-31.8712
51,0,181,-31.8122
41,0,139,-31.9065
45,0,179,-31.6648
42,0,169,-32.2663
29,0,159,-32.3522
51,0,153,-32.098
49,0,171,-32.3626
27,0,167,-32.3054
37,0,150,-32.0933
50,0,176,-32.5966
38,0,160,-32.2188
45,0,176,-32.5057
39,0,172,-31.8488
34,0,169,-32.4083
42,0,192,-32.3177
31,0,164,-32.1037
40,0,172,-32.2616
36,0,163,-32.5215
33,0,187,-32.738
37,0,169,-32.0355
38,0,165,-32.097
25,1,182,-32.2747
40,0,178,-32.1798
44,0,168,-32.125
21,0,174,-32.2701
34,0,161,-32.2733
23,0,171,-32.4152
35,0,174,-32.3736
36,0,179,-31.9721
31,0,160,-32.0438
24,0,147,-32.6939
31,0,167,-32.024
38,0,171,-31.9123
24,0,169,-31.8994
48,2,168,-32.2917
35,2,212,-32.434
46,0,170,-32.2176
27,0,161,-32.2671
29,0,161,-32.5093
21,2,148,-32.1689
34,0,182,-32.1154
27,0,157,-32.4968
38,0,89,-31.8427
51,0,179,-32.2682
41,0,172,-32.157
22,0,158,-32.3038
56,0,189,-31.8042
24,0,171,-32.1228
45,0,187,-32.3476
26,0,156,-32.0769
27,0,171,-32.2164
22,0,154,-32.2597
36,0,170,-31.8
36,0,156,-31.859
27,0,167,-32.4671
25,0,155,-32.2516
20,0,92,-32.3261
24,0,174,-31.8506
45,0,183,-32.5956
30,0,158,-32.2532
20,0,159,-32.3396
22,0,334,-32.3144
30,0,181,-32.4033
24,0,157,-32.0318
31,0,156,-32.2436
56,0,158,-32.057
42,0,327,-32.1682
36,0,151,-32.5298
26,0,166,-32.3675
39,0,156,-32.1923
26,0,146,-32.0342
30,0,149,-32.1208
43,0,166,-32.5241
24,0,156,-32.4487
44,0,150,-32.0467
26,0,154,-32.3506
23,0,160,-32.3125
39,0,155,-31.9097
29,0,151,-32.4437
22,0,161,-31.9441
57,0,178,-32.2079
43,0,161,-32.4224
24,0,146,-32.2329
35,0,175,-32.1429
20,0,162,-32.5864
28,0,201,-32.4328
42,0,168,-32.0833
46,0,192,-32.2344
25,0,157,-32.1783
31,0,179,-32.5922
35,0,155,-32.3161
42,0,156,-32.1474
32,0,161,-32.4969
61,0,176,-32.1534
60,0,178,-31.8146
34,0,171,-32.4035
48,0,101,-31.7723
33,0,169,-31.9645
21,0,166,-32.3855
49,0,163,-31.9387
33,0,174,-32.1494
31,0,148,-32.3514
28,0,146,-32.1644
38,0,151,-31.7947
54,0,157,-32.0446
33,0,171,-32.1404
21,0,156,-32.5897
36,0,170,-32.2529
23,0,152,-32.2961
44,0,180,-32.5944
40,0,167,-32.2275
36,0,166,-31.8976
37,0,170,-32.3824
40,0,166,-32.6687
25,0,159,-32.3836
34,0,174,-32.1609
28,0,159,-32.5597
36,0,177,-32.565
33,0,181,-32.3591
41,0,157,-32.1465
40,0,159,-32.2767
62,0,173,-32.052
38,0,171,-32.3158
52,0,181,-32.2155
46,0,171,-32.1345
22,0,156,-32.4103
48,0,162,-31.9074
31,0,160,-31.75
23,0,176,-32.1591
28,0,143,-32.014
36,0,153,-32.4575
24,0,155,-32.0516
33,0,146,-32.2397
33,0,158,-31.9304
45,0,166,-32.1506
34,0,91,-32.4066
48,0,154,-32.0325
26,0,162,-32.142
37,0,174,-32.0402
25,0,160,-32.0938
56,0,173,-32.1676
35,0,161,-32.3665
22,0,172,-32.7558
23,0,160,-32.375
31,0,164,-32.4268
20,0,162,-32.1296
26,0,171,-32.3684
51,0,183,-32.2186
27,0,167,-32.1018
25,2,162,-32.1111
44,0,162,-31.7901
23,0,156,-32.0513
26,1,155,-32.0065
32,0,162,-32.0926
32,2,150,-32.1067
41,0,172,-32.2035
21,0,155,-32.2387
29,0,161,-32.4348
21,1,152,-32.1974
30,0,157,-32.6115
29,1,151,-32.2252
22,0,154,-31.7922
43,2,165,-32.2182
58,0,168,-32.2321
52,0,164,-32.122
48,0,168,-31.9226
30,0,150,-32.46
30,0,165,-32.2121
22,1,176,-32.2784
22,0,152,-32.1184
27,0,170,-32.3294
20,0,171,-32.2047
24,0,162,-31.5926
34,0,162,-31.8395
31,1,181,-32.5359
22,1,170,-32.1824
23,0,167,-32.6467
39,0,171,-31.7251
35,0,168,-31.9286
33,0,86,-32.4302
20,0,153,-32.4641
31,0,168,-32.1429
33,0,171,-32.2749
28,0,169,-32.4438
36,0,173,-32.0578
35,0,163,-32.2515
22,0,169,-32.2722
43,0,177,-32.1017
33,0,168,-32.125
42,0,184,-31.8478
36,0,174,-32.4713
48,2,162,-32.2407
40,0,180,-31.7333
62,0,178,-31.927
22,0,147,-32.3605
59,0,172,-31.8721
50,0,167,-32.0419
43,0,147,-32.4218
29,0,183,-32.4426
49,0,97,-31.9794
50,0,163,-31.9202
23,0,382,-32.7016
41,0,229,-32.3886
47,0,172,-32.3081
28,0,163,-32.319
47,0,146,-32.4658
44,0,173,-32.2948
45,0,168,-32.2976
49,0,156,-32.1346
40,0,164,-32.1463
48,0,161,-32.1242
53,0,171,-32.4152
60,0,177,-31.9887
56,0,158,-32.2595
47,0,150,-32.2667
57,0,170,-32.0588
56,0,171,-32.117
57,0,181,-32.0497
37,0,160,-32.1
42,0,151,-32.4834
24,0,160,-32.2938
38,0,161,-32.3043
63,0,177,-32.0282
33,0,151,-32.1192
45,0,163,-32.227
39,0,162,-32.4753
38,0,175,-31.9143
26,0,205,-32.561
39,0,168,-32.1429
66,0,180,-32.1222
42,0,153,-32.0261
31,0,158,-32.1646
36,0,170,-32.4941
51,0,244,-32.2377
52,0,157,-32.1146
62,0,167,-32.2575
43,0,166,-32.2289
58,0,169,-31.929
21,0,149,-32.302
38,0,159,-32
35,0,166,-32.3012
57,0,152,-32.2171
47,0,167,-32.0778
58,0,98,-31.9694
36,0,189,-31.7884
57,0,166,-32.5241
58,0,163,-32.0061
79,0,165,-31.6606
40,0,171,-32.152
50,0,164,-31.5915
66,0,155,-32.1742
44,0,136,-32.1618
50,0,208,-32.3269
32,0,158,-32.2152
57,0,174,-31.8678
50,0,153,-32.0915
52,0,170,-32.0529
46,0,165,-32.3818
28,0,297,-32.4411
27,0,167,-32.3353
32,0,153,-31.9804
29,0,180,-32.3556
35,0,177,-32.0734
41,0,79,-31.6582
28,0,167,-32.0659
24,0,159,-32.3459
44,0,160,-31.85
30,0,157,-32.1911
32,0,234,-32.1239
23,0,152,-32.5066
29,0,162,-32.1296
68,0,178,-32.073
26,0,160,-32.3062
39,0,163,-32.0798
46,0,169,-31.9349
36,0,176,-32.1193
32,0,256,-32.457
58,0,164,-31.6402
60,0,168,-31.994
64,0,175,-31.7657
33,0,176,-32.0625
57,0,169,-31.9408
54,0,165,-31.7455
48,0,168,-32.2619
42,0,157,-32.0955
55,0,165,-31.7273
45,0,140,-31.7643
46,0,188,-32.2819
31,0,151,-32.2715
38,0,153,-31.9085
42,0,156,-32.0577
29,0,148,-31.8716
43,0,154,-32.3247
36,0,163,-32.2822
44,0,168,-32.2262
44,0,171,-32.2339
59,0,182,-31.7802
25,0,148,-31.973
58,0,167,-32.5928
56,0,154,-31.7727
44,0,171,-32.2105
44,0,165,-32.103
49,0,161,-32.1304
30,0,154,-32.1234
44,0,138,-32.1739
46,0,150,-32.2667
30,0,163,-31.8344
46,0,171,-31.8889
55,0,194,-32.6443
50,0,192,-31.7604
61,0,171,-32.2865
47,0,172,-31.9826
56,0,175,-32.04
49,0,168,-32.119
43,0,167,-32.1557
46,0,160,-31.6687
45,0,154,-31.8117
25,0,176,-31.6761
57,0,173,-32.1098
36,0,170,-32.4529
34,0,156,-32.4679
37,7,166,-32.4699
52,0,192,-32.0312
62,0,171,-32.0117
50,0,167,-31.9281
33,0,155,-32.1419
39,0,167,-32.1737
37,0,153,-32.2353
35,0,163,-31.9632
50,0,176,-32.3182
54,0,176,-32.1136
57,0,179,-32.0391
50,0,163,-32.1595
36,0,203,-32.5222
27,0,144,-32.4236
50,0,176,-32.1534
30,0,155,-32.2516
26,0,174,-32.3563
28,0,205,-32.4927
35,0,167,-32.1617
25,0,167,-32.2036
26,0,306,-32.5294
67,0,175,-31.8857
52,0,163,-32.2638
60,0,183,-32.0929
38,0,179,-32.3631
52,0,161,-31.9006
32,0,179,-31.9274
34,0,171,-32.4561
45,0,86,-31.9302
53,0,166,-32.1325
34,0,157,-32.3631
25,4,95,-32.7368
46,0,190,-31.8263
33,0,151,-31.7417
45,0,164,-31.6402
54,0,182,-32.2308
47,0,156,-32.0769
52,0,162,-32.2778
41,0,155,-32.3355
33,0,164,-32.4878
40,0,163,-32.7055
20,0,146,-32.2603
49,0,167,-31.9042
48,0,174,-32
32,4,161,-32.236
62,0,154,-32.1688
52,0,151,-32.1391
34,0,165,-32.2788
48,0,175,-32.4229
37,0,171,-32.4094
25,0,170,-32.2706
43,0,172,-32.314
35,0,154,-31.7532
39,0,162,-32.0123
24,2,161,-32.2857
30,0,157,-32.2994
55,0,176,-32.1932
25,0,180,-32.4556
41,0,205,-32.4341
41,0,158,-31.7975
31,0,163,-32.3988
26,1,174,-32.6724
23,0,152,-32.5461
77,0,190,-31.8263
46,0,180,-31.9889
60,0,173,-32.2023
57,0,161,-32.0559
72,0,174,-32.0345
50,0,154,-32.4091
41,0,144,-32.3125
38,0,150,-32.5733
31,0,153,-31.9085
33,0,161,-32.2112
54,0,174,-32.069
32,0,149,-32.6107
36,0,169,-32.213
58,0,167,-31.9641
22,0,188,-32.5053
20,0,161,-32.4286
46,0,171,-32.3275
55,0,159,-32.0503
40,0,173,-32.526
51,0,142,-31.9648
49,0,156,-31.8333
31,0,182,-32.4835
34,0,162,-32.2654
66,0,176,-31.9716
64,0,156,-31.4423
23,0,154,-32.2013
44,0,177,-31.9887
49,0,165,-32.2727
26,0,159,-32.8365
37,0,155,-32.1871
37,0,152,-31.9934
46,0,85,-31.7412
37,0,158,-32.0506
41,0,181,-32.4144
67,0,182,-32.1538
33,0,161,-32.0621
41,0,156,-32.1282
42,0,159,-32.3082
31,0,140,-32.1429
56,0,161,-32.2422
50,0,170,-32.4118
39,0,179,-31.7598
54,0,165,-31.9212
28,0,158,-32.4873
46,0,166,-32.2108
44,0,144,-31.8194
21,0,167,-32.4731
33,0,183,-32.0437
47,0,161,-32.1118
51,0,167,-32.024
22,0,175,-32.2229
43,0,157,-32.1274
25,2,200,-32.615
58,0,164,-32.0366
52,0,166,-32.0843
47,0,150,-32.16
26,0,160,-32.4625
37,0,167,-32.4551
51,0,150,-32.1733
44,0,162,-32.2284
38,0,184,-31.8207
59,0,172,-32.3779
47,0,167,-32.1437
45,0,164,-31.8537
20,0,166,-32.3133
57,0,177,-32.1977
49,0,206,-32.5437
29,0,159,-32.4528
25,0,175,-32.4114
49,0,170,-31.8529
45,0,167,-32.4731
31,4,203,-32.4187
50,0,156,-31.8718
64,0,165,-31.8485
43,0,156,-32.1538
48,0,199,-32.4824
40,0,153,-32.6144
31,0,169,-32.3491
60,0,160,-32.1562
55,0,172,-31.8779
41,0,175,-32.1314
61,0,165,-32.2545
40,0,161,-31.9752
48,0,167,-31.8802
43,0,161,-32.2671
33,0,161,-32.2112
66,0,160,-32.0812
32,2,134,-32.1716
37,0,156,-32.0833
42,0,166,-32.2229
27,0,157,-32.5032
32,0,144,-32.2014
41,0,181,-32.5138
43,0,182,-32.2637
38,2,171,-32.2749
43,0,101,-32.099
48,0,165,-31.9091
29,0,183,-32.4809
37,0,161,-32.2236
50,0,168,-32.0536
53,0,237,-31.7089
51,0,157,-32.293
60,0,167,-32.0359
25,2,208,-32.4231
24,0,195,-32.4154
46,0,173,-32.0694
49,0,192,-31.8594
30,0,147,-32.4694
45,0,149,-32.0738
34,0,340,-32.4912
55,0,172,-31.9012
37,0,183,-32.2131
49,0,169,-32.0828
59,0,173,-32.2775
31,0,154,-32.6688
21,0,136,-32.4338
59,0,177,-31.8588
32,0,166,-31.6747
26,1,162,-31.963
62,0,180,-32.2833
20,2,159,-32.6478
40,0,160,-32.1
76,0,186,-32.0269
31,0,155,-31.9097
38,0,148,-32.4662
38,0,162,-32.142
73,0,160,-31.9563
29,0,144,-32.2431
43,0,161,-32.2671
27,0,208,-32.649
25,0,187,-32.5508
46,0,169,-32.142
24,0,233,-32.4292
24,0,205,-32.4927
42,0,167,-32.4491
29,0,151,-32.2053
31,2,162,-32.2716
26,0,161,-32.2236
44,3,166,-32.1506
22,0,179,-32.6816
24,0,181,-32.4972
35,0,171,-32.2339
22,2,186,-32.3441
49,0,172,-32.1802
44,0,176,-31.75
30,0,247,-32.6113
30,0,93,-32.5484
42,0,177,-32.2486
33,0,151,-32.1589
46,0,170,-32.4588
46,0,168,-31.9762
27,0,167,-31.9162
40,0,167,-31.7425
38,0,161,-32.4286
40,0,158,-32.3924
34,0,148,-31.9257
30,0,154,-32.3766
37,0,152,-32.1974
45,0,158,-31.7342
36,0,180,-32.0889
43,0,164,-32.622
32,0,170,-32.2118
32,0,148,-32.4392
45,0,163,-31.7669
48,0,186,-32.328
50,0,165,-32.2242
42,0,158,-32.2215
36,0,163,-32.0859
41,0,153,-31.8105
59,0,163,-31.773
47,0,160,-32.475
32,0,178,-32.2303
56,0,158,-32
31,0,137,-32.3796
69,0,167,-31.7904
41,0,149,-32.1477
51,0,162,-32.3457
33,0,167,-31.9401
52,0,164,-32.2866
32,0,196,-32.5561
41,0,169,-32.0947
24,0,163,-32.3681
33,0,270,-31.9444
42,0,158,-31.962
41,0,174,-32.0977
45,0,173,-31.763
35,0,164,-32.1463
32,0,149,-32.1275
50,0,158,-32.2342
27,0,181,-32.0331
36,0,156,-32.3526
60,0,149,-31.6242
34,0,159,-32.3836
35,0,165,-31.6
54,0,156,-31.5064
21,0,139,-32.2734
32,0,160,-32
30,0,156,-32.3141
34,0,181,-32.5359
50,0,144,-32.3889
35,0,163,-32.3804
54,0,172,-32.5058
36,0,169,-32.2722
21,0,178,-32.3876
32,0,154,-32.0455
53,0,158,-32.2848
25,0,171,-32.2632
24,0,156,-31.9423
42,0,178,-32.191
21,0,167,-32.5868
26,0,146,-32.4658
64,0,170,-31.7353
51,0,198,-32.1212
70,0,205,-32.0098
45,0,160,-32.025
50,0,156,-31.6859
56,0,337,-32.1721
48,0,164,-32.0488
78,0,162,-32.1605
60,0,166,-31.9157
49,0,158,-32.3671
45,0,160,-32.3438
39,0,167,-32.2874
35,0,158,-31.6456
22,0,168,-32.1786
53,0,158,-31.6582
64,0,176,-31.6023
41,0,158,-32.1835
38,0,166,-32.0542
33,0,157,-32.0764
37,0,160,-32.15
68,0,173,-32.0925
28,0,146,-32.1849
31,0,147,-32.4558
36,0,158,-32.1519
32,0,154,-31.9156
46,0,168,-32.4226
36,0,157,-32.2229
29,0,151,-32.1457
46,0,144,-31.9722
45,0,158,-31.9747
33,0,148,-32.3514
20,0,147,-32.4014
33,0,173,-32.0231
52,0,178,-31.4775
69,0,170,-31.9118
40,0,153,-31.9216
60,0,172,-31.5988
48,0,225,-32.2044
43,0,172,-32
34,0,153,-32.3856
24,0,136,-32.4412
53,0,187,-32.1658
29,0,152,-32.1645
59,0,161,-31.6832
57,0,83,-30.747
24,0,153,-32.5294
53,0,225,-32.0533
41,0,171,-32.2105
52,0,159,-31.8428
43,0,151,-32.0331
48,0,147,-31.7619
44,0,153,-32.3268
53,0,159,-31.9371
37,0,162,-32.2469
33,0,157,-32.4522
36,0,155,-32.1613
44,0,152,-32.3158
49,0,153,-31.9804
35,0,139,-31.6835
38,0,130,-31.9385
51,0,155,-31.8323
47,0,153,-31.719
49,0,156,-32.1282
50,0,168,-31.8214
47,0,145,-31.8621
36,0,160,-31.85
30,0,148,-32.2635
35,0,177,-32.1525
31,0,174,-32.1379
22,0,152,-32.0461
45,0,165,-32.4364
51,0,159,-32.2201
39,0,154,-32.2532
27,0,147,-32.0476
22,0,143,-32.4895
37,0,79,-32.2405
28,0,162,-32.4444
49,0,168,-32.0536
50,0,165,-32.3394
71,0,173,-31.9884
31,0,157,-32.4013
47,0,153,-31.6536
34,0,180,-32.2611
37,0,152,-32.25
41,0,177,-32.2768
49,0,155,-31.9742
45,0,171,-31.7719
41,0,167,-32.1437
44,0,161,-32.0621
50,0,157,-32.3312
44,0,176,-32.1818
63,0,161,-32.2671
33,0,150,-32.3467
55,0,177,-32.0847
28,0,151,-32.5298
50,0,162,-32.1605
31,0,157,-32.0637
37,0,133,-32.3459
33,0,169,-31.6036
50,0,168,-31.7917
27,0,154,-32.2468
31,0,142,-32.493
45,0,161,-32.2795
36,0,160,-31.9563
36,0,176,-32.1193
41,0,146,-31.774
32,0,160,-32.3875
35,0,152,-32.375
42,0,157,-32.1274
42,0,174,-32.0172
45,0,178,-32.1404
47,0,169,-32.1953
39,0,164,-32.378
32,0,169,-31.9941
45,0,161,-32.1366
55,0,165,-32.2303
43,0,146,-31.6233
33,0,181,-31.8895
37,0,162,-32.3086
51,0,170,-31.7765
52,0,164,-31.5244
51,0,154,-31.8961
63,0,164,-31.9817
49,0,159,-32.2264
44,0,177,-32.0791
47,0,159,-32.2956
37,0,173,-32.3642
52,0,158,-32.0063
39,0,141,-32.1418
37,0,171,-32.1988
58,0,153,-32.268
34,0,161,-32.0497
43,0,154,-31.5519
26,0,144,-32.1528
64,0,170,-32.0882
36,0,165,-32.6848
60,0,167,-31.7665
37,0,160,-32.5125
58,0,155,-31.6968
38,0,166,-31.9398
44,0,169,-32.2308
54,0,166,-32.2289
40,0,158,-32.0633
60,0,156,-32.1154
47,0,179,-31.9106
44,0,158,-31.9494
46,0,174,-32.2529
55,0,159,-32.1321
49,0,148,-32.1014
29,0,175,-32.3086
46,0,151,-32.1722
57,0,160,-31.9312
50,0,165,-32.2909
59,0,168,-31.8155
44,0,164,-31.9451
42,0,157,-31.8344
56,0,160,-32.3125
60,0,182,-32.0714
35,0,160,-32.3188
39,0,164,-31.561
62,0,175,-32.5486
60,0,155,-32.0581
39,0,184,-31.8967
38,0,162,-31.9815
25,0,167,-31.9162
40,0,160,-32.0187
54,0,162,-31.5185
63,0,152,-32.1579
21,0,159,-32.5597
34,0,163,-32.2025
46,0,168,-31.9405
30,0,155,-31.9871
64,0,156,-31.6026
57,0,159,-31.8176
42,0,161,-32.0807
39,0,153,-32.0392
43,0,159,-32.1635
52,0,165,-32.3576
55,0,165,-32.0788
46,0,167,-32.1677
41,0,161,-32.4224
50,0,199,-32.3719
27,0,145,-32.7586
35,0,165,-31.6364
36,0,151,-32.4437
54,0,166,-32.4699
48,0,161,-31.9565
53,0,144,-32.2361
29,0,172,-32.2209
40,0,171,-31.8713
26,0,159,-32.3145
31,0,155,-32.329
40,0,146,-32.1644
40,0,150,-32.2733
64,0,188,-31.9415
53,0,164,-32.0488
34,0,250,-32.616
31,0,152,-32.4408
35,0,172,-32.2326
43,0,144,-31.9236
27,0,298,-32.3792
37,0,154,-32.4091
23,0,167,-32.4671
31,0,151,-32.3907
59,0,149,-31.8456
85,0,176,-32.0625
25,0,178,-32.3539
37,0,147,-32.2313
21,0,194,-32.4485
50,0,149,-32.3356
54,0,159,-32.1384
38,0,174,-31.9483
43,0,148,-32.0473
30,0,160,-32
37,0,155,-32.329
50,0,166,-32.4036
40,0,172,-32.5116
29,0,151,-32.1258
32,0,289,-32.3183
51,0,165,-31.7879
51,0,172,-32.0058
42,0,151,-32.2715
42,0,158,-31.8608
42,0,163,-32.3129
64,0,155,-32.5226
68,0,179,-32.0112
48,0,151,-32.3179
38,0,159,-32.2516
50,0,166,-32.1386
30,0,151,-31.8874
29,0,182,-32.3352
37,0,158,-31.9873
30,0,160,-32.3312
35,0,159,-32.2704
25,0,297,-32.4007
38,0,151,-31.8013
43,0,164,-31.6585
23,0,139,-32.1655
49,0,169,-32.3373
24,0,185,-32.2865
45,0,165,-32.1273
27,0,157,-32.3949
43,0,170,-32.4118
39,0,172,-32.3488
41,0,164,-31.9329
28,0,149,-31.9732
23,0,149,-32.3893
31,2,151,-31.9272
20,0,151,-32.0728
44,2,165,-32.1636
34,0,146,-32.2945
29,0,151,-32.1258
49,2,169,-31.7988
64,0,171,-31.7018
30,0,159,-32.2704
30,2,161,-32.0683
21,2,157,-32.1274
24,0,152,-32.1316
40,2,150,-32.3333
41,0,161,-32.3602
45,2,158,-32.0316
32,0,163,-32.4785
30,0,158,-32.2722
43,0,156,-31.5897
37,0,144,-32.1111
30,0,188,-32.6755
38,0,150,-32.36
36,0,141,-31.9291
28,0,159,-32.2264
26,0,161,-31.9752
28,0,169,-32.5385
29,0,139,-32.2158
36,0,175,-31.9543
32,0,163,-32.0859
21,0,169,-32.2899
48,0,162,-32.1852
27,0,160,-32.5312
40,0,144,-32.7222
33,0,198,-32.5
22,0,165,-32.6485
24,0,201,-32.209
25,1,164,-32.5549
32,0,195,-32.5385
36,0,174,-32.2356
39,0,160,-32.3687
33,0,178,-32.4551
25,0,183,-32.1749
27,0,161,-32.4658
35,0,156,-32.3654
37,0,155,-32.3097
28,0,162,-32.2531
33,0,163,-32.6196
42,0,164,-32.4512
51,0,175,-31.7829
53,0,169,-32.0592
20,0,140,-32.45
31,0,160,-32.1063
28,0,177,-32.5537
28,0,132,-32.8106
61,0,182,-32.3077
46,0,191,-32.0419
30,0,163,-32.2945
25,0,175,-32.2171
30,0,166,-32.5783
44,0,168,-32.3452
64,0,196,-32.0663
43,0,159,-32.3585
44,0,157,-32.0892
49,0,152,-32.1513
38,0,165,-32.4606
43,0,163,-31.9693
22,0,84,-32.5476
59,0,177,-31.8701
34,0,157,-31.9936
25,0,148,-32.4527
43,0,153,-31.9608
34,0,145,-31.9793
46,0,176,-32.4432
35,0,159,-32.5975
29,0,136,-31.9706
25,0,143,-32.4476
46,0,182,-32.2637
47,0,160,-32.275
55,0,176,-32.5341
44,0,164,-32.5
23,0,147,-32.1837
49,0,96,-31.3542
34,0,165,-32.3939
36,0,246,-32.2195
39,0,145,-32.2552
43,0,155,-32.1161
31,0,134,-32.0224
52,0,164,-32
47,0,160,-32.0875
50,0,176,-32.0909
32,0,143,-32.4266
31,0,204,-32.3382
55,0,182,-32.0055
38,0,159,-32.0189
54,0,173,-31.4682
25,0,169,-32.6686
33,0,173,-32.3295
23,0,202,-32.5693
28,0,150,-32.4733
62,0,161,-32.0186
35,0,188,-32.6543
38,0,161,-32.2112
30,0,158,-32.4494
27,0,183,-32.4863
41,0,167,-32.2096
30,0,156,-32.2756
51,0,201,-32.4428
30,0,176,-32.3807
37,0,186,-32.3172
22,0,77,-31.7403
61,0,182,-32.2198
38,0,151,-32.4967
40,0,156,-32.1474
55,0,177,-32.3672
41,0,162,-32.4012
47,0,154,-31.5519
38,0,154,-32.4545
62,0,181,-31.8674
34,0,184,-32.2717
36,0,161,-32.0373
37,0,200,-32.255
47,0,175,-32.2229
30,0,154,-31.987
51,0,194,-31.7165
40,0,162,-32.4383
39,0,195,-32.5744
20,0,297,-32.4949
38,0,155,-32.4968
60,0,156,-32.2756
34,0,188,-32.2553
32,0,159,-32.6415
36,0,158,-32.4367
47,0,191,-32.089
60,0,177,-32.1356
37,0,154,-32.039
26,0,168,-32.5833
31,0,145,-31.9379
46,0,184,-32.5054
32,0,151,-32.2715
51,0,168,-32.3571
48,0,176,-32.3864
26,0,176,-32.0114
26,0,133,-32.4737
40,0,186,-32.0645
30,0,170,-32.3471
37,0,169,-32.6095
29,0,167,-32.0479
46,0,158,-32.538
36,0,163,-32.3313
51,0,157,-31.7389
51,0,160,-32.2313
32,0,158,-32.1013
31,0,172,-32.6221
48,0,178,-32.2416
46,0,159,-32.5031
47,0,163,-32.1043
52,0,155,-32.0645
50,0,181,-31.6796
33,0,165,-32.4727
62,0,171,-32.3801
39,0,151,-32.3113
20,0,138,-31.9928
37,0,171,-32.3509
49,0,160,-32.2812
35,0,185,-32.6595
33,0,180,-32.5778
64,0,154,-31.7273
22,0,156,-32.4295
42,0,153,-32.2418
21,0,154,-32.2273
40,0,179,-32.2179
27,0,173,-32.2832
55,0,173,-32.526
21,0,168,-32.0119
30,0,166,-32.5361
44,0,165,-32.3879
42,0,161,-32.1553
63,0,175,-32
32,0,166,-32.3735
54,0,175,-31.88
40,0,177,-31.774
26,0,166,-32.5663
62,0,193,-32.1969
25,0,156,-32.3205
21,0,141,-32.4965
57,0,166,-31.9036
53,0,165,-32.0364
34,0,173,-32.7977
35,0,162,-32.0926
36,0,142,-32.2746
51,0,189,-31.9577
31,0,158,-31.9241
50,0,170,-32.6706
54,0,167,-31.8922
68,0,167,-32.491
56,0,166,-31.3795
24,0,174,-32.3736
29,0,173,-31.8671
66,0,166,-31.9819
46,0,158,-31.9304
25,0,174,-32.7414
35,0,174,-32.4368
29,0,154,-32.3377
61,0,167,-31.8623
31,0,166,-32.4699
32,0,181,-32.3812
28,0,160,-32.3625
29,0,176,-32.3636
48,0,167,-32.2635
30,0,154,-32.6234
30,0,159,-32.5849
24,1,100,-32.5
26,0,203,-32.8473
33,2,181,-32.1602
25,0,171,-32.6433
29,0,172,-32.2849
31,0,159,-32.6289
36,0,162,-32.2346
28,1,156,-32.3141
26,0,181,-32.3646
46,0,165,-32.3818
23,0,170,-32.3529
61,0,179,-32.3352
57,0,184,-32.5054
30,0,162,-32.4012
27,0,164,-32.2988
33,0,188,-32.383
28,0,180,-32.55
22,0,188,-32.6117
21,0,171,-32.7427
38,0,154,-32.2468
24,0,106,-31.9717
43,0,163,-32.3988
27,0,147,-32.1293
24,0,157,-32.1592
26,0,166,-32.488
21,0,164,-32.3171
24,0,187,-32.5989
25,3,104,-31.8942
21,0,154,-32.4221
33,0,159,-32.0566
32,0,190,-32.4368
21,0,160,-32.4625
39,0,155,-32.1806
25,0,157,-32.3567
28,0,177,-32.3503
26,0,147,-32.2857
38,0,156,-32.2821
30,0,169,-32.0888
43,0,163,-32.2025
34,2,176,-32.4659
26,0,166,-32.6325
37,0,159,-31.8931
21,0,175,-32.48
29,0,156,-32.3077
26,0,178,-32.2809
28,0,163,-32.3313
32,2,158,-32.0949
27,0,183,-32.4699
36,0,165,-32.4182
29,0,188,-32.4681
22,0,145,-32.4345
22,0,168,-32.8095
25,3,150,-32.44
36,0,171,-32.2047
32,0,153,-32.2549
28,0,172,-32.5814
39,0,176,-32.142
20,0,156,-31.9936
28,0,175,-32.1371
38,0,205,-32.0683
73,0,186,-31.7903
44,0,178,-32.3483
50,0,178,-32.1461
52,0,163,-32.0061
54,0,170,-31.8647
57,0,185,-31.9514
52,0,177,-32.7684
35,0,179,-32.5475
51,0,179,-31.9162
27,2,169,-32.4852
40,0,173,-32.6416
41,0,165,-32.2182
20,0,161,-32.7826
39,11,177,-32.2486
54,0,186,-32.2043
22,2,175,-32.28
26,0,170,-32.6765
27,0,177,-32.548
52,0,166,-32.4458
44,2,174,-32.3908
35,0,179,-32.3464
41,0,175,-32.2971
33,0,156,-32.3974
44,0,172,-32.4709
28,0,160,-32.2563
32,1,162,-32.3765
36,0,156,-32.5449
29,0,171,-32.2456
31,1,158,-32.6013
42,0,166,-32.4458
38,0,173,-32.3526
30,0,145,-32.4552
46,0,168,-32.2857
35,0,169,-32.4438
23,0,183,-32.3169
44,0,169,-31.8402
49,0,187,-32.508
23,0,163,-32.1104
36,0,161,-32.2422
43,0,178,-32.3764
44,0,180,-31.95
35,0,96,-32.4792
30,0,173,-32.5434
22,0,166,-32.7108
34,0,173,-32.4913
22,0,166,-32.3253
53,0,177,-32.2373
38,0,164,-32.5488
37,0,171,-31.9591
40,0,183,-32.3607
21,0,152,-32.1776
51,0,170,-32.1588
38,0,164,-31.9695
56,0,184,-32.087
52,0,180,-31.8111
36,0,164,-31.8963
41,0,170,-32.1
63,0,182,-31.9066
66,0,169,-32.5148
67,0,201,-32.01
37,0,173,-32.4624
32,0,159,-32.4151
53,0,168,-32.3393
40,0,185,-32.5081
41,0,166,-31.8072
64,0,180,-32.2556
35,0,170,-32.2294
40,0,173,-32.4162
48,0,186,-32.3226
24,0,183,-32
33,0,180,-32.1056
25,0,183,-32.6776
60,0,188,-32.0957
20,0,159,-32.6667
31,0,161,-32.2484
43,0,169,-32.0296
40,1,192,-32.4323
38,0,173,-31.896
37,0,186,-32.4892
20,0,178,-32.4494
39,0,181,-32.1326
45,0,157,-32.3057
46,0,182,-31.8736
32,0,161,-32.236
35,0,176,-32.4205
48,0,173,-32.0116
24,0,155,-32.2194
46,0,171,-32.1404
38,0,173,-32.5318
30,0,163,-32.5644
43,0,178,-32.5618
30,0,175,-32.3829
40,0,188,-32.2074
43,0,186,-32.1989
27,0,154,-32.3312
40,0,194,-32.3351
37,3,191,-32.0209
37,7,168,-32.3631
36,0,195,-32.4462
59,0,189,-32.4444
41,0,199,-31.9548
30,0,169,-32.5444
22,0,164,-32.5854
38,2,164,-32
51,0,168,-32.5833
29,2,191,-32.2618
29,0,221,-32.4118
27,0,162,-32.2099
33,0,161,-32.3727
30,0,201,-32.4627
37,0,197,-32.3807
24,0,180,-32.2611
38,0,164,-32.0488
43,0,174,-32.2816
47,0,188,-31.8032
41,0,164,-32.6646
50,0,190,-32.3895
28,0,154,-32.3831
27,0,186,-32.1774
45,0,179,-31.9609
22,0,187,-32.6952
25,0,161,-32.3727
47,0,169,-32.1598
36,0,166,-32.3072
29,0,169,-32.497
32,1,183,-32.2842
20,0,148,-32.2432
21,0,162,-32.6914
42,0,185,-32.1946
29,1,171,-32.1111
21,0,163,-31.9387
24,2,69,-32.3043
29,0,180,-31.9667
35,2,173,-32.2659
41,0,178,-32.3596
37,0,179,-32.1229
37,0,217,-32.424
42,4,173,-32.1618
27,0,193,-32.1347
24,0,160,-32.4875
22,0,178,-32.3876
38,0,166,-32.3795
28,0,178,-32.3539
21,0,165,-32.303
44,0,174,-32.431
28,0,179,-32.4358
27,0,186,-32.5806
41,0,176,-32.1364
44,0,190,-32.3368
27,0,165,-32.5394
21,0,182,-32.5659
36,0,166,-32.3976
33,0,181,-32.2155
39,0,183,-32.5847
41,6,155,-32.2387
40,0,167,-32.485
58,0,178,-32.3034
43,0,166,-32.0723
36,2,193,-32.4145
43,0,176,-32.6364
22,0,163,-32.3436
28,0,165,-32.3818
24,0,175,-32.3657
23,0,180,-32.35
25,0,174,-32.2931
48,0,199,-31.9296
39,4,176,-31.9716
36,0,168,-32.131
58,0,183,-32.4262
33,0,168,-32.1845
24,0,175,-32.3143
46,0,173,-32.0058
36,0,168,-32.2857
31,0,148,-32.527
40,0,172,-32.4244
22,0,180,-32.25
20,0,159,-32.4528
26,0,160,-32.275
37,0,164,-32.378
24,0,198,-32.5909
23,0,165,-32.5515
23,0,158,-32.2785
33,0,165,-32.3091
20,0,174,-32.5517
21,0,171,-31.8538
51,0,153,-32.0523
42,0,163,-32.1656
37,0,169,-32.0592
41,0,169,-31.7929
47,0,181,-32.2928
26,0,178,-32.4213
25,0,148,-32.75
28,0,170,-32.2
38,0,161,-32.4845
22,0,178,-32.4944
22,0,162,-32.6049
21,0,175,-32.4743
28,0,180,-32.0056
34,0,169,-32.4911
38,0,173,-32.1387
23,0,140,-32.4571
42,0,161,-32.5404
46,0,208,-32.4375
25,0,176,-32.3125
22,0,169,-32.5089
42,0,183,-32.4699
28,0,172,-31.9651
26,0,171,-32.7368
27,0,177,-32.5141
36,0,169,-32.1538
42,0,176,-32.1534
33,0,333,-32.3964
21,0,137,-32.3285
52,0,171,-32.3801
27,0,170,-32.4471
32,0,172,-32.2733
52,0,171,-32.2515
30,0,155,-32.5935
48,0,186,-32.2796
42,0,179,-32.4246
24,0,173,-32.4277
25,0,143,-32.1678
42,0,169,-32.1065
23,0,158,-32.2405
37,0,177,-32.4633
34,0,164,-32.3232
61,0,179,-32.3128
28,0,183,-32.5082
36,0,170,-32.0647
43,0,183,-32.4262
41,0,162,-32.5062
28,0,159,-32.5472
35,0,167,-32.4311
26,0,140,-32.55
25,0,156,-32.6795
25,0,177,-32.1638
37,0,184,-32.2228
23,0,178,-32.5449
26,0,172,-32.2965
23,0,173,-32.6763
23,0,175,-32.7657
32,0,160,-32.3937
21,0,165,-32.4242
40,0,172,-31.9419
38,0,171,-32.6374
20,0,159,-32.4465
37,0,179,-32.4413
23,0,184,-32.1304
26,0,151,-32.3974
26,0,156,-32.75
32,0,166,-32.1627
45,0,177,-32.1469
20,0,169,-32.6272
44,0,182,-32.4835
25,0,175,-32.4
26,0,171,-32.538
52,4,179,-31.9665
36,2,168,-31.7738
53,0,215,-32.1442
32,2,178,-32.5
30,2,165,-32.5879
40,0,169,-32.6154
20,2,149,-32.4295
33,2,196,-32.199
33,0,166,-32.1747
35,2,164,-32.3171
34,3,156,-32.3397
36,0,188,-32.0904
26,0,157,-32.4268
28,0,187,-32.4866
27,6,159,-32.5409
41,0,167,-32.2216
44,2,197,-32.4162
22,0,169,-32.497
26,0,164,-32.5976
22,1,177,-32.2881
39,2,179,-32.3911
20,1,158,-32.2342
32,12,166,-32.3916
33,0,187,-32.4385
21,1,172,-32.4826
24,0,164,-31.9512
30,0,174,-32.3333
33,0,183,-31.9617
38,0,161,-32.1304
50,0,168,-32.0298
43,0,176,-32.1477
70,0,178,-31.8483
43,0,156,-32.359
26,0,143,-32.3776
25,0,170,-32.6412
44,0,151,-32.1589
49,0,177,-32.2316
27,0,198,-32.1162
59,0,168,-31.8036
24,0,158,-32.5253
21,0,174,-31.8218
26,2,154,-32.5
35,2,165,-32.6424
28,0,187,-32.4759
35,0,169,-32.2249
29,0,164,-32.4268
51,0,180,-32.0167
27,0,149,-32.1141
66,5,176,-32.3295
27,1,147,-32.5714
46,0,294,-32.2517
22,0,158,-32.2405
38,0,179,-32.2793
23,0,160,-32.6187
53,0,154,-31.8636
21,0,216,-32.2639
24,0,167,-32.3473
22,0,154,-31.961
33,0,156,-32.4359
35,0,155,-32.4194
23,0,147,-32.4014
41,0,164,-32.3476
34,0,161,-32.1491
31,0,178,-32.5056
34,0,178,-32.2753
39,0,166,-32.4096
42,0,158,-32.3544
25,0,165,-32.3515
32,0,174,-32.3736
33,0,153,-32.366
36,0,152,-32.0592
32,0,265,-31.9547
31,0,148,-32.3041
36,0,179,-32.1061
25,0,163,-32.0307
34,0,176,-32.2216
28,2,154,-32.3506
29,1,168,-32.6012
27,0,156,-32.2179
20,0,158,-32.3987
23,0,193,-32.487
33,0,161,-32.4348
31,2,177,-32.3277
32,0,166,-32.2952
29,0,149,-32.1477
31,0,167,-32.2934
25,0,157,-32.2803
20,0,154,-32.1494
23,0,166,-32.1084
33,0,184,-32.1033
42,3,195,-32.7692
30,0,145,-32.469
33,0,120,-31.975
24,0,173,-32.526
33,0,163,-32.4049
31,2,146,-32.2945
34,3,162,-32.3333
42,0,172,-31.7907
25,1,146,-32.0137
22,0,185,-32.4865
21,0,169,-32.2663
24,0,198,-31.7576
24,0,155,-32.6516
33,0,159,-32.3333
30,0,172,-32.436
40,0,173,-31.9711
30,0,161,-32.0435
51,0,184,-32.6576
35,0,81,-32.3457
28,0,155,-32.2
24,0,162,-31.9198
54,0,159,-32
25,0,194,-32.5309
25,0,139,-32.3309
31,0,184,-32.1033
30,0,170,-32.3235
33,0,168,-32.1964
36,0,171,-32.2164
32,0,171,-32.4971
37,0,169,-32.2426
41,0,166,-32.4578
25,0,160,-32.3563
29,0,158,-32.5633
49,0,194,-32.1598
32,0,193,-32.171
46,0,187,-31.6845
31,0,200,-32.455
29,0,165,-32.3576
24,0,188,-32.367
36,0,152,-32.4671
29,0,156,-32.2564
22,0,171,-32.3626
24,0,157,-32.3758
36,0,159,-32.3585
28,0,162,-32.4568
31,0,158,-32.3165
33,0,174,-32.0977
21,0,158,-32.2848
21,0,184,-32.413
30,0,168,-32.3869
37,0,162,-31.9136
37,0,170,-32.2882
24,0,161,-32.6335
26,0,159,-32.1635
47,0,170,-32.3412
24,1,199,-32.3618
31,0,157,-32.6815
38,0,177,-32.2373
42,0,333,-32.5045
29,0,168,-32.369
39,0,178,-32.0787
28,0,168,-32.1429
39,0,162,-32.2222
23,0,179,-32.3799
29,0,164,-32.2378
26,0,87,-32.046
30,0,166,-32.6867
29,0,174,-32.2414
27,0,150,-32.4867
29,2,145,-32.2207
23,0,173,-32.2659
28,0,152,-32.5592
22,1,176,-32.1875
23,3,162,-32.0617
48,0,164,-31.9085
31,0,181,-32.2431
26,0,158,-31.9114
20,0,153,-32.451
24,0,170,-32.3588
24,0,167,-32.6048
25,0,161,-32.2857
27,0,158,-32.6266
36,0,166,-32.6265
37,0,160,-32.0125
26,0,164,-32.4024
48,0,179,-32.1453
36,0,190,-32.3842
32,0,157,-32.3631
26,0,166,-32.3072
39,0,190,-32.0895
28,1,156,-32.7051
22,1,153,-32.4052
23,1,167,-32.4371
22,0,158,-32.3544
31,3,169,-32.1953
25,0,143,-32.2098
21,0,140,-32.4286
20,0,144,-32.3472
34,0,184,-32.0924
53,0,332,-32.0994
27,0,169,-32.1243
45,0,154,-32.0325
21,0,174,-32.0115
44,0,168,-32.125
30,0,135,-32.3407
32,0,171,-32.0234
52,0,174,-31.8851
48,0,161,-32.0373
22,0,157,-32.1911
28,0,143,-32.3077
30,0,166,-32.1807
28,0,153,-32.098
34,0,166,-32.5723
41,0,160,-32.525
28,0,138,-32.3623
22,0,171,-32.269
37,0,152,-32.0921
45,0,171,-32.2807
42,0,163,-31.9877
40,0,156,-32.0192
34,0,160,-32.0063
25,0,149,-31.8322
52,0,163,-32.3067
36,0,165,-32.2788
40,0,162,-32.1235
26,0,160,-32.3937
32,0,173,-32.3815
24,0,156,-32.7051
38,0,172,-32.157
49,0,175,-32
32,0,76,-31.8158
44,0,155,-32.271
52,0,176,-32.0739
35,0,164,-32.2378
33,0,187,-32.3155
37,0,151,-32.5298
39,0,193,-32.4041
43,0,159,-32.4025
44,0,170,-32.5
23,0,154,-32.1364
31,0,148,-32.0811
33,0,175,-31.8914
29,0,159,-32.1887
43,0,178,-32.1461
21,0,147,-32.068
25,0,175,-32.2457
45,0,152,-32.1711
25,0,85,-32.2353
52,0,159,-31.8239
49,0,191,-32.1152
31,0,155,-32.3161
26,0,145,-31.6759
42,0,153,-32.4967
39,0,183,-32.4863
41,0,158,-32.0063
44,0,157,-32.3758
36,0,156,-32.0385
25,0,171,-32.3801
35,0,168,-32.4583
43,0,164,-32
40,0,169,-32.6923
22,0,178,-32.6124
25,0,141,-32.0142
23,0,167,-32.3832
33,0,162,-32.284
30,0,165,-32.6
29,0,166,-32.6325
42,0,163,-31.9632
24,0,166,-32.4096
21,0,145,-32.4069
51,0,169,-32.1775
23,0,168,-32.244
25,0,172,-32.4593
20,0,165,-32.6424
20,1,172,-32.6977
29,0,182,-32.2033
42,0,165,-32.3455
46,0,170,-32.1176
29,0,159,-32
39,0,181,-32.2928
21,2,76,-32.1974
30,0,162,-32.216
34,0,167,-32.4251
36,0,159,-32.3711
25,0,158,-31.9684
25,0,159,-32.2642
39,0,166,-32.5361
28,0,154,-32.2922
27,3,174,-32.431
45,0,169,-32.1302
29,0,158,-32.1139
23,0,159,-32.0126
29,0,163,-32.2454
24,0,149,-32.3289
26,0,159,-32.1321
41,0,159,-31.9057
24,0,183,-32.0929
24,0,164,-32.628
36,0,159,-32.4528
39,0,162,-32.2593
23,0,162,-32.1975
40,0,324,-32.0123
43,0,167,-32.2216
23,0,156,-32.2692
39,0,170,-32.1412
39,0,87,-31.5747
27,0,163,-31.9325
43,0,155,-32.4
31,0,161,-32.0248
21,0,151,-32.5629
32,0,175,-31.9371
33,0,165,-32.2424
55,0,187,-32.3262
38,0,169,-32.2071
46,0,171,-32.117
23,0,139,-32.1295
39,0,179,-32.1676
43,0,164,-32.5671
23,0,188,-32.4043
37,0,168,-32.2917
32,0,165,-32.0121
27,0,143,-32.2028
26,0,146,-32.5411
31,0,167,-32.4132
45,0,157,-32.6178
33,0,176,-32.3636
22,0,140,-32.3643
32,0,152,-31.9474
42,0,161,-32.1615
36,0,194,-32.299
22,0,163,-32.5399
43,0,167,-32.1856
38,0,168,-31.8393
31,0,160,-32.4562
41,0,165,-32.2061
45,0,166,-31.6928
20,0,190,-32.6211
39,0,158,-32.3291
26,0,136,-32.7868
42,0,168,-31.8869
49,0,174,-31.954
30,0,172,-32.4186
36,0,165,-32.6485
45,0,159,-31.8553
50,0,175,-32.1886
27,0,141,-32.1702
41,0,161,-31.8447
23,0,167,-32.006
38,0,173,-32.2486
32,0,157,-32.1783
22,0,149,-32.3557
29,0,159,-32.0503
21,0,183,-32.6284
29,0,154,-32.2727
42,0,167,-32.0898
35,0,160,-32.0875
39,0,144,-32.25
35,0,156,-32.4038
35,0,158,-32.2785
40,0,162,-32.1728
30,0,164,-32.0244
38,0,139,-32.1223
22,0,144,-32.4375
28,0,164,-32.311
29,0,166,-32.512
21,0,180,-32.4944
33,0,156,-32.4038
21,0,231,-32.1905
51,0,160,-32.1812
33,0,165,-32.2182
36,0,155,-32.4452
47,0,169,-31.9704
28,0,140,-32.3429
31,0,145,-32.4483
26,0,134,-32.2761
38,0,170,-32.0706
22,0,164,-32.3598
43,0,160,-32.325
32,0,146,-32.4521
29,0,215,-32.7767
21,0,141,-32.0709
26,0,151,-32.351
29,0,151,-32.5033
33,0,84,-31.9881
24,0,152,-32.5132
42,0,171,-31.9357
37,0,164,-31.8598
31,0,165,-32.1758
29,0,206,-32.8398
39,0,158,-32.0759
28,0,95,-31.5684
32,0,163,-32.4908
23,0,150,-32.04
34,0,153,-32.2484
39,0,162,-32.2407
23,0,139,-31.8633
26,0,167,-32.2455
29,0,165,-32.4667
27,0,163,-32.4847
23,0,154,-32.3117
31,0,145,-32.0345
24,0,180,-32.5556
40,0,178,-32.236
27,0,160,-32.25
35,0,165,-31.7636
33,0,167,-32.2814
32,0,163,-31.8221
29,0,159,-32.2516
37,0,160,-32.0312
30,0,171,-32.345
46,0,178,-32.191
43,0,169,-32.0651
46,0,167,-32.1497
25,0,160,-32.025
48,0,145,-32.4345
27,0,102,-31.9608
22,0,99,-32.2727
45,0,158,-32.0633
38,0,174,-32.2989
35,0,173,-31.9942
33,0,154,-32.5455
21,0,152,-32.5329
38,0,163,-32.0859
24,0,155,-31.8387
29,0,150,-32.44
28,0,150,-32.4267
31,0,160,-32.025
54,0,173,-31.6301
41,0,154,-32.1558
35,0,155,-32.4065
38,0,173,-32.3642
36,0,171,-32.5906
32,0,153,-31.9673
53,21,175,-32.2686
69,21,179,-32.4246
28,0,170,-32.3882
20,0,154,-32.5649
56,0,201,-32.2239
61,0,183,-31.9344
37,0,162,-32.8025
39,0,169,-32.4083
38,0,169,-32.1598
51,0,192,-32.25
27,0,147,-32.3061
34,0,180,-31.6944
37,0,183,-32.5355
31,0,166,-32.3012
44,0,168,-32.7083
39,0,166,-32.4277
36,0,186,-32.0054
26,0,142,-32.6761
30,0,163,-32.1472
40,0,176,-32.5
34,0,155,-32.5548
28,0,160,-32.05
49,0,173,-32.4509
27,0,163,-32.4417
45,0,173,-31.8092
36,0,160,-32.525
27,0,149,-32.3691
31,0,159,-32.3711
20,0,176,-32.5795
31,0,147,-32.1497
22,0,185,-32.4703
32,0,186,-32.0161
29,0,156,-32.4551
30,0,150,-32.1333
24,0,165,-31.9879
29,0,169,-32.142
24,0,159,-32.3774
41,0,167,-32.3473
24,0,155,-32.2839
30,0,150,-32.4133
49,0,172,-32.1047
29,0,165,-32.3636
30,0,162,-32.2901
55,0,187,-31.7647
37,0,169,-32.1361
47,0,169,-32.3432
41,0,141,-32.617
51,0,198,-32.2323
35,0,152,-31.9539
47,0,182,-32.2582
36,0,176,-32.6023
44,0,162,-32.3457
49,0,173,-32.0694
26,0,166,-31.8253
30,0,180,-32.4167
27,0,179,-32.7374
23,0,157,-32.3631
29,0,158,-32.0886
36,0,159,-32.4403
23,0,170,-32.1059
20,0,167,-32.3713
43,0,161,-32.4099
27,0,143,-32.7273
36,0,139,-31.9856
20,0,185,-32.2432
28,0,174,-32.1322
45,0,185,-32.3514
35,0,163,-32.227
27,0,181,-32.6077
28,0,176,-32.0568
41,0,165,-32.0727
29,0,162,-32.3272
35,0,145,-32.3379
38,0,170,-32.3529
20,0,149,-32.4765
22,2,167,-32.1916
32,1,157,-32.4331
22,0,238,-32.7059
35,0,123,-32.0813
41,0,141,-32.2199
38,0,163,-32.4294
31,0,159,-32.0503
26,0,161,-32.2733
35,0,160,-32.4188
29,0,170,-32.4471
36,1,209,-32.3254
33,2,168,-32.3631
55,0,160,-32.2687
29,0,150,-32.28
33,0,153,-31.9869
40,0,265,-32.2
30,1,166,-32.2289
35,5,175,-32.24
29,5,323,-32.3839
27,0,147,-32.1361
32,0,170,-32.3647
30,0,164,-32.5427
31,0,177,-32.3955
32,2,155,-31.9742
34,0,165,-32.3152
25,0,147,-31.6259
25,0,149,-32.1611
22,0,179,-32.1508
20,0,226,-32.469
51,0,173,-32.0751
22,0,150,-32.2667
52,0,163,-32.0491
23,0,173,-32.5954
24,0,155,-32.6323
32,0,163,-32.3681
28,0,155,-32.1613
32,0,184,-32.3859
23,0,154,-32.3766
26,0,181,-32.6188
21,0,164,-32.5244
34,0,179,-32.419
31,0,172,-32.3256
42,0,172,-31.7965
20,0,149,-32.5705
23,0,187,-32.1818
23,0,150,-32.1733
29,0,169,-32.4497
37,0,157,-32.6115
57,0,168,-31.9167
44,0,187,-32.2727
46,0,178,-32.1011
32,0,160,-32.2
33,0,168,-31.8214
26,0,156,-32.3013
26,0,166,-32.3795
36,1,186,-32.4677
26,0,156,-32.1923
24,0,150,-32.6133
23,0,153,-32.451
36,0,175,-32.1543
33,0,172,-32.4419
21,1,184,-32.462
31,0,165,-32.7455
36,1,165,-31.7879
59,2,187,-31.9947
31,2,164,-32.2927
23,1,169,-32.0769
21,1,160,-32.1437
40,0,174,-32.2931
38,10,150,-31.8333
44,2,156,-32.391
39,8,197,-32.3249
28,5,154,-32.3571
30,0,176,-32.1932
24,0,180,-32.5833
38,8,176,-31.9943
21,0,167,-32.2275
29,0,193,-32.6321
31,0,181,-32.2928
41,0,158,-32.4051
23,0,175,-32.12
36,0,171,-32.3041
35,0,156,-32.1026
44,0,167,-32.0778
23,0,161,-31.7019
38,0,172,-32.5174
35,0,157,-32.4013
32,0,175,-32.6229
29,0,179,-32.1844
28,0,174,-32.5057
31,0,196,-32.3929
27,0,155,-32.4452
29,2,175,-32.7143
47,0,145,-32.1793
29,0,169,-32.1361
28,0,155,-32.3871
40,0,170,-31.8882
41,0,176,-32.1136
33,0,170,-32.5
21,0,161,-32.5031
25,0,151,-32.5166
42,0,178,-32.2978
30,0,165,-32.4667
43,0,183,-32.0437
46,0,163,-32.3374
38,0,170,-31.8059
46,0,158,-32.038
29,0,171,-32.3158
33,0,188,-31.8032
35,0,165,-31.7394
32,0,197,-32.2741
32,0,171,-32.076
28,0,154,-32.2532
25,0,171,-31.8304
22,0,170,-32.4294
29,2,162,-32.142
36,0,169,-31.9763
21,0,160,-32.15
33,0,153,-32.4379
39,0,141,-32.6667
49,0,174,-32.1379
42,0,172,-31.7267
51,0,172,-32.1744
39,0,162,-31.9321
24,0,168,-32.369
32,0,154,-32.8377
39,0,178,-31.9831
36,0,165,-31.8667
35,0,177,-32.6158
24,0,159,-32.6667
37,0,182,-32.2253
31,0,159,-32.1195
37,0,156,-32.3846
31,0,196,-31.8367
39,0,165,-32.2545
22,0,163,-32.5767
37,0,189,-32.3545
22,0,192,-32.5938
27,0,156,-32.359
25,0,155,-32.329
21,0,160,-32.5812
33,0,162,-32.2593
45,0,171,-32.1287
28,0,153,-32.2484
21,0,159,-32.1698
39,0,176,-32.0511
34,0,184,-32.2337
37,0,88,-31.6023
29,0,159,-32.4654
37,0,178,-32.3258
21,0,162,-32.4136
46,0,176,-32.2045
29,0,231,-32.671
39,0,167,-32.1198
26,0,159,-32.4151
30,0,159,-32.2579
24,0,179,-32.6145
39,0,177,-32.548
34,7,173,-32.6358
27,0,178,-32.2584
25,0,154,-32.1039
36,2,177,-32.2147
28,0,166,-32.0783
46,0,166,-32.494
40,0,170,-32.1176
31,2,160,-32.2313
30,0,156,-31.8333
42,0,176,-31.983
32,0,167,-32.3772
22,0,176,-32.5455
20,0,150,-32.2133
33,0,158,-32.1582
26,0,188,-32.617
38,2,379,-32.2955
25,0,166,-32.3554
39,0,159,-32.3648
28,2,86,-32.1395
23,0,159,-31.8428
22,0,168,-32.4464
32,0,167,-32.1377
22,0,156,-32.4744
30,0,156,-32.0064
24,0,184,-32.1087
23,3,162,-32.216
33,0,183,-31.8689
31,1,153,-32.2288
27,0,200,-32.515
29,0,187,-32.3209
23,0,171,-32.5614
39,0,166,-32.2711
29,0,154,-32.1753
25,0,160,-32.6938
24,0,173,-32.5491
37,0,250,-32.48
24,0,216,-32.2407
22,0,77,-31.7273
23,0,160,-32.5688
24,2,148,-32.1554
27,2,153,-32.0131
22,0,154,-32.4221
25,2,144,-32.1597
32,0,177,-32.4011
20,0,156,-32.3846
38,0,168,-31.8929
39,0,344,-32.2035
30,0,180,-32.0889
21,0,166,-31.9639
46,0,160,-32.1125
36,0,173,-32.2832
55,0,164,-31.9451
29,0,174,-32.0287
36,0,163,-32.1718
30,0,168,-32.2917
25,0,150,-32.4267
34,0,164,-32.5366
23,0,160,-32.3375
26,0,172,-31.9012
25,1,184,-32.3533
37,0,179,-32.2458
39,2,169,-32.503
22,0,159,-32.5346
27,0,162,-32.5062
36,0,172,-32.7151
22,0,177,-32.4181
28,0,150,-31.9467
29,0,163,-32.4724
25,3,181,-32.116
21,1,170,-32.5176
30,0,179,-32.5084
37,0,191,-32.4084
30,0,164,-32.5183
23,0,178,-32.4719
43,0,160,-32.0812
29,0,136,-31.6544
31,0,167,-32.2635
39,0,194,-32.0825
22,0,172,-32.0523
30,0,179,-32.0223
36,0,158,-32.5633
28,0,152,-32.1316
29,0,185,-31.6757
31,0,158,-32.6076
23,0,158,-32.5949
37,2,149,-32.0805
23,0,169,-32.0059
53,0,162,-32.2037
29,0,164,-32.0976
33,0,174,-32.523
31,0,165,-32.2121
27,0,197,-32.203
33,1,174,-32.3908
32,0,160,-32.25
24,0,168,-32.8571
31,0,148,-32.1622
34,0,164,-32.439
33,0,175,-32.16
32,3,165,-32.3273
25,0,162,-32.5926
33,0,262,-32.3015
23,0,166,-32.1265
28,2,180,-32.2722
25,0,97,-32.2165
22,0,161,-32.1491
25,0,176,-32.3977
27,0,156,-32.3141
41,0,156,-31.9359
21,4,155,-32.4323
31,0,166,-32.6928
24,0,164,-32.128
20,0,159,-32.3836
22,0,150,-32.34
34,0,160,-32.2625
25,0,154,-32.3052
34,0,172,-31.9767
30,0,168,-32.2857
39,0,161,-32.3168
23,0,154,-32.5065
30,0,168,-32.2262
47,0,170,-32.2529
23,0,165,-32.1818
26,0,141,-32.1844
24,0,132,-32.3788
32,0,138,-32.1449
28,0,163,-31.9939
30,0,173,-32.4104
34,0,160,-32.3
32,0,161,-32.1615
34,0,142,-32.3521
29,0,146,-32.3288
23,0,167,-31.7844
40,0,172,-31.8663
20,0,157,-32.3121
34,0,163,-32.3681
40,0,105,-32.1143
24,0,155,-32.1677
20,0,154,-32.5195
25,0,157,-32.3185
20,0,176,-32.3977
26,0,157,-32.5287
36,0,167,-31.9401
28,0,154,-32.1623
36,0,175,-32.3771
47,0,149,-32.2886
25,0,175,-32.3429
31,3,164,-32.372
20,0,175,-32.2457
30,0,164,-32.4085
42,0,177,-32.435
32,0,193,-32.6373
27,0,160,-32.6562
21,1,140,-32.4214
32,0,151,-32.4967
31,0,167,-32.0838
47,0,174,-32.6322
47,0,167,-32.1976
34,0,169,-32.0651
28,0,142,-32.2535
32,0,149,-32.1409
35,0,176,-32.1534
33,2,149,-32.1544
28,1,152,-32.4605
31,2,170,-32.1118
24,1,147,-32.0952
37,0,165,-32.2121
43,0,159,-31.9308
28,0,167,-32.1317
32,2,153,-32.4379
23,1,140,-32.2357
21,0,145,-32.2552
26,0,141,-32.3121
28,1,145,-32.2828
42,0,152,-32.1316
33,0,161,-32.1304
20,1,165,-32.0606
46,2,174,-31.6552
40,1,191,-32.0838
24,0,154,-32.4351
20,0,139,-32.5324
22,2,132,-31.8788
58,0,166,-32.1807
57,0,192,-32.3177
26,0,168,-32.4048
28,0,172,-32.2558
27,0,154,-32.6299
32,0,175,-31.9086
37,0,171,-32.2047
25,0,144,-32.0208
41,0,172,-32.2442
37,0,163,-31.6748
35,0,162,-31.9012
29,0,183,-32.3989
30,1,168,-32.5238
25,0,167,-32.3653
32,0,145,-32.0966
46,0,149,-31.6376
25,0,171,-32.3041
39,0,146,-32.2671
47,0,163,-32.2945
39,0,168,-32.0655
25,0,162,-32.5
33,0,155,-32.3419
25,0,154,-32.7597
23,0,175,-32.56
40,0,179,-31.9162
41,0,165,-31.3879
44,0,170,-32.2529
37,0,153,-31.8824
22,0,281,-32.2242
71,0,177,-32.1186
35,0,159,-32.434
52,0,170,-31.9118
46,0,151,-32.3046
49,0,157,-32.0892
33,0,145,-32.1793
62,0,171,-32.5205
41,0,165,-32.0848
32,0,153,-31.9739
49,0,156,-31.9359
39,0,162,-32.6049
50,0,174,-32.5172
54,0,179,-31.9888
23,0,162,-32.0802
52,0,150,-32.06
38,0,156,-32.1603
24,0,153,-32.5621
32,0,146,-32.3082
49,0,148,-31.6014
56,0,158,-31.8481
31,0,163,-32.2699
56,0,174,-32.4713
30,0,154,-32.1623
24,0,165,-32.8606
21,0,99,-32.3232
35,0,173,-32.3295
48,0,172,-32.2733
20,0,167,-32.4192
24,0,178,-32.573
40,0,154,-32.013
55,0,173,-31.9711
37,0,134,-32.2164
33,0,158,-32.6329
58,0,187,-32.3369
60,0,182,-31.5495
48,0,165,-32.3515
50,0,166,-32.3614
51,0,154,-32.474
34,0,151,-32.4636
40,0,153,-31.9673
37,0,147,-31.9524
51,0,149,-31.5772
65,0,162,-31.8086
45,0,153,-32.0588
68,0,195,-32.0462
59,0,170,-31.9059
26,0,175,-32.4114
61,0,171,-32.1287
72,0,165,-32.1212
48,0,142,-32.2324
47,0,155,-32.1548
69,0,164,-32.25
32,0,153,-32.1307
38,0,155,-32.1613
40,0,172,-31.9535
40,0,168,-32.1012
28,0,169,-32.0355
42,0,154,-32.513
53,0,170,-32.0294
60,0,164,-31.5244
34,0,173,-32.4277
60,0,174,-32.023
21,0,162,-32.0556
41,0,184,-31.9565
53,0,184,-32.3967
52,0,167,-32.1317
55,0,164,-31.5305
32,0,166,-32.4096
29,0,170,-32.5
40,0,168,-32.6131
26,0,144,-32.4167
47,0,148,-32.4257
22,0,181,-32.5193
43,0,143,-32.4266
27,0,182,-32.522
42,0,161,-32.1553
64,0,170,-31.8941
71,0,175,-32.16
28,0,170,-32.5529
23,0,158,-32.0949
41,0,173,-32.4335
68,0,170,-32
52,0,162,-32.1667
61,0,168,-31.9048
63,0,168,-32.2202
61,0,155,-32.1032
50,0,157,-31.8726
39,0,154,-32.2338
37,0,152,-32.3618
47,0,190,-32.3947
65,0,180,-31.8
51,0,173,-31.9133
47,0,156,-31.8526
55,0,177,-32.2203
58,0,157,-32.051
47,0,174,-32.4253
59,0,162,-32.2346
32,0,165,-32.3636
77,0,180,-31.8722
49,0,151,-32.245
70,0,168,-32.244
60,0,162,-31.7654
56,0,177,-32.3672
59,0,172,-32.1279
52,0,160,-31.9937
48,0,175,-32.2514
64,0,176,-32.1989
57,0,188,-32.1915
28,0,144,-32.2778
65,0,175,-32.08
43,0,170,-32.3235
64,0,182,-32.2143
54,0,155,-32.2774
46,0,165,-32.3879
37,0,185,-32.3459
39,0,166,-32.4157
33,0,159,-32.3208
34,0,152,-32.4342
29,0,204,-32.2549
41,0,145,-31.9931
68,0,178,-32.2191
42,0,173,-31.9884
38,0,150,-32.2733
40,0,168,-32.25
42,0,164,-32.0549
59,0,169,-32.4556
44,0,173,-32.1387
37,0,170,-32.1471
20,0,164,-32.2927
72,0,177,-32.2373
36,0,135,-32.5185
35,0,178,-32.2584
30,0,139,-31.8417
45,0,171,-32.2924
36,0,167,-32.4192
46,0,173,-31.9306
34,0,95,-32.5579
35,0,168,-32.3095
51,0,173,-32.3353
52,0,171,-32.1988
31,0,167,-32.491
49,0,169,-32.6982
39,0,167,-32.1377
26,0,162,-32.2037
35,0,172,-32.2791
24,0,155,-32.5161
50,0,176,-32.1761
37,0,177,-32.5085
29,0,144,-32.5208
24,0,143,-32.1958
33,0,155,-32.4129
34,0,160,-32.15
33,0,164,-31.9756
39,0,191,-32.4921
60,0,170,-31.9882
50,0,181,-32.1381
30,0,145,-32.4207
28,0,158,-32.4114
33,0,171,-32.2924
20,0,175,-32.4743
64,0,85,-30.7059
22,0,172,-32.2558
41,0,164,-32.2378
46,0,383,-32.5718
50,0,168,-32.0476
36,0,152,-31.8289
23,0,191,-32.2618
43,0,161,-32.1429
56,0,156,-32.25
48,0,173,-32.3353
38,0,143,-32.3357
57,0,174,-31.8736
37,0,156,-32.1218
26,0,143,-32.2238
51,0,178,-32.1461
26,0,160,-32.2125
30,0,142,-32.3944
50,0,158,-31.9747
36,0,179,-32.3296
48,0,183,-32.0055
21,0,159,-32.5472
61,0,184,-31.7717
55,0,180,-32.2389
57,0,174,-31.908
51,0,175,-32.4171
46,0,166,-32.3614
47,0,158,-32.2089
46,0,161,-32.3727
62,0,162,-31.7593
32,0,162,-32.5123
