41,0,161,-32.677
73,0,192,-32.776
59,0,114,-32.3772
43,0,149,-32.557
54,0,175,-32.8114
80,0,173,-32.5318
66,0,186,-32.6882
29,0,183,-32.9727
70,0,175,-32.3771
66,0,182,-32.8187
74,0,186,-32.8387
25,0,153,-32.9216
56,0,159,-32.6855
37,0,181,-32.6851
54,0,171,-32.6316
45,0,172,-32.7326
54,0,87,-32.4483
21,0,207,-33
22,0,87,-32.7931
64,0,95,-31.4842
70,0,202,-32.5347
57,0,154,-32.8961
55,0,173,-32.4971
45,0,181,-32.8343
64,0,167,-32.6527
58,0,185,-32.6108
60,0,182,-32.9121
71,0,189,-32.9206
51,0,190,-32.6579
60,0,182,-32.6538
35,0,172,-32.9651
68,0,180,-32.1889
47,0,78,-31.8462
37,0,141,-32.8369
44,0,171,-32.4561
61,0,168,-32.5417
41,0,166,-32.6205
72,0,181,-32.7072
81,0,276,-32.1884
66,0,177,-32.3333
30,0,193,-32.943
54,0,112,-32.3839
45,0,185,-32.6703
52,0,105,-31.4571
71,0,191,-32.466
54,0,164,-31.8841
50,0,180,-32.8333
21,0,103,-32.9126
43,0,162,-32.1667
57,0,174,-32.592
34,0,125,-32.888
62,0,166,-32.3133
60,0,182,-32.3242
62,0,92,-31.6957
43,0,186,-32.8495
57,0,102,-32.3137
63,0,183,-32.9344
59,0,92,-32.5761
49,0,171,-32.5088
71,0,190,-32.2632
50,0,161,-32.6957
29,0,182,-32.9835
54,0,149,-32.4094
43,0,187,-32.4599
45,0,91,-31.5714
72,0,176,-32.4659
57,0,171,-32.4795
60,0,175,-32.5771
27,0,159,-32.9811
39,0,179,-32.9274
56,0,183,-32.5301
62,0,183,-32.3169
42,0,111,-32.4775
69,0,197,-32.5279
51,0,165,-32.7636
60,0,99,-31.1818
60,0,177,-32.7853
64,0,107,-31.8972
45,0,160,-32.95
64,0,188,-32.484
67,0,193,-32.1554
68,0,195,-32.4769
48,0,197,-32.3604
68,0,99,-31.6263
66,0,115,-32.113
60,0,103,-31.9709
58,0,106,-31.5472
68,0,198,-32.0909
45,0,90,-31.8667
49,0,101,-32.3366
48,0,108,-32.1574
59,0,99,-31.3939
70,0,185,-32.6973
55,0,110,-32.3273
52,0,106,-32.283
36,0,140,-32.7286
54,0,102,-32.0686
61,0,148,-32.0068
51,0,98,-33
47,0,89,-32.2584
59,0,181,-32.5414
42,0,88,-32.7386
61,0,120,-32.375
35,0,168,-32.9167
45,0,103,-32.2039
44,0,100,-32.69
49,0,185,-32.773
38,0,190,-32.5947
47,0,163,-32.7546
69,0,188,-32.383
53,0,165,-32.8182
63,0,178,-32.6011
37,0,167,-32.5449
41,0,161,-31.9752
62,0,181,-32.4751
21,0,190,-32.8684
24,0,166,-32.8675
44,0,204,-32.7059
64,0,186,-32.543
65,0,213,-32.4319
40,2,144,-32.5139
51,0,104,-32.5
28,0,169,-32.8284
44,0,96,-32.3125
52,0,177,-32.4576
26,0,66,-31.8939
51,12,110,-32.6091
46,7,179,-32.9944
87,42,212,-31.9764
97,60,185,-31.9514
37,7,146,-32.8767
51,16,165,-32.6121
63,20,193,-32.658
58,32,108,-32.1944
57,17,174,-32.4253
67,25,189,-32.4233
56,31,195,-31.8923
74,33,196,-32.2653
57,32,112,-32.4554
52,10,165,-32.8788
52,23,181,-32.6796
37,6,182,-32.9121
62,30,167,-32.1018
53,22,154,-32.539
43,11,172,-32.7384
54,12,169,-32.2781
57,28,220,-32.4409
42,23,85,-33
56,18,164,-32.0671
42,4,165,-32.7697
67,27,168,-32.2679
32,2,187,-32.8824
72,45,196,-31.8776
56,16,196,-32.8112
72,31,175,-32.2743
63,31,104,-32.0385
58,17,104,-32.8269
38,5,149,-32.8926
71,25,171,-31.9181
57,29,206,-32.2816
45,5,149,-32.8389
37,11,141,-33
44,0,175,-32.5314
62,0,187,-32.0695
56,0,171,-32.8012
38,0,176,-32.9602
56,0,187,-32.5187
72,0,195,-32.559
43,0,178,-32.691
28,0,189,-32.8571
28,0,150,-32.88
48,0,179,-32.743
42,0,102,-32
40,0,89,-32.7528
49,0,183,-32.388
45,0,187,-32.8342
54,0,193,-32.4922
37,0,156,-32.6282
29,0,171,-32.8947
30,0,115,-32.9826
48,0,191,-32.6649
50,0,198,-32.9343
65,0,183,-32.3825
52,0,209,-32.7512
35,0,99,-32.8485
74,0,185,-32.4595
72,0,174,-32.6149
33,0,110,-32.7636
31,0,165,-32.8848
47,0,169,-32.6331
52,0,186,-32.8817
42,0,167,-32.994
44,0,175,-32.7657
38,0,187,-32.9144
57,0,204,-32.4902
40,0,170,-32.8941
37,0,177,-32.8983
57,0,195,-32.8205
31,0,166,-32.5663
44,0,181,-32.6077
56,0,162,-32.4074
37,0,167,-32.4731
46,0,108,-32.463
30,0,145,-33
73,0,173,-32.2139
35,0,166,-32.8494
29,0,99,-33
32,0,99,-32.7172
38,0,86,-32.0233
41,0,95,-32.4211
49,0,158,-32.5696
40,0,188,-32.9202
37,0,173,-32.7919
65,0,181,-32.6022
53,0,165,-32.4424
69,0,173,-32.5838
30,0,93,-32.7527
53,0,117,-32.4017
55,0,114,-32.614
31,0,169,-32.9231
20,0,163,-32.9202
23,0,119,-32.9916
41,0,167,-32.988
39,0,183,-32.8634
53,0,192,-32.6302
52,0,115,-32.2609
27,0,87,-32.954
36,0,169,-32.5621
48,0,106,-32.3491
35,0,173,-32.5954
58,0,121,-31.9421
46,0,170,-32.7
48,0,185,-32.0811
55,0,196,-32.6327
55,0,194,-32.3763
49,0,107,-32.3645
61,0,100,-31.7
59,0,108,-32.5278
54,0,166,-32.2952
57,0,184,-32.8967
59,0,103,-31.6796
79,0,195,-32.3179
76,0,128,-32.0703
76,0,113,-32.0531
59,0,111,-32.8919
69,0,101,-32.6238
52,0,92,-32.3913
74,0,181,-32.6133
57,0,167,-32.491
66,0,107,-31.1869
72,0,164,-32.2256
64,0,103,-32.068
66,0,99,-31.6566
69,0,103,-31.8447
72,0,98,-31.3571
77,0,99,-31.1515
58,0,198,-32.6212
41,0,98,-32.4286
66,0,185,-32.4811
76,0,97,-32.3814
57,0,110,-32.3091
59,0,192,-32.6146
48,0,102,-31.4706
72,0,169,-32.568
73,0,187,-32.2888
86,0,173,-31.7861
85,0,183,-32.2842
62,0,92,-31.1739
82,0,174,-32.3218
69,0,180,-32.2
69,0,107,-33
67,0,101,-30.6436
44,0,89,-32.9438
75,0,93,-32.0645
53,0,127,-32.5984
67,0,101,-31.7525
57,0,90,-32.8333
79,0,178,-31.7809
61,0,90,-31.6556
51,0,96,-32.8958
52,0,103,-32.7087
64,0,175,-32.1371
81,0,187,-31.8824
78,0,182,-32.3077
61,0,162,-32.2963
61,0,211,-32.6825
79,0,184,-32.4076
43,0,107,-32.9439
62,0,207,-32.6377
62,0,147,-32.5986
47,0,207,-32.8406
63,0,104,-31.8365
58,0,113,-32.9027
74,0,165,-32.3394
69,0,176,-32.2955
52,0,100,-32.63
74,0,176,-32.267
72,0,188,-32.4415
58,0,179,-32.6983
51,0,105,-31.8286
54,0,117,-32.4359
53,0,102,-32.2843
73,0,108,-32.0093
55,0,105,-32.8286
73,0,174,-31.7299
46,0,114,-32.6404
63,0,112,-32.7679
42,0,98,-32.6735
68,0,102,-32.1078
72,0,163,-32.4785
64,0,196,-32.2857
64,0,99,-31.4747
52,0,101,-31.5248
58,0,103,-32.5243
59,0,121,-32.876
48,0,178,-32.8427
49,0,172,-32.4709
47,0,157,-32.4777
58,0,104,-32.6827
83,0,158,-31.7975
65,0,187,-32.5455
76,0,105,-31.9238
58,0,111,-32.7568
45,0,100,-32.8
79,0,187,-32.2674
68,0,184,-32.538
52,0,110,-32.8818
46,0,95,-32.6211
47,0,170,-32.5353
66,0,190,-32.5947
59,0,98,-32.7857
64,0,97,-32.0309
68,0,101,-32.4356
70,0,181,-32.2541
56,0,168,-32.8214
58,0,168,-32.4643
69,0,175,-32.3943
80,0,190,-32.5
56,0,96,-32.4271
41,0,121,-32.9339
54,0,122,-32.918
71,0,109,-32.2661
65,0,110,-32.3727
64,0,108,-32.3241
67,0,189,-32.3704
53,0,86,-31.3953
60,0,98,-32.9082
58,0,120,-32.7167
70,0,98,-32.2959
51,0,115,-32.8174
47,0,94,-32.3298
55,0,114,-32.4737
41,0,157,-32.8599
63,0,106,-31.9717
56,0,121,-32.3554
59,0,104,-32.6635
65,0,104,-32.4904
63,0,109,-32.4771
58,0,98,-32.6939
55,0,115,-32.1391
61,0,182,-32.5659
24,0,172,-33
55,0,102,-32.7059
78,0,100,-31.83
57,0,100,-32.68
59,0,120,-32.575
55,0,167,-32.7784
80,0,108,-31.2593
49,0,99,-32.4848
59,0,109,-32.211
60,0,110,-32.8545
70,0,103,-32.0971
46,0,127,-32.6457
64,0,93,-31.6237
77,0,111,-32.027
53,0,106,-32.2642
73,0,98,-32.7857
61,0,99,-32.5253
66,0,110,-32.6273
64,0,99,-32.0505
53,0,157,-32.7452
78,0,99,-31.8283
48,0,98,-32.0306
63,0,118,-32.5254
49,0,110,-32.7455
59,0,113,-32.5752
73,0,99,-32.3838
62,0,108,-31.8148
53,0,180,-32.6444
56,0,105,-32.7524
53,0,92,-32.9674
48,0,110,-32.2636
45,0,174,-32.8218
51,0,95,-32.5579
47,0,107,-32.9533
44,0,105,-33
62,0,96,-32.1667
62,0,111,-32.8468
59,0,110,-32.5182
45,0,101,-32.6436
50,0,100,-32.77
34,0,108,-32.7037
56,0,115,-32.2261
61,0,105,-32.9524
76,0,105,-32.181
58,0,189,-32.6085
58,0,110,-32.9455
64,0,93,-32.8065
71,0,100,-32.57
50,0,103,-32.6699
61,0,103,-32.7573
63,0,157,-31.8408
90,0,179,-32.2179
42,0,83,-32.1325
57,0,107,-32.2617
66,0,113,-32.0973
60,0,113,-32.1858
56,0,122,-32.7131
82,0,174,-32.1494
77,0,207,-31.8309
53,0,158,-32.4873
56,0,109,-32.8073
48,0,98,-31.8673
52,0,95,-32.2316
34,0,134,-32.7761
75,0,206,-32.1262
77,0,189,-31.6772
88,0,199,-32.206
58,0,168,-32.3095
68,0,101,-32.4455
50,0,101,-32.5248
58,0,87,-31.9425
55,0,188,-32.4894
75,0,180,-32.2556
64,0,105,-32.3429
66,0,180,-32.4222
58,0,179,-32.5419
39,0,92,-32.5109
60,0,182,-32.6374
64,0,182,-32.5165
75,0,182,-32.2088
47,0,166,-32.6807
62,0,109,-32.6239
56,0,99,-32.7677
81,0,167,-32.2695
61,0,98,-32.5612
52,0,98,-32.8673
70,0,196,-32.4694
42,0,102,-32.6078
55,0,104,-32.6923
47,0,179,-32.8212
93,0,187,-31.7005
55,0,102,-32.5784
76,0,170,-32.2059
74,0,157,-32.6815
63,0,103,-32.5631
64,0,196,-32.4184
61,0,97,-32.8351
58,0,107,-32.785
64,0,185,-32.6757
39,0,178,-32.8989
75,0,119,-31.9412
70,0,177,-32.661
59,0,96,-32.6354
52,0,179,-32.4078
67,0,119,-32.3613
52,0,110,-32.6273
60,0,97,-32.3299
63,0,189,-32.4074
67,0,186,-32.3495
42,0,160,-32.7125
64,0,181,-32.8508
57,0,188,-32.6383
58,0,163,-32.2883
57,0,173,-32.3815
68,0,97,-32.3918
55,0,186,-32.5968
49,0,106,-32.1981
72,0,187,-32.3797
58,0,169,-32.5266
61,0,212,-32.5991
55,0,169,-32.7396
49,0,98,-32.8571
58,0,190,-32.5
47,0,176,-32.7614
53,0,163,-32.5521
59,0,180,-32.4444
79,0,165,-32.6727
48,0,101,-32.6337
55,0,102,-32.6176
86,0,195,-32.4359
61,0,188,-32.75
63,0,123,-31.8049
65,0,192,-32.2135
50,0,96,-31.8021
57,0,178,-32.3708
77,0,189,-32.7725
74,0,165,-32.703
63,0,168,-32.7381
74,0,178,-32.2865
64,0,190,-32.3053
62,0,186,-32.0376
50,0,149,-32.651
64,0,171,-32.731
69,0,101,-32.0594
63,0,91,-31.967
81,0,202,-32.2574
78,0,98,-30.8776
69,0,108,-31.963
65,0,107,-32.5514
75,0,105,-31.9333
71,0,110,-32.3727
45,0,92,-33
75,0,171,-32.386
66,0,203,-32.4532
74,0,191,-32.5602
56,0,163,-32.773
48,0,203,-32.3941
51,0,184,-32.9783
75,0,226,-32.5044
65,0,184,-32.2065
66,0,111,-32.5856
77,0,98,-31.5918
80,0,203,-32.33
69,0,103,-32.6214
57,0,173,-32.6301
44,0,187,-32.6631
60,0,181,-32.2376
39,0,97,-32.9691
64,0,177,-32.5763
75,0,103,-31.7573
45,0,96,-32.1146
75,0,209,-32.0096
65,0,166,-32.4819
58,0,106,-32.0189
66,0,104,-32.9135
49,0,103,-33
34,0,103,-32.7476
56,0,108,-32.5278
69,0,97,-32.1134
53,0,97,-32.9794
34,0,106,-32.5283
74,0,96,-32.25
70,0,173,-32.2659
69,0,195,-32.4718
76,0,174,-32.2931
54,0,174,-32.6552
68,0,104,-32.3462
47,0,102,-32.549
50,0,167,-32.2814
63,0,104,-32.6731
98,0,181,-32.0497
59,0,98,-32.2449
61,0,105,-32.4286
62,0,189,-32.0635
61,0,194,-32.433
53,0,169,-32.5976
71,0,90,-31.5333
71,0,117,-32.2137
51,0,148,-32.2297
77,0,129,-32.2093
63,0,104,-32.5
59,0,173,-32.474
50,0,139,-32.8489
67,0,108,-32.6852
62,0,102,-32.7843
65,0,163,-32.6196
46,0,153,-32.7908
50,0,90,-32.4111
53,0,97,-32.5464
79,0,168,-32.0774
63,0,204,-32.7892
93,0,172,-32.0581
87,0,262,-31.6794
71,0,106,-32.4906
56,0,191,-32.1518
74,0,180,-32.1778
48,0,104,-32.3173
51,0,187,-32.8556
69,0,191,-32.3613
53,0,90,-32.7667
52,0,190,-32.3737
62,0,135,-32.163
66,0,96,-31.3333
82,0,212,-32.5094
53,0,189,-32.3228
46,0,108,-32.3148
71,0,201,-32.5423
59,0,83,-31.4337
99,0,182,-32.1319
60,0,149,-32.5906
42,0,96,-32.6875
66,0,182,-32.7198
67,0,105,-31.5429
59,0,107,-32.7477
58,0,98,-32.7653
64,0,102,-31.9216
66,0,151,-31.8411
66,0,187,-32.4225
60,0,99,-31.8586
55,0,108,-32.4074
52,0,179,-32.648
64,0,123,-32.252
67,0,122,-32.2131
55,0,96,-32.4479
64,0,158,-32.7532
70,0,120,-32.1917
58,0,178,-32.5618
52,0,115,-32.9652
61,0,97,-32.3093
67,0,112,-31.9107
78,0,186,-32.3602
60,0,98,-32.8061
53,0,95,-32.3368
63,0,200,-32.555
40,0,88,-32.9432
64,0,110,-32.1182
48,0,114,-32.7632
51,0,99,-32.5253
76,0,180,-32.3111
61,0,107,-32
46,0,111,-32.5766
73,0,109,-31.945
55,0,103,-32.5534
43,0,107,-32.6355
73,0,122,-32.5656
51,0,108,-32.7685
64,0,107,-32.8318
57,0,102,-31.8235
53,0,124,-32.2339
59,0,111,-32.0541
51,0,112,-32.5893
62,0,118,-32.0593
65,0,131,-32.5954
56,0,93,-32.6344
50,0,95,-32.7789
46,0,92,-32.6413
60,0,111,-32.4595
38,0,167,-32.982
54,0,206,-32.267
57,0,151,-32.1457
60,0,106,-32.8585
73,0,204,-32.3873
67,0,167,-31.7904
61,0,121,-32.438
47,0,106,-32.7075
63,0,110,-32.5273
55,0,101,-32.5941
68,0,104,-32.25
59,0,107,-32.5607
63,0,103,-31.9709
57,0,97,-32.8351
61,0,94,-32.7872
57,0,92,-32.8478
67,0,173,-32.0347
50,0,100,-32.66
66,0,204,-32.4118
81,0,193,-31.772
43,0,113,-32.4867
74,0,115,-32.4435
53,0,91,-32.4725
66,0,113,-32.3894
58,0,104,-32.7404
55,0,109,-32.3945
51,0,120,-32.7583
56,0,113,-32.7434
55,0,117,-32.7521
62,0,190,-32.8842
45,0,99,-32.5859
67,0,109,-32.3853
69,0,91,-32.7473
75,0,103,-32.0485
75,0,113,-31.823
54,0,97,-32.3711
45,0,102,-32.8922
50,0,109,-32.7982
81,0,201,-31.8756
51,0,169,-32.4615
69,0,110,-32.8
29,0,178,-32.6854
48,0,107,-32.8972
48,0,172,-32.843
31,0,101,-32.3861
75,0,204,-32.4608
72,0,224,-32.0804
43,0,113,-32.6372
55,0,89,-32.3933
59,0,192,-32.2656
31,0,91,-32.7253
60,0,113,-32.5398
57,0,163,-32.6135
78,0,175,-31.6286
46,0,162,-32.4136
41,0,109,-32.7064
73,0,105,-32.8381
86,0,191,-32.0524
60,0,166,-32.8133
68,0,108,-32.2685
58,0,91,-32.3077
28,0,140,-32.9786
82,0,173,-32.104
51,0,91,-32.7912
60,0,192,-32.4062
80,0,187,-32.5508
45,0,98,-32.1327
48,0,100,-32.43
65,0,106,-32.0755
87,0,189,-31.4868
85,0,186,-31.8011
50,0,88,-32.2841
69,0,186,-31.957
72,0,181,-32.0608
62,0,185,-32.2162
59,0,187,-32.4492
54,0,177,-32.7401
49,0,167,-32.7605
70,0,172,-32.4826
68,0,117,-32.0342
76,0,137,-32.5036
58,0,115,-32.6783
48,0,102,-32.3529
45,0,91,-32.1319
95,0,175,-32.0686
47,0,159,-32.0818
61,0,108,-32.1852
50,0,165,-32.3939
58,0,158,-32.6519
55,0,124,-32.0565
43,0,251,-32.8088
52,0,110,-32.8636
72,0,175,-32.4286
37,0,125,-32.952
57,0,131,-32.4198
63,0,105,-32.3714
67,0,189,-32.3915
60,0,139,-32.2662
55,0,170,-32.7765
50,0,115,-32.8087
72,0,134,-31.6493
57,0,134,-32.6119
47,0,118,-32.8136
68,0,198,-31.7778
67,0,117,-32.0256
74,0,107,-32.2056
58,0,100,-32.36
59,0,167,-32.2216
97,0,200,-31.74
59,0,93,-32.8172
41,0,130,-33
70,0,125,-32.72
72,0,164,-32.4695
50,0,119,-32.9832
66,0,99,-32.2525
90,0,205,-32.0634
50,0,116,-32.6724
25,0,201,-32.995
63,0,204,-32.1667
61,0,97,-32.6186
61,0,99,-32.5657
77,0,109,-31.6147
87,0,199,-32.3166
55,0,100,-32.92
61,0,107,-32.4486
57,0,91,-32.7692
57,0,94,-32.5213
72,0,167,-32.5509
62,0,213,-32.662
60,0,110,-32.8364
52,0,109,-32.2661
66,0,112,-32.4107
60,0,106,-32.5189
71,0,201,-32.204
52,0,109,-32.6881
64,0,122,-32.2705
66,0,100,-31.47
49,0,164,-32.5976
57,0,109,-32.7798
67,0,97,-32.2371
45,0,105,-32.4095
76,0,173,-32.6647
40,0,103,-32.8932
46,0,107,-33
61,0,109,-32.8165
56,0,189,-32.6296
47,0,105,-32.819
51,0,189,-32.6138
90,0,193,-31.8135
71,0,192,-32.375
68,0,111,-32.5676
60,0,158,-32.7215
56,0,101,-32.3564
70,0,109,-32.7064
67,0,109,-32.578
63,0,120,-32.9167
55,0,93,-32.3011
76,0,107,-31.5888
76,0,114,-32.3596
63,0,203,-32.3941
60,0,97,-32.6907
52,0,104,-32.7019
48,0,115,-32.0087
70,0,218,-32.4037
59,0,109,-31.5963
74,0,189,-32.4497
61,0,101,-32.0792
61,0,194,-32.8041
67,0,198,-32.7677
60,0,114,-32.2456
48,0,182,-32.7143
71,0,169,-32.7692
56,0,144,-32.3681
47,0,100,-32.88
50,0,105,-32.6857
56,0,137,-32.7591
45,0,115,-32.687
39,0,150,-32.7933
79,0,196,-32.3571
61,0,107,-32.8598
67,0,188,-32.5213
52,0,97,-32.9691
63,0,95,-32.4947
66,0,183,-32.6011
64,0,114,-32.4825
32,0,183,-32.7596
76,0,119,-31.7647
54,0,158,-32.6456
55,0,107,-32.1869
68,0,96,-31.2604
58,0,100,-31.66
48,0,178,-32.4944
68,0,100,-32.29
45,0,177,-32.3785
55,0,108,-32.5556
48,0,136,-32.625
60,0,161,-32.1925
62,0,102,-32.6863
57,0,89,-30.8764
56,0,109,-32.5229
52,0,104,-32.8462
44,0,97,-32.9485
50,0,93,-32.7204
64,0,164,-32.7134
68,0,108,-32.3056
59,0,99,-32.5657
61,0,187,-32.2246
58,0,116,-32.25
76,0,183,-32.4262
46,0,91,-32.6264
56,0,101,-32.3168
61,0,207,-32.3816
68,0,100,-32.51
63,0,98,-32.4796
69,0,107,-32.3925
69,0,187,-32.5027
66,0,99,-32.3535
64,0,120,-32.55
48,0,200,-32.61
59,0,117,-32.3932
80,0,188,-31.9468
55,0,163,-32.6871
64,0,118,-32.661
45,0,101,-32.3069
68,0,95,-32.8316
64,0,94,-32.383
48,0,106,-32.6981
65,0,100,-31.74
45,0,111,-32.8919
69,0,211,-31.7583
54,0,122,-32.2705
52,0,104,-32.4038
48,0,169,-32.6686
76,0,106,-32.1887
58,0,91,-32.6593
65,0,96,-32
66,0,115,-32.3043
38,0,100,-31.91
64,0,100,-32.88
62,0,159,-32.1509
56,0,116,-32.431
49,0,107,-32.4673
50,0,87,-32.1609
64,0,113,-32.9558
48,0,95,-32.6316
58,0,90,-32.7667
44,0,95,-32.6316
57,0,105,-32.8952
37,0,98,-32.7143
51,0,118,-32.1949
72,0,190,-32.5211
87,0,168,-31.9881
47,0,97,-32.8866
64,0,111,-32.7207
62,0,98,-32.3163
65,0,122,-32.3197
56,0,94,-32.766
28,0,107,-32.9346
49,0,121,-32.7603
49,0,96,-33
61,0,96,-32.4792
47,0,89,-32.5618
45,0,92,-32.7826
49,0,103,-32.2233
55,0,109,-32.8532
67,0,167,-32.509
60,0,99,-31.6364
54,0,122,-32.7459
67,0,106,-32.2264
91,0,191,-31.7487
43,0,104,-32.7788
49,0,91,-32.4396
57,0,96,-32.875
54,0,118,-32.822
46,0,106,-32.8208
56,0,109,-32.3303
52,0,167,-32.3114
64,0,96,-32.6875
67,0,99,-32.1313
61,0,121,-32.9091
64,0,164,-32.7134
73,0,108,-32.5741
59,0,110,-32.3636
60,0,92,-31.6413
57,0,99,-32.6869
59,0,85,-32.6
59,0,95,-32.6632
33,0,93,-32.7634
55,0,99,-32.6465
45,0,92,-32.6522
57,0,116,-32.6983
47,0,95,-32.6421
59,0,99,-32.5859
59,0,98,-32.949
71,0,102,-32.5196
57,0,85,-32.2588
64,0,200,-32.105
75,0,193,-32.0829
58,0,88,-32.0795
51,0,92,-32.4239
52,0,110,-32.5091
62,0,109,-32.1376
63,0,175,-32.5086
65,0,107,-32.1121
66,0,98,-32.7857
60,0,180,-32.45
73,0,152,-31.9079
49,0,92,-32.1522
63,0,115,-32.3652
58,0,191,-32.4188
58,0,100,-32.93
45,0,92,-32.6957
79,0,190,-32.0579
59,0,206,-32.767
65,0,186,-32.3871
56,0,183,-32.6011
71,0,119,-31.9832
58,0,96,-32.4583
59,0,101,-32.8119
58,0,192,-32.4688
61,0,172,-32.686
52,0,102,-32.1275
78,0,174,-32.2471
61,0,222,-31.9234
58,0,178,-32.7978
58,0,102,-32.7451
44,0,123,-32.9756
73,0,199,-32.2412
53,0,166,-32.5663
74,0,180,-32.6556
62,0,107,-31.5701
69,0,118,-32.2203
59,0,196,-32.6684
49,0,156,-32.5962
56,0,179,-32.743
60,0,93,-32.5484
57,0,185,-32.4757
65,0,182,-32.3681
70,0,191,-32.4346
58,0,193,-32.1451
69,0,185,-32.4541
58,0,141,-32.5603
54,0,151,-32.404
74,0,173,-31.6416
24,0,97,-33
56,0,127,-32.7953
53,0,167,-32.018
65,0,146,-32.5685
71,0,189,-32.1693
48,0,93,-32.6989
56,0,95,-32.2526
63,0,122,-32.5082
57,0,207,-32.715
69,0,139,-32.446
51,0,106,-31.9434
73,0,184,-32.1739
44,0,89,-32.1798
46,0,117,-32.1624
56,0,104,-32.0865
84,0,187,-32.2246
72,0,162,-32.7716
74,0,175,-32.4
57,0,99,-31.4646
70,0,112,-31.8839
76,0,168,-32.1964
63,0,200,-32.12
51,0,174,-33
68,0,159,-32.1384
38,0,175,-32.96
67,0,169,-32.2959
66,0,179,-32.514
69,0,181,-32.5635
68,0,172,-32.407
72,0,185,-32.5676
56,0,93,-32.914
61,0,105,-32.0571
43,0,105,-32.3238
48,0,104,-32.9038
36,0,87,-32.8736
59,0,99,-32.8889
52,0,177,-32.5254
51,0,95,-32.8842
26,0,94,-33
50,0,184,-32.9022
28,0,89,-32.7753
68,0,173,-32.1445
58,0,157,-32.6369
56,0,109,-32.0367
41,0,173,-32.5318
32,0,105,-32.5905
62,0,192,-32.4167
36,0,95,-32.3579
65,0,192,-32.3021
45,0,89,-31.7416
39,0,151,-32.4172
49,0,180,-32.1611
44,0,173,-32.3468
51,0,164,-32.8171
84,0,177,-32.5989
38,0,88,-32.7273
53,0,163,-32.6687
65,0,104,-32.0673
67,0,180,-32.3111
52,0,163,-32.227
38,0,180,-32.4944
62,0,186,-32.5108
72,0,188,-32.3351
43,0,152,-32.9211
70,0,101,-31.5545
33,0,149,-32.9329
45,0,183,-32.5956
67,0,155,-32.7548
52,0,182,-32.7143
52,0,97,-32.7113
54,0,98,-31.5714
72,0,176,-32.3523
33,0,159,-32.761
42,0,155,-32.3484
63,0,96,-32.1562
72,0,104,-31.7981
53,0,101,-31.5149
61,0,167,-32.8563
52,0,94,-32.7128
56,0,96,-32.1771
54,0,103,-32.2039
66,0,185,-32.2649
53,0,196,-32.4541
48,0,168,-32.631
54,0,101,-32.1881
41,0,166,-32.6084
38,0,165,-32.6909
49,0,98,-32.6735
44,0,171,-32.7778
51,0,183,-32.1858
45,0,173,-32.9422
81,0,186,-32.043
34,0,166,-32.7892
53,0,102,-32.2843
68,0,204,-32.5245
52,0,164,-32.4024
59,0,186,-32.6882
27,0,170,-32.8824
42,0,150,-32.38
48,0,165,-32.6909
49,0,154,-32.8701
56,0,183,-32.8962
40,0,132,-32.9697
33,0,145,-32.4966
63,0,155,-32
48,0,140,-32.6571
50,0,207,-32.8019
44,0,118,-32.8814
62,0,106,-32.566
51,0,162,-32.2099
56,24,178,-32.2978
38,2,167,-32.6108
63,5,169,-32.5562
62,7,167,-32.3353
52,44,188,-32.5
30,0,136,-32.9779
52,2,183,-32.2623
73,0,196,-32.3724
54,6,185,-32.6162
39,1,183,-32.7104
68,13,99,-31.404
58,5,178,-32.4101
35,1,182,-32.8791
50,2,100,-31.97
45,2,160,-32.7875
25,2,88,-32.375
28,1,197,-32.8985
74,53,181,-32.4972
63,7,194,-31.7887
44,3,111,-32.018
50,21,113,-32.2655
89,13,174,-32.1609
51,3,149,-32.2081
44,0,166,-32.8795
62,7,177,-32.3446
33,9,204,-32.8186
23,0,148,-32.9865
42,14,176,-32.75
24,0,197,-32.934
60,18,155,-32.2774
77,48,170,-32.4294
85,13,192,-31.9115
76,0,206,-32.6068
64,6,200,-32.48
37,4,167,-32.7126
27,0,146,-32.8493
36,3,169,-32.858
28,0,191,-32.7487
72,42,182,-32.4176
31,1,150,-32.8533
59,31,188,-32.8723
43,0,164,-32.8293
25,0,167,-32.6527
49,7,117,-32.2137
49,2,158,-32.5506
28,8,182,-32.956
59,8,170,-32.5176
33,5,150,-32.5067
50,0,176,-32.6761
47,0,189,-32.9312
57,0,106,-32.7736
52,0,184,-32.4946
67,0,204,-32.0931
42,0,104,-32.75
57,0,114,-32.3333
55,0,193,-32.4922
41,0,171,-32.2164
70,0,186,-32.2043
36,0,140,-32.7286
46,0,178,-32.5337
44,0,161,-32.7081
60,0,261,-32.0192
34,0,165,-32.7091
69,0,173,-32.1676
71,0,173,-32.2428
41,0,185,-32.3784
53,0,158,-32.2975
56,0,175,-32.4971
48,0,186,-32.6882
41,0,155,-32.9419
53,0,182,-32.6758
45,0,172,-32.6744
61,0,189,-32.4497
43,0,174,-32.6782
61,0,185,-32.3459
40,0,100,-32.01
46,0,178,-32.6011
36,0,159,-33
61,0,160,-32.45
55,0,206,-32.1845
40,0,98,-32.5816
48,0,166,-32.6386
49,0,176,-32.5227
58,0,92,-31.0761
60,0,99,-32.0606
51,0,162,-31.9753
72,0,178,-32.2753
46,0,156,-32.6859
41,0,142,-32.6338
70,0,177,-32.1977
52,0,210,-32.4619
40,0,173,-32.7514
46,0,161,-32.4161
70,0,194,-32.2938
26,0,174,-33
34,0,159,-32.673
28,0,147,-32.8776
48,0,169,-32.4142
39,0,178,-32.309
50,0,139,-32.8489
70,0,192,-32.4219
57,0,182,-32.3626
36,0,155,-32.671
57,0,94,-31.8723
60,0,112,-31.5446
42,0,169,-32.6982
40,0,169,-32.2485
46,0,174,-32.7356
47,0,149,-32.3758
52,0,170,-32.7471
20,1,154,-32.9221
45,0,191,-32.6859
52,0,184,-32.6576
53,0,172,-32.7035
45,0,169,-32.4556
49,0,169,-32.2071
54,0,156,-32.9615
36,0,139,-32.9496
91,0,190,-32.2947
60,0,166,-32.2349
55,0,178,-32.2416
59,0,165,-32.703
63,0,175,-32.8914
42,0,90,-32.6
58,0,173,-32.7052
48,0,102,-33
56,0,92,-32.3478
47,0,115,-32.7826
65,0,228,-32.2412
72,0,202,-32.2574
44,0,172,-32.814
67,0,180,-32.6667
81,0,178,-32.3258
48,0,94,-32.9255
62,0,102,-31.1863
64,0,165,-32.5333
36,0,158,-32.7975
62,0,104,-32.25
65,0,189,-32.4762
47,0,88,-32.0795
39,0,100,-33
60,0,95,-32.7158
62,0,195,-32.6718
43,0,83,-32.8193
36,0,77,-32.8312
40,0,141,-32.7092
60,0,175,-32.4114
70,0,198,-32.2121
42,0,164,-32.9939
56,0,173,-32.6705
65,0,175,-32.6343
77,0,231,-32.1645
46,0,85,-32.9647
47,0,92,-32.6957
51,0,163,-32.816
42,0,77,-32.987
42,0,94,-32.883
32,0,171,-32.7018
33,0,83,-32.9639
62,0,175,-32.1543
52,0,181,-32.3536
56,0,179,-32.2346
38,0,164,-32.7866
47,0,96,-32.3021
64,0,109,-31.8165
67,0,90,-31.3667
53,0,81,-31.0741
70,0,207,-32.2512
37,0,82,-32.7683
61,0,182,-32.5
46,0,197,-32.6193
44,0,174,-32.7471
51,0,209,-32.488
52,0,173,-32.948
70,0,178,-32.3202
54,0,148,-32.1284
30,0,81,-32.7531
72,0,200,-32.31
40,0,89,-32.1798
61,0,171,-32.1813
37,0,88,-32.9318
36,0,95,-32.7474
36,0,116,-32.8276
48,0,125,-32.424
52,0,94,-31.6064
44,0,85,-32.3765
35,0,91,-32.4505
40,0,88,-32.7841
54,0,150,-32.52
36,0,167,-32.7425
40,0,199,-32.6482
45,0,178,-32.9494
37,0,167,-32.6287
36,0,173,-32.9538
54,0,166,-32.247
47,0,164,-32.9573
40,0,139,-32.5899
54,0,169,-32.1953
49,0,180,-32.4556
73,0,203,-32.2512
49,0,184,-32.337
47,0,172,-32.8198
48,0,180,-32.7722
57,0,202,-32.5495
42,0,174,-32.3391
47,0,188,-32.3404
47,0,151,-32.0464
53,0,158,-32.6456
56,0,181,-32.768
60,0,196,-32.6378
54,0,153,-32.6928
37,0,146,-32.9178
74,0,178,-32.1124
41,0,128,-32.7891
46,0,174,-32.3333
79,0,199,-32.2161
46,0,176,-32.8011
31,0,81,-32.8519
77,0,183,-32.2077
60,0,188,-32.4415
58,0,89,-32.6742
57,0,98,-31.949
49,0,102,-32.9902
53,0,90,-32.2
21,0,156,-32.6731
56,0,176,-32.5455
58,0,185,-32.4108
47,0,153,-32.4967
53,0,197,-32.5381
58,0,194,-32.4742
23,0,111,-33
73,0,191,-32.5916
54,0,90,-32.9
49,0,83,-32.7711
60,0,105,-32.6381
39,0,80,-32.8625
21,0,74,-32.6892
36,0,91,-32.2637
57,0,168,-32.3988
47,0,182,-32.533
49,0,91,-32.0989
54,0,97,-32.2474
49,0,94,-32.7128
42,0,100,-32.63
49,0,93,-32.6344
44,0,90,-32.8778
39,0,192,-32.8073
85,0,108,-31.7315
50,0,153,-32.4837
54,0,179,-32.6536
63,0,182,-32.6648
57,0,210,-32.4238
36,0,169,-32.4852
61,0,184,-32.3261
72,0,101,-31.3564
34,0,168,-32.8988
58,0,176,-32.4205
26,0,150,-32.8333
30,0,178,-32.8427
46,0,159,-32.7799
50,0,175,-32.4229
47,0,90,-32.4556
44,0,177,-32.7006
39,6,98,-32.6327
56,0,91,-32.8022
34,0,83,-32.3012
54,0,107,-32.9533
34,0,192,-32.7292
31,0,92,-32.8587
78,8,166,-32.6205
54,19,175,-32.3886
66,19,104,-32.4615
59,4,199,-32.608
23,0,83,-32.988
80,0,186,-31.8871
77,6,172,-31.9535
74,28,173,-32.526
42,10,176,-32.7159
80,5,185,-32
43,6,104,-32.0865
57,8,183,-32.4208
31,0,121,-32.3719
49,0,181,-32.9116
65,0,156,-32.4551
37,0,166,-32.8012
40,0,130,-32.4231
51,0,103,-31.9903
46,0,197,-32.8173
61,0,107,-32.3364
51,0,115,-32.887
78,0,182,-31.9176
50,0,160,-32.6437
30,0,158,-32.981
60,0,159,-32.8239
50,0,169,-32.7456
46,0,170,-32.8176
58,0,185,-32.3135
55,0,182,-32.3462
60,0,191,-32.8848
30,0,179,-32.8603
42,0,163,-32.9264
58,0,185,-32.4757
27,0,158,-32.9747
71,0,104,-31.9808
43,0,173,-32.6301
62,0,180,-32.3111
45,0,91,-31.9121
27,0,128,-33
39,0,104,-32.5577
56,0,186,-32.5
30,0,138,-32.6957
53,0,207,-32.4638
45,0,189,-32.5661
46,0,115,-32.6435
45,0,110,-32.3364
63,0,188,-32.5585
36,0,170,-32.7412
49,0,200,-32.365
56,0,195,-32.5846
65,0,172,-32.2209
74,0,179,-32.1229
42,0,104,-32.0288
45,0,180,-32.8389
55,0,178,-32.382
52,0,168,-32.2738
52,0,160,-32.5375
58,0,184,-32.6467
53,0,178,-32.691
57,0,177,-32.4915
63,0,178,-32.382
59,0,109,-32.0183
52,0,187,-32.6791
48,0,174,-32.5057
70,0,180,-32.4167
50,0,111,-31.6937
44,0,162,-32.3704
53,0,121,-31.7355
39,0,178,-32.5337
50,0,88,-32.125
55,0,118,-32.4746
55,0,196,-32.8418
51,0,181,-32.2818
52,0,113,-32.115
27,0,164,-32.75
59,0,111,-32.5676
37,0,122,-32.0902
54,0,170,-31.9412
57,0,180,-32.4111
55,0,199,-32.3266
59,0,178,-32.2584
54,0,171,-32.3099
49,0,176,-32.6591
58,0,277,-31.9025
46,0,116,-32.319
43,0,166,-32.8313
39,0,96,-32.1354
50,0,175,-32.5829
49,0,104,-32.7692
52,0,98,-31.9082
39,0,165,-32.9455
34,0,84,-32.5714
29,0,114,-32.7982
58,0,171,-31.9064
59,0,116,-31.9828
31,0,97,-32.9381
58,0,170,-31.9647
38,0,150,-32.8667
62,0,115,-31.8261
83,0,176,-31.9489
44,0,193,-32.7565
61,0,165,-32.6667
41,0,175,-32.6114
61,0,169,-32.8166
48,0,188,-32.6596
59,0,191,-32.2513
42,0,162,-32.7593
44,0,172,-32.8198
51,0,178,-32.7697
59,0,155,-32.6452
58,0,204,-32.4265
51,0,200,-32.595
54,0,176,-32.7102
41,0,95,-31.7263
70,0,200,-32.555
46,0,164,-32.1951
49,0,128,-31.5078
48,0,175,-32.9029
66,0,215,-32.5163
70,0,176,-32.4205
62,0,183,-32.2678
54,0,175,-32.6743
53,0,182,-32.7747
66,0,154,-32.7403
65,0,173,-32.4971
50,0,185,-32.827
56,0,159,-32.8616
57,0,168,-31.8452
48,0,181,-32.5912
55,0,95,-30.8737
47,0,98,-32.5408
63,0,108,-32.3889
73,0,172,-32.2035
63,0,175,-32.3029
60,0,182,-32.3516
52,0,106,-32.4528
34,0,161,-32.6025
45,0,164,-32.6585
64,0,172,-32.1105
41,0,92,-32.3478
59,0,192,-32.5729
58,0,107,-31.9439
23,0,142,-32.9859
50,0,168,-32.9345
42,0,165,-32.8848
27,0,93,-33
39,0,171,-32.807
59,0,171,-32.3918
33,0,172,-32.6919
25,0,90,-32.8556
54,0,105,-32.1429
59,0,136,-32.0735
35,0,159,-32.6667
49,0,190,-32.4368
45,0,183,-32.612
32,0,182,-32.7363
71,0,187,-32.3797
64,0,160,-31.8938
61,0,185,-32.6216
66,0,107,-31.9252
59,0,189,-32.5926
73,0,104,-32.1442
73,0,194,-32.2062
56,0,99,-32.1414
59,0,95,-31.5895
36,0,144,-32.8681
59,0,178,-32.7247
49,0,157,-32.3758
41,0,176,-32.4489
43,0,181,-32.2597
52,0,171,-32.1696
73,0,190,-32.6053
64,0,181,-32.5856
41,0,167,-32.479
54,0,181,-32.4254
68,0,188,-32.3511
43,0,153,-32.4379
57,0,189,-32.455
31,0,186,-32.7796
52,0,106,-32.1509
64,0,98,-31.551
40,0,172,-32.5988
38,0,190,-32.8947
47,0,203,-32.2069
72,0,178,-32.3989
53,0,100,-32.27
43,0,206,-32.6068
48,0,179,-32.486
48,0,100,-32.49
59,0,166,-32.6145
66,0,175,-32.12
78,0,187,-31.9412
52,0,170,-32.7765
48,0,176,-32.5114
64,0,180,-32.1056
35,0,202,-32.9208
41,0,170,-32.7941
61,0,175,-32.72
57,0,189,-32.2593
39,0,87,-32.6552
38,0,185,-32.7892
35,0,171,-32.6491
29,0,170,-32.9824
55,0,183,-32.694
34,0,185,-32.6973
53,0,115,-32.9217
63,0,159,-32.3522
22,1,95,-32.7158
44,0,185,-32.7459
38,0,131,-32.9618
42,0,178,-32.4157
36,0,153,-32.3725
30,0,170,-32.6471
74,0,206,-32.4612
56,0,96,-32.7188
48,0,163,-32.7853
61,0,171,-32.8655
61,0,174,-32.477
62,0,92,-32.6739
48,0,105,-32.9905
31,0,91,-32.978
52,0,100,-32.75
44,0,113,-32.9027
27,0,174,-32.5862
60,0,178,-32.9607
56,0,108,-32.7593
61,0,181,-32.3812
54,0,172,-32.8198
65,0,198,-32.399
33,0,116,-32.9052
33,0,155,-32.8194
48,0,171,-32.7135
53,0,106,-31.3774
58,0,90,-31.6556
56,0,182,-32.6319
54,0,181,-32.4033
69,0,180,-32.3889
67,0,191,-31.9634
51,0,177,-32.435
65,0,110,-32.2182
54,0,97,-31.8866
66,0,167,-32.515
75,0,113,-31.5487
56,0,196,-32.2653
42,0,106,-32.3113
50,0,191,-32.4031
76,0,182,-32.3297
51,0,94,-32.2128
59,0,186,-32.1667
62,0,185,-32.3892
38,0,141,-32.539
62,0,191,-32.089
57,0,192,-32.1979
54,0,112,-31.6429
44,0,181,-32.6409
44,0,93,-32.5806
48,0,178,-32.0674
40,0,115,-32.5391
79,0,107,-31.2617
55,0,90,-32.6667
63,0,186,-32.3333
59,0,186,-32.3333
53,0,156,-32.8397
31,0,177,-32.9661
71,0,161,-32.6522
63,0,150,-32.5
83,0,189,-32.1217
51,0,192,-32.5573
55,0,161,-32.8323
57,0,113,-31.7257
65,0,94,-32.1383
61,0,99,-30.8384
60,0,181,-32.5635
84,0,181,-31.5138
55,0,105,-32.7048
44,0,189,-32.6614
64,0,100,-31.65
57,0,193,-32.9223
80,0,277,-32.3718
83,0,184,-32.2391
52,0,176,-32.4602
70,0,163,-31.8957
59,0,84,-31.6071
64,0,160,-31.75
54,0,200,-32.065
74,0,162,-32.1481
73,0,176,-32.3068
68,0,200,-32.22
57,0,180,-32.5111
57,0,168,-32.1964
42,0,145,-32.6897
42,0,193,-32.6839
56,0,93,-32.6667
44,0,181,-32.8177
80,0,170,-31.9235
52,0,87,-31.1379
65,0,219,-32.2831
58,0,164,-32.3902
55,0,155,-32.0774
70,0,180,-32.0667
68,0,101,-31.9505
68,0,174,-32.7701
67,0,205,-32.2439
54,0,181,-32.4088
48,0,168,-32.6131
26,0,191,-32.9581
41,0,151,-32.596
63,0,187,-32.4545
41,0,106,-32.3019
44,0,164,-32.8659
62,0,176,-32.3693
20,0,92,-33
36,0,154,-32.7468
27,0,121,-32.8843
34,0,168,-32.8571
32,0,146,-32.9726
21,0,166,-32.8253
38,0,183,-32.8798
55,0,168,-32.5476
41,0,158,-32.6519
38,0,136,-32.7059
57,0,183,-31.8525
26,0,93,-32.2903
60,0,181,-32.5193
48,0,176,-32.5739
56,0,186,-32.6075
36,0,105,-32.8762
42,0,178,-32.6461
43,0,159,-32.9434
52,0,101,-31.4752
37,0,155,-32.7032
48,0,197,-32.6802
55,0,111,-32.6937
43,0,112,-32.4018
20,2,171,-33
66,0,163,-32.1656
56,0,113,-32.6814
62,0,199,-32.3719
78,0,191,-32.4031
79,0,197,-32.4975
79,0,199,-32.5025
76,0,221,-32.7783
76,0,184,-32.1793
52,0,181,-32.768
73,0,199,-32.4673
70,0,190,-32.5368
45,0,161,-32.4099
53,0,204,-32.5392
51,0,180,-32.7444
67,0,118,-31.839
42,0,192,-32.8698
84,0,188,-32.617
70,0,194,-32.8402
79,0,193,-32.0466
43,0,173,-32.3642
83,0,193,-32.4197
60,0,173,-32.5607
74,0,206,-32.3447
63,0,99,-32.1919
72,0,193,-32.1606
62,0,191,-32.4084
77,0,114,-31.2105
36,0,119,-32.2437
57,0,182,-32.4066
64,0,156,-32.2244
80,0,212,-32.5896
51,0,183,-32.4699
76,0,178,-31.3146
69,0,106,-31.934
39,0,159,-32.8616
54,0,215,-32.0837
63,0,109,-32.4037
46,0,103,-32.3301
66,0,197,-32.7563
66,0,198,-32.3788
77,0,188,-32.1064
52,0,200,-32.725
65,0,202,-32.3861
50,0,212,-32.4387
77,0,181,-31.7182
62,0,180,-32.5611
72,0,189,-32.619
77,0,212,-32.3632
54,0,189,-32.9365
69,0,206,-32.4612
81,0,124,-31.8145
90,0,206,-31.9272
61,0,171,-32.6959
53,0,182,-32.5934
60,0,171,-32.3743
59,0,182,-32.5495
51,0,178,-32.6517
57,0,182,-32.5549
69,0,212,-32.4198
49,0,195,-32.7538
54,0,233,-32.1245
63,0,180,-32.5944
36,0,184,-32.6522
61,0,188,-32.2447
59,0,181,-32.3481
62,0,181,-32.1492
81,0,204,-32.2206
75,0,206,-32.233
41,0,193,-32.6632
70,0,119,-31.8319
51,0,173,-32.6243
75,0,201,-32.6915
96,0,185,-31.8
46,0,188,-32.7128
64,0,184,-31.9837
58,0,186,-32.5591
55,0,200,-32.345
68,0,108,-32.2407
52,0,165,-32.3697
82,0,282,-31.7624
61,0,201,-32.8507
42,0,230,-32.5391
63,0,194,-32.6186
66,0,182,-32.3571
61,0,191,-32.4817
71,0,199,-32.0302
79,0,192,-32.2812
49,0,199,-32.4121
60,0,188,-32.7074
64,0,183,-32.7322
70,0,181,-32.1934
57,0,177,-32.5085
57,0,196,-32.4847
56,0,203,-32.5123
60,0,191,-32.5602
65,0,176,-32.5739
60,0,112,-31.8839
70,0,210,-32.1429
41,0,182,-32.6758
75,0,226,-32.2611
61,0,109,-32.4312
53,0,180,-32.7056
51,0,113,-32.177
71,0,182,-32.1374
56,0,121,-32.4711
66,0,203,-32.399
61,0,170,-32.6353
60,0,108,-32.7037
55,0,105,-32.2762
60,0,163,-32.2025
60,0,113,-31.7168
71,0,126,-32.5794
43,0,176,-32.7102
34,0,153,-32.6863
88,0,176,-32.4034
40,0,202,-32.4059
58,0,177,-32.6497
55,0,179,-32.5698
77,0,177,-32.1469
60,0,194,-32.7835
53,0,193,-32.5544
65,0,187,-32.3316
43,0,174,-32.7299
58,21,205,-32.4732
55,26,170,-32.4529
49,8,198,-32.399
52,14,200,-32.77
36,8,182,-32.2747
65,0,189,-32.3386
37,0,192,-32.7344
63,0,176,-32.142
42,0,180,-32.8389
25,0,193,-32.6477
42,0,171,-32.7018
76,0,246,-32.7967
60,0,193,-32.715
73,0,185,-32.1351
83,0,200,-32.5
34,0,180,-32.9333
63,0,187,-32.4278
72,0,198,-31.8081
81,0,224,-32.0312
67,0,280,-32.3643
67,0,171,-32.3333
54,0,203,-32.4828
46,0,219,-32.7945
53,0,226,-32.5
30,0,164,-32.9268
70,0,201,-32.2786
64,0,191,-32.5445
52,0,109,-32.4587
60,0,224,-32.1875
40,0,204,-32.9412
43,0,190,-32.3474
68,0,207,-32.43
50,0,182,-32.6758
55,0,178,-32.4551
55,0,212,-32.8538
50,0,188,-32.5691
79,0,182,-32.3956
74,0,194,-32.3299
40,0,170,-32.5235
40,0,176,-32.8352
50,0,213,-32.662
26,0,172,-32.9302
35,0,188,-32.8085
23,0,185,-32.8757
35,0,183,-32.1749
37,0,174,-32.6667
32,0,172,-32.8198
20,0,192,-32.849
54,0,173,-32.2081
38,0,180,-32.9611
43,0,123,-32.5447
39,0,169,-32.858
20,0,136,-32.7794
29,0,191,-32.9895
34,0,206,-32.7913
50,0,206,-32.5583
35,0,91,-32.0769
28,0,167,-32.7964
29,0,165,-32.9273
48,0,150,-32.0067
41,0,197,-32.5482
44,0,189,-32.7143
44,0,102,-31.7157
47,0,99,-31.899
30,0,117,-32.9145
60,0,167,-32.6347
33,0,152,-32.75
33,0,77,-32.4545
42,0,174,-32.8333
54,0,168,-32.6429
32,0,157,-32.9299
52,0,213,-32.2535
41,0,177,-32.6836
51,0,101,-32.0297
45,0,191,-32.7277
47,0,177,-32.1299
30,0,196,-32.8367
44,0,93,-32.5699
68,0,186,-32.1183
22,0,100,-32.22
70,0,198,-32.5152
28,0,160,-32.7563
55,0,172,-32.7674
46,0,198,-32.6768
29,0,174,-32.7184
44,0,179,-32.4078
37,0,92,-32.4891
44,0,189,-32.4603
43,0,180,-32.8222
42,0,161,-32.6832
56,0,188,-32.2872
43,0,102,-32.2157
48,0,186,-32.1613
30,0,159,-32.7484
32,0,105,-32.7333
44,0,166,-32.5904
24,0,149,-32.9933
60,0,173,-32.1098
35,0,165,-32.3818
44,0,165,-32.5212
38,0,170,-32.9
45,0,167,-32.3952
22,0,177,-33
28,0,92,-32.5978
30,0,161,-32.8199
37,0,142,-32.7535
38,0,105,-32.3905
39,0,160,-32.775
39,0,172,-32.6221
49,0,178,-32.6573
30,0,96,-32.2292
47,0,168,-32.5655
49,0,188,-32.75
31,0,182,-32.5934
48,0,192,-32.3906
28,0,77,-32.1818
47,0,186,-32.3656
31,0,162,-32.9815
47,0,176,-32.4489
68,0,193,-31.9223
21,0,159,-32.9245
52,0,101,-32.3168
49,0,176,-32.5227
24,0,149,-32.8523
37,0,163,-32.9693
23,0,158,-32.8987
26,0,164,-32.8476
29,0,120,-32.9417
58,0,172,-32.1977
51,0,163,-32.5951
37,0,168,-32.744
59,0,160,-32.2313
39,0,143,-32.5315
41,0,170,-32.8412
38,0,163,-32.6319
69,0,189,-32.291
20,0,176,-33
60,0,175,-32.3486
59,0,173,-31.9422
64,0,189,-32.5238
81,0,173,-32.0231
51,0,182,-32.4341
39,0,183,-32.623
65,0,203,-32.1084
49,0,177,-32.661
53,0,170,-32.4
57,0,166,-32.5602
54,0,184,-32.5978
61,0,179,-32.5698
52,0,148,-32.5135
31,0,172,-32.9535
58,0,192,-32.6667
60,0,172,-32.7791
40,0,219,-32.621
48,0,202,-32.6931
30,0,144,-32.9097
26,0,165,-32.903
41,0,189,-32.1958
40,0,158,-32.7785
59,0,184,-32.6793
36,0,82,-32.6707
51,0,197,-32.6701
42,0,167,-32.8024
45,0,108,-32.5926
73,0,284,-32.007
37,0,172,-32.5988
79,0,185,-32.1946
47,0,168,-32.5833
44,0,103,-32.6311
35,0,122,-32.6885
40,0,167,-32.7545
55,0,192,-32.4531
44,0,157,-32.8917
37,0,181,-32.7403
53,0,186,-32.7312
63,0,184,-32.6902
58,0,168,-32.6012
34,6,110,-32.7182
47,0,201,-32.8706
72,0,180,-32.1889
64,0,157,-32.1529
42,0,193,-32.5596
52,0,200,-32.755
30,0,110,-32.5818
32,0,158,-32.7152
32,0,194,-32.9278
37,0,174,-32.8333
26,0,128,-32.4844
20,0,165,-32.6303
24,0,176,-32.7443
42,0,174,-32.3678
39,0,197,-32.8883
24,0,105,-32.8857
27,0,85,-32.8235
40,0,165,-32.9818
34,0,149,-32.6779
26,0,170,-32.7471
35,0,234,-32.5513
36,0,163,-32.8344
31,0,187,-32.8984
29,0,201,-32.6766
34,0,101,-32.5446
48,0,154,-32.8247
31,0,149,-32.7584
24,0,174,-32.9483
40,0,163,-32.8344
33,0,179,-32.8603
28,0,102,-32.8137
24,2,149,-32.7248
33,0,166,-32.8373
47,0,173,-32.6705
50,0,180,-32.3667
31,0,85,-32.6471
52,0,177,-32.4689
70,0,121,-32.0496
61,0,195,-32.3128
48,0,197,-32.4467
66,0,178,-32.427
56,0,181,-32.3923
28,0,179,-32.8492
56,0,142,-31.8803
58,0,170,-32.0529
40,0,178,-32.5787
47,0,179,-32.676
45,0,186,-32.7527
74,0,188,-32.2234
57,0,185,-32.6162
55,0,104,-31.1731
54,0,205,-32.4927
63,0,188,-32.9255
54,0,111,-32.3333
51,0,185,-32.5243
65,0,193,-32.4974
44,0,188,-32.6862
68,0,187,-32.2513
66,0,168,-32.369
70,0,172,-32.4244
62,0,175,-32.2857
51,0,195,-32.2308
60,0,205,-32.4829
77,0,197,-32.7716
81,0,171,-31.7018
65,0,159,-32.6415
62,0,191,-32.5288
56,0,170,-32.7235
66,0,106,-31.6792
70,0,116,-31.5517
54,0,104,-31.8558
53,0,190,-32.4579
73,0,184,-32.288
61,0,201,-32.7861
84,0,203,-32.4532
62,0,173,-32.6821
41,0,202,-32.8465
56,0,184,-32.7717
85,0,203,-32.2463
42,0,178,-32.7753
75,0,169,-32.4201
40,0,185,-32.9622
46,0,118,-32.4153
54,0,183,-32.612
38,0,122,-32.5246
62,0,121,-32.314
65,0,113,-31.9735
68,0,108,-31.8241
59,0,117,-32.5214
57,0,120,-32.2333
80,0,251,-32.6096
52,0,181,-32.2155
48,0,168,-32.8155
53,0,114,-32.2632
70,0,183,-32.541
46,0,201,-32.5821
70,0,118,-31.822
66,0,211,-32.3839
66,0,202,-32.505
47,0,103,-32.534
50,0,182,-32.3681
78,0,196,-31.4388
47,0,192,-32.5677
48,0,198,-32.1465
58,0,188,-32.7447
56,0,176,-32.4943
60,0,172,-32.6744
59,0,196,-32.4235
51,0,190,-32.7842
43,0,169,-32.9408
52,0,176,-32.5511
61,0,194,-32.067
60,0,192,-32.4896
40,0,200,-32.62
58,0,193,-32.6269
62,0,174,-32.4713
62,0,191,-32.3927
58,0,172,-32.2209
39,0,184,-32.9837
50,0,186,-32.6935
92,0,200,-32.18
58,0,221,-32.4932
60,0,173,-32.3179
68,0,192,-32.1927
75,0,193,-32.5285
37,0,192,-32.4948
53,0,99,-31.9697
63,0,182,-32.456
62,0,96,-32.375
45,0,175,-32.7543
69,0,197,-32.4772
72,0,207,-32.3527
57,0,198,-32.3788
70,0,191,-32.6545
48,0,198,-32.5808
50,0,194,-32.7629
45,0,183,-32.3005
72,0,217,-32.7235
49,0,217,-32.6221
67,0,121,-32.1488
57,0,107,-31.8224
64,0,107,-31.4112
61,0,103,-32.2524
55,0,106,-31.6698
50,0,194,-32.5464
59,0,188,-32.2394
68,0,187,-32.2674
58,0,112,-31.5804
58,0,113,-32.177
61,0,115,-31.4696
56,0,196,-32.5051
45,0,187,-32.4278
63,0,206,-32.3738
55,0,184,-32.462
60,0,171,-32.8304
53,0,217,-32.341
57,0,173,-32.5376
80,0,190,-32.1842
82,0,174,-32.3333
47,0,176,-32.517
29,0,186,-32.7634
60,0,105,-31.4571
52,0,188,-32.8351
70,0,202,-32.8168
57,0,125,-31.672
36,0,164,-32.8963
28,0,103,-32.5922
39,0,158,-32.4873
52,0,104,-32.4038
68,0,179,-31.8603
55,0,121,-32.7851
56,0,175,-32.3371
45,0,147,-32.5714
39,0,97,-32.8557
38,0,187,-32.7807
30,0,195,-32.8769
61,0,167,-32.1497
33,0,194,-32.9536
90,0,201,-31.9801
84,0,208,-32.1635
48,0,159,-32.8176
34,0,127,-32.7008
69,0,112,-32
77,6,196,-31.9439
38,0,117,-32.7863
75,0,202,-32.3317
38,0,135,-32.8
62,0,106,-31.9528
62,3,113,-32.4159
45,0,116,-32.5862
59,0,205,-32.2683
39,4,163,-32.8466
60,0,168,-32.375
73,0,217,-32.6221
77,0,211,-32.8246
57,0,104,-31.9231
48,0,95,-32.7474
24,0,101,-32.9109
65,0,186,-32.4086
47,0,112,-32.25
45,0,196,-32.7245
63,0,191,-32.4293
71,0,110,-32.4455
69,0,192,-32.6146
51,0,188,-32.8245
63,0,119,-31.8319
90,0,204,-32.1912
76,0,120,-32.35
65,0,183,-32.153
51,0,195,-32.4
75,0,191,-32.3455
66,0,186,-32.2366
71,0,109,-31.1284
64,0,195,-32.6821
42,0,113,-32.4513
82,0,128,-32.3906
25,0,162,-32.5
63,0,114,-32.1754
60,0,177,-31.9718
45,0,183,-32.4645
65,0,123,-32.0976
48,0,165,-32.4364
44,0,177,-32.5311
61,0,213,-32.8216
58,0,185,-32.4973
36,0,175,-32.2114
27,0,138,-32.8768
53,0,121,-32.438
42,0,195,-32.7744
49,0,172,-32.4244
71,0,174,-32.6149
69,0,172,-32.2209
36,0,171,-32.5029
56,0,192,-32.5312
62,0,180,-32.3111
41,0,156,-32.6026
39,0,102,-32.8824
46,0,154,-32.1299
30,0,191,-32.5445
51,10,203,-32.6305
70,53,182,-32.3077
39,6,208,-32.8462
33,6,175,-32.6229
22,0,164,-32.8598
31,0,92,-32.0543
44,0,170,-32.6765
41,0,207,-32.744
21,0,195,-32.8821
22,0,151,-33
22,0,98,-32.9286
34,0,169,-32.8047
38,0,166,-32.6747
51,0,192,-32.9115
29,0,104,-33
30,0,159,-32.7987
50,0,100,-32.34
36,0,179,-32.5531
23,0,172,-32.564
53,0,169,-32.4793
25,0,101,-32.6733
40,0,174,-32.7874
49,0,199,-32.593
51,0,190,-32.5684
23,0,152,-32.9868
28,0,126,-32.8254
36,0,161,-32.7516
31,0,80,-32.575
64,0,171,-32.2924
50,0,202,-32.4554
35,0,157,-32.414
27,0,184,-32.9076
21,0,156,-32.9615
57,0,203,-32.335
42,0,176,-32.9091
36,0,188,-32.7234
50,0,188,-32.3777
54,0,176,-32.8636
26,0,159,-32.9308
52,0,188,-32.5904
29,0,226,-32.8761
40,0,168,-32.994
42,0,190,-32.6737
66,0,266,-32.2331
33,0,142,-32.9507
35,0,183,-32.9016
24,0,188,-32.9681
23,0,163,-32.8834
68,0,175,-32.3371
22,0,162,-32.8704
35,0,182,-32.5055
51,0,174,-32.4425
56,0,162,-32.5802
44,0,162,-32.4136
69,0,108,-30.9259
34,0,199,-32.6533
58,0,192,-32.6198
57,0,111,-32.2523
35,0,173,-32.8266
75,0,184,-32.2065
51,0,98,-32.1837
55,0,104,-32.5
29,0,182,-32.9011
38,0,105,-32.419
53,0,163,-32.7423
42,0,162,-32.7469
37,0,182,-32.7473
46,0,151,-32.8609
28,0,177,-32.8814
41,0,150,-32.6533
27,0,192,-32.9375
52,0,183,-32.623
49,0,97,-32.2268
49,0,102,-32.2451
32,0,196,-32.699
74,0,186,-32.3925
43,0,170,-32.7059
52,0,170,-32.5706
67,0,181,-32.3425
51,0,245,-32.8939
45,0,110,-32.7
60,0,180,-32.1111
23,0,118,-32.6017
42,0,165,-32.8303
36,0,99,-32.6364
40,0,83,-32.2169
42,0,154,-32.6688
43,0,186,-32.5538
38,0,155,-32.8839
38,0,181,-32.8398
50,0,133,-32.5414
54,0,91,-32.5165
22,4,188,-32.9681
43,0,161,-32.8137
44,0,115,-32.1913
20,0,189,-32.9894
68,0,188,-32.1596
65,0,183,-32.235
35,0,91,-32.2527
31,0,168,-33
35,0,94,-32.9787
54,0,173,-32.422
52,23,173,-32.1908
39,7,164,-32.9329
62,31,171,-32.2339
