22,0,185,-32.5784
39,0,167,-32.521
42,0,179,-32.4804
20,0,166,-32.0663
24,0,165,-32.5273
39,0,171,-32.269
29,0,186,-32.2473
33,0,173,-32.3353
48,0,169,-32.0533
20,0,188,-32.6755
26,0,181,-31.8453
39,0,175,-32.6057
32,0,171,-32.2573
36,0,173,-32.0636
34,0,150,-32.0267
22,0,155,-32.5032
26,0,160,-32.475
26,0,151,-32.3974
29,0,168,-31.8988
31,0,158,-32.7152
24,0,163,-32.3374
32,0,177,-32.2203
22,1,170,-32.7
29,0,156,-32.4551
54,0,179,-32.0223
32,0,157,-32.3567
34,0,178,-32.1966
55,0,168,-32.2024
44,0,157,-32.3312
39,0,159,-31.7233
26,0,163,-32.3129
30,0,159,-31.805
22,0,153,-32.4052
27,0,176,-32.2216
22,0,162,-32.3395
24,0,157,-32.5414
21,0,181,-32.5801
31,0,156,-32.5192
38,0,171,-32.0292
58,0,184,-31.9239
30,0,164,-32.2073
33,0,325,-32.1015
33,0,157,-32.4268
39,0,152,-32.0658
40,3,190,-32.2053
27,0,169,-32.0414
42,0,174,-32.3736
30,5,158,-31.9557
30,1,173,-32.1908
39,1,181,-32.0829
37,0,160,-32.2437
31,0,150,-32.2667
43,0,167,-31.8443
30,0,176,-32
30,4,140,-32.0643
30,0,182,-32.3352
21,0,140,-32.3857
40,0,162,-32.1543
30,0,162,-32.1605
22,1,163,-32.5828
27,0,155,-32.3032
38,0,144,-32.2014
29,0,288,-32.4896
33,0,187,-32.1283
28,0,168,-32.119
31,0,155,-32.2065
40,0,163,-31.9632
23,0,166,-32.2349
20,0,162,-32.2778
25,2,186,-32.5376
49,0,110,-31.9455
33,0,165,-32.2909
34,0,167,-32.3533
27,0,168,-32.1607
27,0,81,-32.4938
47,0,193,-32.0829
40,0,171,-31.9708
23,0,168,-32.1964
38,0,181,-32.2376
39,0,153,-32.1242
26,0,158,-32.1835
37,0,178,-31.9045
30,0,169,-32.4083
47,0,174,-32.069
49,0,161,-32.3851
54,0,178,-32.1573
24,0,143,-32.6853
56,0,185,-32.2324
38,0,159,-32.4277
45,0,172,-32.343
41,0,160,-32.3438
34,0,162,-32.4259
29,0,173,-32.3699
21,0,151,-32.4106
31,0,166,-32.4096
43,0,168,-32.5952
37,0,175,-32.2
37,0,171,-32.0877
49,0,165,-32.2303
44,0,169,-32.3077
52,0,235,-32.4255
24,0,172,-32.2267
44,0,163,-32.1963
41,0,193,-32.0622
27,0,160,-32.4438
69,0,185,-31.9243
26,0,167,-32.3892
25,0,173,-31.7688
22,0,167,-32.2754
31,0,167,-32.1677
54,0,176,-32.0398
33,0,182,-32.2088
47,0,158,-32.2215
22,0,161,-32.2671
30,0,161,-32.1118
24,0,161,-32.236
32,0,164,-32
38,0,172,-32.436
36,0,183,-31.9563
41,0,241,-32.1701
37,0,181,-32.3646
47,0,173,-31.9653
23,0,150,-32.5067
30,0,175,-32.3086
22,0,188,-32.5585
35,0,155,-32.0387
59,0,174,-32.2874
36,0,168,-32.1429
28,0,163,-32.184
36,0,170,-32.2882
40,0,161,-32.1925
34,0,171,-32.5673
49,0,173,-31.9075
38,0,179,-32.0615
54,2,182,-31.6923
46,4,182,-32.2582
36,0,157,-32.465
30,1,161,-32.205
31,0,157,-32.3822
38,1,183,-32.4863
28,1,163,-32.2577
28,0,175,-32.3486
39,0,169,-31.9704
24,0,154,-32.2273
33,0,176,-32.4489
37,3,175,-32.0229
37,0,154,-32.4675
29,0,189,-32.2434
30,0,164,-31.9634
25,0,162,-32.4321
28,1,161,-32.1118
26,0,151,-32.3974
51,2,165,-31.9758
22,0,142,-31.9507
31,0,146,-32.6438
31,0,149,-32.0134
39,2,175,-32.2743
47,2,173,-31.4855
38,0,165,-31.6909
42,3,156,-32.1667
45,3,151,-32.2914
43,0,168,-32.4345
32,2,174,-32.546
61,3,168,-31.8571
31,0,139,-32.1367
34,2,152,-32.1513
28,0,173,-32.4566
51,0,181,-32.2431
36,0,165,-32.1576
41,0,175,-32.0743
21,0,162,-32.284
33,0,175,-32.1257
24,0,145,-32.1724
24,0,159,-32.4088
37,1,178,-32.0506
23,0,307,-31.9283
31,0,160,-32.5063
26,0,166,-32.4277
28,0,160,-32.375
37,0,247,-31.9433
27,0,169,-32.2012
33,0,176,-31.7557
36,0,172,-32.2965
34,0,154,-32.4221
45,0,152,-32.0658
34,1,171,-32.3333
29,0,183,-32.4372
52,0,176,-32.2443
36,0,159,-32.1132
24,0,177,-32.2655
23,0,168,-32.5238
42,0,161,-32.5342
37,0,220,-32.2955
22,0,151,-32.1589
54,0,186,-31.7204
32,0,159,-31.9182
24,0,227,-32.0749
49,0,168,-32.1429
22,0,213,-32.5775
50,0,161,-32.2733
37,0,180,-31.8722
37,0,232,-32.3966
21,0,156,-32.2179
29,0,173,-32.3121
26,0,170,-31.9941
35,0,152,-32.4474
39,0,165,-32.2364
44,0,166,-32.1928
28,0,176,-32.233
30,0,161,-32.4907
33,0,159,-32.4717
33,0,162,-31.9383
24,0,166,-32.2169
30,0,165,-32.2667
20,0,180,-32.4611
40,0,176,-32.3693
47,0,163,-32.2147
24,0,179,-32.5642
35,0,191,-32.4136
20,0,180,-32.6444
23,0,237,-32.3966
36,0,159,-32.3145
28,0,157,-32.0127
37,0,162,-31.5432
31,0,160,-32.1125
45,0,165,-32.2061
32,0,173,-32.4971
30,0,146,-32.4315
31,0,165,-32.4242
42,0,149,-32.4295
25,0,156,-32.1795
35,0,230,-32.3087
21,0,164,-32.2927
23,0,155,-32.0581
48,0,177,-32.0395
23,0,196,-32.6735
25,0,258,-32.4186
54,0,183,-31.9781
52,0,176,-31.5511
23,0,167,-31.6766
61,0,171,-32.0117
30,0,168,-32.381
71,0,191,-32.2042
41,0,163,-31.8896
72,0,186,-31.8118
43,0,188,-32.4521
24,0,180,-32.2778
58,0,188,-32.0532
36,0,144,-32.1111
47,0,184,-31.9293
51,0,179,-32.1006
49,0,157,-32.0382
35,0,165,-32.4242
53,0,156,-31.9744
55,0,261,-32.2146
35,0,159,-32.0692
47,0,158,-32.4114
61,0,181,-31.7514
46,0,171,-31.8363
41,0,170,-32.6824
51,0,166,-32.0181
33,0,181,-32.2431
60,0,167,-31.7305
43,0,192,-32.2292
45,0,158,-32.038
29,0,154,-32.2208
23,0,149,-32.349
38,0,166,-31.6627
41,0,178,-32.2303
51,0,163,-31.7485
42,0,178,-31.9494
34,0,160,-32.35
58,0,172,-31.7384
57,0,188,-32.0638
31,0,178,-32.3146
33,0,197,-32.0964
33,0,171,-31.538
29,0,157,-31.7898
48,0,181,-32.221
46,0,160,-32.0438
38,0,159,-32.0881
35,0,182,-32.1813
65,0,174,-31.8966
41,0,180,-32.05
33,0,179,-32.2905
50,0,176,-31.983
41,0,169,-32.426
54,0,169,-32.0118
49,0,182,-31.8297
62,0,186,-32.0968
63,0,192,-32.3438
42,0,232,-32.3707
38,0,178,-31.5899
45,0,172,-32.4767
51,0,156,-32.0577
50,0,169,-32.3491
34,0,155,-32.5548
39,0,171,-32.117
59,0,158,-31.5127
58,0,166,-32.259
55,0,163,-32.4601
53,0,184,-32.0435
41,0,158,-32.0823
54,0,197,-32.3553
57,0,171,-32.2105
30,0,149,-32.0537
59,0,151,-31.6954
43,0,164,-31.9878
45,0,163,-32.0061
51,0,195,-32.2872
28,0,158,-32.6456
42,0,170,-31.8235
21,0,137,-32.6204
35,0,167,-32.3593
40,0,181,-32.1436
31,0,163,-32.5153
37,0,168,-32.1429
36,0,161,-32.2422
58,0,181,-32.4033
26,0,166,-32.5301
36,0,165,-32.2121
63,0,334,-32.1707
34,0,163,-31.546
40,0,163,-32.4969
32,0,179,-32.0056
32,0,164,-32.2805
28,0,168,-32.1012
24,0,157,-32.3503
40,0,169,-31.9822
50,0,175,-32.0286
69,0,178,-31.9719
24,0,158,-32.0759
29,0,219,-32.105
28,0,180,-31.9833
28,0,158,-32.1899
59,0,283,-32.1095
32,0,165,-32.3152
57,0,178,-32.0674
37,0,164,-32.0671
46,0,169,-31.8757
33,2,180,-32.2
75,9,204,-31.8333
36,2,196,-32.199
39,3,166,-32.4217
46,0,169,-31.9172
20,0,167,-32.4251
43,5,177,-32.2486
34,6,178,-32.3483
26,2,161,-32.3416
33,3,172,-32.1047
48,0,166,-31.9096
50,5,179,-32.0112
29,4,169,-32.3195
42,4,185,-31.9351
56,6,168,-31.7143
55,7,173,-31.948
49,12,181,-32.0331
22,1,183,-32.3497
28,0,176,-31.8807
44,3,169,-32.071
29,2,180,-32.5389
21,0,158,-31.8671
25,0,250,-32.26
60,23,178,-32.0056
48,9,195,-32.0872
56,22,191,-31.9372
25,1,181,-32.3757
23,0,265,-32.2491
43,0,309,-32.2718
36,3,184,-32.2391
33,0,169,-31.8698
33,0,166,-32.3675
44,3,172,-32.2907
51,6,171,-31.883
58,9,177,-31.7684
45,0,184,-32.1467
28,1,170,-31.6824
57,0,166,-31.7952
22,1,161,-31.9503
25,1,160,-32.4625
25,0,175,-32.2686
29,1,170,-32.1412
41,0,193,-31.9378
37,0,146,-32.6301
26,0,168,-31.9881
37,0,177,-32.2147
23,1,169,-32.2544
37,1,171,-32.4035
24,0,162,-32.216
29,0,170,-31.6824
36,0,169,-31.9586
36,0,169,-32.2722
25,0,166,-32.1687
33,2,171,-32.3333
39,0,167,-32.2754
56,0,180,-32.1611
23,0,173,-31.5029
34,2,164,-32.0488
24,2,177,-32.4011
21,2,210,-32.8476
46,3,181,-32.1271
31,0,171,-32.1345
43,0,207,-31.9807
26,0,160,-32.075
35,0,158,-32.3608
42,0,165,-32.2606
61,0,167,-31.9042
30,0,167,-32
41,0,183,-31.8907
40,0,172,-32.25
24,0,163,-32.2699
55,0,168,-32.1071
23,2,154,-32.4416
55,2,208,-32.2644
36,0,158,-31.9557
34,0,213,-32.4366
22,0,161,-32.6957
27,0,162,-32.0123
37,3,176,-32.3011
51,0,166,-32.4699
43,3,175,-32.1314
20,0,172,-32.0872
26,2,171,-32.0409
40,6,183,-31.8743
20,1,160,-32.0187
24,0,149,-32.6779
23,2,138,-32.3188
54,2,181,-31.9779
22,1,149,-32.3758
22,0,167,-32.0359
50,9,200,-31.73
33,0,154,-32.1104
29,4,171,-32.2573
33,4,163,-32.3129
58,32,171,-32.269
37,0,174,-32.6609
27,0,166,-32.5602
37,2,180,-32.1944
28,0,244,-32.332
41,2,173,-32.0636
27,2,176,-32.3239
27,0,152,-32.4737
25,0,180,-32.05
43,2,190,-32.0737
56,0,173,-32.2081
32,0,165,-31.8848
48,0,179,-32.0838
39,0,159,-32.0377
24,0,256,-32.3438
54,2,178,-32.382
23,1,163,-32.546
32,2,151,-32.2318
45,4,165,-31.9091
34,4,165,-31.9818
22,0,163,-32.2331
56,2,200,-32.325
29,0,150,-32.1933
43,5,172,-32.2209
33,4,173,-32.0751
26,0,184,-32.1087
31,3,159,-32.2075
42,3,169,-31.7574
26,1,152,-32.4276
34,4,162,-32.3025
48,2,211,-31.9005
33,2,187,-32.3316
34,3,163,-32.3558
20,0,169,-32.1716
28,3,151,-32.404
30,3,155,-32.2387
22,0,156,-32.5
41,0,168,-32.3452
20,0,178,-32.2022
33,0,169,-32.1834
23,0,162,-31.9877
23,1,158,-32.4304
24,1,158,-32.2658
21,0,237,-32.3671
30,2,166,-32.0904
45,3,152,-32.1974
20,1,164,-32.622
30,0,168,-32.4107
33,0,177,-32.2486
31,0,180,-32.3333
29,2,171,-32.3158
36,6,175,-32.36
25,0,184,-32.4946
32,0,180,-32.2611
25,1,185,-31.8919
26,0,169,-32.3609
33,0,158,-32.1266
20,0,159,-32.5094
36,0,158,-31.9747
64,0,180,-32.1
25,0,161,-32.4099
38,0,161,-32.354
30,0,236,-32.5339
32,0,164,-32.4024
37,0,173,-32.5607
48,0,170,-32.0529
26,0,171,-32.4211
44,0,192,-32.276
46,0,168,-32.0119
43,0,169,-32.2663
45,0,162,-32.5123
28,0,171,-31.9825
30,1,180,-32.0167
43,0,167,-31.8743
21,0,171,-32.117
42,0,162,-32.3765
30,0,161,-32.1988
27,0,167,-32.1557
44,0,177,-32.3277
26,1,170,-32.6647
21,0,158,-32.5696
23,0,144,-32.3125
33,0,177,-31.7401
28,0,144,-32.2222
42,0,175,-32.3086
35,0,176,-32.0057
48,0,170,-32.3412
29,0,149,-32.2886
37,0,192,-31.8698
41,0,146,-32.1164
21,0,135,-32.8
22,0,157,-32.5223
39,3,170,-32.6235
31,0,156,-31.8077
25,1,157,-32.414
24,0,147,-32.3878
34,0,168,-32.0833
21,0,248,-32.0968
36,0,171,-32.4678
36,0,240,-32.3542
66,0,181,-32.1602
39,0,176,-31.858
42,0,166,-32.0482
33,0,189,-32.1481
38,0,157,-32.2548
26,1,149,-32.4966
51,4,151,-31.9669
39,1,165,-31.703
43,0,230,-32.2
62,0,183,-32.3224
49,0,169,-32.1302
21,0,163,-32.2147
59,0,201,-32.1891
42,0,162,-32.3333
29,0,170,-32.4824
54,0,165,-32.1091
53,0,172,-31.8372
43,0,165,-32.1576
26,0,156,-32.0833
45,0,162,-32.0679
64,0,179,-31.905
40,0,162,-32.0679
26,1,183,-32.3607
53,3,165,-32.3212
41,2,173,-32.3295
32,0,228,-32.3026
33,0,158,-32.3291
42,0,178,-31.8483
32,0,162,-32.1667
44,2,156,-31.8782
42,0,176,-31.9659
31,0,84,-32.1429
35,0,169,-32.0118
39,0,167,-32.1497
55,0,178,-31.9888
38,2,185,-31.9243
39,0,176,-32.2784
43,0,181,-32.0387
24,0,167,-32.3234
42,0,165,-32.1818
36,0,162,-32.0926
53,0,233,-32.3648
44,0,179,-32.3184
41,0,161,-32.0807
38,0,173,-32.3121
21,0,181,-32.5856
25,0,155,-32.2129
20,0,144,-32.3542
41,0,168,-32.131
21,1,160,-32.1938
46,0,176,-31.733
23,0,165,-32.4303
51,0,165,-32.2121
52,0,167,-32.0599
20,0,159,-32.0943
39,0,155,-31.9935
49,0,176,-31.8011
27,0,199,-32.5779
51,2,174,-32.046
27,0,153,-32.1961
37,0,140,-31.8714
33,0,174,-32.3448
29,0,165,-32.4606
63,0,170,-32.1412
59,0,179,-32.2626
26,0,182,-32.2143
47,0,187,-32.1872
52,0,177,-32.1412
35,0,192,-32.4323
25,0,151,-32.3113
58,0,169,-32.071
44,0,166,-32.4699
51,0,172,-32.2674
61,0,168,-32.3393
37,0,161,-31.8571
61,0,178,-32.1461
53,0,166,-31.9639
45,0,177,-31.7684
48,0,174,-32.2529
31,0,154,-32.3701
35,0,238,-32.5168
37,0,163,-32.1227
41,0,168,-32.3095
20,0,148,-32.0878
30,0,147,-32.2109
40,0,164,-32.6646
26,0,173,-32.4335
36,0,172,-32.4593
26,0,190,-32.2316
57,0,269,-31.9517
35,0,173,-32.3468
35,0,170,-32.4588
43,0,165,-32.2242
41,0,157,-32.1656
46,0,148,-32.0743
35,0,168,-32.1012
31,0,156,-32.0962
48,0,160,-31.6938
55,0,156,-31.9808
23,0,153,-31.9739
41,0,173,-31.8613
28,0,167,-32.485
28,0,145,-31.7655
57,0,170,-32.2059
49,0,166,-31.8916
33,0,167,-32.1916
55,0,174,-32.1839
37,0,170,-31.9294
42,0,196,-32.1582
22,0,147,-32.3401
57,0,247,-32.0283
26,0,151,-32.0596
36,0,149,-32.0268
45,0,225,-32.5333
45,0,199,-31.804
40,0,163,-31.589
42,0,185,-32.2811
47,0,178,-32.1348
37,0,163,-32.1472
35,0,150,-31.86
37,0,153,-32.2157
47,0,172,-32.1686
40,0,168,-31.9345
76,0,197,-31.7665
61,0,168,-31.8571
51,0,167,-31.8503
55,0,178,-32.0955
35,0,174,-32.1782
34,0,156,-32.0321
38,0,143,-32.2238
24,0,149,-32.2483
31,0,177,-32.5085
39,0,172,-32.2965
55,0,181,-32.116
26,0,174,-32.477
55,0,154,-31.5065
43,0,168,-32.2857
54,0,169,-32.4497
55,0,169,-32.2663
33,0,164,-32.0488
44,0,172,-32.4012
56,0,181,-31.6519
42,0,191,-31.8115
37,0,177,-32.3616
39,0,166,-32.0723
20,0,174,-32.5517
22,0,151,-32.0795
50,0,175,-32.08
51,0,161,-32
55,0,175,-31.9371
44,0,279,-32.0036
35,0,177,-32.4237
39,0,162,-32.1111
28,0,149,-32.0403
31,0,166,-31.9759
33,0,164,-32.1707
41,0,166,-32.3012
40,0,175,-32.3771
27,0,153,-32.2614
44,0,172,-32.4942
44,0,170,-32.1824
37,0,187,-31.9786
23,0,188,-32.3032
46,0,183,-31.9399
34,0,177,-32.3559
44,0,148,-32.0135
51,0,158,-32.2215
39,0,169,-32.5562
39,0,162,-32.2222
33,0,164,-32.0854
57,0,183,-31.9071
53,0,174,-32.2126
51,0,168,-32.0476
52,0,170,-31.8765
25,0,142,-32.0563
49,0,163,-32.135
47,0,164,-32.0915
67,0,183,-32.3005
25,0,156,-32.3397
30,0,160,-32.2437
28,0,151,-32.2252
45,0,183,-32.0601
42,0,155,-31.7806
61,0,186,-31.9731
50,0,170,-32.2882
43,0,174,-32.046
59,0,175,-32.1486
37,0,181,-32.2873
35,0,162,-32.2778
36,0,172,-32.6163
65,0,187,-31.9733
43,0,164,-32.3598
34,0,165,-32.1758
65,0,262,-32.1947
38,0,161,-32
57,0,188,-31.9521
26,0,218,-32.2294
31,0,151,-32.1854
66,0,168,-32.131
50,0,161,-32.2484
35,0,157,-32.5159
20,0,153,-32.1373
21,0,161,-32.2298
38,0,267,-32.1348
57,0,178,-32.236
32,0,149,-32.0671
50,0,171,-32.3509
23,0,163,-32.3558
48,0,162,-32.2099
37,0,179,-32.2961
24,0,138,-31.9348
49,0,167,-32.1497
46,0,159,-32.1509
48,0,163,-31.7178
44,0,164,-32.1524
38,0,156,-32.0064
37,0,158,-32.3924
37,0,170,-32.2588
42,0,179,-32.162
31,0,159,-32.2704
43,0,167,-31.7305
66,0,175,-31.5543
56,0,170,-32.0412
60,0,167,-31.8683
69,0,170,-32.0529
56,0,167,-32.2156
39,0,162,-32.1667
22,0,153,-32.0915
24,0,163,-32.2331
46,0,166,-31.9639
54,0,169,-31.8225
53,0,185,-32.3189
83,0,184,-32.1304
41,0,174,-32.2989
66,0,176,-32.0341
37,0,156,-31.7628
40,0,162,-31.6975
40,0,167,-31.9581
33,0,179,-32.0391
26,0,162,-32.1296
23,0,182,-32.4121
49,0,176,-32.2045
67,0,180,-32.1333
46,0,166,-31.9217
42,0,163,-31.8221
49,0,173,-32.1272
44,0,177,-31.9831
58,0,157,-32.1592
26,0,180,-32.1833
45,0,182,-31.8956
48,0,178,-32.2528
34,0,158,-31.9557
55,0,166,-32.1205
40,0,169,-32.2308
49,0,176,-32.3295
40,0,143,-31.993
46,0,174,-31.7701
70,0,177,-31.8249
29,0,165,-32.0788
35,0,157,-31.8535
30,0,175,-31.8743
36,0,173,-32.1676
40,0,169,-32.213
60,0,169,-32.284
59,0,173,-31.8613
29,0,156,-32.0833
43,0,183,-32.2732
30,0,139,-32.518
46,0,161,-32.4099
32,0,155,-31.8645
46,0,162,-32.1296
40,0,176,-32.017
59,0,168,-32.2262
46,0,170,-32.4824
60,0,182,-32.0495
53,0,174,-32.1667
39,0,157,-32.2803
52,0,162,-32.1975
41,0,164,-32.1341
43,0,172,-32.2791
26,0,149,-31.9195
56,0,174,-32.0517
34,0,152,-31.7237
62,0,183,-32.0055
23,0,166,-32.0542
56,0,186,-32.3441
39,0,168,-32.5893
56,0,165,-32.3091
40,0,162,-32.3765
59,0,175,-31.9543
34,0,176,-31.9318
32,0,166,-32.1325
28,0,164,-32.5061
38,0,160,-31.9375
40,0,164,-32.2744
26,0,166,-32.2349
33,0,147,-32.4014
37,0,169,-31.9763
38,0,172,-31.9535
61,0,174,-31.7874
58,0,170,-32.1765
51,0,183,-32.0874
51,0,182,-32.2033
44,0,167,-32.1138
44,0,170,-31.9588
22,0,241,-32.527
43,0,174,-32.023
66,0,165,-31.9758
51,0,156,-32.0769
34,0,164,-32.1463
48,0,166,-31.7289
39,0,170,-32.3
36,0,173,-32.5202
43,0,173,-31.7052
44,0,174,-32.2299
46,0,163,-31.8834
48,0,164,-32.0305
49,0,259,-32.1274
45,0,183,-32.2678
28,0,163,-32.2822
47,0,173,-31.9133
24,0,162,-32.3765
44,0,248,-32.3468
36,0,161,-32.1615
37,0,149,-32.6711
62,0,181,-32.0994
52,0,180,-31.8389
35,0,167,-31.6287
35,0,150,-32.5467
55,0,218,-32.2615
67,0,160,-32.2062
43,0,167,-32.1198
53,0,169,-31.7337
30,0,183,-32.5355
44,0,159,-31.9497
55,0,156,-31.8077
30,0,154,-31.9545
57,0,174,-32.2011
38,0,182,-32.1099
22,0,207,-32.4444
55,0,156,-31.8526
40,0,169,-32.4024
34,0,158,-32.2975
59,0,184,-32.0163
50,0,168,-32.0357
41,0,165,-32.0121
25,0,151,-31.7815
67,0,177,-32.1017
35,0,163,-32.1718
37,0,165,-32.3576
26,0,171,-32.4094
55,0,175,-32.4114
53,0,178,-31.3764
39,0,171,-32.0994
58,0,165,-32.0303
60,0,192,-31.5052
55,0,160,-32.0875
45,0,163,-32.4908
37,0,159,-32
55,0,174,-32.4138
35,0,161,-32.0807
24,0,180,-32.2333
31,0,152,-31.8487
23,0,166,-32.2349
52,0,260,-31.8769
26,0,146,-31.911
48,0,162,-32.1049
41,0,172,-31.843
64,0,172,-32.3314
56,0,183,-31.7923
32,0,164,-32.1463
71,0,164,-31.6402
33,0,148,-32.2297
35,0,165,-32.0303
62,0,176,-32.2557
40,0,163,-32.1104
53,0,161,-31.8944
57,0,174,-32.4655
39,0,171,-32.0175
44,0,164,-32.2256
56,0,178,-31.8539
28,0,170,-32.1471
37,0,175,-32.1029
32,0,192,-32.3594
64,0,180,-32.0444
48,0,176,-32.3125
23,0,169,-32.284
21,0,174,-32.8563
60,0,259,-32.0811
49,0,170,-31.9706
45,0,165,-32.2788
60,0,180,-31.6889
45,0,263,-32.0913
52,0,160,-32.225
44,0,166,-32.0843
60,0,166,-32.1566
31,0,158,-32.1076
74,0,167,-32.3473
45,0,164,-31.9695
37,0,159,-32.0692
24,0,145,-32.0759
32,0,157,-32.1656
48,0,149,-31.8121
40,0,158,-31.6962
62,0,182,-31.9945
25,0,232,-32.5517
51,0,160,-32.4312
43,0,169,-32.4556
70,0,199,-31.8643
47,0,177,-31.7119
47,0,176,-32.1591
37,0,166,-32.4036
54,0,185,-31.9081
42,0,164,-31.7988
49,0,181,-32.2983
24,0,167,-32.2096
42,0,160,-32.0938
45,0,159,-31.9497
40,0,167,-32.3772
34,0,161,-32.205
51,0,163,-31.8957
52,0,178,-31.9663
26,0,155,-32.2387
46,0,162,-32.2469
37,0,168,-32.1131
30,0,153,-32.0327
53,0,159,-31.8868
22,0,169,-32.4675
20,0,175,-32.5257
63,0,252,-32.3571
53,0,183,-31.929
29,0,169,-32.3846
32,0,161,-32.087
30,0,171,-32.0175
36,0,177,-32.5819
49,0,173,-32.2543
31,0,161,-31.7329
33,0,187,-32.2513
52,0,183,-32.153
37,0,155,-31.6194
34,0,163,-32.2822
48,0,157,-32.4268
29,0,177,-32.4011
45,0,138,-32.2754
44,0,165,-32.1212
39,0,173,-32.1676
33,0,161,-32.4099
48,0,162,-32.2407
61,0,173,-31.7341
52,0,172,-31.7267
46,0,171,-32.2047
27,0,158,-32.3354
26,0,193,-32.1813
45,0,183,-32.2186
31,0,169,-32.3964
42,0,181,-31.8508
49,0,165,-32.3091
50,0,361,-31.7618
38,0,167,-32.2814
38,0,161,-32.1801
49,0,185,-31.8216
26,0,156,-31.9423
29,0,162,-32.2346
55,0,183,-31.8852
46,0,187,-31.8342
55,0,159,-32.4025
23,0,166,-31.8916
38,0,146,-32.0274
35,0,167,-31.8084
49,0,194,-32.3763
41,0,178,-32.3427
28,0,174,-32.2356
42,0,171,-32.1696
51,0,178,-31.7079
30,0,172,-32.314
35,0,161,-32.4907
22,0,172,-32.2267
51,0,170,-31.7941
36,0,174,-32.3391
57,0,160,-32.15
48,0,182,-32.1209
52,0,172,-31.9012
42,0,162,-32.0123
29,0,171,-31.807
38,0,164,-32.0488
26,0,165,-32.3758
40,0,162,-32.0062
46,0,179,-32.5084
35,0,196,-32.4694
26,0,158,-32.0506
48,0,174,-32.0862
45,0,163,-32.2883
60,0,183,-32.1585
64,0,184,-32.4348
24,0,143,-32.4895
66,0,173,-31.763
44,0,166,-32.1145
53,0,162,-32.1975
27,0,187,-32.4225
50,0,174,-32.5
45,0,175,-31.4971
63,0,182,-32.1868
37,0,101,-32.2277
64,0,168,-32.2024
43,0,259,-32.0695
37,0,150,-32.06
50,0,169,-32.0355
50,0,170,-32
26,0,158,-32
43,0,166,-31.988
31,0,155,-32.3806
30,0,158,-31.9684
46,0,261,-32.4023
39,0,168,-32.131
41,0,167,-31.9581
35,0,177,-32.2316
52,0,161,-32.3789
39,0,164,-31.6646
64,0,181,-32.221
35,0,189,-32.0635
42,0,152,-31.7961
20,0,151,-32.5894
29,0,153,-32.0458
54,0,172,-32.0872
29,0,162,-32.358
44,0,165,-32.497
40,0,185,-31.9459
21,0,153,-32.1242
42,0,154,-31.8701
37,0,169,-31.7692
26,0,175,-32.2743
50,0,163,-31.8589
34,0,153,-32.366
38,0,145,-32.2483
39,0,165,-32.3697
40,0,163,-32.2883
37,0,163,-32.5706
38,0,160,-31.8938
45,0,179,-31.9218
40,0,169,-32.0473
43,0,160,-32.1375
34,0,171,-32.462
35,0,157,-32.2166
54,0,169,-31.7574
39,0,176,-31.9659
32,0,158,-32.1013
47,0,157,-32.1783
48,0,179,-31.9441
52,0,173,-32.185
37,0,151,-32.3841
50,0,169,-32.1183
42,0,164,-32.2134
38,0,166,-32.506
35,0,191,-32.466
34,0,144,-32.6875
43,0,181,-31.9613
33,0,154,-32.0844
44,0,174,-32.3161
42,0,166,-32.1084
30,0,179,-32.581
21,0,180,-32.5222
25,0,157,-32.4268
20,0,154,-32.1623
51,0,165,-31.7818
35,0,160,-32.1
39,0,162,-32.0494
30,0,243,-32.6008
21,0,153,-32.0458
25,0,190,-32.0842
23,0,108,-32.6204
33,2,166,-32.2831
47,0,174,-32.3793
44,0,171,-32.0409
21,0,174,-32.4253
40,2,161,-32.4037
30,0,157,-32.172
28,0,175,-32.0057
21,0,147,-32.0884
31,0,172,-32.1453
35,0,169,-32.355
42,0,177,-32.3955
46,0,169,-31.8935
35,0,170,-32.1647
33,0,180,-32
31,0,154,-32.2922
46,0,172,-32.0407
32,0,154,-32.4351
27,0,179,-32.6145
31,0,193,-32.0052
37,0,162,-32.0185
20,0,196,-32.25
33,0,170,-32.1353
56,0,180,-32.1278
53,0,172,-32.0291
39,0,167,-32.2754
46,0,171,-32.5322
29,0,192,-32.375
27,0,143,-32.1818
42,0,179,-32.1229
47,0,170,-31.8824
47,2,173,-32.2254
42,0,173,-32.3468
30,0,177,-32.0226
20,0,238,-32.2857
24,0,161,-32.4224
35,0,154,-32.3312
32,0,174,-32.2414
57,3,245,-32.3592
27,0,173,-32.4855
48,0,171,-32.2281
25,0,176,-32.1875
43,0,172,-32.0174
45,0,180,-32.3833
41,0,175,-32.0286
41,0,176,-32.2841
34,0,152,-32.1382
50,0,175,-32.2171
23,0,173,-32.0116
27,0,196,-32.2806
33,0,179,-32.5419
25,0,172,-31.8256
26,0,166,-32.0482
27,0,169,-32.3728
55,0,175,-32.3886
71,0,188,-32.1649
30,0,158,-32.1582
29,0,159,-32.0943
20,0,163,-32.4172
27,0,166,-31.7108
29,0,157,-32.3822
39,0,161,-32.2795
29,0,158,-32.6646
50,0,179,-32.2179
59,0,195,-31.9282
33,0,229,-32.0175
63,0,189,-32.1587
36,0,154,-32
24,0,175,-32.3771
58,0,179,-32.352
38,0,151,-32.3179
26,0,177,-31.7062
50,0,173,-32.3931
45,0,179,-32.2402
30,0,171,-32.0058
41,0,159,-32.4025
59,0,162,-31.8951
29,0,176,-32.625
36,0,147,-32.0408
41,0,165,-32.3818
69,0,186,-31.9301
52,0,185,-32.1946
41,0,177,-32.3277
39,0,163,-32.2761
61,0,201,-32.2736
61,0,165,-31.9636
61,0,171,-31.9298
26,0,182,-32.2143
54,0,189,-31.7302
51,0,169,-31.9763
37,0,173,-32.4855
37,0,174,-31.6839
52,0,168,-32.3036
70,0,180,-32.3167
50,0,152,-32.1645
38,0,163,-32.319
31,0,172,-32.2384
47,0,259,-32.2896
35,0,181,-32.1602
56,0,171,-32.1754
67,0,186,-32.3548
53,0,172,-32.314
36,0,157,-31.7962
38,0,189,-31.7778
37,0,174,-31.9828
40,0,166,-32.3072
24,0,151,-32.6291
70,0,180,-32.1056
35,0,159,-32.478
44,0,158,-32.1266
55,0,162,-32.3642
47,0,177,-32.3559
67,0,165,-32.4
31,0,169,-32.2604
46,0,169,-32.4734
45,0,174,-32.2529
37,0,184,-32.2065
60,0,165,-32.3273
21,0,163,-32.454
20,0,168,-32.1607
51,0,175,-32.3943
23,0,276,-32.529
41,0,150,-32.3667
23,0,168,-32.1845
27,0,152,-32.1316
43,0,167,-32.2754
43,0,218,-32.1789
39,0,171,-32.2573
20,0,151,-32.1523
31,0,189,-32.5873
31,0,160,-32.45
23,0,337,-32.4214
42,0,171,-32.2515
22,0,164,-32.4207
28,0,151,-31.947
29,0,170,-32.6353
36,3,177,-32.0282
52,0,170,-32.1
20,1,169,-32.3787
34,3,164,-32.1829
35,0,176,-31.9375
30,0,138,-32.4348
45,0,215,-32.1581
31,0,154,-32.026
23,0,232,-32.2543
42,0,176,-32.358
45,0,158,-32.3291
49,0,169,-32.0355
37,0,171,-32.3801
31,0,164,-31.9939
39,0,184,-32.2989
42,0,176,-32.1023
33,0,254,-32.2087
37,0,167,-32.6048
39,0,173,-32.0173
43,0,151,-32.1987
22,0,163,-32.2454
35,0,151,-32.0728
21,0,160,-32.2313
24,0,166,-32.1928
56,0,163,-32.135
60,0,180,-32.0889
50,0,181,-32.674
36,0,164,-32.0488
25,0,190,-32.5316
40,0,161,-32.1925
63,0,167,-32.0898
67,0,167,-32.1257
33,0,175,-32.1086
48,0,172,-31.8081
48,0,189,-32.2169
22,0,159,-32.2327
37,0,150,-31.8267
53,0,235,-32.0553
68,0,170,-32.2294
50,0,297,-32.3737
65,0,159,-32.0189
45,0,177,-32.2542
52,0,168,-31.8929
32,0,298,-32.4228
46,0,168,-31.7679
53,0,161,-32.2981
63,0,158,-31.462
57,0,158,-32.1772
41,0,172,-31.8779
50,0,162,-31.8642
62,0,170,-32.2647
48,0,159,-32
43,0,169,-32.0118
61,0,180,-32.3056
45,0,163,-31.6074
44,0,163,-32.0798
41,0,165,-32.0667
54,0,179,-32.1397
25,0,186,-32.6075
59,0,171,-32.1111
61,0,171,-32.0058
55,0,167,-32.479
57,0,168,-31.8988
50,0,205,-32.5659
68,0,178,-32.0169
51,0,159,-32.2453
47,0,159,-32.3459
70,0,185,-32.2324
46,0,162,-32.0802
55,0,165,-32.0606
59,0,173,-32.1445
65,0,181,-31.7569
73,0,172,-31.9651
60,0,171,-32.0292
56,0,179,-32.2123
36,0,187,-32.6952
65,0,174,-32.3621
58,0,181,-32.1326
57,0,181,-32.0884
44,0,158,-31.9937
52,0,246,-32.3211
64,0,187,-31.5134
40,0,153,-32.3072
65,0,178,-32.0618
58,0,175,-32.0229
28,0,170,-32.1294
62,0,200,-32.19
60,0,167,-31.8204
45,0,218,-32.3349
54,0,171,-32.3509
68,0,173,-31.6474
61,0,139,-31.9784
31,0,192,-32.526
61,0,169,-31.9941
70,0,175,-32.24
50,0,168,-31.9464
36,0,165,-32.2848
70,0,163,-32.0736
62,0,176,-31.8693
39,0,172,-32.0988
57,0,167,-32.4192
29,0,170,-32.5235
57,0,156,-32.0962
54,0,160,-31.9312
71,0,174,-32.2644
44,0,187,-32.1123
62,0,170,-31.8941
65,0,177,-32.3107
28,0,142,-32.2817
58,0,169,-32.2544
55,0,149,-32.3087
75,0,189,-31.9101
61,0,172,-31.8895
43,0,164,-32.25
76,0,170,-31.8824
61,0,179,-32.352
61,0,177,-31.8588
54,0,157,-31.828
60,0,209,-31.8565
53,0,183,-32.1858
55,0,162,-32.1852
55,0,166,-32.241
69,0,191,-32.3665
70,0,176,-31.6648
31,0,164,-32.4817
70,0,165,-31.6545
48,0,171,-32
59,0,183,-31.9126
57,0,254,-32.2992
52,0,151,-31.9536
44,0,178,-32.3596
48,0,171,-31.9942
68,0,185,-31.827
64,0,168,-32.0655
36,0,157,-32.1401
43,0,173,-31.6879
42,0,162,-32.1667
38,0,162,-31.9198
57,0,173,-32.2312
64,0,178,-32.264
59,0,176,-32.1136
51,0,172,-32.2151
46,0,169,-32.213
52,0,171,-31.9123
68,0,172,-31.814
32,0,164,-32.189
42,0,156,-32.3013
44,0,160,-32.175
58,0,154,-31.9286
51,0,157,-32.0637
42,0,178,-32.2584
49,0,156,-32.3718
53,0,142,-31.8099
47,0,162,-32.216
54,0,156,-31.8718
60,0,213,-32.0704
63,0,182,-32.1923
43,0,185,-32.2324
52,0,169,-32.1243
36,0,175,-32.16
44,0,165,-32.4303
67,0,161,-32.1801
25,0,160,-32.2812
30,0,167,-32.1377
51,0,155,-32.3355
29,0,139,-32.0432
42,0,161,-32.2671
21,0,171,-32.6491
64,0,166,-31.9759
62,0,179,-32.2793
32,0,184,-32.1141
55,0,252,-32.1389
51,0,202,-32.3465
64,0,202,-31.6485
66,0,172,-32.1105
60,0,180,-31.7444
45,0,166,-32.6024
46,0,160,-32.2563
49,0,160,-31.7375
70,0,184,-31.9348
50,0,179,-32.2402
54,0,161,-32.0124
61,0,166,-32.0241
48,0,174,-32.1379
39,0,172,-32.3372
60,0,168,-32.1429
52,0,171,-32.269
20,0,176,-32.4545
58,0,173,-32.1618
41,0,169,-32.7101
50,0,181,-32.2762
39,0,182,-32.3846
65,0,176,-31.8125
55,0,175,-31.8171
37,0,170,-32.5412
48,0,172,-32.1047
74,0,188,-32.1064
43,0,164,-31.8659
68,0,198,-32.0202
65,0,174,-31.9885
72,0,170,-32.1353
62,0,162,-31.9444
42,0,160,-31.775
43,0,156,-32.1154
52,0,176,-32.1761
61,0,166,-31.8976
28,0,159,-31.434
35,0,170,-32.1941
28,0,158,-32.1266
39,0,177,-32.2373
45,0,164,-32.1341
26,0,169,-32.1479
37,0,172,-32.436
55,0,174,-32.0575
63,0,170,-31.9
31,0,160,-32.3312
47,0,164,-32.1585
65,0,181,-31.6409
69,0,160,-31.3062
42,0,164,-32.1585
57,0,157,-31.9236
58,0,197,-31.9442
49,0,156,-32.2179
44,0,163,-31.8528
58,0,167,-32.1377
54,0,245,-32.4939
48,0,164,-32.3598
59,0,186,-32.0161
36,0,162,-32.3086
59,0,169,-32.1243
57,0,175,-31.9771
40,0,153,-31.8562
63,0,180,-31.9556
52,0,163,-32.3988
50,0,168,-31.8274
52,0,152,-32.1908
45,0,165,-31.8061
41,0,176,-32.0966
62,0,159,-31.4403
56,0,163,-32.0184
66,0,166,-32.1566
57,0,169,-32.5858
59,0,170,-32.1529
44,0,180,-32.1389
61,0,180,-32.2
35,0,158,-32.6266
26,0,192,-32.4323
49,0,242,-31.8678
58,0,159,-31.9057
34,0,158,-32.3418
77,0,207,-31.9565
50,0,167,-31.8862
39,0,160,-32.2625
49,0,183,-32.1913
54,0,172,-32.1221
25,0,199,-32.5126
49,0,176,-31.9773
69,0,181,-32
46,0,148,-32.1284
32,0,224,-32.433
36,0,163,-31.7975
28,0,172,-32.3605
52,0,171,-31.9942
71,0,240,-32.05
46,0,170,-32.1529
31,0,155,-32.3548
38,0,159,-32.1824
47,0,135,-32.0519
54,0,163,-31.7301
56,0,173,-32.2312
44,0,115,-32.287
50,0,147,-32.0408
48,0,161,-32.1863
63,0,169,-32.2367
47,0,167,-31.8503
36,0,152,-32.5066
36,0,169,-32.3254
65,0,169,-32.1893
49,0,186,-32.0645
58,0,161,-31.7081
70,0,166,-31.8554
71,0,154,-31.9935
48,0,156,-32.2051
36,0,240,-32.1042
63,0,166,-32.006
30,0,182,-32.2802
56,0,156,-31.7051
50,0,177,-31.7966
84,0,174,-31.7701
58,0,161,-32.0248
37,0,164,-32.3232
32,0,157,-32.4268
73,0,181,-31.7293
45,0,156,-32.1026
81,0,181,-31.9613
62,0,168,-31.9167
41,0,164,-32.1037
24,0,202,-31.5396
53,0,151,-32.245
46,0,167,-32.2695
21,0,191,-32.6702
53,0,160,-32.1625
66,0,172,-32.25
50,0,178,-32.1966
24,0,178,-32.2472
23,0,196,-32.4082
64,0,161,-32.1677
46,0,171,-32.2222
31,0,237,-32.5612
63,0,195,-32.1897
73,0,170,-31.8824
48,0,169,-31.9172
74,0,182,-32.3352
32,0,167,-31.9641
64,0,166,-31.3253
58,0,176,-32.2045
38,0,171,-32.2222
47,0,164,-32.4573
55,0,184,-31.413
39,0,153,-32.2353
37,0,226,-32.3584
49,0,162,-32.2963
74,0,177,-31.791
41,0,154,-32.5065
52,0,162,-31.7716
38,0,167,-32.5868
75,0,189,-32.0212
45,0,150,-32.1533
46,0,170,-32.0294
57,0,272,-32.114
58,0,158,-32.1519
65,0,183,-31.8579
39,0,157,-32.0255
43,0,209,-32.1435
32,0,160,-32.2
52,0,172,-32.2616
61,0,164,-32.1951
39,0,159,-32.522
31,0,188,-32.7553
42,0,171,-32.5731
40,0,179,-32.162
51,0,163,-31.8037
46,0,166,-32.253
56,0,174,-32.0977
49,0,168,-32.1071
56,0,146,-32.137
37,0,171,-32.2573
63,0,251,-31.9004
41,0,156,-32.1218
48,0,195,-32.2564
51,0,174,-32.092
66,0,171,-31.7076
54,0,162,-32.037
63,0,168,-32.0833
83,0,192,-32.1458
37,0,154,-31.9026
42,0,156,-31.9615
46,0,175,-32.3543
57,0,261,-32.3065
40,0,159,-32.2138
66,0,187,-31.9037
46,0,155,-32.5548
62,0,175,-31.8686
37,0,168,-32.2619
62,0,177,-32.0847
51,0,164,-32.0915
79,0,181,-31.6354
60,0,193,-32.3731
53,0,167,-31.9341
30,0,279,-32.2975
41,0,167,-32.1198
69,0,175,-32.2514
68,0,340,-31.8471
31,0,174,-32.3851
32,0,145,-31.8483
41,0,165,-31.9333
64,0,158,-32.0253
60,0,165,-32.3333
59,0,204,-31.8578
45,0,173,-32.1214
54,0,168,-32.1726
64,0,179,-32.1397
49,0,154,-32.5519
53,0,176,-32.2557
63,0,159,-31.8742
44,0,178,-31.9607
23,0,152,-32
42,0,147,-31.5646
36,0,158,-32.538
54,0,152,-32.2697
67,0,171,-32.4327
64,0,158,-31.7911
64,0,170,-31.8882
59,0,154,-32.2273
56,0,160,-32
53,0,171,-31.9181
51,0,161,-32.0435
60,0,163,-32.1656
63,0,279,-32.147
63,0,167,-31.9162
25,0,165,-32.4121
65,0,163,-32.2393
60,0,166,-32.1084
72,0,181,-31.9116
44,0,157,-32.3694
67,0,172,-31.9593
69,0,177,-32.0791
53,0,175,-32.1143
56,0,167,-32.3413
38,0,169,-32.2544
72,0,169,-32.0533
47,0,167,-32.1976
48,0,169,-31.6982
36,0,143,-32.2308
70,0,181,-32.3867
46,0,169,-31.9704
46,0,179,-32.095
55,0,165,-32.2727
62,0,171,-32.1696
49,0,218,-32.6239
30,0,197,-32.4569
57,0,163,-32.0982
30,0,166,-32.4578
25,0,162,-32.4321
59,0,177,-32.1921
58,0,170,-32.0176
20,0,150,-32.4067
46,0,146,-31.9452
65,0,173,-31.8266
41,0,173,-32.0867
51,0,170,-32.1882
50,0,166,-32.1506
60,0,221,-32.4525
32,0,166,-32.1988
67,0,178,-31.8315
54,0,168,-32.0417
56,0,121,-31.8347
61,0,175,-32.1943
60,0,157,-32.172
57,0,176,-31.8182
66,0,178,-32.0281
42,0,166,-31.9759
45,0,163,-31.681
58,0,173,-32.1387
39,0,169,-32.2367
51,0,185,-31.973
28,0,184,-32.3315
31,0,175,-32.1657
47,0,168,-32.1429
48,0,177,-31.8644
44,0,169,-32
52,0,157,-32.2484
25,0,149,-32.5705
42,0,170,-32.1588
76,0,184,-32.0272
46,0,159,-32.0189
46,0,181,-32.2265
42,0,184,-32.4076
24,0,215,-32.3674
42,0,185,-32.4757
45,0,160,-32.0063
41,0,161,-31.8261
44,0,177,-32.1695
30,0,155,-32.5032
42,0,210,-32.181
40,0,170,-31.9941
29,0,146,-32.2945
51,0,167,-32.2275
69,0,160,-31.8188
58,0,183,-32.1311
34,0,148,-31.9797
53,0,305,-32.2033
57,0,175,-31.9429
57,0,161,-32.2795
22,0,149,-32.0336
50,0,159,-31.8994
55,0,174,-31.9425
67,0,161,-31.9255
48,0,193,-32.2021
55,0,164,-31.9329
61,0,161,-32.0311
47,0,166,-31.8313
64,0,164,-32.1951
68,0,173,-31.9191
55,0,173,-32.2717
51,0,164,-32.8963
29,0,172,-32.4651
63,0,172,-32.2209
33,0,168,-32.1131
67,0,170,-32.2412
36,0,169,-32.4083
33,0,158,-31.8987
30,0,164,-32.3415
76,0,177,-32.1751
79,0,196,-32.1122
52,0,173,-32.1908
48,0,163,-32.1902
39,0,176,-32.1818
30,0,167,-32.3533
65,0,171,-31.9942
62,0,170,-32.2647
52,7,176,-32.0114
41,0,165,-32.2909
54,0,176,-31.8068
67,0,181,-31.9282
56,0,175,-31.9657
66,0,185,-31.8216
38,2,175,-32.3943
36,0,163,-32.2086
69,0,184,-32.2391
36,0,165,-32.0909
49,0,161,-31.9876
61,0,171,-32.117
60,0,176,-32.2273
61,0,172,-32.2035
52,3,163,-31.8773
35,0,179,-31.8659
44,0,159,-32.0189
26,0,157,-32.5605
57,0,164,-31.9085
37,0,148,-32.1351
33,0,228,-32.4781
27,0,207,-32.6232
30,1,149,-31.4899
56,0,169,-32.2189
60,0,179,-32.1955
57,3,88,-32.0114
44,0,179,-32.4804
55,0,177,-31.9266
61,0,169,-32.2959
64,0,170,-31.9765
47,0,169,-31.8166
61,0,176,-32.375
49,0,210,-32.2429
50,0,190,-32.3053
31,0,164,-32.2561
34,0,181,-32.6354
33,0,165,-32.1273
56,0,162,-31.7531
39,0,175,-32.2857
54,0,167,-32.2814
56,0,179,-31.6872
39,0,163,-31.9755
51,2,159,-32.1635
69,0,173,-32.0578
38,2,173,-32.0289
64,0,163,-31.7239
44,0,183,-32.4153
57,0,166,-32.3193
61,0,168,-32.0774
45,0,148,-32.0541
62,0,162,-32.1667
38,0,177,-32.7345
50,0,173,-31.5954
57,0,154,-32.0909
41,0,175,-31.92
56,0,190,-32.3684
45,0,176,-32.3409
68,0,166,-32.0422
47,2,162,-32.0864
55,0,161,-32.2298
44,2,211,-32.3697
41,0,181,-32.3536
47,0,152,-31.9408
65,0,166,-32.012
57,0,157,-32.3185
64,0,175,-31.9086
49,0,151,-31.8079
29,0,150,-32.1
64,0,170,-32.0235
40,0,175,-32.5314
42,2,163,-32.4233
56,0,170,-32.2118
37,0,186,-32.0215
58,0,180,-31.6278
61,0,165,-31.9273
41,0,178,-32.1854
69,0,168,-32.0119
55,0,164,-31.9207
65,0,169,-31.8876
59,0,167,-31.6527
54,0,163,-31.6319
25,0,154,-32.4156
56,0,149,-31.8523
33,0,154,-32.2792
68,0,166,-31.7711
51,0,158,-32.2911
57,2,159,-31.7925
52,0,184,-32.1848
34,0,198,-32.2828
57,0,171,-32.1579
41,0,164,-32.5976
61,0,166,-32.0663
36,0,161,-32.1366
42,0,170,-32.2176
65,0,177,-31.8305
86,0,189,-32.0265
55,0,185,-31.9946
35,0,150,-32.34
20,0,133,-32.2632
38,0,211,-32.7536
46,0,167,-32.2575
35,0,152,-32.1316
65,0,183,-32.0929
39,0,176,-32.2102
50,0,171,-32.1111
45,0,171,-31.8772
49,0,163,-31.9448
27,0,175,-32.4514
28,5,155,-32.1806
57,0,169,-32.3077
44,0,174,-32.2644
50,0,162,-32.142
48,0,158,-32.1899
46,0,176,-31.7273
48,0,162,-32.1049
63,0,183,-31.9945
25,0,167,-32.5389
45,0,199,-32.3769
44,0,161,-31.8634
34,0,172,-31.8198
37,0,150,-31.8267
64,0,166,-32.0301
31,0,156,-31.7885
21,0,151,-32.5894
34,0,227,-32.7093
44,0,168,-31.9286
22,0,151,-32.5232
38,0,157,-32.0064
62,0,194,-32.0309
25,0,148,-32.3176
56,0,178,-32.1629
48,0,160,-32.2062
64,0,166,-31.9157
69,0,182,-32.1758
43,0,173,-32.3584
55,0,161,-31.8696
50,0,154,-32.3442
40,0,147,-32.1088
29,0,155,-32.6516
53,0,162,-32.0988
63,0,170,-31.9294
50,0,156,-32.3205
44,0,223,-32.2197
43,0,214,-32.715
53,0,207,-32.314
25,0,143,-32.2028
43,0,163,-32.1227
33,0,167,-32.2695
32,0,160,-32.4813
24,0,162,-32.4753
41,0,173,-32.3295
24,0,226,-32.5885
35,0,168,-32.1845
56,0,155,-32.1097
65,0,186,-32.2097
45,0,342,-32.3684
50,0,161,-32.3789
38,0,163,-32.1227
31,0,159,-31.8868
60,0,168,-32.256
37,0,174,-32.1667
68,0,169,-32.1183
61,0,331,-32.29
39,0,155,-32.0839
41,0,151,-32.1854
69,0,178,-32.073
28,1,175,-32.1486
50,0,180,-31.7389
58,0,179,-32.0838
53,0,186,-32.1828
64,0,174,-31.9023
62,0,176,-32.267
55,0,174,-31.8736
38,0,158,-32.2532
60,0,155,-32.0194
61,0,162,-31.537
50,0,154,-32.0519
36,0,173,-32.2139
32,0,159,-31.9308
40,0,169,-32.0414
44,0,172,-32.1337
49,0,171,-32.4737
55,0,164,-32.1463
29,0,151,-32.6424
44,0,147,-32.5374
45,0,145,-32.0069
20,0,172,-32.5
30,0,170,-32.5647
23,0,152,-32.4342
69,0,174,-32.1034
44,0,159,-31.6604
46,0,161,-31.9193
35,0,167,-31.9641
36,0,93,-32.3656
31,0,149,-32.0805
60,0,172,-32.3895
54,0,168,-32.1429
45,0,169,-31.5917
34,0,157,-31.9045
56,0,174,-31.6609
66,0,250,-31.668
47,0,157,-32.4904
56,0,173,-32.3815
54,0,173,-32.1618
50,0,190,-32.1526
51,0,155,-31.8516
57,0,183,-31.9399
39,0,227,-32.022
34,0,145,-32.6069
38,0,156,-32.359
45,0,166,-32.0301
40,0,163,-32.0736
47,0,167,-32.1138
34,0,170,-32.2941
46,0,175,-32.0686
30,0,168,-32.2619
68,0,182,-31.7253
52,0,178,-31.8596
67,0,169,-32.3669
47,0,178,-32.1348
47,0,195,-32.2564
64,0,176,-31.8466
42,0,170,-32.4412
48,0,152,-32.1974
59,0,141,-31.6312
41,0,169,-32.4438
49,0,149,-31.9463
52,0,171,-32.1696
57,0,167,-32.4371
41,0,166,-31.9699
27,0,208,-32.4135
61,0,169,-32.1479
37,0,184,-31.7663
51,0,180,-32.1167
38,0,185,-31.9135
28,0,176,-32.233
34,0,207,-32.285
49,0,177,-32.565
39,0,150,-32.3933
65,0,173,-32.1272
30,0,171,-32.4094
64,0,177,-32.1299
47,0,156,-32.2692
54,0,164,-31.939
57,0,177,-31.6102
37,0,166,-32.2229
42,0,173,-32.3468
29,0,154,-32.4481
67,0,157,-32.0191
55,0,166,-32.1145
50,0,169,-32.0592
44,0,163,-32.2822
72,0,186,-32.0376
59,0,194,-31.9845
43,0,164,-32.4146
29,0,159,-32.3522
47,0,166,-32.0783
37,0,177,-32.1921
55,0,182,-31.9286
61,0,192,-32.1562
21,0,154,-32.1558
52,0,175,-32.2286
56,0,166,-32.1506
47,0,160,-32.2875
40,0,164,-31.8902
30,0,160,-32.0312
58,0,183,-32.3825
26,0,183,-32.1639
44,0,164,-32.1098
34,0,144,-31.9167
51,0,171,-32.2339
32,0,173,-32.3815
39,0,159,-32.1447
39,0,166,-32.1386
51,0,196,-31.9235
24,0,197,-32.2487
39,0,165,-31.9697
56,0,183,-32.3279
48,0,172,-32.0756
45,0,148,-32.0135
70,0,180,-32.1167
45,0,165,-32.0848
40,0,156,-32.2821
35,0,251,-32.251
33,0,148,-31.5743
78,0,193,-32.0052
60,0,159,-31.9937
36,0,165,-32.3636
61,0,170,-31.5647
46,0,171,-32.2982
59,0,178,-32.1067
24,0,164,-32.2927
36,0,172,-32.1977
32,2,165,-32.5152
69,0,255,-31.9373
25,0,232,-32.8233
61,0,193,-32.2902
46,0,172,-32.2616
29,0,156,-32.5962
68,0,176,-32.0227
45,0,177,-32.1808
36,0,167,-32.4491
41,0,160,-32.2625
37,0,159,-31.8176
46,0,147,-32.2109
27,0,161,-32.323
67,0,183,-32.1749
53,0,172,-31.7849
47,0,189,-32.0159
47,0,164,-31.9146
40,0,165,-31.8606
53,0,162,-32.2654
40,0,156,-31.8974
32,0,153,-31.9869
25,0,157,-32.2866
52,0,163,-32.0982
50,0,181,-32.0497
37,0,160,-32.0375
61,0,181,-32.0276
42,0,157,-31.8025
39,0,168,-32.1012
56,0,181,-31.6961
61,0,173,-31.948
45,0,153,-32.3922
66,0,162,-31.8086
57,0,161,-31.8571
29,0,165,-32.0303
48,0,188,-32.2181
51,0,192,-32.4583
53,0,167,-31.7964
51,0,204,-32.3431
54,0,176,-31.8523
48,0,176,-32.1136
35,0,174,-32.1954
35,0,169,-32.3728
35,0,158,-32.0127
59,0,177,-32.3729
64,0,181,-32.4365
57,0,163,-32.0798
67,0,187,-32.2299
39,0,177,-31.7288
53,0,180,-32.1222
30,0,180,-32.2889
34,0,169,-32.2781
51,2,163,-32.2638
60,3,179,-31.8939
39,2,192,-32.599
34,2,183,-32.6066
34,0,234,-32.1752
50,0,185,-31.9892
49,0,168,-31.8452
42,0,171,-32.2924
34,2,157,-32.3439
39,0,167,-32.1018
48,0,161,-31.9689
21,2,180,-31.8222
29,0,185,-32.5027
30,0,163,-32.0123
42,0,178,-32.2697
52,0,185,-32.2973
32,0,183,-32.4809
22,0,169,-32.4438
42,0,162,-32.4074
25,0,165,-32.3091
22,0,156,-32.2949
39,3,170,-32.4765
25,0,167,-32.1677
55,0,158,-32.1646
36,0,170,-32.3235
35,2,188,-32.3245
30,1,170,-32.0882
34,0,171,-32.1404
20,0,222,-32.6036
29,0,171,-32.386
25,0,163,-32.1718
20,0,182,-32.5659
28,0,182,-32.1209
20,0,158,-32.3038
46,0,184,-32.0272
43,0,198,-32.3485
56,0,159,-32.044
39,0,165,-32.4242
60,0,180,-32.0444
76,0,190,-32.0526
33,0,168,-32.0774
31,0,158,-32.1266
65,0,184,-32.1087
59,0,163,-31.9264
56,0,166,-32.2229
48,0,156,-32.1667
59,0,166,-32.012
52,0,160,-31.8938
76,0,180,-31.8833
69,0,176,-32.0284
73,0,190,-31.9053
66,0,174,-32.3333
62,0,170,-31.9059
68,0,184,-32.0761
62,0,194,-31.8866
44,0,174,-32.0747
56,0,169,-32.3195
55,0,154,-32.0325
57,0,173,-32
57,0,359,-32.507
64,0,184,-31.6413
56,0,188,-32.5053
47,0,154,-32.3506
48,0,159,-31.8113
33,0,189,-32.2222
75,0,179,-31.8827
35,0,255,-32.3216
56,0,154,-31.987
67,0,189,-32.1587
30,0,220,-32.3682
50,0,160,-32.0875
48,0,147,-31.7483
60,0,175,-32.1429
32,0,174,-32.2011
56,0,179,-31.9832
36,0,158,-32.1646
28,0,325,-32.5723
62,0,177,-31.9661
71,0,166,-31.753
31,0,221,-32.1855
30,0,164,-32.0244
38,0,118,-32.1441
28,0,173,-32.6474
28,0,169,-32.4379
42,0,188,-32.4415
58,0,208,-32.4183
56,0,167,-32.2335
86,0,177,-31.791
63,0,174,-32.2644
66,0,352,-32.125
44,0,159,-31.9057
70,0,184,-31.9185
67,0,178,-32.0337
74,0,170,-31.6941
39,0,159,-32.2704
59,0,162,-32.1605
62,0,161,-31.8323
37,0,173,-32.1908
60,0,170,-31.8941
48,0,164,-32.4085
62,0,183,-31.9344
63,0,172,-32.0349
71,0,161,-31.9379
60,0,182,-32.2033
64,0,236,-31.8432
38,0,152,-32.4211
29,0,178,-32.4719
56,0,166,-32.0482
65,0,171,-32.1111
61,0,157,-31.6242
60,0,156,-32.0641
52,0,179,-32.1508
38,0,153,-32.3268
45,0,166,-32.1506
68,0,173,-32.1676
49,0,176,-32.267
41,0,157,-32.3121
46,0,192,-32.125
38,0,169,-31.8817
48,0,153,-31.8497
41,0,170,-32.3059
61,0,176,-32.3352
76,0,167,-31.8623
56,0,220,-32.1364
51,0,164,-31.7988
58,0,162,-32.142
58,0,164,-31.9085
65,0,177,-32.4294
45,0,159,-32.1384
43,0,172,-32.436
46,0,153,-32.1765
64,0,155,-31.8323
39,0,160,-31.9937
43,0,168,-31.3036
43,0,168,-31.6726
48,0,259,-32.2432
46,0,151,-32.1457
75,0,175,-32.32
43,0,171,-32.1462
54,0,155,-32.0452
35,0,159,-32.434
65,0,165,-32.3636
41,0,148,-32.0203
65,0,191,-31.9738
54,0,163,-32.3006
35,0,161,-32.2112
53,0,162,-31.8333
72,0,189,-32.0582
25,0,168,-32.3036
54,0,156,-32.1795
50,0,167,-31.7904
79,0,168,-31.6429
59,0,167,-32.0479
56,0,160,-32.1313
49,0,176,-31.9716
54,0,177,-31.9379
60,0,171,-32.386
52,0,170,-32.0765
43,0,150,-32.6133
59,0,170,-32.0471
61,0,167,-31.9102
47,0,154,-32.2792
61,0,179,-32.1397
49,0,199,-32.1307
48,0,156,-32.0962
52,0,142,-32.0211
62,0,180,-32.0389
66,0,181,-31.8729
54,0,175,-32.2514
71,0,186,-31.8333
43,0,163,-32.0798
52,0,162,-32.5556
48,0,173,-31.6243
69,0,182,-32.3571
49,0,156,-32.2372
58,0,167,-31.7365
40,0,160,-32.15
71,0,187,-31.8717
65,0,177,-32.0226
54,0,173,-32.2659
62,0,188,-32.2394
51,0,151,-32.2053
63,0,181,-32.1326
32,0,153,-32.3725
29,0,249,-32.4859
62,0,194,-32.3196
72,0,171,-31.7368
60,0,159,-31.9937
77,0,179,-32.067
57,0,170,-31.8882
59,0,192,-32.2552
55,0,162,-31.5988
43,0,151,-32.2517
64,0,197,-32.4772
53,0,180,-32.0056
62,0,175,-32.0171
46,0,164,-32.3476
77,0,164,-32.1768
50,0,151,-31.9007
53,0,175,-32.1657
44,0,148,-32.0405
23,0,164,-32.5793
57,0,176,-32.1136
53,0,166,-32.0181
28,0,168,-32.1607
72,0,194,-32.0258
43,0,174,-31.7759
58,0,150,-31.7
39,0,151,-31.6821
59,0,191,-31.8272
59,0,176,-32.0909
75,0,181,-31.5525
43,0,182,-31.8242
44,0,167,-32.479
51,0,161,-32.0311
53,0,157,-32.1656
32,0,185,-32.1622
49,0,262,-32.0725
47,0,173,-31.9769
52,0,156,-31.8526
46,0,186,-32.4677
63,0,161,-31.6957
39,0,160,-32.65
53,0,170,-32.3882
52,0,168,-32.2917
32,0,160,-32.1562
53,0,166,-31.9578
56,0,174,-32.2069
70,0,166,-31.5542
65,0,181,-31.9669
57,0,182,-32.1923
58,0,185,-32.0811
48,0,168,-32.3512
34,0,143,-32.4266
33,0,233,-32.4936
56,0,171,-31.8187
69,0,175,-31.8629
61,0,313,-31.8946
50,0,158,-32
55,0,255,-32.0902
59,0,161,-31.7329
57,0,172,-31.8198
49,0,201,-32.4328
72,0,177,-32.0565
72,0,179,-32.0503
32,0,171,-32.5965
54,0,179,-32.352
60,0,183,-31.8907
50,0,161,-32.3727
32,0,159,-32.4906
64,0,159,-32.0252
42,0,177,-32.2316
61,0,221,-32.4027
42,0,155,-32.1871
40,0,148,-32.25
57,0,172,-31.8837
44,0,156,-31.8974
60,0,165,-31.9273
69,0,165,-31.8242
57,0,183,-32.2404
43,0,229,-32.6725
67,0,171,-31.731
49,0,184,-31.9783
31,0,241,-32.3693
44,0,98,-32.1122
78,0,161,-31.9627
31,0,164,-31.9756
28,0,164,-32.2805
67,0,246,-32
47,0,154,-32.1753
39,0,166,-31.8976
57,0,167,-31.9281
49,0,157,-32.1656
53,0,169,-32.2722
45,0,188,-32.5851
51,0,151,-31.9272
58,0,171,-32.0643
67,0,168,-32.0298
60,0,176,-32.4261
52,0,169,-32.1006
43,0,160,-32.3188
56,0,157,-31.8153
63,0,221,-31.5792
44,0,151,-32.2583
53,0,157,-32.3567
61,0,179,-32.1006
44,0,164,-32.0061
61,0,167,-32.1138
58,0,192,-32.1042
48,0,152,-31.8882
47,0,178,-31.8876
59,0,162,-32.2407
72,0,161,-31.7267
47,0,167,-32.1617
28,0,233,-32.412
59,0,267,-32.2584
48,0,174,-31.8678
37,0,160,-32.4562
32,0,149,-32.0067
56,0,171,-32.193
68,0,182,-32.4396
60,0,179,-31.9274
55,0,179,-31.9777
36,0,152,-32.4013
43,0,164,-32.25
57,0,176,-32.0625
52,0,181,-32.1878
48,0,172,-32.2558
29,0,158,-32.1013
58,0,175,-32.0857
74,0,176,-31.9034
40,0,180,-31.6389
58,0,177,-31.5424
60,0,168,-31.8929
37,0,162,-32.4815
45,0,226,-32.0752
59,0,147,-31.7959
76,0,180,-31.8278
50,0,165,-31.9152
57,0,155,-32.1677
31,0,165,-32.1939
32,0,152,-32.0526
46,0,166,-31.9699
36,0,107,-31.1869
46,0,172,-32.2209
29,0,151,-32.4172
65,0,164,-32.0671
39,0,174,-31.931
56,0,256,-32.2188
50,0,152,-32.4276
30,0,175,-32.3086
54,0,174,-31.9828
42,0,181,-32.1823
33,0,151,-31.8212
34,0,168,-32
20,0,156,-32.4038
57,0,169,-31.9941
24,0,158,-32.1329
39,0,230,-32.3783
48,0,193,-32.1347
24,0,191,-32.356
62,0,164,-31.811
40,0,176,-31.9318
48,0,160,-32.5063
41,0,171,-32.2456
38,0,157,-32.2166
30,0,148,-31.973
37,0,155,-31.7484
38,0,171,-32.1228
48,0,169,-32.0533
24,0,164,-32.1524
33,0,159,-32.0943
43,0,133,-32.1955
50,0,176,-31.9091
47,0,162,-32.0062
44,0,178,-32.2416
29,0,161,-32.0559
37,0,155,-32.2194
55,0,166,-31.8554
36,0,161,-31.9752
30,0,175,-31.76
55,0,166,-31.9819
62,0,173,-31.289
29,0,178,-32.5337
35,0,171,-32.2807
29,0,163,-32.2577
63,0,170,-31.3529
32,0,161,-32.1677
45,0,172,-31.8256
28,0,160,-32.375
32,9,171,-32.3509
44,0,153,-31.9412
42,0,157,-32.0255
27,0,177,-32.1751
30,0,183,-32.623
41,0,154,-31.9805
49,0,155,-32.0129
52,0,164,-32.1585
53,0,169,-31.5325
56,0,168,-32.125
29,0,162,-32.3086
32,0,152,-32.1382
29,0,212,-32.8066
22,0,256,-32.168
25,0,166,-32.5422
52,0,165,-31.7576
66,0,162,-31.4938
52,0,166,-32.2108
46,0,149,-32.0537
63,0,171,-31.8363
28,0,172,-32.2849
33,0,190,-31.9895
47,0,175,-31.6571
26,0,156,-32.0577
22,0,171,-32.0585
42,0,183,-32.2295
47,0,165,-31.7818
38,0,174,-32.3448
24,0,171,-32.0292
23,0,196,-32.3112
23,0,188,-32.633
34,0,177,-32.1638
25,0,175,-32.1314
53,0,176,-32.0511
25,0,169,-32.4379
29,0,258,-32.5543
38,0,159,-32.2201
36,0,170,-32.4
52,0,164,-32.4512
23,0,239,-32.318
35,0,256,-32.3555
35,0,151,-32.0861
31,0,173,-32.3237
52,0,173,-32.0058
39,0,168,-32.3155
23,0,178,-32.6404
34,0,164,-31.9512
44,0,162,-32.1111
50,0,160,-31.9438
60,0,177,-32.0226
60,0,186,-31.8548
54,0,171,-32.2865
57,0,178,-32.3876
46,0,170,-32.3882
61,0,194,-32.3247
39,0,231,-32.5238
35,0,180,-32.4167
53,0,171,-32.345
33,0,169,-32.0414
53,0,160,-31.8375
33,0,170,-32.4882
59,0,186,-32.0269
56,0,187,-32.3316
47,0,167,-32.1018
56,0,170,-32.0471
47,0,170,-32.1
49,0,193,-31.9275
65,0,179,-31.7877
68,0,172,-31.9186
46,0,185,-32.1568
57,0,223,-32.296
47,0,153,-31.8693
55,0,174,-32.2241
55,0,168,-32.1905
38,0,155,-32.4774
54,0,173,-31.8844
58,0,188,-32.1862
39,0,236,-32.0593
41,0,208,-32.3317
48,0,100,-32.16
52,0,188,-31.7287
73,0,183,-32.1421
31,0,209,-32.7799
52,0,188,-32.0426
33,0,162,-32.4877
42,0,143,-31.8601
55,0,177,-31.9774
36,0,170,-32.5882
40,0,156,-32.3718
45,0,167,-32.2635
56,0,171,-31.7485
48,0,177,-32.3333
22,0,228,-32.6096
30,0,158,-32.2595
56,0,159,-32.0252
56,0,152,-32.1053
36,0,166,-32.4699
44,0,173,-31.896
45,0,162,-32.037
62,0,170,-31.8
57,0,170,-32.1412
53,0,151,-32.2517
66,0,170,-32.3412
33,0,158,-32.1646
58,0,175,-32
26,0,218,-31.8349
67,0,179,-31.676
28,0,166,-32.0482
54,0,180,-32.2944
44,0,160,-32.35
30,0,196,-32.4184
49,0,161,-31.9441
22,0,154,-32.3571
53,0,180,-31.55
43,0,161,-32.087
57,0,157,-31.7134
49,0,143,-31.7902
63,0,176,-32.1307
41,0,157,-32.3185
43,0,243,-32.0165
39,0,161,-31.5528
59,0,175,-32.04
42,0,165,-32.2
51,0,174,-32.1609
37,0,155,-32.2387
33,0,162,-32.3395
56,0,170,-32.1
54,0,166,-32.012
40,0,182,-32.467
53,0,176,-32.2784
42,0,168,-32.3095
38,0,192,-32.3854
28,0,160,-32.6437
39,0,175,-32.24
30,0,177,-32.435
22,0,216,-32.3148
43,0,162,-31.8765
25,0,150,-32.36
27,0,243,-32.2963
64,0,167,-31.8623
54,0,174,-31.7931
32,0,160,-32.1938
41,0,244,-32.5287
44,0,150,-31.9533
44,0,156,-32.3013
48,0,196,-32.3622
37,0,163,-32.3988
39,0,159,-32.2767
58,0,182,-31.989
22,2,200,-32.645
24,0,179,-32.5922
34,0,177,-32.209
25,0,152,-31.8355
55,0,161,-31.9068
37,0,178,-32.073
23,0,159,-32.3145
37,0,165,-31.9212
38,0,156,-32.2436
37,0,166,-32.0904
58,0,164,-32.128
37,0,146,-32.4863
36,0,176,-32.1136
25,0,172,-32.7384
44,0,156,-32.1731
29,0,156,-32.3846
38,0,187,-32.5775
47,0,154,-32.1104
56,0,175,-31.8914
41,0,152,-32.1053
52,0,176,-32.3295
40,0,161,-32.205
34,0,144,-32.5833
60,0,184,-32.3967
40,0,161,-31.8509
54,0,166,-31.6988
33,0,161,-32.0559
52,0,160,-31.9062
40,0,151,-32.4106
26,4,174,-32.3448
34,0,136,-31.7941
39,0,167,-31.9641
23,0,159,-32.1069
41,0,170,-31.7765
64,0,175,-32.0057
31,0,208,-32.3846
35,0,185,-32.027
23,1,265,-32.5245
38,0,181,-32.4586
31,0,177,-31.9605
21,0,180,-32.5778
22,0,191,-32.1414
31,0,86,-32.1977
23,2,196,-32.5
51,2,167,-31.7725
36,0,157,-31.7834
23,0,182,-32.4725
26,1,147,-32.0952
30,0,160,-32.4062
24,0,160,-32.0688
54,0,153,-31.6667
36,0,164,-32.128
32,2,171,-32.6608
22,1,167,-32.7605
27,0,160,-32.3438
28,2,182,-32.6593
26,0,89,-31.9101
32,0,154,-31.8766
53,2,166,-32.0482
40,0,177,-32.3898
44,0,153,-32.1634
35,0,173,-32.4162
44,0,193,-32.3109
32,0,175,-31.8857
44,0,171,-32.3918
22,0,154,-32.2922
30,0,167,-32.1377
43,0,186,-31.8441
49,0,179,-32.162
39,0,145,-32.1931
44,0,187,-32.3102
45,0,184,-32.337
50,0,166,-32.0783
54,0,168,-31.9702
69,0,171,-32.0468
38,0,158,-32.1139
51,0,181,-32.4309
38,0,153,-32.0784
50,0,150,-32.1533
32,0,172,-32.0233
54,0,163,-31.7975
32,0,163,-32.1043
40,0,145,-32.269
43,0,143,-31.986
36,0,155,-31.471
48,0,151,-32.2185
42,0,154,-32.4545
39,0,161,-31.9938
30,0,165,-32.2667
54,0,221,-32.3937
49,0,183,-32.2131
49,0,164,-32.3171
62,0,172,-32.2151
70,0,176,-31.6932
38,0,158,-32.3797
60,0,167,-32.1557
38,0,165,-32.1879
59,0,174,-32.1954
28,0,200,-32.3
53,0,175,-32.0457
43,0,184,-32.0978
42,0,176,-32.4602
39,0,174,-32.2126
32,0,156,-32.3397
45,0,202,-32.396
55,0,178,-32.1517
48,0,160,-31.9312
36,0,169,-32.4852
32,0,165,-31.7273
59,0,171,-31.538
22,0,159,-32.5031
49,0,172,-32.2151
45,0,155,-32.1097
36,0,157,-32.3567
45,0,167,-32.006
56,0,168,-31.5298
28,0,162,-32.3827
25,0,183,-32.3169
64,0,169,-31.7219
49,0,160,-32.3125
41,0,159,-32.2013
27,0,162,-32.2222
46,0,156,-32.1282
39,0,153,-32.0915
39,0,171,-32.1754
57,0,177,-32.0508
26,0,182,-32.1923
39,0,170,-32.1765
31,0,172,-31.9419
51,0,166,-31.9277
59,0,159,-32.0818
34,0,162,-32.1667
64,0,253,-32.0514
42,0,161,-31.2857
50,0,171,-32.0936
36,0,174,-32.0747
66,0,185,-32.0108
35,0,171,-32.2339
42,0,175,-32.5714
39,0,182,-32.1593
42,0,181,-32.3702
35,0,170,-32.0176
37,0,200,-31.86
35,0,164,-32.2256
68,0,172,-32.1221
47,0,172,-32.1453
41,0,162,-32.0556
41,0,177,-32.4294
34,0,159,-31.9748
72,0,180,-31.9778
38,0,178,-32.3876
51,0,155,-32.3742
39,0,187,-32.4011
39,0,170,-32.1882
59,0,171,-32.0877
61,0,164,-32.2622
41,0,171,-32.6199
58,0,165,-32.3455
51,0,182,-32.3626
50,0,154,-32.2597
74,0,180,-31.9
38,0,180,-32.3833
38,0,195,-32.5692
31,0,218,-32.3486
35,0,157,-32.5669
37,0,170,-32.3588
49,0,157,-31.6115
42,0,159,-31.7107
41,0,153,-32.5294
30,0,140,-32.2286
67,0,330,-32.2515
48,0,187,-32.1765
40,0,148,-32.0743
36,0,149,-32.0403
36,0,184,-32.2609
52,0,187,-32.385
41,0,179,-32.2123
57,0,174,-31.9368
55,0,160,-31.675
39,0,148,-31.777
48,0,176,-31.8864
34,0,194,-32.3454
47,0,168,-32.0952
48,0,173,-32.2543
35,0,149,-31.9195
36,0,165,-32.1333
44,0,164,-32.1829
31,0,252,-32.2619
43,0,159,-31.9371
39,0,122,-32.7295
44,0,168,-32.0179
34,0,182,-32.1044
60,0,168,-31.5714
46,0,187,-32.4652
46,0,189,-32.4233
62,0,180,-32.2056
29,0,190,-32.6947
46,0,171,-32.1579
61,0,172,-31.5698
59,0,177,-32.1186
51,0,209,-32.3636
56,0,161,-32.0373
35,0,171,-32.2749
54,0,177,-31.9718
33,0,236,-32.5508
33,0,150,-32.0067
60,0,163,-31.7546
31,0,250,-31.988
35,0,192,-32.1667
54,0,171,-31.7836
39,0,190,-32.2526
46,0,150,-32.0733
30,0,164,-32.0366
42,0,162,-31.9691
46,0,161,-32.2857
45,0,169,-32.426
57,0,151,-31.5364
48,0,144,-32.0972
41,0,157,-32.0892
45,0,175,-32.2114
72,0,178,-31.8371
54,0,173,-32.2543
63,0,165,-32.0303
50,0,185,-32.0595
55,0,154,-31.6104
41,0,156,-32.0577
56,0,185,-32.1189
58,0,182,-32.0879
54,0,166,-32.0361
43,0,164,-32.0061
45,0,168,-32.0595
58,0,171,-31.9532
57,0,180,-31.95
37,0,162,-32.0741
42,0,166,-32.4639
21,0,194,-32.5567
47,0,159,-31.7547
30,0,184,-32.2174
61,0,166,-31.8554
31,0,142,-31.9014
23,0,150,-32.3733
55,0,165,-31.7273
57,0,181,-32.0442
63,0,182,-32.2637
47,0,156,-31.9231
58,0,192,-32.1354
63,0,187,-32.1176
21,0,154,-32.3377
72,0,182,-32.2418
45,3,153,-32.2549
69,0,173,-31.8497
38,0,166,-32.2349
45,0,170,-32.3765
57,0,175,-31.9314
22,0,134,-32.7463
59,0,174,-32.023
34,0,161,-31.8012
71,0,207,-31.8213
33,0,160,-31.9187
30,0,170,-32.3882
44,0,161,-32.0124
42,0,153,-32.0392
51,0,180,-32.2944
46,0,164,-31.8841
60,0,182,-32.0769
48,0,158,-32
37,1,169,-31.9941
51,0,156,-32.1538
26,0,155,-32.3161
21,0,148,-32.3446
47,0,160,-32.2687
33,0,155,-31.9613
31,0,145,-32.1655
49,0,177,-32.3672
61,0,267,-31.7678
48,0,171,-32.1696
41,0,160,-32.2125
52,0,178,-31.9888
63,0,164,-31.689
37,0,167,-32.3174
64,0,182,-32.0275
54,0,170,-31.5941
68,0,170,-32.0412
73,0,187,-31.984
48,0,159,-31.9686
52,0,162,-32.284
45,0,161,-31.4969
42,0,152,-32
42,0,171,-31.538
32,0,168,-32.0238
58,0,152,-32.1974
42,0,243,-32.107
48,0,159,-32
38,0,153,-32.2484
51,0,161,-31.6211
55,0,174,-32.2184
42,0,158,-31.7532
60,0,165,-32.0485
65,0,159,-31.6604
31,0,185,-32.2216
39,0,178,-32.4326
43,0,167,-32.0419
39,0,152,-32.0132
65,0,172,-31.8256
49,0,163,-31.8098
73,0,185,-31.9189
35,0,171,-32.2865
28,0,180,-32.5111
40,0,184,-32.337
47,0,148,-32.1284
39,0,157,-32.0828
43,0,146,-31.8836
63,0,149,-31.6577
60,0,174,-32.3563
29,0,159,-32.3522
51,0,166,-32.1566
42,0,160,-31.6
43,0,165,-31.4848
29,0,141,-32.1773
63,0,156,-32.0192
37,0,145,-32.3931
30,0,204,-32.2941
54,0,167,-31.8683
52,0,160,-31.6875
44,0,154,-32.2273
51,0,166,-32.259
51,0,151,-31.8278
63,0,162,-32.0679
47,0,182,-32.489
52,0,156,-32.3782
29,0,153,-31.9346
29,0,191,-32.4974
50,0,157,-31.9363
50,0,171,-32.4152
47,0,163,-32.2331
27,0,156,-32.0962
50,0,177,-32.096
52,0,168,-32.2381
34,0,161,-32.3727
30,0,195,-32.4821
36,0,175,-31.9029
40,0,171,-31.8304
65,0,173,-31.6821
35,0,148,-31.9527
54,0,165,-32.1879
48,0,166,-32.1205
40,0,161,-32.1801
56,0,169,-31.9941
37,0,179,-32.1564
26,0,163,-32.1595
26,0,165,-32.3576
39,0,164,-32.1768
60,0,168,-31.9345
23,0,166,-32.2831
40,0,154,-31.9675
45,0,156,-32.0769
45,0,171,-32.1813
30,0,163,-32.0736
30,0,150,-32.04
25,5,135,-32.4741
29,0,151,-32.2384
32,0,212,-32.3443
51,0,179,-31.9441
39,0,157,-31.4268
33,0,155,-31.9742
48,0,208,-32.7452
30,0,147,-32.0272
27,0,170,-32.0647
50,0,164,-32.1585
42,0,150,-32.1267
49,0,163,-32.0184
31,0,191,-32.0628
44,0,162,-31.8889
26,0,170,-32.5882
41,0,169,-32.0118
51,0,244,-31.8074
31,0,161,-32.0248
34,0,150,-32.1333
64,0,168,-31.869
21,0,174,-32.3046
45,0,157,-32.6624
41,0,130,-32.6538
48,0,161,-32.0994
37,0,172,-32.4884
37,0,157,-32.1656
34,0,162,-31.9198
48,0,165,-32.4182
39,0,151,-31.6887
36,0,169,-32.2663
49,0,189,-32.1799
20,0,170,-32.2882
38,0,152,-32.4145
30,0,157,-32.2803
21,0,164,-32.4085
38,0,165,-32.2424
42,0,161,-32.2671
58,0,180,-32.2944
53,0,158,-31.9684
43,0,155,-31.9613
49,0,160,-32.0688
36,0,169,-32.3491
53,0,163,-31.9816
65,0,180,-32.1444
55,0,179,-31.7877
55,0,156,-32.3846
22,0,159,-32.283
63,0,182,-31.6593
55,0,145,-31.9103
43,0,245,-32.3796
68,0,171,-32.1111
48,0,177,-31.8644
31,0,158,-32.3481
63,0,172,-32.3198
49,0,180,-31.9
52,0,182,-32.1264
38,0,164,-31.8537
55,0,167,-31.8922
37,0,152,-32.4013
43,0,155,-32.2323
67,0,180,-32.0222
33,0,181,-32.5414
35,0,178,-32.0056
40,0,168,-31.8274
58,0,197,-31.8985
64,0,174,-32.1379
62,0,165,-32.0848
26,0,179,-32.2291
43,0,159,-31.6352
58,0,254,-31.937
54,0,180,-31.8778
56,0,177,-32.3107
53,0,171,-32.1462
45,0,75,-31.4933
74,0,175,-31.9886
68,0,192,-32.2448
51,0,163,-32.2883
47,0,160,-32.1437
52,0,159,-31.9371
38,0,160,-32.1375
66,0,168,-31.8452
57,0,161,-31.764
50,0,171,-32.1053
49,0,146,-32.4452
43,0,172,-32.1279
36,0,161,-32.3043
24,0,161,-32.3975
61,0,160,-31.6062
59,0,201,-32.4726
46,0,173,-32.052
41,0,164,-32.1524
42,0,165,-32.1636
44,0,194,-32.2474
32,0,164,-31.8293
29,0,149,-32.0403
40,0,175,-32.4629
56,0,179,-32.3911
66,0,166,-31.9036
37,0,167,-32.2335
61,0,172,-31.9826
41,0,161,-31.9441
38,0,149,-31.6846
46,0,164,-32.0488
28,0,175,-32.3714
37,0,153,-31.7386
47,0,158,-32.057
32,0,154,-32.0584
42,0,169,-31.7751
59,0,167,-32.2635
35,0,164,-32.1768
23,0,191,-32.5183
46,0,169,-31.9645
61,0,159,-31.956
41,0,167,-31.7066
36,0,162,-32.0679
52,0,162,-31.963
27,0,161,-32.236
38,0,154,-32.2338
34,0,170,-32.1176
30,0,245,-32.3673
67,0,164,-31.689
37,0,176,-32.3295
46,0,324,-32.2963
33,0,180,-32.3722
42,0,175,-32.0229
64,0,171,-31.6901
32,0,186,-32.4086
49,0,164,-31.9512
60,0,168,-31.8631
40,0,161,-31.3602
34,0,162,-31.9815
32,0,171,-32.0058
51,0,207,-31.4541
39,0,177,-31.8418
49,0,176,-31.8864
41,0,187,-31.9251
46,0,139,-32.5036
65,0,163,-31.9264
73,0,187,-32.1444
54,0,167,-32.018
55,0,187,-31.7166
71,0,179,-31.8659
50,0,161,-32.0373
70,0,171,-32.1637
56,0,174,-32.0402
45,0,173,-31.8844
44,0,171,-32.4971
57,0,171,-32.0702
79,0,268,-32.3358
57,0,172,-31.9012
40,0,157,-32.3185
36,0,156,-32.25
31,0,151,-32.2715
58,0,169,-31.6627
29,0,173,-31.9884
31,0,163,-32.1166
78,0,168,-31.7024
59,0,171,-32.2105
32,0,163,-32.0123
42,0,151,-31.9404
45,0,154,-32.2532
61,0,158,-31.8544
50,0,164,-32.1341
33,0,168,-32.3512
32,0,150,-32.3133
20,0,142,-32.3662
50,0,270,-32.1741
39,0,140,-31.9643
34,0,168,-31.9167
60,0,171,-31.8713
45,0,325,-32.5108
45,0,181,-32.337
42,0,226,-32.1726
45,0,161,-31.9441
35,0,157,-32.3248
55,0,167,-32.2216
54,0,164,-32.2988
55,0,159,-32.3836
51,0,168,-32.1131
22,0,141,-32.0993
50,0,177,-32.0621
56,0,170,-32.0588
39,0,153,-31.8889
50,0,154,-32
53,0,152,-32.3553
43,0,169,-32.503
36,0,160,-32.0438
59,0,179,-31.5698
41,0,170,-32.0412
44,0,152,-32.2434
49,0,169,-32.1302
59,0,152,-31.9803
48,0,158,-31.6582
45,0,159,-32.0818
37,0,167,-32.3473
71,0,156,-31.7885
47,0,166,-31.8012
38,0,172,-31.9826
46,0,162,-31.2778
55,0,176,-31.9318
53,0,175,-31.8743
32,0,172,-31.843
45,0,165,-32.4303
27,0,85,-32.1059
20,0,171,-32.1287
38,0,159,-32.5975
56,0,165,-31.7818
48,0,184,-32.2011
58,0,275,-32
48,0,189,-32.2593
44,0,168,-32.1131
40,0,167,-31.988
53,0,215,-31.9674
55,0,178,-32.1292
62,0,182,-31.8791
54,0,186,-31.3441
28,0,159,-32.3145
53,0,163,-31.6012
45,0,165,-31.9515
65,0,176,-31.8011
54,0,165,-32.2848
52,0,168,-32.2738
46,0,160,-32.1688
51,0,204,-32.0882
54,0,176,-32.3125
52,0,172,-31.9128
24,0,151,-31.947
57,0,166,-32.3193
48,0,265,-32.3358
48,0,263,-32.346
46,0,172,-31.9884
60,0,177,-31.6441
50,0,155,-32.5355
56,0,174,-32.2644
61,0,181,-32.1492
63,0,186,-31.7151
55,0,177,-32.1921
58,0,328,-31.9726
29,0,151,-31.9272
51,0,176,-32.2273
46,0,186,-32.1935
49,0,178,-32.0281
48,0,182,-32.0989
40,0,160,-31.9375
58,0,167,-31.7485
54,0,339,-32.1652
29,0,142,-32.2465
30,0,192,-32.5885
69,0,170,-32.4588
44,0,154,-31.8831
42,0,168,-32.2619
51,0,169,-31.8639
38,0,74,-31.7568
40,0,170,-32.3176
60,0,173,-31.9017
43,0,159,-32.0566
50,0,178,-31.9719
51,0,245,-32.2735
51,0,179,-32.3575
56,0,169,-31.858
38,0,186,-32.2097
55,0,158,-31.6392
53,0,169,-32
60,0,182,-32.2473
22,0,124,-32.0887
35,0,182,-31.8736
24,0,174,-32.4425
59,0,169,-31.8817
40,0,166,-32.3614
69,0,158,-31.8671
43,0,148,-32.1892
59,0,168,-32.3036
20,0,149,-32.0201
41,0,255,-32.1373
42,0,168,-32.131
61,0,183,-32.0601
45,0,167,-31.8144
41,0,154,-32.1104
52,0,176,-32.233
60,0,171,-31.9942
43,0,156,-32.3846
43,0,178,-31.9157
65,0,172,-31.5756
56,0,167,-32.0599
34,0,167,-32.006
43,0,151,-32.3642
50,0,152,-31.625
39,0,154,-32.2597
59,0,165,-32.2303
48,0,160,-32.0562
43,0,140,-31.7571
45,0,170,-32.3294
46,0,170,-32.0471
46,0,174,-31.9598
54,0,167,-32.018
58,0,179,-31.5531
41,0,165,-32.1394
42,0,159,-31.7987
22,0,166,-32.2048
60,0,179,-31.7486
39,0,170,-32.5059
36,0,164,-32.2256
55,0,165,-31.8
48,0,162,-31.8827
46,0,171,-32.1053
34,0,158,-32.1203
71,0,152,-31.8487
45,0,151,-31.7815
40,0,166,-32.3434
50,0,166,-32.2771
47,0,156,-32.2051
42,0,184,-31.7391
39,0,141,-32.1064
66,0,180,-31.7444
45,0,183,-32.3497
44,0,177,-32.0452
47,0,163,-31.9939
45,0,157,-32.0127
39,0,166,-32.1145
32,0,165,-32.4182
62,0,189,-31.8201
45,0,171,-32.2982
48,0,92,-31.8261
52,0,164,-32.311
56,0,160,-31.9438
37,0,150,-32.2733
66,0,275,-31.9455
35,0,162,-32.2469
55,0,157,-31.5924
37,0,186,-32.3925
55,0,153,-31.9085
34,0,163,-31.7914
47,0,160,-32.4062
69,0,177,-32.1582
32,0,150,-32.1333
56,0,159,-32.283
54,0,247,-32.0607
64,0,157,-31.9172
60,0,178,-31.4775
67,0,161,-31.8571
25,0,167,-31.9701
37,0,171,-31.9649
40,0,132,-32.3333
44,0,93,-32.2796
64,0,176,-31.858
64,0,159,-32.0881
57,0,185,-32.1892
51,0,161,-32.0683
52,0,154,-32.1623
52,0,190,-32.1211
66,0,168,-32.1131
52,0,152,-31.9474
28,0,149,-32.0872
49,0,167,-31.8383
50,0,150,-32.4133
60,0,170,-32.1353
46,0,174,-32.2241
27,0,166,-32.0843
27,0,151,-32.457
60,0,169,-32.3491
50,0,257,-32.2996
68,0,182,-31.7967
47,0,158,-32.2848
59,0,259,-32.0965
31,0,247,-32.1053
39,0,156,-32.2949
49,0,170,-31.6882
40,0,153,-32.5817
51,0,147,-31.7415
33,0,170,-32.3412
37,0,144,-32.2083
31,0,151,-32.1126
50,0,182,-32.3132
33,0,157,-32.3376
56,0,175,-32.1543
70,0,356,-32.2135
55,0,185,-32
51,0,182,-32.0989
51,0,169,-31.8639
57,0,181,-31.9448
57,0,151,-32.0662
37,0,165,-32.0909
68,0,364,-32.1511
38,0,155,-32.2387
44,0,149,-31.9664
50,0,80,-31.2375
42,0,144,-32.3819
42,0,158,-32.3924
34,0,176,-32.3693
30,0,155,-32.2774
69,0,176,-31.9375
64,0,178,-31.9607
57,0,184,-32.2065
54,0,165,-32.2727
44,0,153,-31.9412
45,0,197,-32.0711
61,0,154,-31.7338
29,0,165,-31.6303
23,0,156,-32.1667
66,0,172,-31.4535
50,0,171,-31.8889
45,0,165,-31.9212
45,0,173,-32.4104
55,0,162,-32.1296
38,0,159,-31.6855
56,0,162,-31.716
40,0,171,-32.4152
64,0,173,-32.3468
30,0,137,-32.562
65,0,172,-31.9477
39,0,164,-31.8476
42,0,165,-32.3818
49,0,158,-32.2911
41,0,153,-32.0131
46,0,169,-31.858
33,0,153,-31.6797
55,0,161,-31.9317
34,0,146,-32.0068
73,0,167,-32.0599
60,0,175,-31.8629
32,0,173,-32.104
59,0,166,-31.4157
61,0,175,-32.0457
63,0,164,-32.372
55,0,166,-32.4639
30,0,153,-31.9804
47,0,170,-31.7235
54,0,168,-31.4881
43,0,162,-32.0309
44,0,165,-31.5394
47,0,181,-31.8287
37,0,164,-31.6159
48,0,147,-31.8299
20,0,153,-32.4052
38,0,159,-31.7484
44,0,169,-32.3669
51,0,184,-32.3913
34,0,184,-32.5272
63,0,176,-32.1193
36,0,173,-31.9711
35,0,172,-32.343
58,0,219,-32.2237
49,0,185,-32.3081
48,0,164,-32.0732
34,0,148,-31.5135
46,0,211,-32.2559
64,0,168,-31.506
53,0,182,-31.9341
45,0,199,-32.3317
51,0,184,-31.9239
26,0,140,-32.6571
43,0,226,-32.4513
36,0,157,-32.6497
43,0,166,-32.0663
41,0,157,-32.1274
60,0,154,-31.8117
28,0,206,-32.3495
51,0,184,-32.2826
40,0,160,-31.9625
58,0,173,-31.8035
69,0,179,-31.9777
33,0,251,-32.7809
46,0,166,-31.8072
41,0,165,-32.1697
46,0,151,-31.8477
58,0,200,-31.765
50,0,156,-32.0577
41,0,134,-31.8657
59,0,252,-32.1786
49,0,168,-31.9881
31,0,158,-32.2658
60,0,169,-32.142
23,0,164,-32.4512
45,0,155,-32.0968
41,0,165,-32.1394
32,0,155,-32.129
69,0,176,-32.0682
44,0,188,-32.1436
52,0,177,-32.1638
39,0,154,-32.1883
42,0,175,-32.1714
55,0,180,-32.0667
58,0,170,-32.2647
61,0,149,-31.9597
48,0,166,-31.7108
42,0,159,-31.9245
41,0,172,-31.7965
30,0,156,-32.2372
56,0,175,-32.2343
57,0,160,-31.8625
34,0,137,-31.9051
35,0,163,-32.3926
47,0,164,-32.1402
51,0,253,-32.5692
30,0,153,-32.2941
49,0,170,-31.6941
62,0,276,-31.8478
50,0,169,-32.4497
30,0,176,-32.4545
47,0,170,-31.8412
71,0,177,-31.5028
49,0,182,-31.9231
58,0,172,-32.1802
53,0,179,-32.324
54,0,170,-32.1765
67,0,179,-31.8268
30,0,161,-32.3851
51,0,165,-31.8848
45,0,184,-32.0489
27,0,190,-32.0842
20,0,186,-32.4462
61,0,176,-31.9375
47,0,180,-32.1944
54,0,157,-32.172
26,0,143,-31.8112
45,0,167,-31.9521
22,0,161,-32.5528
28,0,159,-32.4465
56,0,167,-31.9222
20,0,144,-32.4583
35,0,139,-31.7194
43,0,147,-32.1973
60,0,188,-32.0638
24,0,168,-31.8155
43,0,148,-32
36,0,157,-31.7834
43,0,168,-32.0774
29,0,149,-31.9664
36,0,164,-32.3171
40,0,181,-32.3757
36,6,273,-32.348
39,2,150,-31.7067
34,0,145,-31.6207
20,1,239,-32.2636
26,2,204,-32.5686
36,0,240,-32.075
47,2,143,-32.0559
27,1,155,-31.9742
25,0,159,-32.8113
27,1,169,-32.3136
47,0,173,-32.0462
58,0,170,-32.0529
29,0,161,-31.9193
48,2,174,-32.1494
37,2,177,-32.5141
34,0,156,-32.2564
22,0,176,-32.5227
57,0,177,-31.9435
32,0,208,-32.5529
50,0,164,-32.2195
25,0,166,-32.2892
31,0,161,-32.1118
34,0,159,-32.0566
37,0,158,-32.1203
36,7,148,-32.0473
47,0,161,-31.7391
39,0,176,-31.9432
27,3,154,-32.6104
33,2,163,-32.1779
26,0,142,-32.3732
43,7,169,-32.4793
51,0,166,-31.7289
46,0,186,-32.1452
24,0,175,-32.3714
48,0,180,-31.8167
33,0,158,-32.3354
32,2,153,-32.098
22,0,167,-32.1617
32,0,145,-32.1931
32,0,172,-32.5291
32,1,156,-32.1282
47,0,163,-31.9448
36,4,156,-31.9423
53,0,171,-32.1696
29,0,191,-32.3508
42,2,150,-32.5667
30,7,153,-32.4575
39,0,143,-32.1538
29,6,142,-32.3099
49,0,222,-32.3378
26,2,157,-32.2166
29,0,144,-32.6806
30,0,171,-32.269
44,0,147,-32.4898
33,1,164,-31.8354
38,3,173,-32.474
33,0,157,-32.0064
34,0,155,-31.9935
39,3,163,-31.8773
36,0,170,-31.7118
32,0,155,-32.2839
38,1,165,-32.1697
50,2,148,-31.8041
39,2,140,-32.1643
40,0,155,-31.7484
29,0,163,-32.4785
38,4,173,-32.4682
27,6,246,-32.3455
46,0,167,-32.1737
41,10,162,-32.142
39,0,181,-32.3812
54,0,159,-31.4025
49,3,177,-31.9096
26,5,152,-32.5066
32,9,161,-32.646
26,2,237,-32.4177
26,1,179,-32.4469
22,0,169,-32.5621
24,4,182,-32.522
41,0,183,-32.4372
23,1,174,-32.4368
24,4,146,-32.2329
57,0,162,-31.6049
32,1,165,-32.4788
32,0,170,-32.3471
31,1,162,-31.9815
48,15,184,-32.1413
40,2,156,-32.0641
28,0,149,-32.698
30,0,148,-32.1081
25,0,148,-32.7095
29,0,184,-32.2609
37,0,151,-32.2053
29,0,167,-32.1018
42,0,355,-32.2085
34,0,162,-32.1543
55,0,164,-31.8598
40,0,175,-32.0114
41,0,152,-32.1447
48,0,170,-32.2294
56,0,170,-31.7059
49,0,145,-32.0069
27,0,213,-32.554
22,0,170,-32.4059
25,0,147,-32.6531
27,1,162,-32.5
38,0,148,-32.1757
56,0,171,-31.7076
36,0,223,-32.4215
24,0,150,-32.5333
35,0,163,-32.4908
38,0,160,-31.9688
38,0,174,-32.2759
28,4,152,-32.5263
49,0,162,-32.0864
41,0,164,-32.5366
42,0,163,-31.9387
45,0,172,-31.7326
42,0,174,-32.3046
23,0,143,-32.5245
32,0,162,-32.0988
71,0,181,-32.1547
73,0,180,-32.0667
44,0,171,-32.2749
55,0,168,-32.4107
57,0,177,-32.2542
30,0,212,-32.3962
62,0,178,-31.7584
25,0,153,-32.183
28,0,156,-32.3846
47,0,160,-32.2938
34,0,176,-32.4205
34,0,158,-32.3165
37,0,95,-32.2316
40,0,255,-32.1804
34,0,178,-32.4438
43,0,159,-31.9119
29,0,146,-32.1986
38,0,181,-32.5304
48,0,169,-32.0888
26,0,164,-32.4878
24,0,192,-32.5625
31,0,245,-32.3592
58,0,188,-31.9362
21,0,156,-32.6218
47,0,162,-32.4074
31,0,212,-32.4811
44,0,166,-32.4518
44,0,174,-32.2069
33,0,159,-31.8805
27,0,165,-32.2303
41,0,182,-32.4945
32,0,149,-32.3758
20,0,177,-32.6045
57,0,177,-32.0282
47,0,181,-32.1989
49,0,201,-32.398
63,0,162,-31.7654
42,0,164,-32.2378
46,0,169,-32.2604
35,0,152,-32.5132
31,0,171,-32.4211
30,0,217,-31.6728
46,0,164,-32.561
41,0,170,-32.6294
50,0,169,-31.787
58,0,169,-32.4911
61,0,171,-32.2105
63,0,173,-31.8671
32,0,175,-32.2057
75,0,178,-31.8202
44,0,179,-32.4637
59,0,183,-32.4918
76,0,181,-32.4254
29,0,165,-32.2727
70,0,191,-32.0471
41,0,175,-32.4286
39,0,174,-32.3218
41,0,183,-32.3279
54,0,170,-32.1
36,0,162,-31.7407
40,0,81,-32.0247
52,0,165,-31.9818
56,0,164,-32.5549
48,0,159,-32.0629
52,0,185,-31.9135
38,0,165,-32.4545
27,0,155,-32.2903
64,0,177,-32.2881
62,0,183,-32.388
54,0,181,-32.0663
43,0,185,-32.0973
54,0,242,-31.8223
37,0,157,-31.7834
53,0,178,-32.2472
41,0,176,-31.9205
27,0,157,-32.4586
31,0,162,-32.2654
39,0,185,-32.2973
46,0,159,-32.6415
27,0,163,-32.5215
64,0,181,-32.0497
28,0,176,-32.5
41,0,167,-32.4012
43,0,178,-32.0337
57,0,169,-32.0592
35,0,184,-32.0598
42,0,180,-32.2889
37,0,169,-32.0947
30,0,189,-32.2011
33,0,169,-32.2189
44,0,256,-32.1016
50,0,177,-32.0508
25,0,159,-32.4214
42,0,170,-32.2588
64,0,166,-32.247
44,0,262,-32.6679
54,0,237,-32.4346
51,0,170,-32.0412
32,0,161,-31.9317
54,0,174,-32.2701
42,0,164,-32.311
38,0,178,-32.0899
53,0,182,-32.2033
54,0,186,-32.5054
71,0,284,-32.0035
48,0,173,-32.2659
44,0,195,-32.5436
45,0,169,-32.284
29,0,165,-32.2727
53,0,186,-32.0968
53,0,174,-32.3103
62,0,180,-31.9944
68,0,193,-31.7358
64,0,177,-32.0678
61,0,175,-32.1486
39,0,176,-32.4659
67,0,176,-31.9318
55,0,182,-32.022
46,0,163,-32.3804
37,0,177,-32.2599
42,0,164,-31.878
36,0,77,-32.4156
61,0,170,-31.5471
40,0,170,-32.0706
54,0,179,-31.9888
37,0,156,-32.3846
43,0,161,-32.1366
50,0,169,-32.2899
30,0,176,-32.3011
36,0,159,-32.1824
31,0,156,-32.1026
22,0,143,-32.2168
51,0,171,-32.5029
60,0,155,-32.1935
54,0,179,-32.2737
46,0,204,-32.5294
43,0,161,-32.354
36,0,168,-31.8095
31,0,181,-32.0884
34,0,257,-32.1089
51,0,187,-32.4011
38,0,180,-32.1944
47,0,179,-32.0168
24,0,225,-32.4711
36,0,170,-32.1824
34,0,159,-32.4088
24,0,170,-32.6471
60,0,167,-31.3832
62,0,177,-31.7175
36,0,170,-32.0765
21,0,190,-32.7368
36,0,191,-32.6492
63,0,348,-32.0546
21,0,154,-32.5844
29,0,152,-32.2303
20,0,172,-32.5116
22,0,185,-32.6432
52,0,171,-31.5614
48,0,177,-32.2881
42,0,149,-32.4161
67,0,178,-32.0281
28,0,163,-32.0061
24,0,180,-32.2611
49,0,178,-32.4157
34,0,165,-32.1515
37,0,193,-32.1347
42,0,164,-32.3171
30,0,199,-32.0452
32,0,163,-32.546
30,0,165,-32.0788
43,0,169,-32.3314
22,0,148,-32.4595
54,0,169,-32.2899
41,0,158,-32.3608
33,0,164,-32.5183
26,0,159,-32.2704
23,0,159,-31.7296
46,0,182,-32.5989
58,0,181,-32.2541
42,0,156,-32.4615
37,0,172,-32.2616
41,3,289,-32.3529
26,0,170,-31.6059
20,0,265,-32.6302
24,0,162,-32.3704
31,2,175,-32.5771
25,0,168,-32.6548
33,0,188,-32.3351
44,0,169,-32.5621
49,0,173,-32.2775
27,0,179,-31.5475
20,0,169,-32.3432
22,0,157,-32.3567
65,0,177,-32.2768
23,0,162,-32.0494
23,0,178,-32.1629
27,0,174,-32.3161
27,0,166,-32.4759
22,0,185,-32.2541
36,0,180,-32.0611
39,0,164,-31.9756
25,0,179,-32.0056
23,0,161,-32.5901
29,0,181,-32.5359
33,0,171,-32.152
33,0,166,-32.0843
42,0,193,-32.2694
33,0,172,-32.0872
21,0,182,-32.4615
29,0,158,-32
21,0,177,-31.8136
30,0,183,-31.7705
24,0,158,-32.0633
24,0,165,-32.4424
34,0,212,-32.0896
23,0,155,-32.1935
44,0,183,-32.3279
35,0,173,-32.4509
49,0,179,-32.324
54,2,178,-32.191
37,0,105,-31.9524
38,1,162,-32.321
30,0,165,-31.9818
41,2,157,-32.1529
33,2,156,-32.0321
34,0,175,-32.0114
38,2,176,-32.5682
36,0,168,-32.2143
54,3,177,-32.3785
21,0,143,-32.5035
35,2,164,-32.3659
27,0,173,-32.185
26,0,164,-32.4146
36,0,155,-32.2774
25,2,169,-32.5089
26,0,173,-32.2023
26,0,149,-32.2819
29,0,169,-32.2485
26,0,175,-31.9257
41,2,169,-32.284
21,0,162,-32.2222
37,0,146,-31.9178
23,1,172,-32.2616
22,0,163,-32.2025
40,0,184,-32.0761
26,0,161,-32.1677
21,0,164,-31.75
21,0,162,-32.8025
28,0,167,-32.0778
22,0,179,-32.4525
25,0,163,-32.7117
21,0,153,-32.2222
44,0,164,-32.561
26,0,178,-32.3652
34,0,167,-32.515
26,0,160,-32.3438
23,1,175,-32.4457
26,0,167,-32.485
22,0,156,-32.4872
26,0,236,-32.4788
22,0,159,-32.1761
34,0,212,-32.0566
61,0,189,-32.4815
59,0,187,-32.4492
30,0,174,-32.3908
35,0,185,-32.0703
46,0,173,-32.3873
40,0,175,-32.4229
24,0,176,-32.1989
55,0,173,-32.2254
30,0,160,-32.0562
60,0,177,-31.9831
46,0,194,-32.3196
43,0,406,-32.133
47,0,188,-31.7553
41,0,177,-32.2712
47,0,167,-32.1557
31,2,183,-32.1913
53,0,172,-32.186
52,0,161,-32.0497
25,2,160,-32.3125
46,0,183,-31.9891
52,0,180,-31.9389
28,0,161,-32.2609
27,0,198,-32.5758
42,0,190,-32.1263
23,0,199,-32.3869
42,0,178,-32.264
23,0,178,-32.6236
32,0,186,-32.6398
21,0,157,-32.6752
22,0,181,-32.5083
46,0,165,-32.2
44,0,163,-32.1166
44,0,167,-32.0359
48,0,177,-31.9096
32,0,170,-32.3353
27,0,183,-32.6393
23,0,171,-32.0819
43,0,163,-31.8589
33,0,179,-32.7095
57,0,205,-32.3073
52,0,180,-32.1444
33,0,182,-32.522
49,0,182,-31.7692
28,0,179,-32.3296
20,0,168,-32.2143
30,0,184,-31.9728
44,0,176,-31.9545
42,0,162,-32.0556
52,0,202,-32.3713
27,0,164,-32.0976
30,0,165,-32.2182
44,0,173,-32.3237
48,0,163,-32.2822
32,0,154,-32.2727
45,0,193,-32.3679
40,0,165,-31.9758
62,0,195,-32.241
67,0,181,-32.1271
28,0,171,-32.2749
26,0,181,-32.6464
60,0,192,-32.2448
47,0,172,-32.1453
48,0,183,-31.8142
57,0,184,-31.913
30,0,194,-32.2423
58,0,189,-32.0053
29,0,184,-32.1304
50,0,268,-32.3657
67,0,184,-32.3261
49,0,185,-31.6865
48,0,176,-32.1932
31,0,169,-32.2426
61,0,175,-31.9143
33,0,153,-32.4183
58,0,181,-32.3923
41,0,186,-32.2796
60,0,166,-32.012
59,0,188,-32.4415
63,0,178,-32.4831
52,0,186,-32.1828
30,0,165,-32.4364
25,0,190,-32.5158
51,0,186,-32.172
29,0,177,-32.565
41,0,192,-32.1458
53,0,183,-32.2568
27,0,161,-32.3168
52,0,170,-32.2412
25,0,170,-32.4824
57,0,129,-32.3178
34,0,176,-32.1989
48,0,204,-32.4461
54,0,176,-32.0739
47,0,180,-32.2389
32,0,182,-32.6264
69,0,199,-32.1558
41,0,162,-32.4568
33,0,174,-32.1954
38,0,172,-32.4186
30,0,187,-32.6684
58,0,389,-32.2828
52,0,179,-32.1955
52,0,183,-32.224
49,0,175,-32.1886
42,0,222,-32.545
51,0,182,-32.2857
43,0,144,-32.1875
58,0,195,-32.5385
44,0,183,-32.2732
36,0,328,-32.4543
30,0,171,-32.2807
45,0,180,-32.1222
38,0,173,-32.3006
26,1,188,-32.1862
43,0,180,-32.3111
25,0,175,-32.2629
49,0,177,-32.2712
45,0,178,-32.2921
55,0,187,-31.9572
30,0,199,-32.1156
47,0,191,-32.2251
26,0,175,-32.3886
42,0,183,-32.0656
34,0,163,-32.1595
37,0,194,-32.2784
28,0,268,-32.3694
24,0,210,-32.481
35,0,182,-32.3901
32,0,170,-32.0059
42,0,182,-31.6703
28,0,178,-32.2303
38,0,206,-32.3058
28,0,184,-32.4674
30,0,199,-32.201
50,6,178,-32.4382
51,6,187,-32.0856
44,4,183,-32.4153
26,1,171,-32.3216
30,3,165,-32.2606
40,8,173,-32.8208
62,0,186,-32.0753
37,0,164,-32.2195
27,0,176,-32.5284
27,0,158,-32.3418
31,2,170,-32.1529
33,0,176,-32.4318
49,0,192,-32.1875
24,0,192,-32.3854
53,0,191,-32.2827
34,0,167,-32.2814
24,1,190,-32.4895
25,0,183,-32.5191
28,0,167,-32.018
29,0,168,-32.4524
45,0,188,-32.2234
23,0,189,-32.4286
29,0,187,-32.2834
34,0,172,-32.314
35,0,182,-32.1209
54,0,181,-32
33,0,195,-32.359
46,0,180,-32.3944
29,0,168,-32.5298
39,0,170,-32.4882
25,0,175,-32.48
69,0,190,-32.0474
32,0,163,-32.2699
38,0,191,-32.2147
42,0,181,-32.2707
34,0,167,-32.4192
22,0,202,-32.6337
59,0,177,-31.5876
23,0,188,-32.1277
32,0,169,-32.2663
21,0,161,-32.323
46,0,196,-32.0969
58,0,183,-32.1093
21,1,209,-32.8852
54,2,213,-32.0423
34,9,175,-32.2457
21,2,222,-32.5721
21,0,172,-32.407
20,0,164,-32.372
29,0,183,-32.4262
21,0,204,-32.5294
30,2,192,-31.901
28,3,168,-32.3036
42,0,186,-32.0914
35,0,187,-32.5668
32,0,185,-32.7027
32,0,175,-32.1771
40,0,173,-31.9422
40,0,199,-32.4623
39,0,167,-32.2515
20,0,186,-32.7204
36,0,176,-32.5398
26,0,174,-32.7299
46,0,176,-32.1307
20,0,183,-32.3005
25,0,176,-32.2614
28,0,167,-32.2934
39,0,177,-32.0508
28,0,230,-32.5826
26,0,186,-32.4032
34,0,121,-32.1157
36,0,181,-32.1657
42,0,197,-32.2132
55,0,187,-32.3209
46,0,171,-32.345
34,0,123,-32.1626
56,0,193,-32.228
32,0,194,-32.0206
61,0,179,-32.4693
40,0,174,-32.2529
41,0,176,-32.5455
43,4,177,-32.5537
33,2,193,-32.171
50,0,169,-31.8698
54,0,182,-32.489
40,0,179,-32.2123
20,0,164,-32.3598
52,0,175,-32.0514
55,0,176,-32.2216
33,0,164,-32.3354
33,0,185,-32.173
38,2,185,-32.227
36,0,186,-32.4462
32,0,180,-32.6222
28,0,162,-32.4938
32,0,195,-32.4051
35,0,180,-31.7667
34,0,161,-32.1863
35,0,185,-32.6054
36,0,175,-32.4
30,0,174,-32.2069
26,0,190,-31.8684
42,0,186,-32.2043
37,0,237,-32.384
36,0,175,-31.9086
46,0,172,-32.2209
44,0,191,-32.3403
25,0,190,-32.3684
25,0,181,-32.0663
53,0,183,-32.3333
38,0,290,-32.2586
46,0,178,-32.4382
54,0,176,-31.9545
29,0,181,-32.5359
49,0,175,-32.4686
35,0,175,-31.84
27,0,179,-32.352
44,0,181,-31.8674
27,0,172,-31.907
28,0,179,-32.3073
37,0,181,-32.2928
26,0,178,-32.3034
41,0,187,-32.262
36,0,184,-32.2935
35,0,174,-32.2414
44,0,179,-32.4469
31,0,161,-32.3602
33,0,178,-31.7978
36,0,158,-32.7025
41,0,168,-32.5119
40,0,188,-32.3883
41,0,172,-32.2384
41,0,177,-32.3842
40,0,168,-31.7976
46,0,196,-32.3214
54,0,218,-31.7752
43,0,175,-32.0743
42,0,174,-32.3333
35,0,184,-32.2772
27,0,205,-32.4195
47,0,188,-32.2553
24,0,164,-32.6463
34,0,186,-31.9892
46,0,180,-32.1889
45,0,173,-32.2948
36,0,163,-32.1043
34,0,169,-32.5207
20,0,161,-32.3416
31,0,168,-32.744
32,0,202,-32.4257
43,0,169,-32.071
36,0,159,-32.4277
23,0,186,-32.6613
32,0,254,-32.2441
24,0,177,-32.226
26,0,177,-32.5085
21,0,156,-32.6667
25,0,160,-32.4062
36,0,153,-32.5294
37,0,185,-32.573
44,0,167,-32.3473
27,0,173,-32.3064
24,0,161,-32.0807
45,0,194,-32.4948
39,0,169,-32.3314
46,0,175,-32.2514
44,0,181,-32.2928
22,0,237,-32.4641
26,0,164,-32.5549
47,0,166,-32.6446
30,0,173,-32.289
34,0,170,-32.5059
36,0,186,-32.5484
31,0,172,-32.1221
47,0,180,-31.7889
31,0,170,-32.2824
35,0,178,-32.3034
21,0,193,-32.2798
34,0,161,-32.2298
30,0,188,-32.4096
21,0,198,-32.5657
40,2,168,-32.3452
26,0,138,-32.4275
59,0,190,-32.1947
44,3,116,-32.181
36,0,162,-32.0988
42,2,216,-32.4815
27,0,150,-32.64
41,2,163,-32.0123
43,2,186,-32.4355
56,0,179,-31.9721
29,2,175,-32.4286
54,4,168,-31.8393
28,1,178,-32.2472
34,3,170,-32.3706
21,0,153,-32.5817
24,1,184,-32.1087
45,5,181,-32.4751
25,1,185,-32.2378
45,1,171,-32.1462
27,0,177,-32.2373
28,0,157,-32.4777
42,0,178,-31.9944
50,0,182,-31.9011
22,0,163,-32.5031
41,0,260,-32.5115
44,0,167,-31.8683
43,0,183,-31.8743
41,0,176,-32.5795
43,0,215,-32.414
32,0,172,-32.2093
64,0,199,-31.7789
44,0,182,-31.7967
44,0,160,-31.9937
46,0,216,-32.3148
56,0,170,-32.0882
32,0,174,-32.4425
43,0,173,-32.3873
48,0,200,-32.36
37,0,187,-32.0428
60,0,193,-32.1762
31,0,182,-31.989
24,0,183,-32.3279
51,0,175,-32.0571
35,0,178,-32.2079
40,0,341,-32.3314
40,0,164,-32.1159
32,0,166,-32.0482
28,0,249,-32.2008
33,1,177,-32.2147
32,0,188,-32.133
31,0,173,-32.0636
39,2,165,-32.0667
48,0,162,-31.6728
59,0,187,-31.8717
36,0,191,-32.267
54,0,190,-32.0895
27,1,173,-32.4566
40,0,167,-31.8802
39,3,172,-32.1802
21,1,176,-32.6818
25,0,163,-32.1595
42,2,183,-32.0929
55,0,238,-32.4454
37,0,164,-32.1037
29,2,270,-32.2926
34,0,175,-32.04
29,0,163,-32.1288
72,0,201,-31.9751
54,0,165,-32.1515
59,0,191,-32.267
32,0,176,-32.5114
57,0,192,-32.0833
37,0,223,-32.3139
47,0,170,-32.3235
27,0,166,-32.6928
47,0,169,-32.4142
42,0,180,-32.1667
54,0,287,-32.2892
30,0,160,-31.9875
28,0,161,-32.1988
32,0,165,-32.2667
49,0,167,-32.1677
46,0,164,-32.0854
44,0,178,-32.1798
45,0,161,-31.9379
52,0,166,-32.2108
44,0,175,-32.36
26,0,166,-32.2229
28,0,173,-31.8266
39,0,172,-32.157
33,0,151,-32.2185
42,0,155,-32.1742
33,0,156,-31.609
40,0,157,-32.1401
33,0,163,-32.1104
31,0,166,-32.1446
54,0,175,-32.3429
20,0,151,-32.1325
23,0,139,-32.3381
31,0,166,-32.3373
42,0,176,-32.125
28,0,152,-32.5789
44,0,193,-31.9948
32,0,154,-31.6494
36,0,155,-32.2452
28,0,168,-32.1786
44,0,181,-31.9613
56,0,178,-31.9045
37,0,164,-32.0183
32,0,168,-32.6845
33,0,164,-32.2805
34,0,185,-31.7514
45,0,176,-31.7727
24,0,163,-32.5092
22,0,162,-32.5432
38,0,173,-32.0578
37,0,155,-32.3226
35,2,200,-32.47
27,0,195,-32.3692
48,0,184,-32.125
30,0,147,-32.3741
25,0,150,-32.5733
38,0,278,-32.1259
49,0,167,-32.3593
36,0,233,-32.3262
22,0,216,-32.2824
32,0,163,-32.0859
43,0,161,-32.2547
28,0,184,-31.9674
37,0,168,-32.006
22,0,162,-32.6667
30,0,162,-32.358
47,0,184,-32.3804
43,0,176,-32.1477
29,0,153,-32.6013
52,0,164,-32.0793
36,0,167,-31.509
28,0,168,-32.7024
36,0,172,-31.7733
25,0,157,-32.1783
20,0,163,-32.135
26,1,178,-32.0506
34,0,182,-32.5
46,0,167,-32.6108
46,0,245,-31.8245
43,0,107,-31.785
33,0,174,-32.2931
22,0,165,-31.9939
39,0,151,-32.4172
32,0,165,-32.0364
34,0,163,-32.4172
33,3,238,-32.4874
32,0,142,-32.1901
34,0,163,-32.5706
32,0,158,-32.2278
36,0,171,-32.0819
50,0,165,-32.2485
38,0,184,-32.6576
32,0,169,-32.2485
29,0,163,-32.6012
51,0,171,-32.0175
22,0,168,-32.2024
25,0,176,-32.5511
30,0,160,-32.4625
34,0,174,-32.477
28,0,174,-31.9828
22,2,162,-32.2346
23,0,163,-32.5706
21,0,158,-32.038
33,0,224,-32.5357
31,0,191,-32.4921
25,0,160,-32.1375
53,0,182,-32.2747
34,0,175,-32.0343
28,0,162,-32.3827
32,0,174,-31.9368
52,0,190,-32.0053
24,0,170,-32.1706
20,0,184,-32.3804
32,0,164,-32.0061
41,2,179,-32.1229
47,0,186,-31.8011
24,0,166,-32.6807
44,0,213,-32.5728
25,0,157,-32.172
38,0,173,-32.0116
25,0,163,-32.135
22,0,187,-32.3797
27,0,150,-32.42
41,3,171,-32.4678
29,0,159,-32.0943
37,0,176,-32.3977
30,1,168,-32.2619
45,0,180,-31.8611
33,0,158,-32.0253
28,2,224,-32.5848
28,1,164,-32.5671
36,0,171,-32.3684
38,0,179,-32.3073
26,0,180,-32.2778
23,0,174,-32.3966
27,0,192,-32.4271
33,0,172,-32.0698
30,2,165,-32.5455
23,0,173,-31.9884
23,1,168,-32.3095
20,0,169,-32.3077
25,0,173,-31.8844
31,0,167,-32.3653
46,2,188,-32.016
35,0,186,-32.2151
36,0,172,-32.4884
52,0,176,-32.3068
32,0,166,-32.2892
40,0,168,-32.0536
23,0,152,-32.1842
32,0,154,-32.5455
39,0,192,-32.3906
37,0,158,-31.6582
26,0,170,-32.0412
47,0,176,-31.9261
29,0,173,-32.5202
37,0,161,-32.3478
21,0,167,-32.4611
41,0,164,-32.1768
32,0,157,-32.0446
38,0,180,-32.5389
22,0,177,-32.2655
32,0,167,-32.1856
35,0,172,-32.0407
31,0,178,-32.4944
41,0,179,-32.162
31,0,177,-32.2938
40,0,176,-32.2841
30,0,164,-32.0793
29,0,178,-32.4157
22,0,161,-32.6957
40,0,323,-32.3096
37,0,178,-31.9213
48,0,179,-32.0615
53,0,195,-31.9795
39,0,169,-32.355
28,0,151,-31.9934
61,0,177,-31.7458
46,0,155,-32.3484
32,0,174,-32.4828
20,0,164,-32.311
38,0,180,-32.3444
22,0,156,-32.4038
28,0,179,-32.514
41,0,155,-32.2
39,0,182,-32.2857
31,0,144,-32.0417
21,0,176,-32
53,0,173,-32.1387
41,0,177,-31.9661
27,0,177,-32.3107
32,0,234,-32.2179
24,0,157,-32.5732
38,0,158,-32.2089
43,0,200,-32.09
21,0,165,-32.5636
51,0,169,-32.2781
28,0,165,-32.3455
32,3,172,-32.2558
25,0,148,-32.2703
46,0,164,-32.2683
43,0,176,-32.3239
40,0,199,-32.2663
48,0,167,-32.2335
49,0,177,-32.0508
25,0,169,-32.0533
46,0,172,-32.2326
43,0,163,-32.0736
22,0,177,-32.6271
39,0,170,-32.5471
34,0,165,-32.3091
31,0,178,-32.1685
43,0,164,-32.3232
43,0,193,-32.4197
33,0,196,-32.0306
26,1,169,-32.213
26,0,158,-32.1772
22,1,149,-32.2416
21,0,163,-31.5951
26,0,241,-32.4938
30,0,223,-32.4619
27,0,176,-31.767
25,0,173,-32.3121
22,0,164,-32.1463
40,0,179,-32.0391
34,2,166,-32.4036
22,0,367,-32.6158
23,2,154,-32.513
21,0,160,-32.3312
35,0,158,-32.2658
22,0,169,-32.2249
47,0,184,-32.3315
33,0,171,-31.8655
25,0,175,-32.2686
31,0,166,-32.5964
36,0,166,-32.3554
58,0,171,-31.9532
38,0,173,-32.0347
34,0,153,-32.1046
22,0,156,-32.2051
33,0,163,-32.1411
22,0,169,-31.9408
21,0,172,-32.5291
45,0,160,-32.4125
20,0,167,-32.479
27,0,162,-32.4444
22,0,168,-32.131
34,0,164,-32.2561
38,0,159,-32.1635
39,0,175,-32.4457
40,0,159,-32.3459
40,0,168,-32.1131
42,0,180,-32.2278
35,0,168,-32.3274
32,1,159,-32.1069
28,0,167,-32.5509
25,2,273,-32.4249
29,0,177,-32.3785
26,2,175,-32.1829
31,0,155,-32.3161
26,0,157,-32.2611
34,0,186,-31.957
25,0,161,-32.1988
23,0,139,-31.8993
22,1,162,-32.4321
25,0,173,-31.3642
26,0,163,-32.4417
21,0,214,-32.5047
36,0,204,-31.7059
31,0,166,-31.9759
37,0,165,-32.2121
31,0,164,-32.061
20,0,184,-32.3152
30,0,173,-32.2312
31,0,163,-32.1718
37,0,181,-32.0221
29,0,186,-32.1828
27,0,176,-32.108
35,0,168,-31.8631
37,0,178,-32.0843
26,0,183,-32.1202
34,0,189,-32.4233
38,0,165,-32.3333
26,0,158,-32.443
42,0,158,-31.9241
21,0,174,-32.069
26,0,174,-32.1379
42,0,168,-32.4821
37,0,230,-32.2087
25,0,156,-32.1731
35,0,187,-32.4225
30,0,145,-32.2207
25,0,233,-32.3906
42,0,161,-31.5963
26,0,163,-32.0613
35,0,175,-32.36
37,0,170,-32.0353
37,0,164,-32.7012
35,0,171,-32.1228
27,0,173,-32.2254
31,0,140,-32.5429
22,0,163,-31.9755
48,0,178,-31.9494
35,0,161,-32.1677
36,0,167,-31.9641
39,0,172,-32.1512
28,0,162,-32.2593
26,0,167,-32.2994
28,0,294,-32.6054
44,0,168,-32.0179
53,0,281,-32.1708
48,0,180,-32.0556
20,0,155,-32.3548
33,0,160,-32.225
43,0,178,-32.2921
37,0,162,-32.0741
39,0,175,-32.2857
31,0,170,-32.0235
29,0,175,-32.0343
27,0,177,-32.2316
61,0,183,-31.7923
20,0,165,-32.1697
36,0,177,-32.1017
36,0,175,-32.4286
37,0,183,-31.9508
24,0,165,-32.2364
44,0,167,-32.3293
32,0,182,-32.2088
29,0,168,-32.6012
26,0,162,-32.1543
24,0,149,-32.5772
48,0,173,-32.0405
37,0,164,-32.3354
22,0,179,-32.4749
53,0,163,-32.2699
31,0,161,-32.2547
26,0,161,-32.1677
36,0,154,-31.987
25,0,150,-32.7333
34,1,179,-31.8883
32,0,160,-32.0875
26,0,163,-32.5031
26,0,169,-32
20,0,153,-31.9673
48,0,186,-32.5108
25,0,176,-32.4489
37,0,185,-31.6865
30,0,183,-32.1749
37,0,157,-32.3439
21,1,168,-32.25
40,1,174,-32.2529
52,0,183,-32.3443
25,1,165,-32.2667
33,6,170,-32.3412
38,0,162,-32.2654
50,0,166,-32.1747
52,0,179,-32.4302
25,0,195,-32.641
37,0,172,-32.2733
21,1,166,-32.241
28,0,172,-32.1744
52,0,178,-32.0337
23,0,160,-32.2125
44,0,175,-31.7543
21,0,160,-31.8125
41,0,201,-32.2587
31,0,170,-32.2647
22,0,150,-32.1333
30,0,158,-32.4051
35,0,168,-32.1488
42,0,175,-32.1657
41,0,173,-32.0867
35,0,184,-32.1087
41,0,160,-32.1125
37,0,175,-31.9314
21,0,170,-32.6176
35,0,174,-32.4713
47,0,161,-32.2919
35,0,154,-32.3182
30,0,157,-32.5541
29,0,167,-32.503
45,0,162,-31.9506
31,0,166,-31.994
39,0,154,-32.3052
24,0,158,-32.3608
44,0,179,-32.3017
38,0,170,-32.8059
32,0,156,-32.5641
22,0,161,-32.354
33,0,175,-32.1429
34,0,247,-32.5385
25,0,156,-32.1474
43,0,169,-32.1953
39,0,173,-32.1908
32,0,166,-32.1205
34,0,153,-32.3987
40,0,154,-32.5195
45,0,167,-32.2216
36,0,177,-32.3955
26,0,177,-32.4124
35,0,171,-32.3333
39,0,160,-32.2125
28,0,158,-32.4367
28,0,152,-32.4605
39,0,252,-32.0516
41,0,195,-32.1744
37,0,173,-32.5318
30,0,157,-32.5096
30,0,177,-32.4011
39,0,146,-31.7877
24,0,172,-32.5581
34,0,192,-32.4844
48,0,171,-32.0468
34,0,177,-32.4463
43,0,176,-32.1136
32,0,152,-32.1974
32,0,163,-32.4785
44,0,165,-32.2909
33,0,165,-31.9939
58,0,181,-32.1271
24,0,162,-32.3086
40,0,254,-32.2323
58,0,176,-32.4943
38,0,157,-32.2357
52,0,206,-32.1359
45,0,164,-31.9878
30,0,166,-32.4699
45,0,251,-32.0159
59,0,165,-31.8909
22,0,169,-32.142
47,0,170,-32.3176
44,0,175,-31.9029
30,0,192,-32.2188
40,0,151,-32.5695
45,0,174,-32.023
41,0,168,-32.0833
34,0,160,-32.175
40,0,172,-32.1337
32,0,163,-31.9816
35,0,166,-32.012
32,0,189,-31.7196
27,0,178,-32.1854
28,0,156,-32.1346
20,0,177,-32.6441
34,0,189,-32.291
31,0,169,-32.2071
51,0,176,-32.0455
32,0,83,-32.2771
29,0,162,-32.2778
40,0,161,-31.9441
32,0,161,-32.2919
30,1,183,-32.2896
42,0,166,-31.9277
39,0,243,-32.5802
30,0,186,-32.3978
27,0,170,-32.4471
32,0,178,-32.0225
32,0,153,-32.366
23,0,161,-32.236
36,0,161,-32.2981
24,0,159,-32.2201
31,0,216,-32.4398
33,0,142,-32.6338
50,0,152,-31.9474
42,0,210,-32.4381
23,0,162,-32.2346
37,0,170,-32.4353
20,0,190,-32.4684
42,0,177,-32.2825
33,0,156,-32.4615
39,0,162,-32.3457
43,0,162,-32.3642
46,0,178,-32.2135
69,30,179,-31.5531
65,21,238,-32.3908
53,15,181,-31.6022
57,18,168,-31.8869
45,12,313,-32.278
35,6,176,-31.7443
52,33,169,-32.3432
31,5,171,-32.4561
84,48,186,-32.0538
45,11,189,-31.8783
62,23,178,-32.0056
61,21,196,-31.9745
33,4,169,-31.9645
36,6,176,-32.233
34,4,186,-31.8817
71,35,204,-32.1961
42,11,185,-31.9784
40,12,175,-32.1886
71,26,175,-31.9086
32,0,173,-32.3526
22,1,168,-32.5357
42,0,175,-32.2171
26,0,166,-32.3012
46,0,157,-32.3631
37,0,180,-32.3889
34,0,168,-32.3155
38,0,188,-32.2234
35,0,184,-32.288
43,0,161,-32.5901
30,0,187,-32.5722
32,0,192,-32.5312
51,0,172,-32.2907
24,0,166,-32.4518
37,0,255,-32.1843
23,0,167,-32.2275
27,0,158,-32.519
22,0,165,-32.3818
48,0,188,-32.2287
26,0,165,-32.2
48,0,176,-32.0114
36,0,155,-32.4516
48,0,190,-32.1053
53,0,174,-32.2126
46,0,164,-32.4268
31,0,175,-32
42,0,163,-32.0123
47,0,189,-32.2063
59,0,191,-32.4712
26,0,158,-32.3797
33,0,165,-32.2909
55,0,189,-32.1005
26,0,172,-32.2674
48,0,181,-32.0939
41,0,167,-32.0778
42,0,171,-32.0994
32,0,167,-32.1677
55,0,194,-31.701
31,0,173,-31.9075
48,0,175,-31.7371
30,0,149,-32.302
30,0,177,-32.5367
46,0,160,-32.2938
31,0,166,-32.247
36,0,201,-31.7114
51,0,180,-32.45
48,0,184,-32.1739
20,0,186,-32.1828
31,0,165,-32.0667
44,0,186,-32.0914
29,0,155,-32.4581
20,0,167,-32.0778
68,0,162,-31.858
46,0,171,-32.5205
51,0,171,-32.6082
31,0,183,-31.8852
27,0,208,-32.2404
62,0,173,-32.2428
22,0,185,-32.4216
25,0,182,-32.2473
32,0,167,-32.4012
21,0,167,-32.6826
28,0,164,-32.1402
28,0,169,-32.3491
44,0,172,-32.1221
34,0,176,-31.8068
45,0,174,-32.1609
26,0,185,-32.4973
38,0,171,-32.5673
37,0,180,-32.2556
37,0,256,-32.2031
36,0,159,-32.4403
63,0,179,-32.4916
45,0,174,-32.6552
32,0,172,-32.4244
40,0,180,-31.9889
27,0,183,-32.224
39,2,170,-32.2353
35,0,165,-32.4424
38,0,183,-31.9672
27,0,175,-32.24
28,0,178,-32.5955
34,0,171,-32.5965
47,0,182,-32.2527
28,1,183,-32.6011
39,0,198,-32.1313
52,0,181,-32.1768
21,0,176,-32.2045
32,0,171,-32.4561
24,0,168,-32.0774
50,0,174,-32.3161
31,0,170,-32.1
23,0,171,-32.614
47,0,253,-32.1621
42,6,170,-32.3588
47,9,194,-31.8608
41,6,177,-32.209
43,8,175,-32.2343
54,18,181,-31.9337
33,3,189,-32.1323
43,5,189,-32.0529
29,0,163,-32.362
36,0,166,-32.4157
33,0,166,-31.6084
44,0,170,-31.7706
24,0,164,-32.75
26,0,186,-32.4677
26,0,166,-31.9578
32,0,169,-32.8166
25,0,179,-32.4804
28,5,171,-32.3392
20,0,154,-32.5325
47,0,176,-32.1477
26,0,157,-31.8917
41,0,174,-31.5575
30,0,169,-31.929
34,0,169,-32.355
39,0,154,-32.0714
48,0,168,-32.2381
38,0,160,-32.1875
47,0,183,-32.5301
49,0,166,-32.1325
26,0,145,-32.3931
50,0,180,-31.95
34,0,167,-31.9102
36,0,172,-31.907
38,0,168,-32.1488
24,0,178,-31.9101
37,0,185,-32.4054
44,0,173,-32.3642
35,0,144,-32.2708
46,0,179,-32.1453
37,0,377,-32.0027
32,0,183,-32.8852
34,0,183,-32.3607
36,0,175,-32.4229
39,0,167,-32.2275
42,0,185,-32.1189
25,0,158,-32.4304
21,0,162,-32.2407
35,0,167,-32.0958
27,0,168,-32.5536
24,0,169,-32.1302
36,0,169,-32.5385
29,0,189,-32.0423
51,0,180,-32.5667
47,0,169,-31.9763
25,0,180,-32.2
35,0,181,-32.3094
38,0,187,-32.3636
33,0,188,-32.1543
21,0,154,-32.2532
50,0,179,-32.324
36,0,190,-32.2158
45,0,172,-31.9767
45,0,178,-31.9888
21,0,169,-32.4497
55,0,184,-32.3913
33,0,166,-32.4036
21,0,184,-32.4185
39,0,162,-32.3519
35,0,183,-32.4044
25,0,173,-32.341
40,0,168,-32.125
22,0,161,-32.6957
38,0,164,-31.9512
49,0,160,-32.1625
27,0,171,-32.269
45,0,191,-31.8063
38,0,169,-32.3136
22,0,188,-32.5691
38,0,180,-32.3611
26,0,146,-32.1096
21,0,182,-32.2692
39,0,175,-32.3371
51,0,187,-32.3583
40,0,162,-32.2654
45,0,181,-31.884
22,0,178,-32.191
37,0,159,-31.8553
42,4,181,-32.0994
44,2,168,-32.375
44,2,184,-32.0326
51,4,167,-32.2695
31,5,160,-32.375
40,2,234,-32.2692
36,4,249,-32.0161
24,2,165,-32.5394
29,2,170,-31.9294
28,2,175,-32.0743
41,3,167,-32.2874
46,0,177,-32.3785
57,5,168,-32.1726
41,0,164,-32
29,3,171,-31.8947
40,0,175,-31.92
31,0,166,-32.1205
46,2,186,-32.2097
48,3,172,-32.3605
43,2,163,-32.1595
23,0,161,-32.3602
35,0,178,-32.5337
39,0,172,-32.2733
41,1,166,-32.7651
22,0,248,-32.2379
59,0,178,-32.073
30,0,173,-32.1618
31,0,167,-32.3054
55,0,199,-32.1256
36,0,169,-32.1065
41,0,168,-32.3512
59,0,178,-32.1067
20,0,161,-32.4596
32,0,183,-32.0219
45,0,111,-31.7477
31,0,163,-32.5153
25,0,162,-32.1358
47,0,198,-32.1212
36,2,180,-31.7333
28,2,147,-32.4626
34,13,166,-32.488
25,0,157,-32.5796
27,0,150,-32.5067
26,0,192,-32.4375
54,0,171,-31.7485
24,0,161,-32.559
50,18,182,-31.8022
24,0,189,-32.291
36,0,184,-32
40,0,165,-32.4424
24,0,175,-32.3314
51,0,161,-32.5031
32,0,167,-32.5569
50,0,177,-32.1525
28,5,255,-32.1882
51,0,176,-31.7898
34,0,167,-32.1138
36,2,155,-32.1097
33,0,166,-32.3193
37,0,179,-32.5475
32,0,177,-32.3333
37,0,161,-32.0559
36,0,168,-32.0893
35,0,154,-32.1818
39,0,172,-32.314
40,0,153,-32.2549
20,0,163,-32.3436
44,0,187,-32.1604
46,0,171,-32.0585
37,0,165,-32.6909
42,2,172,-32.2035
28,0,169,-32.3609
39,0,161,-32.472
40,1,171,-31.655
31,1,163,-32.2883
22,0,170,-32.4471
21,0,182,-32.1264
22,0,175,-32.68
27,0,166,-32.1627
25,0,167,-31.976
35,0,176,-32.3864
44,0,254,-32.5315
25,0,159,-32.2893
21,0,151,-32.351
35,0,207,-32.5266
21,0,160,-32.3
57,3,157,-32.2675
30,0,177,-32.5989
37,0,203,-31.7635
24,0,177,-32.3898
25,1,153,-32.4248
22,0,148,-32.3108
22,0,166,-32.7651
38,0,163,-32.0859
36,0,187,-32.4385
25,0,149,-32.4832
27,0,171,-32.269
23,0,146,-32.1849
20,0,165,-32.4061
36,0,227,-32.348
27,1,177,-32.5706
34,0,173,-32.1503
28,1,151,-32.1656
37,2,169,-32.2663
26,0,166,-32.1205
33,0,163,-31.9693
44,2,174,-32.1609
27,1,175,-32.3657
53,0,184,-32.2717
24,0,157,-31.5159
24,0,136,-32.3382
36,0,160,-32.4312
26,1,182,-32.5659
35,0,164,-32.4878
29,0,152,-32.2368
34,0,149,-32.0537
35,0,174,-32.1149
38,0,161,-31.9503
30,1,168,-31.4583
44,2,168,-32
28,0,156,-32.0449
32,0,237,-32.27
20,0,152,-32.2039
46,0,170,-31.9588
32,0,161,-31.9627
36,0,155,-32.3484
33,0,193,-32.544
46,0,175,-32.2571
22,0,206,-32.4854
22,0,151,-32.4768
34,0,173,-32.3526
23,0,178,-32.4831
45,0,266,-32.4662
45,0,174,-31.908
38,0,188,-32.2394
24,0,158,-32.3671
39,0,165,-31.897
38,0,152,-32.5395
34,0,275,-32.0909
30,0,177,-32.0508
31,0,104,-32.0288
25,0,192,-32.4323
49,0,166,-31.9699
21,0,157,-32.5478
21,0,169,-32.3018
44,0,185,-32.1676
43,0,171,-31.924
37,0,177,-32.2203
37,0,170,-31.9941
24,0,173,-32.1387
29,0,178,-32.4157
45,0,201,-32.0746
21,0,166,-32.1325
25,0,178,-32.3652
29,0,169,-32.2544
34,0,157,-32.3439
28,0,169,-32.5799
21,0,151,-32.4901
21,2,169,-32.2722
31,0,179,-32.4413
31,0,167,-32.1916
36,0,174,-32.3966
26,0,171,-32.4094
29,0,178,-32.3876
28,0,169,-32.3787
22,0,160,-32.025
48,0,172,-32.0291
41,0,180,-32.0278
24,0,167,-32.1856
39,0,190,-32.3316
52,0,193,-31.9067
40,0,186,-32.0161
40,0,182,-32.1044
40,0,174,-32.3966
28,0,188,-32.3989
38,0,179,-32.4358
33,0,166,-32.3253
32,0,173,-32.3642
21,0,165,-32.6061
32,0,158,-32.6392
34,0,177,-32.4011
29,0,192,-32.276
38,0,172,-32.4244
36,0,149,-32.0805
36,0,221,-32.457
30,0,177,-32.339
26,0,173,-32.3873
28,0,166,-32.0723
42,0,172,-32.0465
29,0,156,-32.2179
21,0,166,-32.512
32,0,173,-31.9827
35,0,162,-32.1728
30,1,181,-32.337
38,0,171,-32.1696
40,0,160,-32.0938
28,0,161,-32.4845
34,0,165,-32.097
41,0,150,-32.3933
26,0,175,-32.2914
42,0,201,-32.4279
24,0,165,-32.1879
26,0,161,-32.3851
32,0,167,-31.982
40,0,203,-32.1232
23,0,155,-31.9484
25,0,178,-32.1685
41,0,172,-32.2674
26,2,222,-32.4775
32,0,153,-32.3791
32,0,167,-31.8683
37,1,176,-32.2614
23,1,155,-32.3548
31,2,158,-32.2532
36,0,175,-32.44
28,0,170,-32.4706
33,0,164,-32.372
22,0,173,-32.2139
31,0,168,-32.4405
25,2,170,-32.4529
25,0,178,-32.4775
36,0,181,-32.3867
20,0,170,-32.2471
46,0,256,-32.5
27,0,173,-32.341
21,0,155,-32.2903
31,0,162,-32.1914
21,0,168,-32.2738
20,0,141,-32.0922
36,0,175,-32.1771
24,0,187,-32.4385
42,0,170,-32.4235
28,0,176,-32.108
35,0,172,-32.0291
34,0,162,-32.2716
35,0,167,-32.3293
34,0,159,-32.4151
29,0,190,-32.1526
33,0,167,-32.1257
26,0,179,-32.1564
43,0,169,-32.0828
29,0,178,-31.8989
26,0,165,-32.5152
40,0,158,-32.0443
31,0,168,-32.131
35,0,175,-32.5771
48,0,217,-32.4839
29,0,172,-31.8547
40,0,160,-32.4062
38,0,205,-32.5561
28,0,172,-32.3198
53,0,173,-31.7977
47,0,171,-32.3041
44,0,169,-31.9467
36,0,163,-32.2883
22,0,161,-32.4037
31,0,200,-32.645
43,0,155,-31.8968
40,0,184,-32.2337
29,0,181,-32.6464
34,2,147,-31.7007
46,0,188,-32.2021
27,0,161,-32.3416
35,0,153,-32.2026
48,0,259,-32.305
23,0,160,-32.4062
40,0,172,-32.186
30,0,327,-32.581
31,0,171,-32.4327
29,1,168,-32.0893
32,0,149,-32.1678
28,0,160,-32.2938
21,0,138,-32.6377
42,0,168,-31.8631
29,2,170,-32.3294
21,2,160,-32.35
34,0,146,-32.4041
33,0,170,-32.4824
60,0,166,-32.0723
56,0,155,-32.3806
43,0,197,-32.2944
22,0,163,-32.319
34,3,164,-31.6829
51,3,186,-32.2151
34,3,187,-32.3583
34,0,162,-31.7469
32,1,165,-31.8242
30,0,188,-32.5691
26,0,151,-32.457
43,3,174,-32.3161
57,0,183,-31.6503
45,0,167,-32.2096
42,0,163,-32.1227
47,2,188,-31.9255
33,0,146,-32.1712
35,0,179,-32.5196
32,0,151,-32.0993
59,3,176,-32.1364
28,0,149,-32.604
52,2,158,-32.1329
29,0,169,-32.0414
36,0,160,-32.075
32,0,152,-32.1908
45,0,172,-32.3895
23,1,143,-32.2098
22,1,198,-32.0859
24,0,169,-32.1893
53,0,166,-32.1145
27,1,192,-32.0521
30,0,328,-32.1494
51,0,168,-32.0298
36,1,261,-32.2759
26,0,158,-32.4747
32,2,156,-32.4808
37,0,161,-31.9876
41,0,167,-32.3174
32,0,155,-32.3613
30,1,154,-32.0455
35,0,178,-32.0225
43,0,153,-32.2941
26,0,142,-32.331
41,0,177,-32.1412
46,0,184,-32.2935
37,0,167,-32.1257
44,0,171,-31.8538
50,0,158,-31.5443
25,0,161,-32
47,0,173,-31.9884
25,0,168,-32.1012
44,0,161,-32.0807
27,0,194,-32.366
28,0,192,-32.6667
24,0,158,-32.3291
39,0,176,-32.233
49,0,173,-32.0578
47,0,310,-32.2581
50,0,183,-31.8743
66,0,183,-32.1913
49,0,154,-31.7597
26,0,151,-32.4106
32,0,170,-32.4294
38,0,182,-32.1374
23,0,184,-32.212
39,0,221,-32.2443
29,2,155,-32.2258
35,0,183,-32.5137
44,2,172,-32.5058
26,0,157,-32.051
27,0,174,-32.4195
20,0,161,-32.1366
32,0,169,-32.4734
22,0,150,-31.8933
59,0,165,-31.9333
35,0,182,-32.6374
21,0,183,-32.5464
38,0,160,-32.5875
24,0,188,-32.4681
64,0,167,-32.0719
50,0,179,-32.1564
56,0,177,-32.2316
28,0,172,-32.5174
42,0,160,-32.1938
26,0,218,-32.2752
29,0,182,-32.5549
48,0,167,-32.503
24,0,161,-32.1988
24,0,164,-31.9878
23,0,177,-32.0847
44,0,169,-32.3077
28,0,181,-32.2376
55,0,181,-32.3204
72,0,164,-31.7805
24,0,183,-32.5246
63,0,175,-31.9143
48,0,166,-32.3735
41,0,163,-31.8896
37,0,149,-32.1208
42,0,162,-32.1975
32,0,160,-32.2875
46,0,155,-32.2903
38,0,175,-32.6057
56,0,181,-32.232
60,0,172,-32.3198
49,0,167,-32.2036
38,0,135,-32.2815
56,0,168,-31.9048
68,0,193,-32.0881
55,0,175,-32.1886
48,0,157,-32.1019
37,0,165,-32.3394
54,0,177,-32.2938
70,0,174,-31.7069
72,0,186,-32.4785
49,0,185,-32.2703
49,0,166,-31.8916
60,0,173,-32.2312
55,0,165,-31.6545
60,0,171,-32.3977
66,0,179,-32.2961
32,0,151,-32.0596
44,0,167,-32.3114
51,0,173,-32.1272
60,0,173,-32.3237
38,0,166,-32.2952
75,0,168,-32.244
34,0,166,-32.0843
63,0,188,-31.9894
59,0,159,-31.8931
61,0,167,-31.9521
53,0,157,-31.9299
48,0,162,-32.2284
54,0,172,-32.0581
45,0,163,-32.0736
51,0,172,-32.4186
49,0,178,-31.7416
46,0,163,-32.5706
41,0,174,-32.1954
43,0,169,-32.1598
51,0,163,-32.0184
23,0,172,-32.4651
53,0,166,-32.2289
60,0,182,-32.0989
33,0,162,-32.5432
33,0,189,-32.2275
46,0,164,-32.1402
22,0,181,-32.6022
42,0,165,-32.4121
78,0,203,-32.2512
54,0,160,-32.2
72,0,169,-31.8225
29,0,167,-32.2515
59,0,293,-32.2901
24,0,181,-32.4254
57,0,180,-31.9611
57,0,180,-32.2944
77,0,175,-31.64
49,0,172,-32.1337
37,0,158,-32.4557
65,0,172,-32.1628
61,0,165,-32.0485
48,0,171,-32.1404
61,0,165,-31.8182
56,0,182,-32.1484
54,0,170,-32.2882
59,0,160,-32.4438
56,0,149,-32.094
49,0,181,-32.232
67,0,181,-32.0166
38,0,212,-32.3915
25,0,160,-31.7937
57,0,171,-32.0351
69,0,182,-32.1264
50,0,153,-32.0523
62,0,171,-31.6784
58,0,162,-32.2963
66,0,173,-32.0058
22,0,189,-32.3333
64,0,170,-32.0235
41,0,163,-32.1534
39,0,164,-32.1402
43,0,155,-31.7484
72,0,169,-32.3254
46,0,166,-32.3133
45,0,171,-32.2456
30,0,177,-32.3616
44,0,163,-32.0552
37,0,173,-32.0636
57,0,167,-32.2096
26,0,159,-32.3522
73,0,165,-31.8667
31,0,161,-32.2112
72,0,200,-32.115
38,0,165,-32.4545
84,0,179,-32.0279
75,0,165,-32.0727
35,0,156,-32.3141
58,0,171,-32.4094
65,0,173,-32.0116
43,0,184,-32.4402
55,0,183,-32.1967
66,0,201,-32.199
47,0,184,-32.2391
52,0,182,-32.5549
41,0,170,-32.0824
55,0,167,-32.3174
38,0,165,-32.2788
32,0,167,-32.6647
55,0,161,-32.5155
61,0,182,-32.2912
38,0,171,-32.2456
60,0,155,-31.8645
56,0,169,-32.0947
75,0,174,-32.0977
59,0,175,-32.4171
72,0,177,-32.1864
71,0,173,-31.9191
33,0,159,-32.5346
49,0,180,-31.6833
55,0,174,-32.1667
40,0,162,-32.0556
62,0,163,-31.7546
64,0,169,-32.3136
49,0,174,-32.1724
61,0,196,-32.1582
53,0,178,-31.8258
47,0,172,-32.0116
60,0,186,-32.2688
68,0,168,-31.7202
60,0,167,-32.0359
59,0,180,-31.9944
42,0,166,-32.5843
56,0,150,-32.2867
47,0,151,-32.0132
62,0,180,-31.9389
55,0,172,-31.8721
37,0,157,-32.414
49,0,163,-32.0613
53,0,165,-32.3273
25,0,163,-32.589
62,0,173,-32.1098
61,0,176,-31.9602
62,0,169,-32.1065
59,0,177,-32.1073
28,0,170,-32.3824
28,0,168,-32.2143
40,0,165,-32.297
31,0,158,-32.3038
38,0,170,-32.1353
34,0,179,-32.2402
28,0,159,-32.6226
58,0,164,-32.0488
58,0,174,-32.2414
60,0,179,-32.1732
61,0,157,-32.2739
47,0,184,-32.0489
61,0,169,-32.1893
54,0,169,-32.2367
60,0,163,-32.5031
40,0,144,-32.2222
54,0,163,-32.0429
51,0,163,-32.3006
40,0,156,-32.3974
45,0,152,-32.2434
34,0,226,-31.9912
28,0,151,-31.9735
62,0,172,-32.0988
54,0,174,-32.0575
55,0,163,-32.0798
76,0,179,-31.8156
79,0,187,-32.2086
35,0,154,-32.2273
34,0,197,-31.9036
64,0,173,-32.2081
53,0,183,-32.1694
48,0,170,-32.3294
54,0,255,-32.1922
30,0,163,-32.0245
58,0,179,-31.8715
61,0,179,-31.9777
38,0,172,-32.7326
24,0,174,-32.2701
34,0,171,-32.3684
45,0,169,-31.7101
80,0,176,-31.9602
72,0,172,-31.9012
32,0,168,-32.2321
