53,0,172,-32.2267
32,0,177,-32.1525
44,0,181,-32.5967
44,0,167,-32.4491
43,0,157,-32.3822
47,0,185,-32.1838
38,0,156,-32.4872
30,0,179,-32.0782
57,0,184,-32.212
56,0,181,-32.5856
57,0,163,-31.9571
51,0,83,-32.4096
52,0,177,-32.5367
64,0,197,-32.4112
69,0,180,-32.55
57,0,190,-32.2211
57,0,176,-32.1932
40,0,167,-31.8922
37,0,179,-32.2067
52,0,174,-32.5172
46,0,184,-32.1196
63,0,167,-32
73,0,167,-31.9641
62,0,155,-32.0968
52,10,168,-32.5238
39,0,90,-32.5444
50,0,226,-32.2478
56,0,183,-31.9836
66,0,180,-32.3389
55,0,186,-32.4624
55,6,161,-32.1242
50,8,202,-32.3119
48,0,192,-32.1094
53,0,191,-32.3246
54,0,172,-32.4535
59,0,153,-32.4118
37,0,166,-32.2711
72,0,174,-32.3276
65,0,186,-32.4892
74,0,174,-32.3621
71,0,193,-32.4041
23,0,170,-32.4824
36,0,170,-32.1
32,0,163,-32.4172
48,0,192,-32.0521
74,0,198,-32.3687
46,0,178,-32.3034
64,0,172,-31.2209
47,0,190,-32.7526
39,0,172,-32.6802
80,0,182,-32.4396
52,0,179,-32.4637
65,0,192,-32.3802
59,0,195,-32.5282
70,0,186,-32.2473
56,0,192,-32.4323
46,0,177,-32.6384
20,0,186,-32.2742
58,0,173,-32.2312
42,0,176,-32.3523
51,0,173,-32.1329
55,0,193,-32
53,0,178,-32.1685
51,0,198,-32.1313
58,0,197,-32.4619
50,0,203,-32.4975
43,0,197,-32.3959
70,0,200,-32.245
54,0,175,-32.4686
54,0,171,-32.2164
34,0,152,-32.1974
49,0,175,-32.2114
70,0,172,-32.4244
63,0,189,-32.5344
77,0,182,-32.2857
56,0,183,-32.5301
74,0,167,-32.4671
80,0,189,-32.5026
63,0,181,-32.2597
71,0,203,-32.4828
67,0,192,-32.3177
59,0,187,-32.2246
55,0,176,-32.0682
50,0,190,-32.1526
90,0,189,-32.2275
63,0,184,-32.4076
69,0,175,-32.1657
53,0,172,-32.3198
66,0,169,-32.3787
55,0,164,-32.2012
44,0,163,-32.3374
59,0,186,-32.4086
69,0,170,-32.5294
47,0,165,-32.3697
62,0,194,-32.2835
44,0,179,-32.3017
20,0,192,-32.3438
65,0,194,-32.067
53,0,191,-32.466
42,13,185,-32.2
61,21,164,-32.4146
21,1,176,-32.392
76,27,214,-32.3037
32,2,186,-32.828
66,32,176,-31.8409
42,5,178,-31.8371
36,2,170,-32.5059
74,35,168,-32.2202
26,1,167,-32.3952
41,9,189,-32.4868
53,22,159,-31.6667
65,0,191,-32.6702
25,0,169,-32.7574
45,0,171,-32.117
31,0,187,-32.5027
67,0,193,-32.7824
33,0,171,-31.9649
24,0,184,-32.0761
36,0,176,-31.9716
61,0,196,-32.3776
50,0,201,-31.7662
20,0,166,-32.6687
51,0,173,-32.3584
50,0,187,-32.3155
44,0,83,-32.3494
53,0,194,-31.8196
43,0,192,-32.2135
43,0,185,-32.4703
68,0,171,-32.4971
37,0,175,-32.1886
56,0,183,-32.4863
44,0,175,-32.4743
54,0,191,-32.0995
54,0,180,-32.1889
47,0,190,-32.3263
47,0,186,-32.3763
70,0,175,-32.2
41,0,93,-31.9032
66,0,163,-32.4172
59,0,159,-32.2075
61,0,165,-32.6
45,0,189,-32.7831
65,0,198,-32.702
43,0,216,-32.3935
73,0,172,-32.0116
49,0,166,-32.5964
43,0,99,-32.3434
53,0,101,-32.8614
49,0,195,-32.2051
43,0,175,-32.3086
57,0,170,-32.2059
70,0,207,-32.4396
46,0,171,-32.3684
66,0,162,-32.6605
25,0,157,-32.3949
56,0,204,-32.4853
42,0,178,-32.5449
43,0,205,-32.4293
34,0,155,-32.6194
48,0,112,-32.4286
71,0,162,-32.5432
59,0,189,-32.1746
51,0,170,-32.6
42,0,177,-32.5367
50,0,165,-32.1879
51,0,187,-32.385
51,0,173,-32.2254
50,0,179,-32.514
21,0,100,-32.03
37,0,153,-32.268
64,0,174,-32.5517
74,0,218,-32.2844
31,0,162,-32.3086
52,0,166,-32.6386
34,0,165,-32.6788
99,0,200,-32.305
76,0,175,-32.3771
88,0,198,-32.4848
90,0,183,-32.1694
51,0,208,-32.4375
56,0,154,-32.2727
70,0,187,-32.4011
85,0,202,-32.5297
70,0,181,-32.5856
69,0,174,-32.4713
50,0,177,-31.8983
63,0,185,-32.5351
79,0,125,-32.376
45,0,166,-32.4819
47,0,113,-32.2124
65,0,175,-32.1829
47,0,183,-31.8579
68,0,178,-32.4382
34,0,188,-32.5851
45,0,184,-32.462
77,0,162,-32.4815
60,0,185,-32.1514
50,0,185,-32.3405
39,0,150,-32.2267
58,0,174,-32.2011
24,2,159,-32.478
33,0,186,-32.2688
71,0,177,-32.1582
72,0,190,-32.0368
39,0,184,-32.6848
54,0,194,-32.2216
44,0,176,-32.1023
45,0,167,-32.0299
54,0,169,-32.8225
41,0,84,-31.869
55,0,182,-32.2747
42,0,216,-32.3611
38,2,100,-32.11
27,0,180,-32.0778
60,5,189,-32.3175
56,2,183,-32.4481
65,34,248,-32.6008
70,11,200,-32.505
60,28,174,-32.4655
61,38,199,-32.4322
65,39,188,-32.117
63,0,192,-32.3177
66,7,160,-32.7687
63,0,187,-32.4064
48,0,210,-31.9619
47,0,178,-32.4775
69,14,169,-32.2426
59,4,166,-32.3675
67,0,171,-32.0877
69,34,158,-32.0506
62,4,182,-32.2967
42,3,168,-32.6429
57,4,185,-32.3027
49,0,171,-32.3918
80,17,175,-32.2457
43,14,170,-31.8059
39,4,160,-32.3
30,3,172,-32.5116
52,4,173,-32.3873
60,4,175,-32.3543
28,1,181,-32.7017
52,3,178,-31.9831
58,0,173,-32.4855
39,0,160,-32.3625
50,0,155,-32.471
62,0,184,-32.3152
80,0,176,-31.733
38,0,212,-32.6321
46,0,174,-32.569
43,0,166,-32.3193
45,0,164,-32.0549
56,0,176,-32.3807
59,0,168,-31.9643
53,0,176,-32.0625
42,0,173,-32.5202
35,0,159,-32.522
70,0,195,-32.1641
59,0,185,-31.9189
82,0,181,-32.2541
43,0,169,-31.7515
60,0,169,-32.1538
43,0,174,-31.9598
47,0,182,-32.2418
56,0,190,-32.1368
47,3,180,-32.6889
45,0,180,-32.6111
58,0,161,-31.8509
62,0,136,-32.3897
68,0,179,-32.4134
60,0,86,-32.5465
77,0,181,-32.3149
41,0,155,-32.6323
24,0,220,-32.6
63,0,189,-32.1481
54,0,164,-32.5427
48,0,163,-32.3865
60,0,174,-32.4483
81,0,192,-32.349
68,0,173,-32.4855
60,0,165,-32.5273
45,0,162,-32.1235
54,0,171,-32.6199
61,0,196,-32.3622
21,0,173,-32.4509
54,0,145,-32.2138
38,0,191,-32.178
41,0,151,-32.5828
41,0,145,-32.2069
70,0,189,-32.1852
64,0,183,-32.3607
59,0,180,-32.3056
60,0,155,-32.3226
66,0,186,-32.2527
50,0,165,-32.2727
58,0,186,-32.6398
45,0,192,-32.0625
31,0,204,-32.6716
58,0,182,-32.4176
32,0,144,-32.4792
67,0,161,-32.1925
67,0,166,-32.5482
50,0,163,-32.0798
61,0,176,-31.8864
60,0,192,-32.099
70,0,190,-32.3474
67,0,179,-32.2905
35,0,160,-32.3062
71,0,180,-31.9167
41,0,171,-32.193
67,0,165,-32.3455
55,0,184,-31.8587
68,0,163,-32.135
54,0,166,-32.2771
44,0,164,-32.5244
71,0,163,-32.0552
38,0,168,-32.6012
41,0,158,-32.8038
57,0,154,-32.2662
57,0,156,-32.5385
56,0,93,-32.6774
58,0,191,-32.5079
42,0,164,-31.9329
26,0,165,-32.0121
52,0,105,-32.4667
53,0,180,-32.7667
55,0,186,-32.0806
60,0,177,-32.4011
40,0,169,-32.142
60,0,167,-32.6347
58,0,173,-32.0809
42,0,170,-32.3882
71,0,171,-32.2515
56,0,184,-32.663
49,0,176,-32.267
73,0,183,-32.541
64,0,162,-32.5617
53,0,124,-32.5645
68,0,174,-32.5747
62,0,172,-32.5523
56,0,191,-32.2408
49,0,167,-32.6048
73,0,183,-31.8743
76,0,122,-31.8607
38,0,98,-32.5
64,0,157,-31.8344
78,0,120,-32.225
41,0,163,-32.4847
55,0,181,-32.5414
39,0,147,-32.6871
54,0,194,-32.7062
57,0,180,-32.4278
62,0,177,-32.6667
59,0,78,-32.5256
63,0,165,-32.4788
63,0,188,-31.9681
59,0,102,-32.098
56,0,183,-32.071
60,0,175,-32.5429
74,0,185,-32.573
48,0,189,-32.254
49,0,100,-32.64
43,0,214,-32.2664
62,0,114,-32.6404
50,0,182,-32.5385
66,8,105,-32.1429
79,22,192,-32.5104
64,0,192,-31.6875
35,0,193,-32.4456
55,6,169,-32.4911
61,0,169,-32.4379
50,0,181,-32.1823
60,0,193,-32.2798
35,0,195,-32.0051
43,0,176,-32.4943
75,0,207,-31.8889
71,0,178,-31.9944
78,0,166,-32.3614
81,0,186,-32.1452
77,0,111,-32.6486
72,0,174,-31.9483
65,0,210,-32.0524
68,0,188,-32.2979
70,0,177,-32.5141
64,0,208,-32.5048
43,0,163,-32.5583
41,0,168,-32.0298
51,0,197,-32.1574
60,0,162,-32.5679
59,0,191,-32.1728
65,0,161,-32.3416
58,0,200,-32.25
59,0,173,-32.4509
50,0,160,-32.4312
30,0,181,-32.3039
56,0,175,-32.5429
63,0,163,-32.2454
45,0,186,-32.4032
66,0,196,-32.2347
49,0,195,-32.3128
65,0,176,-31.983
43,0,193,-32.2228
35,0,157,-32.5796
50,0,176,-32.4602
45,0,197,-32.5939
44,0,227,-32.2115
71,0,192,-32.1198
45,0,185,-32.2649
45,0,176,-31.5739
60,0,183,-32.2514
79,0,195,-32.2923
61,0,194,-32.4691
72,0,197,-32.0761
66,0,177,-32.2599
81,0,185,-32.3243
70,0,206,-32.4369
68,0,194,-32.1598
37,0,176,-32.3523
47,0,179,-32.2123
45,0,105,-32.4
52,0,189,-32.836
48,0,177,-32.4068
63,0,179,-32.5698
56,0,169,-32.4142
81,0,180,-32.4056
69,0,206,-32.2718
32,0,165,-32.6788
60,0,172,-32.407
34,0,191,-32.4607
45,0,175,-32.0971
66,0,185,-32.2865
40,0,182,-32.2198
63,0,184,-32.3261
21,0,185,-31.973
42,0,173,-31.9711
77,0,204,-32.152
39,0,196,-32.3265
71,0,200,-32.64
81,0,176,-32.2955
55,0,165,-32.4545
66,0,189,-32.5079
70,0,186,-32.3495
43,0,175,-32.6629
83,0,179,-32.2626
50,0,182,-32.5769
80,0,174,-32.1149
74,0,177,-32.2599
65,0,182,-32.478
70,0,180,-32.1167
48,0,185,-32.6919
58,0,196,-32.2653
31,0,147,-32.2925
70,0,190,-32.4053
55,0,170,-31.8941
79,0,202,-32.5149
74,0,109,-32.4954
66,0,171,-32.4211
45,0,168,-32.3393
53,0,161,-32.559
44,0,176,-32.2216
69,0,189,-32.4444
40,0,234,-32.1838
39,0,204,-32.5343
40,0,164,-32.6463
75,0,192,-32.4219
79,0,173,-32.4277
60,0,189,-32.0952
35,0,179,-32.4358
70,0,191,-32.5131
77,0,184,-32.2554
74,0,196,-32.1276
59,0,198,-32.4242
51,0,202,-32.3218
39,0,160,-32.0688
55,0,202,-32.2723
51,0,173,-32.0058
68,0,174,-32.2069
52,0,178,-32.6011
55,0,171,-32.1871
69,0,183,-32.0328
64,0,187,-32.0535
70,0,197,-31.8376
59,0,198,-32.4798
49,0,159,-32.4528
44,0,206,-32.6165
44,0,212,-32.4434
43,0,180,-32.4556
63,0,178,-32.264
53,0,147,-32.1361
42,0,202,-32.2525
65,0,174,-32.5575
48,0,188,-32.2181
59,0,104,-32.3942
70,0,232,-32.4267
69,0,181,-32.1768
24,0,152,-32.6645
43,0,177,-32.0847
50,0,175,-32.5257
43,0,180,-32.2889
42,0,185,-32.6108
44,0,200,-32.755
39,0,170,-32.2882
36,0,185,-32.3568
62,0,188,-32.0957
72,0,166,-32.4518
35,0,182,-32.5989
66,0,112,-32.375
25,0,177,-32.4181
66,0,202,-32.2426
49,0,184,-32.125
59,0,101,-32.3069
60,0,190,-32.1947
66,0,174,-32.431
60,0,107,-32.3738
62,0,195,-32.241
40,0,180,-32.15
37,0,184,-32.2772
58,0,173,-32.1908
44,0,166,-32.3193
63,0,163,-32.4908
21,0,182,-32.6703
59,0,203,-32.2069
40,0,163,-32.3374
72,0,186,-32.1828
61,0,202,-32.2673
51,0,184,-32.6087
42,0,133,-32.1504
31,0,182,-32.7967
58,0,195,-32.3744
58,0,191,-32.3717
28,0,156,-32.4551
70,0,167,-32.2455
47,0,178,-32.3146
80,0,172,-32.2093
55,0,187,-32.6043
51,0,187,-32.369
37,0,156,-32.3526
57,0,170,-32.3176
70,0,178,-32.4382
49,0,160,-32.675
46,0,99,-31.9091
63,0,221,-32.4525
44,0,154,-32.3896
51,0,170,-32.2529
31,5,157,-32.4268
33,0,178,-32.5393
37,0,144,-32.6458
45,0,186,-32.5645
30,4,196,-31.9082
38,0,184,-32.4239
49,0,188,-32.5319
34,0,151,-32.3974
39,0,189,-32.3333
47,0,176,-32.5114
45,0,171,-32.3567
41,0,188,-32.5372
50,0,170,-32.3765
44,0,178,-32.1685
25,0,164,-32.2073
26,4,188,-32.6543
42,0,168,-32.381
35,0,188,-32.1543
57,0,192,-31.9635
53,0,159,-32.434
60,0,183,-32.612
20,0,180,-32.4333
42,0,193,-32.1347
49,0,182,-32.5879
59,0,170,-32.6529
48,0,174,-32.4885
53,0,185,-32.2973
32,0,172,-32.6279
34,0,175,-32.3429
49,0,176,-32.5739
30,0,161,-32.1925
58,0,184,-32.7826
34,0,182,-32.4121
65,0,170,-32.3706
43,0,187,-32.3476
56,0,181,-32.3204
52,0,178,-32.3483
48,0,181,-32.2486
48,0,201,-32.2338
36,0,169,-32.1834
43,0,158,-32.2722
29,0,166,-31.8494
51,0,197,-32.3198
55,0,182,-31.9615
37,0,169,-32.4556
24,0,209,-32.8469
52,0,103,-32.0485
34,0,160,-32.375
27,0,177,-32.3785
40,0,172,-32.1802
54,0,179,-32.3017
65,0,185,-32.3081
53,0,179,-31.7598
40,0,171,-32.3509
45,0,190,-31.8368
29,0,166,-32.6205
42,0,182,-32.2198
41,0,179,-32.2905
33,0,200,-32.42
45,0,182,-32.2967
42,0,170,-32.1706
49,0,174,-32.6552
50,0,179,-32.067
38,0,198,-32.4091
31,0,175,-32.5657
42,0,181,-32.1271
27,0,172,-32.5349
35,0,181,-32.2762
41,0,175,-32.4857
38,7,168,-31.6369
45,0,172,-32.2326
24,0,165,-32.0485
40,0,157,-32.3631
26,0,186,-32.2097
40,0,190,-32.3947
61,0,124,-32.4274
25,0,180,-32.1278
42,0,86,-32.0233
56,0,198,-32.2222
79,0,199,-32.4322
63,0,206,-32.5874
71,0,164,-32.4878
65,0,196,-32.4031
71,0,228,-32.1842
61,0,210,-32.4905
81,0,198,-32.4596
38,10,175,-32.4629
67,0,206,-32.1505
54,0,192,-32.5833
43,0,181,-31.9006
51,0,182,-32.4066
29,0,186,-32.5591
54,0,193,-32.1813
68,0,184,-32.413
40,0,189,-32.127
57,0,92,-32.5217
52,0,206,-32.3641
53,0,180,-32.3667
75,0,177,-32.0565
75,0,175,-32.4686
47,0,177,-32.8192
41,0,191,-32.356
52,0,202,-32.3317
63,0,188,-32.4096
33,0,184,-32.1359
28,0,159,-32.4528
53,0,205,-32.0732
48,0,199,-32.3367
58,0,219,-32.5799
72,0,230,-32.0261
73,0,190,-32.2053
57,0,195,-32.2308
57,0,192,-32.1719
66,0,203,-32.2414
69,0,193,-32.3679
49,0,169,-32.5385
64,0,220,-32.3227
37,0,225,-32.2489
60,0,197,-32.2944
58,0,209,-32.5024
70,0,187,-32.3155
48,0,217,-32.212
51,0,200,-32.405
78,0,178,-32.0281
70,0,187,-32.4225
45,0,163,-32.4969
47,0,205,-32.4634
33,0,102,-32.3627
64,0,201,-32.1542
61,0,198,-32.4949
58,0,199,-32.2864
61,0,200,-32.465
72,0,192,-32.1198
66,0,180,-32.1
65,0,186,-32.5484
58,0,110,-31.9727
59,0,178,-32.6292
51,0,96,-32.25
54,13,180,-32.4556
38,5,175,-32.1486
56,13,184,-32.3913
53,23,198,-32.1111
48,0,177,-32.1751
44,0,182,-32.2088
71,0,203,-32.5419
51,0,184,-32.212
49,0,198,-32.3636
45,0,184,-32.4728
69,0,191,-32.2042
40,0,242,-32.1157
38,3,194,-32.268
67,0,211,-32.3175
47,0,187,-32.4225
53,0,177,-32.3503
55,0,179,-32.2067
68,0,201,-32.403
44,0,191,-32.3979
53,0,180,-32.3
50,0,200,-32.415
23,0,194,-32.2784
25,2,210,-32.5143
66,0,182,-31.978
46,0,207,-32.1787
67,0,220,-32.3273
53,22,245,-32.3306
50,0,192,-32.2917
47,0,175,-32.4114
37,0,206,-32.2427
39,0,190,-32.4632
39,11,238,-32.6429
37,4,192,-32.5573
57,0,197,-32.3604
50,0,194,-32.3557
49,0,172,-32.6105
38,0,141,-32.4113
43,0,102,-32.2745
37,0,100,-32.72
32,0,150,-32.6
39,0,172,-32.7791
37,0,164,-32.3841
45,0,184,-32.2935
44,0,172,-32.4535
42,0,157,-32.293
58,0,163,-32.4049
51,0,181,-32.2983
54,0,195,-32.5128
48,0,190,-32.5105
54,0,196,-32.5663
54,0,188,-32.367
46,0,172,-32.0581
58,0,157,-32.4713
46,0,166,-32.0241
40,0,162,-32.1111
45,0,155,-32.2581
50,0,186,-32.7473
57,0,191,-32.3665
52,0,189,-32.4127
53,0,177,-32.2825
44,0,177,-32.1751
55,0,185,-32.5514
46,0,177,-32.3955
29,0,193,-32.7047
25,0,175,-32.4343
50,0,158,-32.3734
41,0,175,-32.6114
48,0,215,-32.1581
70,0,188,-32.4521
38,0,164,-32.2744
27,0,179,-32.6592
39,0,184,-32.6793
53,0,180,-32.1778
56,0,162,-32.2037
32,0,157,-32.6879
45,0,173,-32.5723
40,0,158,-32.7848
52,0,192,-32.4115
58,0,200,-32.01
54,0,208,-32.3654
44,0,191,-32.6702
37,0,156,-32.3333
58,0,174,-32.408
28,0,155,-32.4129
56,0,182,-31.6484
46,0,168,-32.5714
50,0,180,-32.2556
49,0,187,-32.6952
38,0,177,-32.3277
44,0,186,-32.2581
53,0,183,-32.1803
44,0,181,-32.2597
41,0,171,-32.2573
30,0,176,-32.2614
36,0,185,-32.3135
39,0,170,-32.2118
36,0,181,-32.0442
44,0,185,-32.3784
47,0,183,-31.9945
32,0,181,-32.3867
47,0,186,-32.6344
28,0,93,-32.7419
51,0,185,-32.3081
36,0,174,-32.7184
38,0,185,-32.2216
29,0,163,-32.0613
39,0,199,-31.8693
37,0,184,-32.337
41,0,172,-32.407
38,0,170,-32.3588
44,0,164,-32.2012
29,0,159,-32.4591
47,0,198,-32.4444
28,0,150,-31.92
47,0,169,-32.3018
45,0,170,-32.4353
33,0,191,-32.3979
46,0,139,-32.554
58,0,191,-32.2199
63,0,171,-32.3743
64,0,163,-31.8896
46,0,99,-32.303
56,0,172,-32.0233
52,0,162,-32.4259
37,0,151,-32.0464
36,0,199,-32.4472
65,0,175,-32.4914
39,0,205,-32.1317
36,0,187,-32.7005
58,0,177,-32.3616
52,0,168,-32.5417
50,0,170,-32.4235
55,0,189,-32.4974
41,0,176,-32.6364
32,0,161,-32.5776
59,0,158,-32.6519
47,0,174,-32.3506
32,0,180,-32.0944
53,0,188,-32.2394
47,0,192,-32.2448
45,0,246,-32.6626
39,0,85,-32.4471
40,0,176,-32.6818
58,0,172,-32.4302
28,0,191,-32.5288
43,0,189,-32.6296
56,0,182,-32.2967
69,0,187,-32.4599
43,0,103,-32.9223
39,0,98,-31.949
50,0,190,-32.3474
42,0,166,-32.2831
51,0,204,-32.5686
47,0,179,-32.1955
61,0,200,-32.59
71,0,175,-32.2171
45,0,156,-32.0256
56,0,203,-31.9901
32,0,199,-32.4673
44,0,97,-32.3196
30,0,188,-32.3191
48,0,204,-31.8529
49,0,169,-32.5266
49,0,190,-31.7579
45,0,169,-32.2959
43,0,173,-32.3815
41,0,199,-32.1809
48,0,179,-32.4749
41,0,192,-32.3229
39,0,176,-32.6023
49,0,204,-32.4216
56,0,207,-32.5459
52,0,188,-32.4415
44,0,163,-32.4417
36,0,186,-32.3011
57,0,184,-31.7554
62,0,192,-32.6979
44,0,180,-32.6389
53,0,198,-32.2374
52,0,185,-32.3351
62,0,174,-32.6437
44,0,187,-31.9786
48,0,202,-32.3861
69,0,208,-32.2644
58,0,212,-32.5896
47,0,106,-32.5094
43,0,172,-32.6919
38,0,186,-32.1129
51,0,158,-32.3038
33,0,170,-32.3706
36,0,173,-32.5549
45,0,182,-32.2088
67,0,184,-32.4293
26,0,192,-32.4948
42,0,199,-32.3417
29,0,192,-32.3073
41,0,201,-32.6965
44,0,194,-32.2835
55,0,205,-32.4537
26,0,166,-32.6325
27,0,178,-32.3652
31,0,178,-32.4326
48,0,177,-32.2881
23,0,182,-32.3242
32,0,191,-32.8063
37,0,160,-32.625
21,0,202,-32.198
41,0,182,-32.1813
49,0,163,-32.0184
71,0,168,-31.9702
64,0,193,-31.943
38,0,102,-32.0294
33,0,173,-32.5954
79,0,193,-32.5389
61,0,197,-31.7005
73,0,197,-32.2437
66,0,199,-32.4422
49,0,185,-32.2811
69,0,186,-32.6075
73,0,189,-32.3016
40,0,180,-32.0722
28,0,156,-32.1346
73,0,168,-32.2738
70,0,167,-32.2874
51,0,93,-32.2796
57,0,100,-32.59
63,0,187,-32.492
48,0,200,-32.76
74,0,214,-32.4159
84,0,194,-32.3299
64,0,175,-32.6457
67,0,193,-32.3316
74,0,235,-32.2298
29,0,118,-32.2966
47,0,181,-32.5138
79,0,194,-32
39,0,171,-32.1696
26,0,180,-32.4833
54,0,201,-32.4179
52,0,172,-32.0523
54,0,183,-32.2514
49,0,131,-32.313
54,0,229,-32.4061
40,0,199,-32.3266
64,0,178,-32.0955
62,0,189,-32.3968
49,0,170,-31.9941
59,0,117,-31.9829
72,0,192,-32.5208
75,0,187,-32.3209
66,0,182,-32.6319
74,0,164,-32.2622
82,0,190,-32.4211
71,0,201,-32.1144
75,0,177,-32.3333
51,0,175,-32.5771
60,0,177,-32.1582
66,0,201,-32.3483
41,0,182,-32.2692
77,0,204,-32.5735
74,0,205,-32.4049
34,0,183,-32.7322
50,0,199,-32.4824
50,0,114,-31.8509
65,0,191,-32.0733
72,0,196,-32.2296
85,0,196,-32.4898
68,0,196,-32.0969
57,0,196,-32.4541
37,0,150,-32.8267
51,0,200,-32.71
70,0,214,-32.3832
62,0,121,-32.1818
53,0,188,-32.25
70,0,166,-32.1265
78,0,201,-32.1841
39,0,209,-32.3971
37,0,160,-32.3125
56,0,195,-31.9179
77,0,197,-32.198
79,0,210,-32.7048
49,0,186,-32.0538
67,0,125,-31.68
60,0,184,-32.4565
77,0,209,-32.512
82,0,233,-32.3305
68,0,179,-32.352
43,0,188,-32.5585
40,0,186,-32.2957
39,0,138,-32.087
54,0,179,-32.3017
60,0,180,-32.4
41,2,100,-32.51
26,2,181,-32.4696
33,0,106,-32.0849
72,0,196,-32.602
82,0,190,-32.2579
34,0,204,-32.2206
36,4,177,-32.0395
57,0,207,-32.6377
34,0,182,-32.2418
70,0,177,-32.5932
60,0,173,-32.1329
89,0,198,-32.3535
60,0,190,-31.9526
67,0,216,-32.1343
49,0,169,-31.9467
37,0,195,-31.9744
46,0,181,-32.2431
44,0,150,-32.6533
26,0,180,-32.3667
21,0,197,-32.3096
32,0,162,-32.5185
26,0,181,-32.7459
42,0,186,-32.6344
32,0,191,-32.288
36,0,178,-32.3989
51,0,191,-32.4921
45,0,178,-32.1854
46,0,168,-31.6667
36,0,85,-32.2235
49,0,187,-32.2781
44,0,197,-32.5888
39,0,178,-32.4045
25,0,168,-32.7679
37,0,169,-32.3314
47,0,183,-32.5738
48,0,163,-32.4969
32,0,172,-32.4942
31,0,167,-32.4431
41,0,165,-32.2909
45,0,177,-32.5367
39,0,182,-32.4286
38,0,200,-32.345
21,0,160,-32.6313
49,0,102,-32.0588
36,0,172,-32.6977
30,0,159,-32.4025
44,0,191,-32.2304
43,0,184,-32.7391
44,0,157,-32.1465
33,0,177,-32.0791
36,0,175,-32.7371
52,0,105,-32.2667
36,0,173,-32.4393
48,0,158,-32.5063
39,0,190,-32.1316
50,0,187,-32.246
36,0,181,-32.5304
49,0,171,-32.5497
39,0,172,-32.1453
48,0,178,-32.3708
35,0,187,-32.0588
61,0,184,-32.2772
59,0,168,-32.4643
61,0,184,-32.0707
34,0,190,-32.4789
37,0,185,-32.1405
43,0,191,-32.4031
54,0,198,-32.6364
31,0,175,-32.4971
42,0,157,-32.1083
33,0,169,-32.2722
48,0,101,-31.9109
50,0,170,-32.4882
32,0,170,-32.1529
35,0,175,-31.9314
46,0,182,-32.6484
50,0,173,-32.185
52,0,170,-32
42,0,190,-32.5158
37,0,187,-32.3636
37,0,182,-32.3626
36,0,155,-32.1677
49,0,177,-32.5932
54,0,173,-32.4393
28,0,156,-31.8462
53,0,176,-31.9716
57,0,201,-32.0498
51,0,170,-32
30,0,174,-32.4253
34,0,167,-31.9461
38,0,190,-32.5263
37,0,177,-31.8531
49,0,182,-32.2308
45,0,198,-32.4899
32,0,179,-32.0391
21,0,134,-32.3358
35,3,131,-31.6947
44,3,200,-32.14
38,6,182,-32.5275
28,1,172,-32.3488
26,2,102,-31.9804
41,0,172,-32.3547
23,1,181,-32.4254
22,0,108,-31.4722
33,2,163,-32.2761
29,8,81,-32.0123
30,0,154,-32.3766
37,2,181,-31.779
21,0,186,-31.9892
33,0,177,-32.1243
46,0,179,-32.2849
45,0,179,-32.3464
42,0,158,-32.4747
34,0,170,-32.3882
40,0,165,-32.7091
24,0,172,-32.593
28,0,166,-32.5301
36,0,174,-32.592
45,0,166,-32.3313
48,0,161,-32.1429
32,0,167,-32.6108
44,0,166,-32.241
40,0,157,-32.5924
36,0,158,-32.2722
43,0,202,-32.401
41,0,174,-31.8563
50,0,199,-32.3668
23,0,172,-32.7674
32,0,174,-32.3851
44,0,204,-32.4559
35,0,184,-32.3207
45,0,172,-32.3256
39,0,173,-32.3931
41,0,176,-32.0625
51,0,204,-32.3039
31,0,179,-32.5419
25,0,177,-31.9153
33,0,175,-32.5943
38,0,177,-32.0395
45,0,166,-32.3614
37,0,193,-32.4715
42,0,90,-32.6333
35,0,125,-32.624
41,0,192,-32.6562
53,0,188,-32.6755
61,0,180,-32.1278
40,0,176,-32.1307
43,0,165,-32.3636
45,0,180,-32.3778
35,0,165,-32.1394
32,0,175,-32.2629
43,0,207,-32.5169
40,0,189,-32.4921
51,0,184,-32.6033
50,0,189,-32.3492
54,0,203,-32.5764
53,0,208,-32.4375
55,0,186,-32.5108
45,0,185,-31.8703
28,0,153,-32.2418
60,0,203,-32.468
54,0,178,-32.2191
43,0,172,-32.3721
36,0,173,-32.5202
43,0,162,-32.4815
36,0,184,-32.1685
32,0,176,-32.375
51,0,192,-32.5938
47,0,180,-32.0278
53,0,109,-32.5688
59,0,114,-32.2982
58,0,176,-32.3011
42,0,176,-32.1648
36,0,180,-32.4889
45,0,173,-31.7688
39,0,194,-32.5103
45,0,190,-32.4211
29,0,155,-31.8129
45,0,187,-32.2353
40,0,182,-32.6154
36,0,138,-31.8478
32,0,157,-32.5096
53,0,180,-31.8444
39,0,164,-32.122
54,0,180,-32.45
26,0,147,-32.6939
44,0,179,-32.4637
41,0,186,-32.0323
44,0,175,-31.8057
54,0,181,-32.221
36,0,181,-32.3204
43,0,192,-32.151
28,0,159,-32.3396
29,0,144,-32.1736
23,0,165,-32.3576
62,0,103,-32.4757
33,0,164,-32.4329
50,0,148,-31.6216
31,0,186,-32.3548
53,0,176,-32.5852
46,0,180,-32.2556
45,0,169,-31.9763
40,0,179,-32.6201
54,0,165,-32.2121
70,0,183,-32.3443
57,0,187,-32.1711
61,0,178,-32.1573
71,0,180,-32.1611
30,0,160,-32.2625
28,0,167,-32.6168
21,0,169,-32.2604
53,0,165,-32.3273
29,0,170,-32.0471
35,0,186,-32.2151
43,0,177,-32.6723
44,0,188,-32.4787
25,0,163,-31.8773
62,0,172,-32.2616
44,0,165,-32.4545
61,0,181,-32.1436
53,0,188,-32.0745
40,0,167,-32.1377
52,0,187,-32.1604
48,0,189,-32.2011
33,0,161,-32.5031
63,0,210,-32.2
40,0,164,-32.2622
63,0,189,-32.2328
47,0,203,-32.2759
34,0,129,-32.6589
48,0,162,-32.2716
42,0,159,-32.3082
58,0,184,-32.0217
82,0,166,-32.5843
51,0,166,-32.5361
26,0,141,-32.6525
44,0,159,-32.2642
55,0,170,-32.2765
59,0,181,-32.1547
42,0,197,-32.1066
32,0,200,-32.455
42,0,172,-32.1977
65,0,189,-32.4021
44,0,174,-32.5172
40,0,166,-32.512
50,0,183,-32.3497
23,0,148,-32.5878
46,0,195,-32.4718
50,0,182,-32.011
26,0,156,-32.2885
34,0,198,-32.1162
40,0,164,-32.2866
60,0,192,-32.1979
33,0,202,-32.5495
39,0,83,-32.0361
54,0,171,-32.3041
31,0,170,-32.0471
39,0,184,-32.4728
66,0,175,-32.3314
33,0,108,-32.1296
46,0,190,-32.3368
41,0,142,-32.4085
50,0,180,-32.2667
27,0,185,-32.1514
55,0,101,-31.7723
27,0,161,-32.5963
38,0,166,-32.3976
45,0,185,-32.6108
45,0,179,-32.3631
47,0,155,-32.1935
43,0,189,-32.1481
66,0,203,-32.2808
52,0,165,-32.5636
56,0,130,-32.3154
49,0,215,-32.307
57,0,172,-32.5698
46,0,173,-32.815
77,0,207,-31.9855
43,0,187,-32.7273
20,0,190,-32.5263
49,0,186,-32.5161
77,0,189,-32.3757
44,0,182,-32.5604
42,0,161,-32.5963
38,0,174,-32.3908
45,0,192,-32.7396
50,0,167,-32.4012
53,0,202,-32.3267
43,0,178,-32.309
69,0,193,-32.5907
37,0,189,-32.3862
62,0,201,-32.4478
63,0,153,-32.1111
32,0,186,-32.4785
24,0,174,-32.5575
21,0,165,-31.9515
36,0,165,-32.2909
48,0,195,-32.3846
28,0,180,-32.2056
64,0,162,-32.5556
