20,0,176,-32.0568
24,0,107,-32.4579
37,0,196,-32.2449
26,0,184,-32.5326
22,0,188,-32.2606
25,0,202,-32.1634
30,0,105,-32.2286
34,0,179,-32.1061
24,0,112,-32.4018
37,0,194,-32.3402
21,0,186,-32.7796
62,0,193,-32.3316
72,0,192,-32.0781
49,0,198,-31.904
48,0,180,-32.0667
27,0,192,-32.4115
41,0,207,-32.2995
44,0,200,-32.755
20,0,198,-32.2879
43,0,190,-32.4421
44,0,206,-32.2282
45,0,172,-31.8953
20,0,178,-32.3427
31,0,177,-32.3898
52,0,102,-31.6667
29,0,186,-32.4194
21,0,186,-32.6075
52,0,205,-32.1415
61,0,194,-32.2371
46,0,178,-31.9775
64,0,185,-31.9622
67,0,194,-32.1443
20,0,190,-31.9789
40,0,192,-32.5833
22,0,186,-32.3656
23,0,181,-32.5525
56,0,202,-31.8366
30,0,179,-32.2235
23,0,201,-32.3433
26,0,169,-32.4024
42,0,206,-32.4175
29,0,194,-32.5309
66,0,203,-31.9557
25,0,173,-32.4509
30,0,116,-32.3103
71,0,188,-32.2021
48,0,208,-32.4567
42,0,211,-32.7251
23,0,102,-32.2549
73,0,205,-31.9366
34,0,171,-32.1696
23,0,205,-32.122
43,0,172,-32
53,0,201,-31.7562
23,0,167,-32.7186
55,0,189,-31.9365
29,0,195,-32.3692
26,0,111,-32.7477
29,0,193,-32.7409
46,0,189,-32.0635
20,0,179,-32
26,0,176,-32.358
22,0,176,-32.2955
32,0,170,-32.5294
29,0,204,-32.1275
38,0,187,-32.4385
39,0,170,-32.4588
62,0,190,-32.2105
26,0,166,-32.3434
30,0,214,-31.9907
48,0,188,-32.0638
45,0,119,-32.1429
54,0,200,-32.44
47,0,194,-32.268
54,0,191,-32.267
62,0,198,-32.2475
28,0,189,-32.4762
49,0,201,-31.8209
38,0,191,-32.1204
33,0,187,-32.2406
27,0,185,-32.5568
34,0,187,-32.2086
28,0,200,-32.34
47,0,215,-32.214
66,0,202,-32.1782
62,0,210,-31.9476
52,0,92,-32.0217
43,0,176,-32.1364
28,0,205,-32.4634
58,0,187,-32.107
35,0,191,-32.4921
43,0,180,-32.6667
37,0,283,-32.3322
56,0,226,-32.1726
53,0,202,-31.8614
29,0,108,-32.3056
43,0,109,-32.4495
47,0,113,-32.1593
30,0,172,-32.4419
41,0,185,-32.0108
25,0,175,-32.4914
47,0,191,-31.8325
43,0,191,-32.5864
59,0,201,-31.8706
43,0,203,-32.1182
65,0,208,-32.3558
26,0,174,-32.3333
38,0,195,-32.4051
42,0,179,-32.4413
50,0,180,-32.0667
22,0,190,-32.2737
43,0,96,-32.0417
32,0,188,-32.5479
50,0,194,-32.0258
73,0,222,-31.7297
69,0,207,-32.0193
47,0,188,-32.1543
68,0,192,-31.7448
37,0,185,-32.427
75,0,214,-32.1355
61,0,106,-31.8113
50,0,113,-32.4336
27,0,179,-32.6145
20,0,189,-32.3333
34,0,203,-32.67
25,0,194,-32.5619
45,0,295,-32.5424
51,0,107,-31.6262
26,0,111,-32.2973
20,0,184,-32.2609
47,0,175,-32.0114
54,0,198,-31.9798
58,0,195,-32.4051
42,0,213,-32.2723
34,0,199,-32.4271
38,0,171,-31.9766
35,0,202,-32.5149
50,0,180,-32.1944
57,0,194,-32.4278
32,2,179,-32.2011
27,2,195,-32.0718
62,0,203,-31.9212
44,0,182,-32.2308
34,0,178,-32.3708
61,0,206,-32.0728
56,0,204,-32.0245
56,0,218,-31.9725
52,0,186,-32.3441
51,0,86,-31.8953
37,0,189,-31.9312
50,0,191,-32.4346
35,0,98,-31.5102
46,2,213,-32.169
24,0,173,-32.0231
41,0,113,-32.2124
42,0,144,-32.0694
41,0,194,-32.4794
78,0,199,-31.995
49,11,168,-32.369
31,0,187,-32.246
49,0,101,-32.0891
34,0,155,-32.1419
34,0,180,-32.2944
33,0,181,-32.0552
27,0,175,-32.4571
40,0,105,-31.7714
32,6,160,-32.4813
49,0,182,-32.2912
54,0,199,-31.799
30,0,198,-32.3889
34,0,190,-31.7947
49,0,188,-32.4894
40,0,183,-32.459
31,0,178,-32.3539
26,0,204,-32.7304
60,0,199,-31.809
26,0,170,-32.3176
44,0,198,-32.4545
29,0,187,-31.8289
46,0,194,-31.9536
38,0,193,-32.0881
39,0,97,-32.2784
58,0,169,-31.9467
47,0,197,-32.0863
50,0,94,-31.7872
77,0,183,-32.3115
39,0,188,-32.0106
31,0,172,-32.3895
36,0,208,-32.4279
41,0,194,-32.0825
37,0,172,-32.157
51,0,218,-32.1284
48,0,185,-32.027
46,0,178,-32.0506
39,0,231,-31.8874
61,0,102,-31.8725
34,0,191,-32.2618
55,0,218,-32.0505
44,0,179,-32.5866
35,0,180,-32.3889
54,0,184,-31.7065
28,0,198,-32.2727
49,0,186,-31.9624
42,0,192,-32.3229
46,0,182,-32.5604
51,0,198,-31.7828
47,0,173,-32.0116
51,0,198,-32.2929
37,0,178,-31.9045
32,0,189,-32.037
22,0,210,-32.4905
48,0,193,-32.2539
44,0,180,-32.4
30,0,197,-32.3553
25,0,197,-32.0254
29,0,183,-32.2404
44,0,187,-32.3369
40,0,192,-32.2396
68,0,118,-31.8898
33,0,201,-32.2537
41,0,184,-31.962
33,0,187,-32.3262
63,0,193,-32.0466
37,0,235,-32.2553
36,0,205,-32.1951
31,0,199,-32.2965
59,0,206,-32.1845
33,0,195,-32.159
39,0,187,-32.0267
21,0,191,-32.1152
41,0,191,-31.6597
37,0,201,-32.3134
42,0,202,-31.8416
22,0,170,-32.1
21,0,139,-32.554
30,0,194,-31.933
32,0,172,-31.9942
58,0,192,-31.9792
20,0,184,-32.288
24,0,178,-31.691
33,0,176,-31.858
33,0,161,-32.472
35,0,179,-32.2179
27,0,189,-32.3333
25,0,179,-32.3073
43,0,178,-32.2584
63,0,209,-32.1244
41,0,178,-31.927
43,0,184,-32.1739
20,0,212,-32.5943
21,0,146,-32.274
46,0,180,-32.4667
47,0,196,-31.8673
39,0,199,-32.4121
28,0,188,-32.2394
60,0,216,-32.1991
40,0,210,-32.2905
56,0,194,-31.8144
44,0,197,-31.9898
40,0,195,-31.8974
48,0,185,-32.1081
44,0,206,-32.2864
38,0,162,-32.0494
24,0,165,-32.2182
29,0,169,-32.3609
45,0,177,-32.4181
42,0,218,-32.0413
63,0,201,-32.3881
57,0,186,-32.2312
29,0,201,-32.393
51,0,98,-31.7551
27,0,204,-32.4265
60,0,188,-32.1011
67,0,203,-32.266
40,0,208,-31.9663
48,0,194,-32.2526
51,0,221,-32.0814
45,0,186,-31.871
72,0,187,-32.2032
62,0,118,-31.7797
47,0,197,-31.8274
31,0,183,-32.7049
71,0,194,-32.0103
52,0,190,-32.0842
23,0,183,-32.235
46,0,183,-32.0383
21,0,101,-31.6832
46,0,207,-32.3285
33,0,179,-31.7598
41,0,170,-32.0882
51,0,185,-32.1405
44,0,208,-31.9038
31,0,192,-32.349
43,0,172,-32.1453
24,0,179,-31.8827
31,0,176,-32
42,0,190,-31.8263
23,0,184,-32.4239
32,0,178,-32.2921
32,0,184,-32.1576
42,0,168,-32.1548
41,0,175,-32.0057
63,0,187,-32.0963
37,0,198,-32
43,0,178,-32.2921
43,0,207,-32.1691
43,0,200,-32.06
50,0,212,-31.9528
43,0,217,-32.2396
29,0,106,-32.5566
44,0,172,-32.2558
57,0,182,-31.9011
40,0,181,-32.4475
44,0,174,-32.3678
66,0,197,-32.0711
34,0,191,-31.9791
67,0,182,-31.7637
43,0,208,-32.3365
46,0,187,-32.0642
33,0,175,-31.9657
60,0,191,-32.199
46,0,169,-32.2781
46,0,197,-32.3147
53,0,205,-32.2195
56,0,187,-32.4118
20,0,184,-32.6196
52,0,97,-32.2165
62,0,104,-32.0385
32,0,195,-32.2564
50,0,196,-32.0561
46,0,176,-31.8693
56,0,204,-31.9216
44,0,188,-32.6223
52,0,184,-32.2446
56,0,200,-31.955
49,0,187,-32.0909
30,0,183,-32.4153
38,0,169,-32.0592
50,0,181,-31.8453
41,0,191,-31.9843
47,0,179,-32.1732
34,0,192,-32.099
39,0,177,-31.9209
30,0,189,-32.291
52,0,183,-31.7158
64,0,207,-32.1643
41,0,189,-32.3862
25,0,192,-32.3698
48,0,218,-32.3807
51,0,200,-32.08
63,0,186,-32.2796
51,0,101,-31.7723
44,0,200,-32.3
20,0,184,-32.4946
31,0,174,-32.3333
49,0,184,-31.7826
76,0,201,-32.403
37,0,95,-31.8526
30,4,91,-31.8352
66,0,184,-32
48,0,158,-32.1329
61,0,96,-31.9688
75,0,192,-32.1406
43,0,189,-31.873
41,0,173,-32.3526
55,0,210,-32.3714
47,0,185,-32.4324
77,0,205,-31.8878
47,0,185,-32.4919
62,0,208,-31.875
36,0,87,-32.0575
46,0,186,-32.2204
39,0,97,-32.5052
38,0,148,-32.3108
55,0,183,-32.0437
48,0,201,-32.209
46,0,105,-32.1619
43,0,118,-31.8814
33,0,180,-32.2889
54,0,99,-31.8485
28,0,208,-31.7644
53,0,194,-32.1546
55,0,106,-31.7547
50,0,179,-31.8994
60,0,179,-31.8771
37,0,102,-32.5392
43,0,99,-31.7778
62,0,102,-31.3137
42,0,90,-31.7444
53,0,105,-31.8286
66,0,197,-32.1015
51,0,117,-31.7094
59,0,108,-31.7778
28,0,180,-32.0833
42,0,192,-32.5312
20,0,174,-32.2299
25,0,95,-31.6842
47,0,227,-32.4405
48,0,117,-32.1026
54,0,217,-32.4194
52,0,219,-31.9132
34,0,167,-31.6707
27,0,177,-32.5932
53,0,190,-32.0632
55,0,184,-31.962
39,0,179,-32.4469
54,0,200,-31.83
35,0,196,-32.2398
45,0,190,-32.4368
52,0,178,-32.2135
58,0,194,-32.0773
38,0,200,-32.135
40,0,175,-32.1143
46,0,191,-31.9634
57,0,95,-32.2526
37,0,205,-32.7024
24,0,194,-32.1598
40,0,182,-31.9066
24,0,183,-32.2951
44,0,197,-32.1421
69,0,190,-32.3579
49,0,192,-31.9167
36,0,197,-32.1675
43,0,172,-31.9884
31,0,172,-32.5349
33,0,204,-32.2402
63,0,214,-32.3084
27,0,195,-32.4205
77,0,213,-31.939
49,0,185,-32.1297
44,0,179,-32.2235
45,0,186,-31.914
50,0,214,-31.8084
26,0,184,-32.1141
41,0,192,-32.0885
38,0,208,-32.5481
39,0,185,-32.3514
58,0,184,-32.1359
47,0,196,-32.3163
42,0,185,-32.2
42,0,163,-32.2393
38,0,178,-32.1517
68,0,203,-31.8522
52,0,227,-31.8458
29,0,169,-32.5089
63,0,194,-32.0979
43,0,194,-32.0567
21,0,176,-32.733
36,0,173,-31.9769
70,0,200,-32.32
43,0,194,-32.3402
21,0,170,-32.3
52,0,207,-32.4203
50,0,212,-32.2689
70,0,216,-31.8843
42,0,193,-32.0311
22,0,102,-32.598
55,0,195,-31.9846
54,0,180,-31.9889
43,0,86,-31.6512
58,0,108,-32.1019
42,0,172,-31.814
44,0,180,-32.2833
48,0,112,-32.0446
27,0,168,-32.3571
33,0,231,-32.8312
45,0,201,-32.2736
24,0,163,-32.3988
74,0,197,-31.8985
30,0,182,-32.1044
74,0,198,-32.0859
40,0,196,-32.4286
44,0,197,-32.1269
25,0,166,-31.8675
48,0,182,-32.2363
20,0,200,-32.385
64,0,187,-31.9412
36,0,182,-32.2033
35,0,198,-32.5859
47,0,182,-32.0714
45,0,108,-31.6759
32,0,183,-32.2131
32,0,188,-32.3298
44,0,103,-31.8155
32,0,184,-32.0054
42,0,100,-31.85
36,0,191,-31.9634
24,0,195,-32.4154
49,0,191,-32.0366
52,0,96,-32.2083
32,0,95,-31.6632
56,0,111,-31.7027
46,0,188,-32.4787
58,0,192,-32.1094
58,0,202,-31.9455
66,3,194,-32.5309
56,0,193,-32.171
52,0,94,-31.8723
51,0,105,-32.3048
55,0,177,-31.9661
29,0,179,-32.3799
62,0,181,-32.011
38,14,180,-32.5
20,1,179,-32.4022
60,0,197,-32.0457
41,2,168,-32.3571
48,0,98,-31.7245
24,2,182,-32.2088
41,8,192,-31.9219
57,10,189,-32.0847
20,0,175,-32.2971
48,24,192,-32.2188
35,5,202,-32.3515
60,31,121,-31.9091
42,12,103,-32.3204
60,18,200,-32.1
50,9,174,-32.0115
33,4,202,-32.2475
30,7,184,-32.3424
34,10,145,-32.5793
51,17,181,-32.3149
23,0,194,-32.4536
51,16,193,-32.0259
70,37,181,-31.7182
42,0,183,-32.0765
27,4,92,-32.2717
77,42,209,-31.7129
60,40,197,-32.3299
69,25,183,-31.8033
47,9,198,-32.1364
21,0,190,-32.3737
57,18,109,-32.2477
40,6,187,-31.9679
45,6,196,-32.4286
47,15,200,-31.72
48,14,186,-31.9194
51,7,202,-32.0149
44,8,195,-32.3385
70,25,194,-32.0773
59,28,114,-32.0351
39,10,95,-31.3368
36,17,163,-32.5399
48,27,181,-32.116
72,40,182,-31.9231
34,2,191,-32.1361
58,21,193,-31.8808
27,1,185,-32.0054
41,9,186,-32.2581
41,9,108,-32.2685
42,17,102,-32.1078
34,7,189,-32.2222
71,36,103,-31.534
41,8,203,-32.0296
33,4,191,-32.2513
30,3,179,-32.3743
28,2,177,-32.1356
71,38,106,-31.8208
43,22,178,-32.2697
71,26,179,-31.9441
63,38,186,-32.2473
66,24,195,-32.0308
64,20,200,-32.44
50,19,193,-32.3264
60,21,201,-31.4229
63,27,180,-32.2611
58,31,187,-32.2888
51,12,165,-32.2667
48,19,104,-31.4231
54,23,195,-31.9949
45,14,176,-32.358
48,18,181,-32.3039
37,10,105,-31.8857
41,10,199,-32.0955
40,11,178,-32.7416
47,18,179,-31.7654
44,13,195,-32.3179
36,6,172,-32.2558
39,9,91,-32.4286
28,2,189,-32.037
74,30,193,-32.0155
59,28,98,-31.6224
49,5,174,-32.2126
35,10,189,-32.455
22,2,185,-32.5135
56,30,100,-31.58
22,2,183,-32.2514
39,12,199,-32.3869
39,15,91,-31.8132
25,2,204,-32.1029
41,16,198,-32.2879
48,15,98,-31.7245
52,15,195,-31.7436
40,8,182,-32.3132
36,7,182,-32.1648
37,10,192,-32.2188
47,17,105,-32.4667
80,31,188,-31.7819
22,1,98,-32.0306
68,0,216,-32.0556
33,0,214,-32.5327
41,0,194,-32.2629
32,0,179,-32.514
26,0,202,-31.9059
41,0,82,-31.9878
63,0,182,-32.011
43,0,96,-32.1146
61,0,202,-32.1436
49,0,192,-32.1823
35,0,179,-32.1955
31,0,184,-32.3641
36,0,95,-32.0947
40,0,169,-32.1657
30,0,161,-32.2857
63,0,198,-32.0606
49,0,192,-32.5417
36,0,175,-32.4057
29,0,197,-32.1218
50,0,189,-32.2487
70,0,187,-32.0963
50,0,95,-31.6316
40,0,189,-32.0106
27,0,196,-32.2959
38,0,186,-31.6935
32,0,170,-31.7647
44,0,168,-32.2262
51,0,90,-32.2111
24,0,196,-31.8673
42,0,156,-31.9872
35,0,159,-32.2579
49,0,239,-32.1967
48,0,227,-32.1762
32,0,94,-32.0106
48,0,158,-32.1456
24,0,191,-32.4817
41,0,197,-32.2487
64,0,107,-31.7009
47,0,198,-32.1212
53,0,101,-32.3267
45,0,97,-32.1031
40,0,98,-32.102
34,0,177,-32.2486
22,0,167,-32.6527
35,0,177,-32.209
47,0,201,-32.4129
37,0,190,-32.4211
42,0,182,-31.9176
55,0,94,-31.7553
38,0,175,-32.0629
54,0,88,-32.3864
26,0,160,-32.6313
41,0,188,-32.5
67,0,107,-31.4673
25,0,177,-32.4633
44,0,111,-31.955
44,0,89,-32.0674
62,0,191,-32.1047
55,0,104,-31.5769
58,0,117,-31.812
38,0,179,-32.1397
25,0,186,-31.9247
46,0,202,-32.0446
34,0,159,-31.8239
67,0,183,-32.3115
61,0,200,-32.145
54,0,178,-31.9213
57,0,173,-32.4335
55,0,180,-32.3889
51,0,183,-31.9126
51,0,108,-32.037
44,0,187,-32.1925
42,0,180,-32.2222
30,0,164,-32.3537
48,0,80,-32.0125
44,0,96,-32.4375
39,0,193,-32.3057
54,0,99,-32.2626
57,0,203,-31.8128
50,0,182,-32.2802
42,0,178,-31.9213
46,0,189,-32.2487
38,0,174,-32.5287
29,0,180,-32.3556
65,0,214,-31.7009
45,0,86,-31.7209
50,0,170,-32.3941
61,0,204,-31.951
36,0,167,-32.4431
22,0,195,-32.1282
37,0,190,-32.4684
34,0,164,-32.689
43,0,195,-32.1641
40,0,171,-32.4386
41,0,182,-32.4505
47,0,94,-31.4681
35,0,202,-32.4505
46,0,103,-31.534
48,0,110,-32.0727
44,0,174,-32.1379
53,0,194,-32.4124
31,0,219,-32.0868
32,0,195,-32.1641
23,0,190,-32.2105
29,0,195,-32.2615
65,0,200,-32.13
21,0,168,-32.3571
37,0,184,-32.1739
26,0,209,-32.1435
43,0,88,-32.3977
31,0,84,-31.7976
34,0,161,-32.5031
68,0,206,-31.9612
45,0,97,-32.1546
46,0,195,-32.0308
67,0,194,-32.5103
64,0,215,-32.014
22,0,196,-32.1786
38,0,187,-32.1658
34,0,169,-32.3787
43,0,178,-32.0393
55,0,198,-32.2172
48,0,89,-31.8876
44,0,216,-32.3148
48,0,110,-32.1909
39,0,198,-32.1616
53,0,212,-32.0755
38,0,95,-32.0632
45,0,184,-31.875
47,0,185,-32.573
41,0,178,-32
33,0,173,-32.6127
38,0,171,-32.4971
44,0,190,-32.0632
35,0,181,-32.2818
40,0,182,-31.956
74,0,201,-31.9353
54,0,158,-32.1709
51,0,169,-32.497
53,0,90,-32.4778
44,0,88,-32.375
43,0,190,-32.1316
27,0,183,-32.1803
46,0,169,-32.3669
39,0,195,-32.5282
41,0,221,-31.9321
35,0,87,-32.4598
47,0,193,-32.342
51,0,206,-32.3981
40,0,247,-32.4575
49,0,161,-32.3416
24,0,185,-31.8919
36,0,175,-32.0343
41,0,182,-32.3022
39,0,88,-32.1364
48,0,182,-32.4725
35,0,177,-32.2373
38,0,181,-32.0552
43,0,174,-31.8736
64,0,195,-31.959
40,0,183,-32.306
28,0,194,-32.4639
57,0,212,-31.6274
44,0,168,-31.8214
24,0,153,-32.1373
37,0,181,-32.3481
25,0,178,-31.8539
38,0,91,-32.022
55,0,191,-32.0995
72,0,193,-32.2591
48,0,178,-32.2416
61,0,202,-32.1634
47,0,182,-31.956
61,0,222,-32.1216
27,0,102,-31.7745
48,0,99,-32.2121
54,0,100,-31.67
23,0,170,-32.4588
40,0,179,-32.2793
39,0,182,-32.3407
34,0,189,-32.4709
42,0,183,-31.7213
55,0,195,-32.1949
22,0,154,-32.0714
49,0,188,-32.1543
41,0,170,-32.2294
29,0,184,-32.0707
65,0,190,-31.6
34,0,186,-32.172
75,0,223,-32.3901
35,0,188,-32.1596
60,0,167,-31.6527
72,0,234,-31.5128
25,0,166,-32.3434
42,0,184,-32.1522
49,0,195,-31.8872
34,0,165,-32.503
59,0,177,-32.1525
43,0,175,-32.24
67,0,181,-32.0166
23,0,177,-32.2203
33,0,180,-32.4611
32,0,172,-32.3023
46,0,191,-32.0314
33,0,183,-32.3989
42,0,175,-32.1829
46,0,171,-32.3977
27,0,175,-32.1429
43,0,190,-32.3737
36,0,189,-31.7884
38,0,163,-32.7301
30,0,174,-32.408
38,0,106,-32.1604
30,0,192,-32.276
34,0,165,-32.2909
41,0,182,-32.0659
53,0,192,-32.2812
39,0,110,-32.1727
33,0,181,-32.1436
44,0,181,-32.1271
21,0,186,-32.2043
27,0,173,-32.289
23,0,95,-31.6632
49,0,196,-32.4745
29,0,180,-32.3833
55,0,198,-32.3434
57,0,192,-32.4531
39,0,181,-32.3315
34,0,189,-32.0423
60,0,199,-32.2814
63,0,215,-32.0651
74,0,224,-32.1607
33,0,179,-31.9832
47,0,201,-31.9254
38,0,97,-31.6701
29,0,317,-32.5079
39,0,93,-31.3441
37,0,181,-32.4807
38,0,196,-32.449
55,0,110,-31.8636
48,0,120,-31.9583
35,0,108,-32.6111
41,0,210,-32.1429
56,0,197,-32.1269
27,3,176,-32.608
52,0,245,-32.1878
32,0,210,-32.2667
39,0,194,-31.9742
27,0,180,-32.3889
45,0,188,-31.8138
45,0,193,-32.2694
46,0,186,-32.5323
27,0,205,-32.3317
31,0,258,-32.6628
56,0,201,-32.1393
23,0,159,-32.2704
31,0,210,-32.2095
25,0,189,-32.1005
36,0,187,-32.0535
51,0,203,-31.8916
50,0,197,-32.1218
42,0,250,-32.476
48,0,193,-31.9378
42,0,105,-32.4667
48,0,97,-32.0206
57,0,111,-31.7387
36,0,101,-32.396
34,0,107,-32.0467
44,0,216,-32.3333
59,0,113,-31.9115
31,0,103,-32.4175
51,0,116,-32.2069
47,0,104,-31.5865
53,0,106,-32.2358
28,0,175,-32.36
42,0,190,-32.5789
61,0,209,-32.067
29,0,174,-32.4368
64,0,192,-31.9688
36,0,184,-32.3587
50,0,101,-32.099
54,0,100,-31.97
28,0,101,-32.4158
55,0,193,-31.9793
50,0,110,-31.7727
27,0,159,-32.2893
31,0,183,-32.3115
42,0,185,-32.1297
58,0,207,-31.9565
48,0,193,-31.8187
30,0,101,-31.9109
26,0,106,-31.6887
44,0,174,-32.431
51,0,98,-32.5306
51,0,191,-32.1466
21,0,201,-32.3085
56,0,201,-32.5124
34,0,108,-32.2778
34,0,180,-32.4056
43,0,191,-32.178
39,0,112,-32.1429
37,0,196,-32.4184
36,0,214,-32.4393
26,0,198,-32.404
54,0,190,-32.3737
57,0,100,-32.08
24,0,98,-31.9184
55,0,105,-32.3238
48,0,184,-32.5543
30,0,104,-32.2885
56,0,104,-31.5865
26,0,105,-32.2286
47,0,107,-31.785
47,0,100,-31.72
43,0,111,-32.1171
44,0,107,-31.9159
45,0,224,-32.2634
64,0,201,-31.7512
52,0,112,-32.2232
37,0,99,-32.1717
22,0,167,-32.4311
28,0,186,-32.1667
30,0,105,-32.2762
37,0,103,-32.1456
48,0,107,-32.1682
58,0,196,-31.8265
41,0,172,-32.2616
52,0,189,-32.037
26,0,196,-32.3622
52,0,203,-32.3153
40,0,214,-32.4159
63,0,190,-32.1263
33,0,196,-31.7602
24,0,102,-32.4804
53,0,109,-31.8624
42,0,195,-32.3231
47,0,112,-32.1607
38,0,183,-32.3661
43,0,206,-32.0243
48,0,106,-32.0189
32,0,108,-32.1667
45,0,95,-32.2632
39,0,96,-31.6042
43,0,184,-32.4674
31,0,396,-32.7197
45,0,93,-31.4516
37,0,103,-32.165
62,0,209,-32.3971
24,0,103,-32.3398
51,0,110,-32.3364
53,0,200,-32.365
38,0,186,-32.5108
50,0,104,-31.9423
42,0,95,-32.1579
48,0,212,-32.5236
56,0,98,-32.2449
22,0,204,-32.2647
33,0,217,-32.5484
63,0,177,-32.322
36,0,187,-32.6791
30,0,191,-32.2356
29,0,175,-32.0229
30,0,98,-32.4796
43,0,112,-31.5357
35,0,195,-32.5128
56,0,218,-31.5963
51,0,194,-32.2887
46,0,123,-31.5122
38,0,168,-31.8036
34,0,166,-32.259
54,0,201,-32.4179
25,0,207,-32.4348
34,0,103,-32.5437
33,0,208,-32.4615
47,0,116,-31.7931
67,0,194,-32.2165
31,0,184,-32.2609
23,0,187,-32.0642
50,0,197,-32.1523
25,0,188,-32.367
23,0,173,-32.1965
52,0,194,-32.1856
34,0,98,-32.398
33,0,186,-32.1344
37,0,182,-32.4835
58,0,212,-32.3066
80,0,221,-31.7557
42,0,240,-32.7958
51,0,192,-31.7604
25,0,155,-32.8
52,0,125,-31.504
54,0,96,-31.8125
40,0,189,-32.127
39,0,110,-32.0909
58,0,114,-31.2719
82,0,188,-31.9202
29,0,156,-32.4744
48,0,87,-31.7471
46,0,168,-32.006
70,0,190,-31.9053
46,0,126,-32.0873
32,0,177,-31.8418
29,0,102,-32.5588
22,0,204,-32.598
31,0,186,-32.3495
53,0,191,-32.2251
49,0,188,-32.117
57,0,337,-32.5341
29,0,185,-32.4054
40,0,113,-32.3186
81,0,203,-31.8325
21,0,181,-32.3536
55,0,162,-32.2407
54,0,186,-32.3656
48,0,167,-32.4251
43,0,150,-31.8267
61,0,219,-31.7443
67,0,197,-32.4924
53,0,193,-32.1969
73,0,203,-32.3054
36,0,187,-32.492
53,0,221,-32.3348
55,0,217,-32.4194
62,0,220,-32.2955
20,0,209,-32.5694
77,0,194,-31.7165
68,0,112,-31.3214
96,0,207,-32.2899
74,0,100,-31.42
60,0,186,-32.3817
80,0,213,-31.5822
38,0,183,-31.9508
53,0,144,-32.0417
77,0,199,-31.7638
34,0,159,-32.2642
83,0,204,-32.0735
78,0,106,-31.8019
49,0,178,-32.0393
46,0,108,-32.4352
56,0,206,-31.9757
68,0,108,-31.7222
44,0,409,-32.7531
50,0,296,-32.5541
47,0,291,-32.6976
70,0,199,-32.0201
63,0,114,-31.5702
61,0,113,-31.5398
63,0,161,-32.2857
69,0,112,-31.5179
55,0,114,-30.6842
78,0,215,-31.8791
72,0,110,-31.4091
22,0,102,-31.6471
74,0,205,-31.3951
51,0,185,-32.2973
43,0,170,-32.7059
78,0,221,-31.9095
77,0,198,-31.7929
42,0,177,-32.6554
43,0,110,-32.1545
76,0,212,-31.6509
57,0,192,-31.7969
70,0,112,-31.0179
56,0,126,-32.0476
74,0,210,-31.9286
73,0,203,-31.8079
54,0,184,-31.875
91,0,210,-32.0905
89,0,178,-31.3989
80,0,215,-31.9628
70,0,187,-31.8663
69,0,123,-31.5854
56,0,203,-32.0345
26,0,177,-32.2486
41,0,96,-31.0833
64,0,116,-31.1983
82,0,201,-31.9005
32,0,196,-32.3827
71,0,210,-31.9333
70,0,202,-31.8366
37,0,114,-32.2018
23,0,173,-32.2197
64,0,116,-31.2328
46,0,101,-32.4158
46,0,183,-31.9945
77,0,216,-32.0278
69,0,193,-31.772
32,0,170,-32.3941
35,0,189,-32.1005
45,0,245,-32.1878
51,0,107,-31.6449
35,0,111,-32.0901
54,0,117,-31.265
70,0,199,-31.5879
75,0,205,-31.9171
60,0,119,-31.6891
44,0,119,-31.6891
53,0,148,-32.3041
87,0,192,-31.6927
60,0,116,-31.8793
33,0,169,-31.6509
39,0,187,-32.4278
60,0,102,-31.8235
80,0,200,-32.16
25,0,96,-32.6562
53,0,100,-31.32
30,0,159,-32.3711
61,0,102,-31.8137
42,0,104,-31.6058
62,0,193,-32.1917
53,0,176,-31.7841
64,0,209,-32.1914
63,0,100,-31.29
25,0,178,-32.4494
45,0,358,-32.662
47,0,201,-31.8507
53,0,152,-32.4408
69,0,184,-31.7391
55,0,178,-31.809
83,0,200,-31.785
61,0,238,-32.0504
59,0,190,-31.7421
44,0,184,-31.9946
59,0,118,-31.6102
29,0,221,-32.9095
85,0,204,-31.7745
55,0,104,-32.0192
55,0,204,-31.6176
58,0,193,-31.9845
53,0,121,-31.8595
60,0,116,-31.8707
57,0,104,-31.9808
47,0,213,-32.4131
57,0,104,-31.6923
44,0,241,-32.0705
60,0,103,-31.6893
65,0,108,-31.75
80,0,300,-32.51
43,0,97,-32.0515
55,0,123,-32
50,0,116,-32.0948
41,0,156,-32.4487
74,0,220,-31.9545
52,0,122,-32.2213
49,0,104,-31.7596
53,0,99,-31.5051
43,0,231,-32.3377
81,0,210,-31.9429
52,0,140,-32.0643
67,0,182,-31.9615
51,0,101,-31.9307
39,0,257,-32.3424
70,0,105,-32.2286
64,0,105,-31.219
46,0,194,-32.1031
45,0,128,-32.1797
64,0,176,-31.5511
53,0,190,-32.0421
54,0,172,-31.9244
60,0,233,-31.8283
35,0,233,-32.5365
81,0,206,-31.835
63,0,104,-31.6538
67,0,217,-31.682
61,0,110,-31.7455
52,0,189,-32.037
67,0,194,-32.1443
40,0,306,-32.6765
21,0,89,-32.2921
80,0,201,-31.9154
72,0,224,-31.8438
80,0,203,-31.6847
66,0,122,-31.459
42,0,124,-32.1371
71,0,102,-31.451
21,0,111,-32.6036
65,0,199,-31.7889
84,0,224,-32.0714
61,0,177,-31.9209
39,0,96,-31.6667
55,0,106,-31.6509
74,0,181,-31.8564
61,0,102,-31.6765
54,0,107,-31.8037
67,0,177,-32.0621
69,0,200,-31.65
30,0,135,-32.3185
71,0,188,-32.2234
44,0,185,-32.5568
68,0,204,-32.098
52,0,220,-32.15
37,0,189,-32.1481
30,0,94,-31.5851
58,0,189,-31.8254
79,0,187,-31.7701
69,0,115,-31.2087
76,0,189,-32.1429
70,0,107,-31.5701
30,0,155,-32.7613
54,0,109,-32.0826
77,0,193,-32.0674
23,0,141,-32.4894
46,0,154,-32.3182
86,0,192,-31.9167
60,0,102,-32.1667
61,0,162,-32.2654
76,0,192,-31.6042
32,0,174,-31.8161
65,0,232,-31.806
29,0,126,-32.4524
34,0,133,-32.3158
76,0,210,-32.0048
31,0,189,-32.9365
35,0,153,-32.0458
23,0,132,-32.3485
32,0,185,-32.4486
63,0,193,-31.9637
67,0,205,-31.9902
84,0,201,-32.3582
60,0,226,-32.3673
60,0,116,-30.6121
39,0,145,-32.5931
44,0,163,-32.1779
73,0,131,-31.7939
64,0,191,-31.9319
73,0,205,-31.9561
63,0,174,-31.7701
45,0,184,-31.6304
70,0,199,-31.9045
53,0,129,-31.8605
69,0,117,-32.0684
51,0,176,-31.6534
57,0,110,-32.5091
77,0,212,-31.9906
68,0,207,-31.7101
50,0,93,-31.7204
53,0,269,-32.4387
82,0,197,-31.802
51,0,107,-32.3271
51,0,113,-32.1239
56,0,191,-32.2408
69,0,221,-32.2127
55,0,124,-32.2258
60,0,104,-31.7981
70,0,197,-32.0051
72,0,110,-31.6
39,0,192,-32.6094
80,0,208,-32.1154
53,0,98,-31.3367
71,0,110,-31.9636
80,0,189,-31.9312
81,0,104,-30.8462
62,0,134,-32.0075
61,0,103,-31.5534
72,0,224,-31.9196
54,0,205,-32.2439
42,0,121,-32.1488
40,0,120,-31.7083
55,0,216,-31.9444
64,0,110,-32.3091
52,0,196,-32.0051
71,0,110,-31.4545
76,0,116,-31.0517
64,0,148,-32.0135
71,0,115,-31.887
78,0,211,-31.7678
69,0,191,-31.9058
66,0,183,-32.1913
69,0,184,-31.9674
34,0,177,-31.8927
55,0,104,-31.8077
55,0,191,-32.1099
72,0,216,-32.0278
40,0,129,-32.3721
49,0,185,-31.9297
35,0,134,-32.2463
54,0,113,-31.8496
57,0,192,-31.974
63,0,106,-31.8774
61,0,181,-31.6133
72,0,203,-32.133
84,0,194,-31.9227
65,0,190,-32.1368
24,0,108,-32.1574
59,0,205,-31.9366
34,0,182,-32.467
78,0,199,-31.6734
47,0,195,-32.0103
58,0,107,-32.0935
81,0,186,-32.1613
54,0,111,-31.982
58,0,134,-31.7836
54,0,104,-31.3942
70,0,108,-31.1574
45,0,103,-31.1068
53,0,202,-32.3812
20,0,113,-32.2124
50,0,101,-32.1089
43,0,312,-32.875
34,0,204,-32.0294
46,0,102,-32.2745
71,0,199,-31.7035
58,0,114,-31.8509
38,0,208,-32
31,0,168,-32.0417
51,0,181,-32.1713
40,0,202,-32.1782
53,0,179,-32.2905
70,0,107,-31.3271
41,0,105,-32.2381
65,0,99,-31.5455
68,0,215,-32.1023
66,0,199,-31.8342
21,0,192,-32.401
61,0,173,-32.3584
39,0,122,-31.8525
41,0,188,-32.1489
47,0,98,-31.6429
42,0,104,-31.6731
38,0,217,-32.1244
46,0,100,-31.67
77,0,102,-31.2745
78,0,205,-32.239
64,0,219,-32.0822
32,0,89,-32.3258
71,0,180,-32.2389
68,0,195,-32.0359
54,0,112,-32.1786
50,0,137,-31.9635
76,0,207,-31.6039
43,0,164,-31.9024
29,0,185,-32.4649
71,0,193,-31.9326
66,0,220,-32.2364
46,0,145,-32.1793
64,0,199,-31.6332
43,0,212,-31.7217
27,0,164,-31.9878
69,0,94,-32.0426
23,0,99,-32.1313
52,3,126,-32.2937
55,3,100,-31.84
29,0,145,-32.6483
42,0,199,-32.0754
27,2,180,-32.45
26,0,92,-32.25
30,0,182,-32.8187
35,0,164,-32.5488
30,0,170,-32.1412
52,0,111,-31.9189
41,0,202,-32.0149
46,0,204,-32.5294
31,0,111,-32.5135
37,0,104,-32.0962
34,0,118,-31.8559
39,0,103,-31.9709
24,0,178,-32.1685
47,0,188,-31.9947
31,0,199,-32.4121
37,0,193,-31.8187
20,0,182,-32.4341
29,0,112,-31.6518
29,0,174,-32.2356
42,0,198,-31.9646
77,0,218,-32.2661
50,0,176,-32.2443
36,0,206,-32.5437
30,0,198,-32.5303
60,0,198,-32.3333
49,0,196,-32.1582
74,0,221,-32.4525
40,0,190,-31.8579
48,0,117,-32.3248
59,0,220,-32.1
60,0,204,-32.5882
36,0,183,-31.9727
56,0,108,-32.2222
39,0,109,-31.5046
52,0,109,-31.4495
43,0,167,-32.5689
44,0,111,-32.0901
55,0,97,-32.134
48,0,93,-31.9032
45,0,211,-32.4218
48,0,222,-32.1577
25,0,172,-32.0465
41,0,187,-32.3262
28,0,197,-32.2081
32,0,190,-32.3579
31,0,188,-32.0053
30,3,100,-32.29
63,0,209,-32.0622
44,0,191,-32.3613
28,0,185,-32.5568
57,0,194,-31.9485
44,0,184,-32.3478
51,0,200,-31.995
22,0,189,-32.381
41,0,183,-32.071
41,0,97,-32.3608
73,0,229,-32.0437
49,0,194,-32.1443
43,0,195,-32.3487
43,0,180,-32.3833
38,0,186,-31.9194
69,0,205,-32.0878
37,0,196,-32.3367
39,7,184,-32.1196
39,0,174,-31.8966
34,0,183,-32.4699
33,0,156,-32.2179
28,3,170,-32.5176
35,0,178,-31.9494
42,0,98,-32.1633
40,0,104,-32.2981
41,0,118,-32.3475
57,0,199,-31.8945
35,0,206,-32.2476
22,1,108,-32.287
45,0,207,-32.2899
35,0,172,-32.2093
58,0,201,-32.1542
23,3,195,-32.3487
47,0,102,-32.1471
36,0,105,-32.1619
46,0,109,-31.9174
20,0,168,-32.506
39,0,180,-32.3111
21,0,187,-31.8128
31,0,102,-32.3235
38,0,198,-32.1364
56,0,199,-32.2714
20,0,195,-32.1538
41,0,99,-32.2828
24,0,180,-32.1389
22,0,102,-31.6176
29,0,158,-32.4367
20,1,189,-32.5661
24,0,234,-31.7265
66,5,208,-32.2452
50,0,200,-31.945
29,3,160,-32.5438
28,0,179,-32.2402
75,42,209,-32.0957
32,2,110,-32.2818
27,1,201,-32.0746
60,6,182,-32.4286
56,3,108,-32.0556
28,0,181,-31.7901
45,18,184,-32.2065
58,3,108,-32.0648
53,43,171,-32.1754
35,5,188,-32.2766
28,0,193,-32.3161
37,2,195,-32.2154
60,2,208,-32.2019
27,0,184,-32.5326
50,2,104,-31.7692
60,25,204,-31.8088
29,6,191,-32.0366
35,0,191,-32.4346
69,30,192,-31.8281
45,7,180,-31.8667
31,1,193,-32.4508
41,2,200,-32.52
51,6,208,-32.3462
28,1,262,-32.4504
45,2,184,-32.5815
21,0,183,-32.3552
35,12,190,-32.2263
32,1,181,-32.5691
33,2,174,-32.2184
26,3,192,-32.2604
29,1,191,-32.0524
24,0,198,-32.3434
26,1,190,-32.4579
29,1,104,-32.0385
25,0,190,-32.3316
29,3,174,-32.3046
20,0,237,-32.5359
51,0,206,-32.2864
52,0,202,-31.8515
30,0,197,-32.2132
36,0,112,-32.5446
58,0,223,-32.2197
34,0,179,-32.3128
38,0,183,-32.2842
49,0,178,-32.073
37,0,185,-32.4486
25,0,181,-31.8343
44,0,98,-32.051
52,0,186,-32.1828
38,0,193,-32.2487
30,0,202,-32.3119
22,0,193,-32.7306
28,0,195,-32.7026
37,0,206,-32.4709
38,0,191,-31.9948
39,0,196,-32.3163
24,0,198,-32.3182
41,0,189,-32.0952
39,0,218,-32.4174
33,0,98,-31.8673
28,0,231,-32.5325
45,0,199,-32.3367
56,0,186,-31.8441
53,0,214,-32.1308
36,0,208,-32.2692
39,0,177,-31.9096
39,0,192,-32.0312
50,0,190,-32
44,0,203,-31.9655
56,0,202,-32.0297
52,0,188,-32.2872
35,0,187,-32.385
24,0,192,-32.2656
26,0,158,-32.0886
41,0,187,-31.7861
21,0,199,-32.196
37,0,158,-32.2089
42,0,179,-32.162
60,0,202,-32.3168
39,0,165,-32.5818
44,0,193,-31.772
31,0,212,-32.1651
31,0,196,-31.8929
28,0,172,-32.0872
36,0,199,-32.0704
40,3,193,-32.4041
31,0,186,-32.4409
52,0,188,-32.2713
42,0,181,-32.0552
23,0,174,-32.7126
56,0,95,-31.6632
26,0,200,-31.99
51,0,104,-32.1538
49,0,185,-31.9243
24,0,253,-32.3874
60,0,93,-31.6237
64,0,99,-31.5455
22,0,199,-32.4523
55,0,181,-31.9227
32,0,187,-32.016
39,0,179,-31.9218
50,0,199,-31.8744
48,0,159,-32.1761
42,0,179,-31.9777
54,0,175,-32.0743
42,0,200,-32.44
31,0,163,-32.0675
34,0,134,-32.4851
48,0,109,-31.6055
30,0,109,-31.9908
26,0,154,-32.1753
44,0,171,-31.8538
47,0,98,-31.551
54,0,100,-32.41
45,0,111,-32.1622
40,0,112,-32.3304
62,0,111,-31.1892
64,0,192,-32.4167
56,0,208,-31.8462
28,0,195,-32.0923
40,0,188,-31.9096
43,0,103,-31.9612
21,2,183,-32.5574
34,0,178,-32.4045
49,0,173,-32.3699
21,0,192,-31.9062
39,0,167,-31.994
67,0,179,-31.7709
49,0,220,-32.8227
24,0,178,-32.3876
50,0,179,-31.7095
51,0,103,-31.6117
25,0,183,-32.5519
59,0,101,-31.9505
42,0,211,-32.1422
35,0,195,-31.8256
23,0,179,-32.1453
29,0,174,-32.0805
57,0,182,-32.1593
33,0,78,-32.0641
23,0,187,-32.1979
57,0,191,-31.9948
43,0,168,-31.5
26,0,88,-31.8636
54,0,174,-31.8908
47,0,188,-32.1223
29,0,85,-31.7412
48,0,173,-31.6012
56,0,179,-32.5531
36,0,105,-31.7429
29,0,211,-31.9858
25,0,88,-31.9432
40,0,189,-31.9418
21,0,97,-32.5155
48,0,120,-32.1833
56,0,204,-31.6275
50,0,183,-32.1311
21,0,155,-32.5097
32,0,173,-32.5202
30,0,156,-32.4872
39,0,183,-32.1366
53,0,126,-32.0238
34,0,86,-32.2558
42,0,91,-32.0549
31,0,378,-32.7963
49,0,182,-32
71,0,210,-31.8619
42,0,195,-32.5846
45,0,185,-31.973
30,0,266,-32.7632
42,0,177,-32.1921
21,0,94,-32.3511
28,0,194,-32.5567
32,0,88,-31.5909
55,0,187,-32.0535
48,0,161,-32.472
53,0,101,-31.5941
34,0,83,-32.5301
51,0,182,-31.9011
27,0,91,-32.6484
45,0,114,-32.0175
67,0,208,-31.9856
41,0,172,-32.3314
72,0,193,-32.1036
46,0,108,-31.0278
51,0,198,-31.8384
53,0,195,-31.7179
42,0,188,-32.1862
43,0,184,-32.1359
46,0,90,-31.8333
41,0,182,-32.2088
52,0,93,-31.5269
60,0,203,-32.2118
57,0,198,-31.9192
68,0,200,-31.8
61,0,200,-31.975
44,0,205,-31.9805
68,0,188,-32.3617
20,0,243,-32.7695
43,0,117,-32.3333
32,0,108,-32.2037
26,0,195,-32.1949
27,0,178,-32.5112
43,0,208,-32.101
70,0,201,-31.8209
35,0,101,-31.8515
61,0,199,-32.0201
29,0,178,-32.0787
53,0,98,-31.6633
59,0,95,-31.7053
27,0,209,-32.6699
76,0,207,-32.314
33,0,162,-32.1852
65,0,194,-32.2371
72,0,202,-31.5446
34,0,196,-31.7653
47,0,186,-31.5968
50,0,166,-32.1687
45,0,193,-32.715
20,0,183,-32.4262
44,0,99,-31.7576
36,0,105,-32.4
35,0,90,-32.0111
34,0,165,-32.6545
59,0,184,-31.7826
53,0,110,-32.0273
51,0,205,-31.9268
47,0,124,-32.2339
33,0,209,-32.7225
46,0,110,-31.6182
29,0,169,-32.5148
60,0,169,-31.9467
35,0,102,-31.9902
41,0,222,-31.7613
42,0,223,-32.3408
44,0,115,-32.287
71,0,207,-32.1353
65,0,183,-31.9836
47,0,103,-31.9806
36,0,99,-31.9192
62,0,175,-32.1714
64,0,102,-32
56,0,102,-31.2255
52,0,106,-31.5943
25,0,179,-32.7039
56,0,176,-31.8807
59,0,101,-31.7228
58,0,105,-31.8095
68,0,194,-31.9485
33,0,96,-31.4375
68,0,185,-32.4324
47,0,97,-31.433
21,0,421,-32.8979
59,0,196,-32.2704
73,0,206,-32.0485
45,0,188,-32.1011
64,0,100,-31.19
71,0,198,-31.904
68,0,190,-31.5474
47,0,106,-31.8208
51,0,199,-32.0251
41,0,112,-32.2232
34,0,92,-32.337
77,0,204,-31.6373
60,0,208,-32.1587
39,0,195,-31.9333
20,0,160,-32.525
35,0,161,-31.9193
52,0,111,-32.2973
22,0,190,-32.3368
70,0,220,-32.0545
34,0,177,-32.0282
29,0,174,-32.1207
39,0,160,-32.2687
51,0,171,-31.848
57,0,195,-31.9385
49,0,94,-31.7447
51,0,101,-31.8515
26,0,181,-31.8729
50,0,121,-32.2562
50,0,103,-32.0194
39,0,107,-32.3458
42,0,85,-31.8235
68,0,232,-32.0043
23,0,102,-32.5392
35,0,162,-32.2346
46,0,115,-32.487
45,0,106,-31.717
53,0,190,-32.1947
61,0,207,-31.9758
64,0,183,-32.1967
55,0,118,-31.7458
63,0,109,-31.8899
55,0,113,-31.9469
55,0,108,-31.7685
35,0,226,-32.2965
58,0,99,-32.0707
71,0,188,-31.867
48,0,175,-32.0857
65,0,197,-31.934
21,0,174,-32.3736
55,0,97,-31.5155
30,0,174,-32.2011
35,0,126,-32.0079
38,0,178,-31.9045
48,0,121,-31.7355
29,0,175,-32.4114
38,0,178,-32.2865
49,0,194,-32.1031
58,0,191,-31.9215
36,0,177,-32.3277
39,0,104,-32.3077
37,0,100,-31.8
71,0,202,-31.7673
32,0,163,-32.589
60,0,97,-31
47,0,101,-31.7822
35,0,157,-32.3885
36,0,99,-32.2121
60,0,106,-31.566
61,0,98,-31.5816
55,0,102,-32.1667
46,0,190,-32.4842
44,0,88,-31.625
34,0,91,-31.4725
31,0,121,-32.1983
20,0,256,-32.7539
67,0,200,-32.055
51,0,193,-31.9119
53,0,103,-31.3689
66,0,218,-31.8394
37,0,111,-32.5315
25,0,150,-32.7467
29,0,201,-32.1144
23,0,86,-32.4302
38,0,97,-31.7113
47,0,181,-32.442
37,0,100,-32.39
56,0,192,-32.0938
42,0,205,-32.4195
47,0,154,-32.3117
52,0,173,-31.9364
56,0,202,-31.8267
39,0,196,-31.9133
25,0,88,-32.3409
33,0,213,-32.0751
64,0,105,-31.6286
46,0,192,-32.3073
75,0,118,-31.8051
32,0,189,-32.6561
53,0,105,-31.7905
48,0,96,-32.1354
67,0,191,-31.6649
67,0,107,-31.7103
43,0,174,-31.8678
56,0,113,-31.4867
35,0,81,-31.6173
20,0,192,-32.2344
54,0,99,-32.5051
30,0,182,-32.3736
45,0,195,-32.241
58,0,195,-31.5026
51,0,179,-32.5642
42,0,174,-32.2931
65,0,172,-31.9535
46,0,104,-31.9231
63,0,105,-31.4095
59,0,187,-32.3529
41,0,193,-32.228
52,0,183,-32.0492
65,0,202,-32.1683
70,0,201,-32.0498
21,0,182,-32.522
74,0,191,-31.9162
60,0,190,-32.0368
34,0,110,-32.5545
28,0,241,-32.6307
27,0,143,-32.4266
66,0,200,-31.42
52,0,209,-31.8086
30,0,163,-32.0061
50,0,101,-32.099
22,0,113,-32.1327
61,0,192,-31.9062
34,0,185,-32.3243
67,0,203,-32.0345
28,0,180,-32.2222
56,0,198,-32.2778
50,0,87,-31.977
35,0,116,-32.7155
55,0,184,-32.1033
27,0,190,-32.5
52,0,92,-31.663
29,0,97,-32.6082
39,0,168,-32.2143
28,0,115,-32.2696
25,0,173,-32.4509
40,0,192,-32.4583
44,0,216,-32.1528
48,0,196,-32.0663
52,0,192,-32.349
65,0,195,-32.1231
29,0,202,-32.4158
28,4,121,-32.7934
28,0,172,-32.5058
58,29,178,-31.8539
36,5,190,-32.3316
25,1,194,-32.4588
67,14,184,-31.712
38,14,297,-32.6027
49,2,235,-32.2766
24,0,169,-32.4556
23,0,167,-32.503
58,13,184,-31.9348
35,2,185,-32.5622
52,7,119,-31.7395
48,3,168,-32.2143
58,0,105,-31.6286
53,0,174,-32.2184
25,0,179,-31.8212
22,0,198,-32.3788
21,0,194,-32.1082
53,5,204,-31.9755
68,0,194,-31.7887
42,0,239,-32.318
26,0,215,-32.2744
22,0,87,-32.1609
58,0,201,-31.806
55,0,211,-32.1185
41,0,101,-32.0891
61,0,201,-32.2239
34,0,97,-31.9072
50,0,174,-32.4195
50,0,196,-32.1939
28,0,184,-32.2717
46,0,184,-32.3207
29,0,163,-32.5767
36,0,177,-32.1921
41,0,175,-32.1314
27,0,100,-32.13
69,0,209,-31.9139
28,0,133,-32.7519
39,0,196,-32.0969
43,0,103,-32.2039
32,0,194,-32.3505
41,0,112,-32.1875
56,0,193,-32.0207
69,0,221,-32.0045
63,0,100,-31.92
51,0,182,-32.1703
66,0,205,-32.1463
36,0,186,-32.3226
63,0,217,-32.3871
60,0,206,-32.4223
56,0,187,-31.9198
45,0,183,-31.9617
45,0,186,-32.2151
64,0,198,-32.1313
31,0,181,-32.4199
32,0,192,-31.9062
57,0,96,-31.6042
57,0,184,-31.9728
65,0,224,-31.625
41,0,216,-32.5694
54,0,186,-32.1344
54,0,129,-32.0543
54,0,181,-32.2099
41,0,204,-32.6127
62,0,201,-32.3632
67,0,206,-32.1262
51,0,191,-32.1047
26,0,113,-32.2212
24,0,194,-32.5515
57,0,180,-32.0889
53,0,197,-32.066
22,0,78,-32.1282
34,0,182,-32.2308
24,0,191,-32.5183
28,0,173,-32.4335
22,0,184,-32.4293
25,0,104,-31.8269
25,0,161,-32.559
33,0,188,-32.4947
43,0,96,-31.9792
33,0,196,-32
36,0,103,-31.4951
38,0,195,-32.2205
47,0,197,-31.9594
31,0,241,-32.6846
35,0,180,-32.3722
50,0,178,-32.3202
48,0,233,-32.2618
38,0,288,-32.4167
49,0,192,-32.5677
52,0,182,-31.7857
24,0,214,-32.3364
63,0,202,-32.2574
49,0,205,-31.8585
34,0,181,-32.5691
37,0,210,-32.0619
63,0,210,-31.9524
37,0,174,-32.2816
30,0,243,-32.6337
57,0,188,-31.8511
28,0,176,-32.6307
70,0,216,-32.0324
36,0,222,-32.1396
43,0,194,-32.2887
66,0,210,-32.1524
60,0,106,-32.1887
39,0,247,-32.3887
40,0,98,-32.2755
50,0,208,-32.0913
66,0,196,-32.051
61,0,208,-32.0048
52,0,192,-31.8125
44,0,199,-32.2362
43,0,201,-32.1542
62,0,211,-32.2227
29,0,202,-32.3515
61,0,182,-31.956
53,0,108,-32.3889
51,0,100,-31.23
69,0,192,-32.2344
30,0,112,-32.0268
28,0,201,-32.3731
41,0,187,-32.2193
41,0,185,-32.0216
48,0,185,-31.8649
34,0,185,-32.0432
51,0,169,-32.2899
23,0,170,-31.7706
63,0,118,-31.7203
42,0,181,-32.1436
32,0,129,-32.3953
49,0,104,-31.6923
64,0,186,-32.129
41,0,199,-32.3417
45,0,120,-31.2
46,0,194,-32.1186
61,0,205,-32.0634
33,0,171,-32.4678
49,0,184,-31.9837
57,0,209,-31.9713
41,0,181,-31.5635
45,0,200,-31.915
56,0,181,-32.4199
51,0,93,-32.1075
51,0,97,-32.0103
55,0,253,-32.3162
64,0,174,-32.1724
40,0,167,-31.8683
30,0,199,-32.5729
61,0,202,-32.302
56,0,160,-32.4438
62,0,206,-32.3252
73,0,227,-32.1057
76,0,197,-31.9797
47,0,160,-32.0812
43,0,123,-32.1382
44,0,182,-31.6319
39,0,187,-32.2299
52,0,205,-32.0878
68,0,203,-32.2463
43,0,188,-32.3617
36,0,153,-32.6144
40,0,169,-32.2722
55,0,180,-32.0889
65,0,195,-32.1179
76,0,196,-31.9337
28,0,158,-32.4051
60,0,102,-31.4706
46,0,168,-32.6071
42,0,108,-31.7222
48,0,108,-31.6759
22,0,207,-32.5314
51,0,182,-32.0385
52,0,186,-32.2688
49,0,187,-32.3209
36,0,161,-31.6894
48,0,106,-31.2547
58,0,195,-32.2103
36,0,89,-31.5955
31,0,173,-32.1214
70,0,208,-31.8558
77,0,195,-31.9282
44,0,201,-32.2985
53,0,207,-32.0338
30,0,179,-32.4693
22,0,182,-32.456
49,0,190,-32.2632
48,0,176,-32.2102
50,0,195,-32.0205
45,0,184,-32.1087
48,0,211,-31.9573
61,0,110,-32.1818
53,0,104,-32.0481
39,0,205,-32.1268
40,0,208,-32.1394
46,0,97,-32.8144
46,0,199,-32.196
47,0,209,-32.1962
48,0,189,-32.4392
64,0,213,-32.0141
58,0,206,-32.1214
36,0,195,-32.2
51,0,98,-32.102
45,0,192,-32.224
64,0,211,-32.2085
55,0,89,-31.8989
37,0,159,-32.7044
54,0,113,-31.9381
58,0,182,-31.7582
70,0,188,-32.117
63,0,99,-31.5253
58,0,190,-32.1632
36,0,202,-32.203
53,0,198,-31.7121
56,0,104,-31.9519
56,0,184,-32.3587
56,0,194,-32.1856
78,0,209,-31.8947
39,0,242,-32.4752
49,0,113,-32.2478
48,0,218,-32.367
40,0,100,-31.98
59,0,211,-31.9052
39,0,174,-32.0172
52,0,174,-32.1667
29,0,175,-32.1829
53,0,169,-31.9763
68,0,198,-32.1667
33,0,116,-32.3103
26,0,182,-32.3736
54,0,193,-32.2021
31,0,195,-32
30,0,180,-32.35
39,0,96,-32.3125
51,0,111,-31.9009
54,0,176,-32.0398
37,0,174,-32.0805
60,0,186,-31.8763
55,0,185,-32.1892
61,0,209,-32.1435
37,0,183,-32.0492
37,0,185,-32.1243
44,0,181,-32.1989
36,0,178,-32.618
33,0,203,-32.6946
69,0,255,-32.4118
39,0,108,-31.8148
61,0,198,-31.8485
32,0,100,-31.8
62,0,228,-32.1184
76,0,209,-32.244
40,0,92,-32.5978
50,0,185,-32.0865
63,0,208,-32.3077
59,0,210,-32.3619
58,0,209,-31.8708
51,0,197,-32.1218
44,0,186,-32.543
73,0,198,-31.8485
52,0,173,-32.0809
49,0,112,-31.7857
34,0,118,-31.9068
67,0,207,-31.9614
49,0,185,-32.1514
47,0,115,-32.0348
59,0,108,-32.2222
54,0,192,-31.9844
44,0,184,-32.2989
55,0,199,-31.995
31,0,87,-32.4828
66,0,107,-31.8411
44,0,173,-32.0116
43,0,170,-32.2824
36,0,105,-31.4
45,0,196,-31.8622
30,0,176,-31.9091
50,0,173,-32.341
48,0,192,-32.0521
38,0,87,-31.8046
33,0,90,-32.0556
28,0,200,-32.62
32,0,195,-32.1487
40,0,205,-31.6683
22,0,194,-32.5515
36,0,153,-32.8366
23,0,211,-32.4692
28,0,190,-32.1526
44,0,94,-31.734
59,0,201,-32.1294
24,0,186,-32.3495
30,0,178,-32.4213
30,0,188,-32.266
26,0,157,-32.5287
29,0,104,-32.4423
41,0,105,-31.6
51,0,99,-31.4747
61,0,210,-31.9952
73,0,188,-31.8989
28,0,171,-31.9123
42,0,180,-31.9667
28,0,171,-32.4094
42,0,193,-32.3523
43,0,187,-32.1872
68,0,197,-32.2132
33,0,206,-32.3641
50,0,183,-32.235
51,0,198,-31.9747
41,0,200,-32.225
53,0,188,-32.0691
25,0,102,-32.3431
42,0,197,-32.5888
31,0,114,-31.9912
65,0,188,-31.6064
43,0,108,-31.4722
56,0,205,-32.0195
44,0,186,-32.5645
39,0,93,-32.1613
52,0,255,-32.3922
41,0,181,-32.1989
38,0,189,-32.2381
38,0,173,-31.8266
20,0,107,-32.5327
47,0,205,-32.1122
37,0,178,-32.1798
30,0,154,-32.2922
48,0,156,-32.1987
59,0,204,-32.0931
51,0,193,-32.0363
27,0,179,-32.1117
40,0,192,-32.0781
35,0,104,-32.125
30,0,182,-32.478
56,0,198,-32.2626
51,0,204,-31.848
51,0,193,-32.2176
42,0,192,-32.1458
20,0,218,-32.2202
45,0,207,-32.2174
64,0,217,-31.8986
43,0,186,-32.172
43,0,234,-32.4957
60,0,111,-31.4144
23,0,195,-32.6256
28,0,199,-32.1156
47,0,181,-31.9779
49,0,180,-32.1389
60,0,113,-32.1327
61,0,196,-31.9949
41,0,188,-32.4574
60,0,213,-32.1221
38,0,187,-32.1604
48,0,188,-32.0266
27,0,122,-32.6639
27,0,207,-32.3043
33,0,190,-32.5895
28,0,111,-32.1081
48,0,198,-31.9545
56,0,192,-32.026
62,0,207,-32.1159
30,0,188,-32.266
46,0,105,-32.5619
56,0,192,-32.0156
35,0,178,-32.5056
46,0,188,-32.2553
81,0,201,-31.8308
72,0,199,-31.7337
31,0,176,-31.9261
50,0,111,-31.3604
74,0,190,-32.2158
69,0,205,-32.5902
45,0,191,-32.4031
60,0,180,-32.3556
67,0,104,-31.625
65,0,103,-31.6796
63,0,101,-32.3861
62,0,109,-31.9908
55,0,203,-31.8719
75,0,189,-32.1852
42,0,190,-32.3158
49,0,192,-32.2135
68,0,120,-31.9833
54,0,193,-32.1036
60,0,215,-31.7395
39,0,219,-32.2785
61,0,113,-32.1504
62,0,199,-32.2864
51,0,92,-31.9022
41,0,177,-32.1186
73,0,202,-31.896
30,0,148,-32.0878
63,0,108,-32.1019
74,0,98,-31.5408
30,0,128,-32.125
48,0,205,-32.2341
65,0,201,-32.0796
61,0,193,-32.0155
61,0,195,-32.0718
60,0,211,-32.2417
64,0,202,-32.0693
79,0,199,-32.0704
48,0,137,-31.8029
68,0,176,-32.0511
81,0,205,-31.8927
65,0,172,-32.0465
26,0,139,-32.3022
29,0,179,-32.2514
82,0,201,-32.2488
51,0,162,-32.216
62,0,212,-31.8962
37,0,174,-32.5345
56,0,115,-31.9739
58,0,206,-32.1553
76,0,199,-32.0854
74,0,197,-32.269
53,0,196,-32.0663
65,0,102,-31.4118
36,0,187,-32.1979
52,0,185,-32.2811
46,0,113,-31.5575
74,0,202,-31.8267
69,0,197,-32.2893
57,0,181,-32.6685
58,0,195,-32.4462
47,0,193,-32.4041
29,0,149,-32.2416
60,0,199,-32.1709
71,0,196,-31.9592
72,0,248,-32.2298
58,0,91,-31.4945
48,0,106,-32.1321
33,0,189,-32.2328
25,0,97,-32.5258
66,0,191,-32.3089
47,0,97,-32.0722
25,0,189,-32.1746
34,0,114,-31.7895
46,0,100,-31.92
28,0,179,-32.0279
29,0,187,-32.0107
77,0,201,-32.1343
45,0,202,-32.4109
66,0,202,-32.198
70,0,211,-32.2796
65,0,208,-31.7067
45,0,180,-32.4167
36,0,162,-32.4568
40,0,181,-32.4696
88,0,220,-31.9818
24,0,171,-32.3333
42,0,191,-32.3351
71,0,218,-32.156
57,0,206,-32.0291
74,0,183,-32.0874
69,0,189,-32.2116
87,0,206,-31.9272
50,0,214,-32.1355
43,0,179,-32.257
38,0,191,-32.2251
73,0,182,-32.2692
72,0,216,-31.9907
23,0,184,-31.8859
33,7,181,-32.2155
32,0,119,-32.3361
35,0,200,-32.355
40,0,205,-32.561
31,0,215,-32.1907
26,2,147,-32.5238
22,1,172,-32.1512
23,0,201,-32.3682
42,0,206,-32.165
36,0,203,-31.9507
34,0,180,-32.2889
26,0,198,-32.3333
24,0,172,-32.3779
52,14,217,-32.1336
31,0,195,-32.2513
43,0,188,-32.0904
35,6,210,-32.4619
59,0,223,-32.2466
42,0,185,-32.1081
36,0,217,-32.3318
37,7,181,-32.1989
45,0,185,-32.1459
57,0,189,-32.254
31,0,117,-32.2821
48,0,199,-32.1558
29,0,149,-32.557
41,0,224,-31.9688
52,0,193,-32.0104
54,0,183,-32.2787
40,0,204,-32.3873
51,0,205,-32.3171
29,0,177,-31.9322
36,0,193,-31.8497
34,0,197,-31.9797
37,0,210,-31.9
34,0,186,-32.4785
39,0,185,-32.0865
38,0,198,-32.1313
26,0,172,-31.9477
68,0,207,-32.0966
25,0,193,-32.5233
30,0,194,-32.1237
25,0,185,-32.3946
30,0,294,-32.4558
42,0,192,-32.0938
74,0,212,-31.816
29,0,105,-32.1333
27,0,166,-31.4036
35,0,88,-32.1705
24,0,116,-31.8793
38,0,194,-32.5206
54,0,202,-31.802
31,0,201,-32.3234
36,0,185,-32.3189
22,0,157,-32.3185
29,0,197,-32.1675
38,0,207,-32.57
47,0,181,-32.2431
30,0,187,-32.508
38,0,172,-32.2384
37,0,194,-32.0052
36,0,201,-32.1642
32,0,112,-32.0893
59,0,216,-32.2546
38,0,234,-32.6154
41,0,219,-32.274
33,0,183,-32.3279
39,0,219,-32.1826
25,0,107,-32.7383
27,0,191,-32.3403
29,0,203,-32.2365
30,0,111,-32.3243
40,0,201,-32.1493
26,0,111,-32.3423
32,0,203,-32.0197
25,0,195,-32.1385
28,0,190,-32.3263
34,0,205,-32.2439
29,0,184,-31.9837
44,0,196,-32.0255
28,0,210,-32.2238
26,0,105,-31.8571
30,0,102,-32.4412
37,0,102,-32.0294
38,0,192,-32.3021
27,0,186,-32.3495
26,0,196,-32.2755
49,0,206,-32.2282
25,0,205,-32.3024
42,0,181,-31.7624
45,0,176,-32.3409
40,0,200,-32.45
39,0,209,-32.2823
53,0,188,-32.0266
39,0,183,-32.2951
22,0,185,-31.9784
52,0,182,-32.0604
25,0,192,-32.224
55,0,172,-31.9942
56,0,195,-32.0769
49,0,203,-31.9704
22,0,200,-32.415
39,0,175,-32.1771
42,0,193,-32.2073
26,0,193,-32.513
37,0,178,-32.1798
28,0,172,-32.3256
20,2,98,-32.7857
36,11,168,-32.3274
42,0,208,-32.5192
27,0,199,-32.0955
22,0,214,-32.715
28,1,194,-32.299
21,0,186,-32.2366
27,0,193,-32.3264
45,0,255,-31.7765
38,0,194,-32.1443
24,0,217,-32.1152
27,0,200,-32.29
63,0,196,-31.9949
51,0,192,-31.8281
58,0,112,-31.7232
65,0,103,-31.534
79,0,200,-31.765
39,0,186,-32.3226
24,0,190,-32.3368
41,0,109,-31.7798
62,0,217,-31.5253
46,0,215,-32.3349
42,0,199,-32.0402
20,0,204,-32.2598
39,0,206,-31.8058
62,0,193,-31.9534
54,0,180,-32.4056
56,0,207,-31.7826
49,0,195,-32.2205
59,0,199,-32.1055
25,0,194,-32.4021
46,0,202,-31.8713
32,0,207,-32.4203
46,0,130,-32.1154
81,0,210,-31.8762
60,0,111,-31.9279
45,0,217,-32.1567
39,0,193,-32.3057
80,0,215,-31.9581
27,0,221,-32.2443
42,0,192,-31.901
34,0,164,-32.2073
51,0,189,-31.9683
39,0,176,-32.1932
45,0,198,-32.2374
72,0,205,-31.7707
21,0,205,-32.1854
30,0,198,-32.1515
36,0,208,-32.0673
49,0,219,-31.9406
29,0,175,-32.4343
69,18,230,-31.9783
68,0,222,-32.1486
72,0,247,-32.0648
50,0,219,-31.8539
53,0,198,-32.2727
52,0,185,-31.5081
29,0,219,-32.0046
67,0,221,-32.086
50,0,207,-32.1691
62,0,212,-32.0755
38,0,184,-32.2391
35,0,191,-31.9634
79,0,218,-31.9725
47,0,207,-32.4251
63,0,211,-31.9384
56,0,211,-32.2464
59,0,197,-32.0406
36,0,207,-31.8647
40,0,167,-31.7964
72,0,226,-32.1504
56,0,207,-32.029
56,0,126,-31.9603
33,3,211,-32.2796
47,0,202,-31.8614
49,0,183,-31.5738
70,0,212,-32.0519
30,0,199,-32.2613
70,0,210,-32.4381
58,0,226,-32.0973
43,0,221,-31.9638
75,0,214,-32.1168
43,0,223,-32.0583
54,0,212,-32.1226
46,0,185,-32.4216
27,4,183,-32.6011
67,0,191,-32.0157
52,0,221,-32.0588
41,9,193,-32.2694
51,0,211,-31.9194
39,0,204,-32.0245
27,2,220,-32.2864
45,0,190,-32.0368
36,0,188,-32.0851
26,0,248,-32.7218
63,0,225,-32.1511
53,0,185,-31.7514
67,0,223,-32.1211
48,0,106,-31.7642
44,0,183,-31.8087
45,0,120,-32.325
46,0,126,-31.9524
35,0,205,-32.0098
94,0,226,-31.7389
62,0,120,-31.2667
49,0,190,-32.0316
38,0,194,-32.1804
72,0,190,-32.0632
51,0,192,-31.9948
47,0,187,-32.3316
78,0,225,-31.8533
59,0,226,-32.2566
57,0,208,-32.1731
71,0,197,-31.8883
62,0,208,-32
72,0,207,-31.9807
60,0,197,-32.1574
37,0,200,-32.515
26,0,221,-32.2217
30,0,186,-32.2043
49,0,227,-32.2159
56,0,204,-32.0833
64,0,197,-31.8883
71,0,203,-31.9212
46,0,120,-32.075
53,0,208,-31.8798
44,0,195,-32.2154
55,0,207,-31.8357
82,0,221,-32.0995
23,0,204,-32.152
48,0,222,-31.7027
39,0,189,-32.2011
36,0,218,-32.6376
45,0,201,-32.2687
78,0,249,-32.1687
38,0,111,-32.1532
56,0,201,-32.597
61,0,112,-32.0714
47,0,223,-31.7265
52,0,110,-31.6364
37,0,178,-32.1798
45,0,213,-32.2817
65,0,217,-32.3226
41,0,194,-32.3299
42,0,192,-31.8281
53,0,185,-32.3297
26,0,187,-31.8877
76,0,227,-31.9559
43,0,202,-31.9307
54,0,187,-31.9786
42,0,224,-31.933
56,0,111,-31.991
28,0,197,-32.3452
68,0,204,-31.6176
51,0,219,-32.3288
55,0,233,-31.9185
54,0,222,-31.964
39,0,208,-32.3702
59,0,201,-32.2935
55,0,125,-32.096
45,0,212,-32.1981
68,0,210,-31.781
44,0,197,-31.8528
39,0,198,-32.2576
41,0,203,-32.2463
31,0,106,-32.1132
82,0,218,-31.9128
22,0,214,-32.4486
51,0,225,-32.1822
78,0,211,-32.0711
27,0,194,-32.232
37,0,170,-31.7176
62,0,226,-32.1593
71,0,208,-32.0433
22,0,190,-32.5263
31,0,206,-32.4175
65,0,219,-32.032
37,0,189,-32.4233
30,0,104,-32.4712
40,0,226,-32.3097
68,0,219,-32.2283
38,0,191,-32.2199
69,0,206,-31.9757
30,0,197,-32.1168
41,0,185,-32.2865
35,0,174,-32.2989
69,0,212,-32.1226
55,0,216,-31.662
52,0,201,-32.2488
37,0,183,-32.6393
52,0,224,-32.2366
55,0,215,-32.0698
65,0,217,-31.8848
39,0,204,-32.2304
55,0,217,-31.9355
34,0,202,-32.4356
44,0,211,-32.4265
24,0,158,-32.0759
63,0,236,-31.9619
58,0,181,-32.0608
42,0,210,-32.2524
46,0,199,-32.1658
52,0,183,-31.9563
48,0,199,-32.1709
44,0,198,-32.0657
45,0,191,-32.2251
41,0,212,-31.8632
56,0,235,-32.4979
57,0,197,-32.1523
39,0,187,-32.1818
78,0,207,-31.9758
22,0,215,-32.5907
39,0,184,-32.2283
63,0,202,-32.1881
30,0,191,-32.3089
66,0,226,-32.0531
34,0,188,-31.8404
58,0,222,-32.1261
32,0,182,-32.1429
55,0,213,-31.6385
74,0,193,-31.829
55,0,208,-32.1923
53,0,214,-32.2196
55,0,208,-32.1971
32,0,205,-32.0098
79,0,223,-31.6906
39,0,201,-32.0199
43,0,201,-31.7363
22,0,188,-31.9149
28,0,189,-32.2275
34,0,190,-31.8263
42,0,190,-32.2737
57,0,206,-31.8447
40,0,216,-32.4352
59,0,188,-31.7766
65,0,218,-31.7936
50,0,212,-32.1179
55,0,213,-32.0516
33,0,203,-32.1478
56,0,117,-32.2479
52,0,284,-32.4718
53,0,106,-31.7547
77,0,242,-32.2975
45,0,115,-32.287
45,0,201,-32.0647
27,0,183,-31.4973
54,0,195,-31.841
27,0,202,-32.2772
32,0,198,-32.4343
48,0,214,-32.2757
58,0,122,-32.041
50,0,200,-32.24
50,0,193,-32.1295
37,0,192,-32.2135
75,0,118,-31.7712
70,0,205,-31.7902
37,0,189,-32.2328
33,0,176,-32.2273
84,0,232,-31.9267
42,0,201,-32.3881
38,0,168,-32.5833
47,0,199,-32.0955
37,0,180,-32
81,0,223,-31.8834
72,0,211,-32.0853
50,0,188,-32.0745
81,0,212,-32.0802
51,0,201,-32.2289
35,0,179,-32.2793
42,0,200,-32.04
26,0,210,-32.1619
65,0,214,-32.1262
24,0,200,-32.455
53,0,211,-32.0521
54,0,124,-31.4919
42,0,108,-32.3704
37,0,118,-32.3814
21,0,197,-32.3198
86,0,228,-31.8947
47,0,125,-31.904
70,0,243,-32.2757
65,0,225,-32.3778
70,0,204,-31.9461
77,0,186,-31.9086
63,0,212,-31.7123
54,0,210,-32.1333
63,0,211,-32.1043
56,0,215,-32.0047
64,0,204,-31.9755
49,0,183,-32.2459
50,0,216,-32.2361
52,0,202,-31.6386
52,0,225,-32.1156
29,0,194,-32.6237
43,0,204,-32.348
40,0,213,-32.108
49,0,180,-32.2222
69,0,201,-32.3582
68,0,203,-31.5764
68,0,197,-32.0355
60,0,195,-31.9744
65,0,201,-32.209
50,0,199,-32.0151
34,0,200,-32.4
29,0,206,-32.4466
47,0,198,-31.8889
46,0,197,-32.1878
43,0,179,-32.1117
42,0,197,-31.797
55,0,216,-31.7963
59,0,132,-31.1439
56,0,202,-32.3614
52,0,193,-32.1088
81,0,203,-31.9458
59,0,220,-31.9636
45,0,213,-31.9812
91,0,210,-32
80,0,234,-31.7308
34,0,187,-32.508
65,0,222,-31.8874
40,0,194,-32.3918
44,0,200,-31.705
54,0,190,-32.1526
42,0,201,-32.1592
43,0,191,-32.4869
44,0,224,-32.1473
30,0,204,-31.8676
56,0,204,-31.6765
52,0,202,-31.9406
25,0,182,-32.1374
27,0,208,-32.1683
29,3,180,-32.6333
37,3,178,-32.2809
52,21,226,-32.5044
55,41,231,-32.3983
32,4,184,-32.1304
25,6,198,-32.2424
25,3,209,-32.2392
53,8,239,-32.1506
26,4,236,-32.411
30,3,184,-32.2011
62,19,212,-32.2123
41,8,190,-32.1368
40,5,220,-32.3136
38,8,192,-32.0885
41,4,195,-32.3795
33,10,206,-32.2621
57,12,198,-32.0253
44,4,205,-32.4341
73,27,186,-32.1828
36,5,199,-32.1206
48,22,184,-32.0761
36,9,207,-32.3285
54,24,201,-32.0199
34,5,198,-32.0657
29,2,197,-32.2843
35,9,163,-31.9387
67,22,218,-31.7385
37,9,185,-32.6108
44,21,192,-32.0312
30,6,192,-32.1562
41,6,184,-32.1467
36,2,205,-32.1415
40,9,191,-32.0157
42,3,207,-31.9807
53,12,215,-31.6279
47,9,203,-32.2414
20,1,187,-32.5561
65,21,197,-32.3096
48,21,216,-32.0787
58,11,222,-31.8874
24,0,203,-32.2709
30,6,184,-32.2065
21,2,114,-32.1754
22,0,180,-32.4389
36,0,207,-32.3527
39,0,206,-32.1311
37,0,170,-32.3529
32,0,216,-32.2454
45,0,191,-32.4869
43,0,169,-32.2485
47,0,227,-31.9736
40,0,204,-32.2353
31,0,217,-31.9355
32,0,204,-32.1814
37,0,255,-32.2235
42,0,196,-32.3367
36,0,195,-32.2564
44,0,186,-32.672
31,0,235,-32.5149
53,0,206,-32.2039
28,0,202,-32.2079
40,0,189,-32.3704
25,0,179,-32.5307
29,0,195,-32.1128
56,0,192,-32.1302
59,0,198,-31.9242
56,0,209,-31.89
34,0,178,-32.1011
39,0,211,-32.1943
34,0,184,-32.2065
30,0,174,-32.7126
42,0,120,-32.1583
37,0,185,-32.5135
29,0,188,-32.1064
82,0,226,-32.0708
75,0,215,-32.1907
41,0,192,-31.974
22,0,192,-32.4635
27,0,186,-32.4194
37,0,206,-32.2816
43,0,228,-32.307
46,0,194,-32.067
37,0,208,-31.8221
28,0,195,-32.3077
38,0,217,-32.1889
56,0,204,-31.799
49,0,194,-31.7784
20,0,193,-31.9637
38,0,185,-31.9568
51,0,198,-32.1313
27,0,211,-31.8104
74,0,233,-32.1288
51,0,201,-32.0597
42,0,216,-32.287
56,0,203,-32.266
20,0,128,-32.1406
26,0,209,-32.4211
56,0,212,-32.0189
29,0,181,-32.3425
53,0,191,-31.9162
21,0,142,-32.7113
36,0,213,-32.3146
27,0,181,-32.5525
50,0,197,-32.3858
26,0,194,-32.0155
35,0,192,-31.9167
52,0,221,-32.0498
26,0,193,-32.1295
47,0,204,-32.2794
42,0,184,-32.3696
41,0,191,-32.1728
26,0,172,-32.1686
68,0,207,-32.4976
42,0,211,-31.8578
29,0,191,-32.1518
30,0,189,-32.2487
26,0,176,-32.3352
64,0,218,-32.1651
27,0,169,-32.0592
22,0,209,-32.177
23,0,209,-32.5072
24,0,198,-32.4242
49,0,197,-31.9086
41,0,201,-31.8308
64,0,219,-32.1644
49,0,210,-32.1952
33,0,201,-32.2488
61,0,208,-32.1106
27,0,197,-32.3147
34,0,168,-32.2202
61,0,204,-32.152
50,0,204,-32.2206
35,0,209,-32.1722
38,0,195,-32.1436
44,0,212,-32.2594
30,0,181,-32.2873
29,0,185,-32.2486
75,0,186,-32.2742
37,0,172,-32.3837
46,0,188,-32.3883
40,0,214,-32.2103
48,0,191,-32.1047
26,0,204,-32.2255
45,0,206,-32.0631
43,0,200,-31.96
30,0,167,-32.2874
62,0,196,-32.0306
39,0,204,-32.549
44,0,193,-31.7513
26,0,201,-32.5522
37,0,191,-32.4607
54,0,192,-31.9688
51,0,210,-32.5238
56,0,213,-32.1784
30,0,209,-32.6938
22,0,164,-32.2988
39,0,201,-32.194
40,0,185,-32.3514
39,0,198,-32.0152
68,0,201,-32.1493
70,0,199,-32.005
26,0,206,-32.1214
22,0,180,-32.3222
23,0,198,-32.0859
30,0,199,-32.3065
29,0,211,-32.2701
44,0,201,-31.8458
42,0,230,-32.2478
20,0,205,-32.1171
22,0,185,-31.8162
69,0,216,-32.1065
58,0,189,-32.0741
41,0,192,-32.125
64,0,208,-31.774
54,0,217,-31.9124
44,0,202,-32.4604
73,0,216,-31.7407
63,0,219,-32.0274
36,0,207,-32.2512
56,0,210,-32.0429
27,0,174,-32.1782
55,0,196,-31.8163
73,0,230,-31.8652
44,0,205,-32.2341
23,0,216,-32.2685
73,0,222,-32.0225
59,0,231,-31.8961
45,0,218,-32.3807
42,0,199,-32.392
83,0,116,-32.0172
47,0,213,-32.1408
29,0,217,-32.4839
70,0,210,-31.819
42,0,201,-32.3632
34,0,189,-32.3175
42,0,209,-32.2823
30,0,181,-32.2044
24,0,202,-32.1881
46,0,215,-31.9767
34,0,190,-32.3263
34,0,185,-32.6703
30,0,200,-32.145
40,0,214,-32.1075
41,0,118,-31.9746
31,0,126,-31.9206
46,0,187,-32.3797
45,0,182,-32.1868
36,0,195,-32.3795
33,0,115,-32.1826
72,0,227,-32.0881
55,0,227,-32.1586
36,0,199,-32.1508
67,0,191,-31.4869
43,0,183,-32.1366
51,0,198,-32.2374
36,0,207,-32.2609
43,0,210,-32.0762
36,0,190,-32.2789
35,0,196,-31.9949
27,0,186,-32.1183
44,0,189,-32.1534
22,0,115,-32.1913
41,0,202,-31.9257
49,0,187,-32.4225
25,0,189,-32.1481
43,0,197,-32.4518
55,0,183,-31.8852
33,0,209,-32.4689
23,0,218,-32.3716
32,0,173,-32.2312
35,0,182,-31.478
54,0,227,-31.9559
34,0,203,-31.9803
62,0,192,-31.7865
63,0,217,-32.129
63,0,215,-31.8698
64,0,206,-31.7621
49,0,204,-31.9216
32,0,198,-32.404
32,0,198,-32.3081
32,0,209,-32.6842
52,0,217,-32.3917
57,0,153,-32.1176
36,0,188,-32.2394
26,0,201,-31.9552
28,0,216,-32.0972
26,0,206,-32.1311
55,0,214,-32.2243
36,0,223,-32.1928
32,0,219,-32.3242
39,0,195,-32.441
26,0,214,-32.1028
37,0,197,-32.1726
37,0,233,-32.279
45,0,208,-31.7981
33,0,204,-32.4069
31,0,199,-31.9849
50,0,213,-31.6948
22,0,195,-32.0615
35,0,183,-32.1858
44,0,198,-31.9899
26,0,204,-32.2941
29,0,219,-32.4795
39,0,284,-32.5035
42,0,229,-32.1703
35,0,205,-32.0829
38,0,201,-31.9801
42,0,182,-31.8846
22,0,203,-31.9064
23,0,206,-32.2379
41,0,201,-32.1095
66,0,221,-31.7783
34,1,196,-32.1786
37,0,213,-32.1033
58,0,186,-32.4462
39,0,213,-31.9484
39,0,212,-31.9906
35,0,212,-32.2217
33,0,204,-32.1078
50,0,232,-32.2414
43,0,225,-32.4667
34,0,239,-32.3933
34,0,203,-32.2315
36,4,211,-32.237
27,0,200,-32.565
28,0,193,-32.1088
32,0,164,-32.2683
37,0,184,-32.6685
39,0,220,-32.0909
35,0,196,-32.2092
23,0,177,-32.435
33,0,228,-32.4079
22,0,195,-31.9949
30,0,209,-31.9952
50,0,207,-32.2029
41,0,211,-32.3175
39,0,259,-32.4633
26,0,245,-32.298
43,0,186,-32.0054
32,0,229,-32.5808
20,0,192,-32.0833
41,0,196,-32.1582
43,0,197,-32.1066
34,0,208,-32.1779
34,0,198,-32.4545
39,0,116,-32.3103
43,0,218,-32.0642
46,0,197,-32.2893
20,0,192,-32.4844
37,0,184,-32.0272
59,0,224,-32.1875
34,0,220,-32.0864
21,0,167,-31.7725
35,0,222,-32.5541
52,0,207,-32.2174
34,0,203,-32.3103
25,0,232,-32.3233
60,0,203,-31.6798
45,0,214,-32.215
44,0,207,-32.1256
30,0,200,-31.965
28,0,194,-31.9485
40,0,118,-32.2373
31,0,204,-32.3529
59,0,223,-31.9821
31,0,228,-32.4605
27,0,198,-32.4596
33,0,220,-32.2318
50,0,240,-32.15
39,0,233,-32.1674
40,0,209,-32.3732
28,0,199,-32.0905
23,2,178,-32.0674
23,0,212,-32.3915
43,0,204,-32.3775
41,0,221,-32.0769
32,0,205,-32.3805
34,0,202,-31.8317
46,0,216,-32.2037
23,0,114,-31.7632
30,0,193,-32.0933
34,0,190,-32.3316
24,0,192,-32.2083
36,0,201,-32.199
39,0,215,-32.2558
37,0,206,-31.8932
21,0,207,-32.1643
49,0,222,-32.1622
40,0,224,-32.3304
55,0,208,-32.2596
54,0,209,-32.0144
49,0,203,-32.0493
35,0,129,-32.0388
33,0,215,-32.3581
42,0,216,-32.2037
53,0,223,-32.0852
22,0,103,-31.5534
22,0,218,-32.3853
46,0,244,-32.2131
33,0,185,-32.2865
47,0,222,-32.2523
25,0,182,-32.1209
46,0,249,-31.6426
36,0,190,-32.3316
35,0,192,-32.2031
31,0,193,-32.1917
32,0,220,-32.2182
32,0,216,-32.1991
26,0,194,-32.2835
23,0,212,-31.9623
34,0,200,-31.875
30,0,188,-32.1064
36,0,224,-32.1116
34,0,205,-32.1024
42,0,200,-32.13
31,0,192,-32.3125
25,0,124,-32.2823
45,0,226,-32
22,0,205,-32.6585
27,0,221,-32.1222
23,0,173,-32.2197
21,0,190,-32.2947
37,0,100,-31.96
37,0,178,-32.3652
37,0,110,-31.9091
55,0,208,-32.2308
57,0,220,-32.0273
61,0,224,-32.1652
57,0,187,-32.1604
24,0,181,-32.337
43,0,186,-32.2419
41,0,223,-32.1256
56,0,191,-32.3403
37,0,108,-32.0463
36,0,98,-31.9388
43,0,218,-32.3349
31,0,203,-32.4039
43,0,162,-32.4259
25,0,181,-32.5525
57,0,98,-31.7041
21,0,238,-32.5714
30,0,98,-31.898
41,0,204,-32.3431
55,0,199,-32.2714
27,0,188,-32.4894
23,0,162,-32.7284
50,0,201,-32.0796
31,0,101,-32.0594
40,0,89,-32.382
54,0,190,-32.2632
51,0,210,-32.4524
63,0,199,-32.1307
29,0,187,-32.4064
36,0,231,-32.6061
28,0,211,-32.4645
30,0,194,-32.1392
58,0,221,-31.914
23,0,193,-31.829
39,0,100,-32.45
60,0,208,-32.2452
28,0,190,-32.2684
35,0,102,-32.451
30,0,184,-31.4946
49,0,192,-32.1562
43,0,189,-32.3175
26,0,99,-32.2525
30,0,187,-31.893
50,0,201,-32.1642
22,0,211,-32.7488
29,0,184,-32.3967
28,0,166,-32.2952
45,0,190,-32.1737
29,0,143,-32.6014
29,0,191,-32.3717
38,0,104,-32.2885
44,0,183,-32.0874
21,0,202,-32.4109
53,0,112,-32.3036
45,0,172,-32.0174
33,0,100,-32.02
28,0,208,-32.2067
20,0,196,-32.2755
52,0,191,-32.6073
54,0,214,-32.285
41,0,169,-32.5917
62,0,201,-32.199
61,0,189,-32.3968
30,0,190,-32.3368
35,0,196,-32.2704
32,0,187,-32
42,0,197,-32.3706
22,0,173,-32.5087
32,0,101,-32
25,0,94,-32.617
51,0,194,-32.0515
44,0,186,-31.8495
25,0,204,-32.25
21,0,193,-31.9689
26,0,106,-32.1132
29,0,209,-32.1914
38,0,212,-32.2406
41,0,112,-32.0893
37,0,192,-32.1042
32,0,98,-32.4592
31,0,90,-31.6889
56,0,193,-32.0881
42,0,185,-32.3243
23,0,185,-32.2919
23,0,193,-32.4611
37,0,89,-32.5056
26,0,164,-32.7988
48,0,196,-32.4949
36,0,176,-32.1534
47,0,115,-32.2261
21,0,181,-32.6354
34,0,92,-31.7609
54,0,110,-32.5182
20,0,172,-32.4593
38,0,175,-32.3029
31,0,190,-32.3211
31,0,109,-32.1927
47,0,107,-32.3458
31,0,190,-32.4474
49,0,200,-31.96
31,0,207,-32.0531
29,0,184,-32.4076
30,0,94,-32.3191
29,0,101,-32.3366
46,0,106,-32.1132
28,0,132,-32.7348
55,0,197,-32.2893
33,0,194,-32.1546
42,0,100,-32.02
53,0,169,-32.1893
44,0,212,-32.2453
30,0,190,-32.5895
47,0,190,-32.2842
36,0,159,-32.4591
54,0,209,-32.0957
43,0,198,-32.4848
43,0,92,-32.3478
41,0,188,-32.3032
42,0,172,-32.1802
35,0,98,-32.2755
35,0,83,-32.4217
23,0,192,-32.3542
31,0,179,-32.5196
54,0,192,-32.4688
49,0,191,-32.2356
26,0,174,-32.3448
47,0,179,-32.3911
55,0,193,-32.1244
65,0,196,-31.9133
48,0,181,-32.4972
30,0,166,-31.8735
45,0,246,-32
31,0,198,-32.2626
26,0,225,-32.3156
47,0,195,-31.9333
24,0,187,-31.9893
26,0,192,-32.1771
45,0,100,-31.94
21,0,195,-32.5128
44,0,199,-32.0201
40,0,178,-32.2921
23,0,184,-32.0761
31,0,211,-32.0806
40,0,174,-32.1437
34,0,111,-32.045
37,0,185,-32.2811
37,0,107,-32.3364
51,0,194,-32.1856
51,0,189,-32.2434
46,0,193,-32.0104
45,0,203,-32.2266
29,0,203,-32.4877
40,0,223,-32.4933
51,0,201,-32.4129
48,0,204,-32.5882
37,0,112,-31.9732
51,0,209,-31.9761
27,0,99,-31.8687
38,0,191,-31.9162
27,0,102,-32.049
46,0,201,-31.9353
41,0,209,-32.4258
38,0,97,-31.8969
34,0,104,-32.3558
40,0,191,-31.9581
32,0,115,-32.1913
36,0,193,-32.0674
36,0,177,-32.2881
30,0,208,-32.101
39,0,202,-32.2277
21,0,188,-32.1117
40,0,211,-32.2275
33,0,183,-32.0437
32,0,186,-32.5645
39,0,116,-32.2069
29,0,170,-32.2471
39,0,209,-32.0478
47,0,202,-32.1287
35,0,98,-32.0408
48,0,207,-32.1643
42,0,190,-32.2211
43,0,202,-32.3119
40,0,109,-32.3853
33,0,198,-32.1162
32,0,103,-32.2039
43,0,204,-32.0735
27,0,115,-32.3652
41,0,191,-32.089
31,0,175,-32.28
34,0,201,-32.0498
37,0,180,-32.0556
38,0,207,-32.2657
27,0,92,-32.0109
36,0,175,-32.6171
61,0,199,-32.005
28,0,101,-32.5644
49,0,217,-32.129
43,0,187,-32.4171
21,0,215,-32.6698
45,0,194,-32.2887
26,0,190,-32.2263
23,0,94,-32.3511
28,0,174,-32.023
21,0,124,-31.6452
45,0,203,-32.1034
45,0,112,-31.9375
46,0,198,-31.8737
43,0,185,-32.2108
22,0,183,-32.3115
28,0,201,-32.1393
40,0,195,-32.6
36,0,103,-31.5728
23,0,192,-32.1667
20,0,204,-32.1618
44,0,193,-32.1762
24,0,124,-32.3387
34,0,165,-32.0909
35,0,105,-32.0571
53,0,203,-32.2857
40,0,105,-32.3429
39,0,205,-32.1171
27,0,165,-32.4727
21,0,195,-31.8359
45,0,214,-32.1589
35,0,163,-32.1288
49,0,211,-31.9336
28,0,113,-32.0531
31,0,102,-32.1471
30,0,199,-32.407
32,0,181,-32.1768
35,0,111,-32.1982
23,0,186,-32.6559
26,0,173,-32.4104
30,0,192,-32.3594
37,0,188,-31.7074
21,0,181,-32.2376
40,0,199,-32.3568
25,0,199,-32.3467
37,0,176,-31.9773
33,0,187,-32.4439
31,0,183,-32.3934
41,0,171,-32.1754
49,0,180,-32.3278
35,0,188,-31.9149
36,0,180,-32.0611
33,0,184,-32.2717
39,0,185,-32.1081
26,0,194,-32.299
33,0,197,-31.9797
43,0,174,-32.2069
23,0,165,-32.4788
26,0,103,-32.3301
44,0,198,-32.1616
43,0,203,-32.2118
29,0,164,-32.1707
27,0,192,-32.6562
36,0,184,-32.2554
39,0,186,-32.6344
28,0,164,-32.311
33,0,189,-32.4339
45,0,213,-32.277
30,0,174,-32.5
38,0,202,-32.2624
49,0,200,-32.245
43,0,173,-32.422
21,0,187,-32.2674
38,0,192,-32.224
40,0,202,-32.1436
45,0,194,-32.0773
22,0,185,-32.2703
39,0,198,-32.1667
43,0,190,-32.2421
50,0,190,-32.1947
29,0,179,-32.0894
34,0,192,-32.4896
25,0,160,-32.7812
30,0,192,-32.5573
28,0,183,-32.2514
21,0,166,-32.4639
50,0,213,-32.5117
58,0,194,-31.8557
30,0,184,-32.4185
56,0,193,-32.2746
40,0,200,-32.295
27,0,186,-32.5914
29,0,175,-32.0171
33,0,236,-32.5593
38,0,168,-32.6429
55,0,181,-32.4088
43,0,182,-31.8846
35,0,189,-32.2328
40,0,204,-32.1176
51,0,206,-32.4515
63,0,204,-32.0147
35,0,166,-32.2169
32,0,198,-32.2727
37,0,101,-32.1881
37,0,208,-32.3798
48,0,202,-32.1238
38,0,178,-32.3202
54,0,198,-32.4394
62,0,180,-31.8333
43,0,194,-32.3505
36,0,175,-32.3257
40,0,173,-32.526
34,0,183,-32.2842
34,0,198,-32
65,0,214,-32.243
24,0,197,-32.3452
50,0,188,-31.9787
25,0,183,-32.2514
46,0,182,-32.044
29,0,181,-32.3425
50,0,197,-32.2081
51,0,172,-32.186
30,0,162,-32.1605
64,0,197,-31.934
34,0,201,-32.1891
34,0,167,-32.3473
23,0,176,-32.1989
29,0,188,-31.9947
45,0,175,-32.1771
44,0,212,-32.033
30,0,181,-32.1436
24,0,191,-32.2984
31,0,186,-32.2527
21,0,196,-32.2653
51,0,202,-32.0545
29,0,188,-32.1915
20,0,202,-32.4653
33,0,113,-32.3363
26,0,182,-32.6923
48,0,196,-32.5612
42,0,194,-32.232
30,0,151,-32.5166
20,0,187,-32.5294
22,0,99,-32.3232
57,0,211,-31.9858
34,0,182,-32.2363
42,0,230,-32.1826
24,0,180,-32.25
56,0,199,-32.3618
23,0,175,-32.4971
48,0,186,-32
29,0,153,-32.0719
45,0,185,-32.1568
64,0,204,-32.3775
25,0,175,-32.5943
21,0,178,-32.4045
50,0,203,-32.1281
32,0,174,-32.5402
60,0,207,-32.1787
43,0,192,-32.3385
27,0,195,-32.4769
54,0,191,-32.089
53,0,188,-32
49,0,205,-31.8195
54,0,214,-31.9486
27,0,180,-32.2778
60,0,185,-31.5568
32,0,173,-32.0867
57,0,200,-32.105
30,0,195,-32.1949
29,0,188,-32.6117
65,0,200,-32.175
69,0,199,-32.2312
21,0,176,-32.5625
39,0,203,-32.33
48,0,217,-32.3641
50,0,203,-32.202
26,0,191,-31.8482
60,0,210,-31.9333
30,0,185,-32.427
42,0,217,-32.0876
58,0,206,-32.3301
49,0,218,-31.8761
51,0,196,-32.3622
28,0,199,-32.3819
20,0,197,-32.264
33,0,213,-32.3709
24,0,164,-32.2195
58,0,183,-32.0874
41,0,208,-32.3606
49,0,197,-32.6396
35,0,195,-32.1641
25,0,184,-32.0652
56,0,196,-32.2755
66,0,193,-31.9585
43,0,199,-32.3367
37,0,180,-32.2556
48,0,205,-32.3854
40,0,173,-32.1908
56,0,182,-32.0275
24,0,193,-32.1762
67,0,194,-31.933
27,0,193,-32.1088
25,0,173,-32.1618
58,0,209,-32.3589
36,0,199,-32.4874
26,0,173,-32.1676
46,0,186,-32.1344
51,0,108,-31.9074
22,0,190,-32.0579
21,0,178,-32.5843
25,0,184,-32.2065
31,0,182,-32.3681
44,0,192,-31.7708
33,0,173,-32.1561
52,0,176,-32.2955
47,0,194,-32.0309
36,0,187,-32.5241
72,0,200,-31.87
26,0,185,-31.9459
33,0,194,-32.3814
20,0,102,-32.4118
21,0,180,-32.3222
55,0,186,-32.4516
62,0,223,-31.6502
26,0,192,-32.0885
45,0,196,-32.1224
49,0,184,-32.1359
51,0,222,-32.5676
45,0,212,-32.1274
23,0,171,-32.2047
67,0,187,-31.9786
35,0,185,-32.5297
30,0,185,-32.3243
57,0,186,-32.4032
41,0,197,-32.4569
56,0,192,-32.1562
41,0,185,-32.373
61,0,193,-31.8601
50,0,192,-31.7656
25,0,166,-32.494
58,0,205,-32.0829
29,0,218,-32.2431
54,0,206,-32.1117
67,0,222,-32.0045
23,0,195,-32.1231
55,0,184,-31.8152
34,0,212,-32.2547
44,0,193,-32.0984
46,0,210,-31.7095
34,0,184,-32.5652
44,0,214,-32.229
47,0,209,-32.0239
21,0,179,-32.5251
40,0,170,-32.0882
32,0,190,-32.3316
71,0,207,-32.2415
51,0,189,-32.3598
45,0,189,-32.0899
55,0,207,-32.0676
57,0,194,-32.1392
49,0,188,-32.3883
33,0,218,-32.4862
47,0,189,-32.3122
47,0,250,-31.96
59,0,205,-31.9024
42,0,190,-32.3053
42,0,191,-32.2513
64,0,233,-32.1373
78,0,206,-31.9903
39,0,363,-32.2975
32,0,206,-31.8204
34,0,204,-32.0441
43,0,199,-32.4573
42,0,173,-32.2717
37,0,170,-32.3529
46,0,208,-32.1971
57,0,184,-32.3533
39,0,194,-31.8299
47,0,222,-32.2883
58,0,202,-32.2673
59,0,193,-32.3368
47,0,202,-32.1683
45,0,170,-32.4059
54,0,179,-32.0335
33,0,178,-32.4438
33,0,181,-32.4751
30,0,191,-32.2932
52,0,216,-31.8056
61,0,193,-31.9585
40,0,182,-32.1374
46,0,177,-32.1921
53,0,192,-32.1562
45,0,190,-32.5789
55,0,209,-32.0048
58,0,190,-32.2158
37,0,189,-32.0106
31,0,199,-32.5276
42,0,182,-32.1813
52,0,179,-32.2291
36,0,191,-32.178
43,0,208,-32.1683
33,0,186,-32.2366
64,0,208,-32.2596
30,0,188,-32.1436
52,0,192,-32.0885
38,0,184,-32.5435
23,0,197,-32.3503
51,0,202,-32.401
33,0,193,-32.1554
39,0,219,-32.105
26,0,172,-32.1395
63,0,183,-31.623
27,0,175,-32.0457
67,0,212,-32.1179
37,0,195,-32.5026
61,0,210,-31.9905
64,0,207,-31.942
51,0,192,-32.2812
66,0,204,-31.7745
57,0,200,-32.345
33,0,184,-31.9457
31,0,177,-31.9718
40,0,163,-32.2393
20,0,106,-32.2453
33,0,170,-32.2294
35,0,214,-32.3224
51,0,191,-32.3351
55,0,212,-32.4245
24,0,217,-32.3825
39,0,182,-32.2637
28,3,213,-32.5962
70,0,212,-32.1085
65,0,219,-32.1689
27,0,185,-32.3676
31,0,202,-32.4257
40,0,214,-32.4766
40,0,200,-32.24
26,0,177,-32.5028
47,0,231,-31.8701
40,0,181,-32.1878
55,0,235,-31.7957
31,0,169,-32.2071
31,0,174,-32.4195
50,0,195,-32.3949
72,0,199,-32.2362
40,0,179,-32.5698
37,0,215,-31.9116
53,0,193,-32.2228
21,0,175,-32.4457
64,0,184,-31.7283
26,0,192,-31.9167
26,0,197,-32.2589
35,0,180,-32.3778
28,0,177,-32.6102
43,0,209,-31.9378
37,0,210,-32.0286
32,0,181,-32.1492
27,0,195,-32.3692
57,0,221,-32.3122
36,0,199,-32.1709
35,0,175,-32.4171
40,0,212,-32.3962
26,0,197,-32.2132
41,0,188,-32.2021
55,0,187,-31.9626
53,0,186,-31.9892
38,0,199,-32.4422
42,0,189,-32.0688
42,0,182,-32.4066
34,0,163,-32.4417
62,0,196,-32.1276
70,0,204,-31.8627
46,0,235,-31.8511
45,0,204,-32.3088
55,0,197,-32.0508
31,0,167,-32.2335
47,0,211,-31.9905
32,0,201,-32.1244
29,0,205,-32.2341
27,0,200,-32.01
28,0,195,-32.3744
22,0,180,-32.5556
34,0,188,-32.25
53,0,203,-32.0493
27,0,217,-32.2258
53,0,232,-32.181
32,0,192,-31.8802
58,0,197,-32.0203
28,0,172,-32.5233
41,0,165,-31.6121
42,0,190,-32.2421
32,0,111,-31.7658
26,0,97,-31.701
30,0,189,-31.9471
20,0,192,-32.1302
63,0,201,-32.0896
20,0,178,-31.736
65,0,200,-32.035
55,0,215,-32
43,0,181,-32.337
21,0,176,-32.2727
49,0,179,-32.0726
35,0,195,-32.3026
49,0,175,-32.0629
32,0,166,-32.1446
50,0,205,-31.9512
31,0,211,-32.1896
28,0,115,-31.3217
27,0,103,-32.4272
25,0,91,-32.3187
29,0,109,-31.8624
39,0,96,-31.7708
32,0,182,-32.0549
27,0,109,-32.4404
37,0,99,-32.0404
53,0,187,-32.3262
27,0,160,-32.4062
24,3,188,-32.2234
27,0,223,-32.6771
36,0,185,-31.7892
25,0,166,-32.5602
22,0,107,-31.3364
26,0,92,-32.0761
21,0,98,-32.1327
42,0,177,-32.5367
41,0,202,-32.005
25,0,196,-32.2347
27,0,192,-32.3646
40,0,181,-32.3978
28,0,194,-32.1907
34,0,182,-32.011
38,0,201,-32.2488
41,0,202,-31.8911
35,0,192,-32.2135
43,0,190,-32.2895
40,0,184,-32.1957
21,0,208,-32.4712
55,0,163,-32.1227
20,0,238,-32.5504
30,0,95,-32.2737
44,0,184,-32.1196
24,0,100,-32.01
37,0,200,-32.015
25,0,89,-31.8202
25,0,169,-32.1538
42,0,187,-32.1176
27,0,177,-32.4915
30,0,172,-32.6163
33,0,166,-31.8494
31,0,97,-32.3093
39,0,180,-31.7167
63,0,101,-31.1683
21,0,100,-32.15
23,0,202,-32.6188
23,0,207,-32.4396
23,0,175,-32.2457
20,0,95,-32.1368
26,0,181,-32.3812
38,0,211,-32.0995
24,0,195,-32.1385
24,0,84,-32.5357
26,0,186,-32.1613
26,0,174,-32.1034
29,0,158,-32.2658
29,0,212,-32.3443
20,0,179,-32.4022
21,0,209,-32.488
37,0,196,-32.301
25,0,116,-31.75
27,0,107,-32.1869
29,0,172,-32.3198
42,0,102,-31.9902
45,0,180,-32.1833
53,0,194,-31.933
24,0,99,-32.202
35,0,174,-32.3621
47,3,185,-32.5784
38,0,184,-32.2011
29,0,100,-32.42
41,0,185,-32.1027
21,0,97,-31.8351
28,0,92,-32.1522
65,0,120,-31.9417
61,0,203,-31.9507
52,0,195,-32.0513
70,0,118,-32.1186
78,0,215,-31.9395
70,0,114,-31.6667
77,0,203,-31.9901
46,0,111,-32.2342
57,0,208,-32.1154
74,0,215,-32.0372
45,0,191,-31.8115
44,0,237,-31.8903
32,0,193,-32.2953
41,0,187,-32.4171
50,0,110,-31.7545
37,0,188,-32.3298
50,0,114,-31.7105
58,0,115,-31.7565
26,0,105,-31.9333
49,0,209,-32.0144
34,0,195,-32.1231
72,0,121,-31.9917
27,0,127,-32.0945
59,0,218,-32.2523
64,0,196,-32.1327
58,0,212,-32.1792
50,0,195,-32.1128
65,0,200,-32.055
74,0,200,-31.925
33,0,155,-32.2968
72,0,201,-31.8507
46,0,192,-31.7969
62,0,209,-31.9474
32,0,115,-32.4522
53,0,183,-31.8033
73,0,221,-31.8824
74,0,200,-32.215
57,0,189,-32.1587
68,0,203,-31.8128
47,0,188,-32.1489
55,0,204,-32.2647
23,0,368,-32.269
68,0,199,-32.1156
50,0,192,-32.0625
68,0,191,-31.7696
36,0,184,-31.9728
44,0,119,-32.395
30,0,187,-32.0374
59,0,220,-32.1227
63,0,107,-31.7477
22,0,201,-32.1791
37,0,204,-32.402
46,0,113,-31.9823
48,0,188,-31.8457
35,0,117,-32.5214
70,0,195,-32.0359
22,0,194,-32.6134
65,0,198,-31.7172
41,0,216,-32.4907
77,0,115,-32.0609
53,0,192,-31.9635
59,0,194,-32.1546
51,0,207,-32.0676
42,0,193,-32.285
76,0,201,-32
37,0,189,-32.3386
29,0,121,-31.9587
58,0,109,-32.1101
51,0,211,-32.2938
65,0,191,-32.0785
41,0,104,-32.2019
64,0,200,-31.97
52,0,199,-32
53,0,177,-31.8249
55,0,192,-32.0365
51,0,118,-32.1102
41,0,192,-32.7396
68,0,193,-32.0829
63,0,212,-31.8585
45,0,186,-32.2258
75,0,208,-32.1538
51,0,202,-32.0495
72,0,202,-31.5347
37,0,183,-31.6066
64,0,192,-31.9323
40,0,206,-31.9563
25,0,187,-32.0107
28,0,189,-32.6825
73,0,226,-31.7035
60,0,191,-31.9581
53,0,199,-32.1156
58,0,206,-32.068
58,0,196,-31.9592
53,0,207,-31.9324
34,0,205,-32.0732
28,0,188,-32.234
49,0,106,-31.8208
61,0,203,-31.9655
42,0,173,-32.5087
56,0,228,-32.3816
63,0,135,-31.6889
52,0,206,-32.3932
52,0,199,-31.8543
28,0,116,-32.6121
57,0,200,-31.905
56,0,203,-32.1626
57,0,208,-32.3269
43,0,104,-31.7692
76,0,243,-31.8807
67,0,114,-31.5526
36,0,201,-32.4179
34,0,162,-32.1852
56,0,116,-31.6034
61,0,183,-31.9126
53,0,119,-32.1681
58,0,121,-31.7851
57,0,199,-31.5729
56,0,209,-32.2344
43,0,200,-32.075
68,0,205,-32.1512
56,0,189,-32.2169
44,0,196,-31.8469
55,0,238,-32.2647
55,0,215,-32.0884
46,0,210,-32.0714
51,0,193,-31.9585
53,0,196,-32.0663
51,0,208,-31.9327
54,0,183,-31.7705
40,0,187,-32.2406
30,0,219,-32.3151
20,0,168,-32.2679
52,0,216,-31.8796
52,0,192,-32.0156
57,0,188,-32.3085
54,0,205,-31.9366
46,0,196,-32.3929
55,0,199,-31.7085
43,0,182,-31.8022
52,0,170,-32.1412
60,0,114,-31.8421
64,0,215,-32.1907
25,0,184,-32.538
43,0,122,-31.7787
67,0,118,-30.9237
66,0,126,-31.6905
53,0,115,-31.7391
66,0,115,-31.7652
58,0,105,-32.1048
59,0,119,-32.0924
54,0,108,-32.0648
61,0,120,-32.3
53,0,118,-31.5763
64,0,116,-32.1034
58,0,112,-31.8482
49,0,116,-32.3017
60,0,223,-32.3632
35,0,112,-31.6429
69,0,109,-32.0275
60,0,214,-32.0421
48,0,194,-32.366
33,0,209,-32.1483
45,0,215,-32.2233
49,0,188,-32.1543
72,0,210,-31.8619
54,0,116,-32.2759
82,0,211,-31.7488
49,0,185,-31.9676
57,0,115,-32.2435
81,0,220,-31.7909
55,0,124,-31.6129
47,0,126,-31.7381
80,0,205,-31.3073
36,0,103,-32.0874
58,0,199,-31.9849
55,0,195,-32.0308
25,0,185,-32.3784
61,0,186,-31.7366
43,0,104,-31.6827
52,0,110,-31.7818
22,0,101,-32.3663
69,0,225,-32.4489
78,0,204,-32.2647
66,0,214,-32.4206
64,0,219,-32.0046
64,0,112,-32.0714
32,0,193,-31.7098
69,0,208,-31.9663
52,0,101,-31.9109
38,0,196,-32.2908
73,0,209,-31.8278
33,0,186,-32.2742
46,0,121,-31.9669
25,0,110,-32.4727
36,0,190,-32.3737
61,0,213,-32.2066
45,0,192,-32.1823
75,0,233,-32.0687
64,0,213,-32.0047
65,0,112,-32.3839
55,0,123,-31.7724
20,0,195,-32.5128
55,0,119,-32.5126
21,0,158,-32.4684
73,0,213,-32.0141
71,0,205,-32.4049
37,0,191,-31.9791
30,0,199,-32.3668
23,0,120,-32.2583
26,0,199,-32.5126
39,0,184,-32.4239
44,0,196,-32.0867
28,0,181,-31.9392
71,0,221,-32.267
47,0,187,-31.5989
63,0,192,-32.0208
52,0,198,-32.0909
23,0,220,-32.25
29,0,165,-32.3455
54,0,201,-31.6617
48,0,195,-31.6923
62,0,202,-31.896
39,0,209,-31.866
55,0,113,-32.0885
51,0,204,-32.1225
34,0,217,-32.0645
44,0,203,-32.3941
52,0,99,-32.0606
59,0,196,-31.8214
39,0,203,-32.1232
48,0,210,-32.0381
56,0,199,-32.5427
80,0,210,-31.9381
32,0,210,-32.2143
50,0,214,-31.5888
53,0,186,-32.2097
62,0,117,-31.9658
66,0,229,-32.2271
79,0,201,-31.8358
48,0,117,-31.9402
70,0,203,-32.0049
60,0,215,-32.4651
53,0,199,-32.191
47,0,202,-31.6782
82,0,197,-32.066
49,0,181,-32.0939
54,0,186,-32.1344
67,0,197,-32.0914
48,0,98,-32.0612
58,0,198,-31.8788
59,0,206,-31.6456
62,0,204,-32.0441
47,0,185,-32.4595
53,0,191,-31.822
45,0,173,-32.2543
45,0,200,-32.075
70,0,217,-32.1382
49,0,215,-32.1907
49,0,197,-31.9746
57,0,194,-32.2526
53,0,181,-32.0276
57,0,195,-32.0821
56,0,189,-32.4074
29,0,197,-32.1929
74,0,216,-32.2269
41,0,183,-32.2404
60,0,200,-32.295
24,0,182,-32.0934
38,0,206,-32.3058
46,0,188,-32.3245
50,0,208,-31.899
54,0,195,-31.8
55,0,190,-31.8368
66,0,197,-32.2284
70,0,113,-31.7876
51,0,194,-32.067
36,0,186,-32.1505
44,0,196,-31.9541
55,0,94,-31.9681
66,0,215,-32.0651
46,0,102,-31.5294
70,0,116,-32.0431
55,0,212,-32.2123
36,0,98,-31.8163
43,0,109,-31.5505
47,0,192,-32.4427
63,0,206,-32.034
42,0,194,-32.0258
73,0,115,-31.5652
65,0,224,-32.0893
64,0,226,-32.4823
34,0,181,-31.9669
59,0,133,-32.188
60,0,113,-31.9204
46,0,101,-32.0396
61,0,123,-32.0732
60,0,114,-31.886
66,0,113,-31.5929
69,0,192,-32.2708
62,0,117,-31.6838
31,0,119,-32.1681
41,0,94,-31.7979
41,0,132,-31.8788
55,0,119,-31.9664
76,0,215,-32.1395
33,0,137,-32.219
43,0,192,-31.8177
57,0,205,-32.0098
52,0,214,-32.3738
42,0,112,-32.4911
56,0,223,-31.9686
59,0,208,-32.1202
74,0,120,-31.8833
30,0,191,-32.1047
51,0,207,-31.9614
42,0,201,-32.3383
67,0,201,-32.0299
63,0,209,-31.8852
72,0,202,-32.1386
82,0,220,-32.2773
45,0,181,-32.0387
47,0,129,-32.1628
78,0,213,-31.7371
36,0,211,-31.9052
50,0,203,-31.9163
60,0,107,-31.3271
75,0,207,-32.1836
50,0,200,-31.84
29,0,177,-32.2203
56,0,209,-31.9474
70,0,219,-32.0183
85,0,203,-32.0197
69,0,212,-32.3019
63,0,194,-32.0773
56,0,179,-32.1844
28,0,193,-32.0311
75,0,202,-31.8663
63,0,200,-31.885
55,0,224,-31.6875
63,0,199,-32.0854
49,0,109,-32.0917
46,0,214,-32.1729
21,0,94,-32.4894
59,0,107,-32.1121
37,0,193,-32.0829
37,0,117,-32.1282
25,0,106,-32.1604
31,0,189,-32.3333
58,0,203,-32.0936
46,0,108,-31.9907
56,0,117,-31.8718
56,0,200,-32.115
69,0,206,-32.1845
33,0,110,-32.3636
47,0,97,-32.0309
23,3,193,-32.1658
37,0,151,-32
48,2,176,-31.6477
73,0,197,-32.0609
35,0,187,-31.6524
51,2,189,-32.164
39,2,203,-31.9852
46,2,119,-31.5882
31,0,225,-32.4622
27,1,173,-32.6127
63,0,111,-31.8829
63,0,130,-32.1846
55,0,109,-30.9633
44,0,118,-32.2542
35,2,167,-32.1856
21,1,208,-32.1683
35,0,213,-32.1127
33,0,193,-32.5026
64,5,221,-31.7059
65,0,205,-32.3415
36,0,188,-32.2553
45,0,232,-32.2155
28,0,247,-32.6518
25,0,186,-32.1828
69,3,204,-31.9608
53,0,197,-31.9137
43,3,193,-32.487
35,0,204,-32.2255
37,0,206,-32.2573
55,0,181,-32.4199
21,1,202,-32.2822
55,2,180,-32.1833
32,1,192,-32.9479
38,3,194,-32.5722
45,1,219,-32.3836
61,4,185,-32.0432
48,0,172,-31.9128
50,0,173,-31.896
57,0,201,-31.9602
60,0,177,-31.9209
52,0,116,-32.2241
53,0,108,-32.2222
25,0,105,-31.981
54,0,114,-32.0526
29,0,106,-32.3491
59,0,116,-31.9224
53,0,208,-32.3269
38,0,106,-31.9811
51,0,231,-31.8831
61,0,208,-32.2644
55,0,192,-32.3073
71,0,116,-31.4914
47,0,120,-31.6833
45,0,181,-32.2818
28,0,157,-32.0955
36,0,203,-32.2266
60,0,114,-31.5526
44,0,212,-31.8302
26,0,125,-32.272
34,0,196,-32.0867
71,0,207,-32.2126
35,0,204,-31.9363
23,0,191,-32.4817
57,0,204,-32.1814
48,0,229,-32.1092
54,0,200,-32.01
42,0,118,-31.7881
62,0,121,-31.5868
23,1,200,-32
30,0,169,-32.4556
39,0,116,-31.7155
53,0,115,-32.487
52,0,117,-31.7521
57,0,110,-32.0091
23,0,193,-32.4456
38,0,114,-32.2368
44,0,189,-31.9206
38,0,218,-31.9771
42,0,110,-31.6636
82,0,210,-31.7095
50,0,188,-31.8883
45,0,189,-32.2963
20,0,152,-32.6513
41,0,213,-32.1268
40,0,184,-32.125
43,0,180,-32.7
41,0,209,-31.7416
68,0,194,-31.9227
53,0,208,-32.1538
54,0,180,-31.6
61,0,120,-31.875
73,0,219,-32.1689
34,0,96,-32.1458
28,0,199,-32.4975
37,0,198,-32.1212
49,0,193,-32.1399
28,0,186,-32.6935
49,0,252,-32.123
48,0,206,-32.2864
26,0,189,-32.5079
25,0,189,-32.2857
40,0,195,-32.2615
51,0,226,-31.9956
50,0,220,-32.2727
39,0,191,-32.5812
29,0,192,-32.3281
33,0,211,-32.5308
36,0,182,-32.1044
38,0,193,-32.2694
43,0,199,-31.9648
40,0,199,-32.2613
35,0,196,-31.9286
39,0,204,-32.1569
22,0,170,-31.9529
27,0,189,-32.3016
21,0,188,-32.5798
32,0,199,-32.402
31,0,174,-32.3506
21,0,205,-32.3707
28,0,224,-32.7455
48,0,104,-32.0385
36,0,199,-32.0302
34,0,194,-31.933
47,0,182,-32.0824
24,0,189,-32.3492
32,0,189,-32.4762
31,0,203,-32.0887
23,0,195,-32.1487
34,0,190,-32.3842
49,0,205,-32.439
36,0,200,-32.415
24,0,168,-32.625
37,0,188,-31.9894
27,0,180,-32.5778
32,0,99,-31.9596
40,0,183,-31.9945
20,0,200,-32.325
58,0,111,-31.8288
51,0,221,-31.6878
28,0,163,-32.3067
65,0,189,-31.6825
21,0,181,-32.2155
47,0,197,-32.4569
23,0,173,-32.763
23,0,116,-31.9052
27,0,195,-32.3846
45,0,199,-32.5729
33,0,266,-32.5902
46,0,200,-32.425
32,0,192,-32.3125
49,0,180,-32.3611
41,0,165,-32.7576
21,0,185,-32.3351
56,0,220,-32.1818
34,0,183,-32.3388
41,0,180,-32.2111
24,0,196,-32.3112
26,0,189,-32.164
36,0,195,-31.7128
27,0,213,-32.6479
45,0,208,-32.1442
22,0,201,-31.9303
33,0,179,-32.5419
34,0,185,-32.5405
56,0,200,-32.125
36,0,211,-32.1706
63,0,194,-31.9278
33,0,181,-32.4696
37,0,205,-32.161
30,0,205,-32.4146
45,0,201,-32.1841
51,0,211,-32.346
26,0,171,-31.9649
22,0,164,-32.6707
25,0,207,-32.2415
21,0,201,-32.3682
59,0,203,-32.4236
23,0,214,-32.5607
38,0,215,-32.293
42,0,184,-32.288
34,0,191,-32.2304
30,0,179,-32.0279
68,0,199,-32.0955
58,0,224,-32.3214
50,0,203,-32.0049
39,0,166,-32.2349
27,0,189,-32.5714
31,0,199,-32.6131
43,0,223,-32.2556
64,0,216,-31.9491
34,0,107,-32
40,0,205,-32.5122
43,0,99,-32.0707
26,0,178,-32.2697
42,0,203,-32.3399
23,0,188,-32.6383
27,0,198,-32.5556
57,0,204,-32.4167
38,0,193,-32.228
59,0,213,-32.2113
23,0,183,-32.4372
61,0,182,-31.6923
27,0,96,-32.0208
23,0,194,-32.4845
41,0,110,-31.8909
20,0,184,-32.212
25,0,174,-32.1897
37,0,196,-31.9694
33,0,175,-32.3486
38,0,116,-32.0086
60,0,206,-32.2039
32,0,191,-32.178
37,0,185,-32.1568
39,0,170,-32.5765
54,0,187,-32.3155
34,0,201,-32.5124
34,0,187,-32.1283
34,0,225,-32.3244
31,0,211,-32.4502
28,0,169,-32.3669
33,0,201,-32.3731
20,0,107,-31.9065
32,0,189,-31.8836
34,0,195,-31.8923
34,0,194,-32.4485
24,0,144,-32.0694
30,0,199,-32.397
23,0,206,-32.665
61,0,191,-31.9791
29,0,108,-32.2778
21,0,191,-32.4031
28,0,102,-32.1569
23,3,97,-32.2371
24,2,181,-32.3039
24,0,160,-32.3937
44,6,184,-32.1685
30,0,103,-32.0874
45,2,199,-32.1709
22,1,199,-32.4271
42,5,219,-32.3744
29,0,115,-31.8348
35,5,104,-32.7981
54,8,193,-32.1658
21,0,203,-32.2463
23,4,188,-31.8777
41,6,198,-31.9949
24,0,197,-32.2487
22,0,168,-32.1607
27,0,171,-32.2982
20,0,234,-32.141
33,6,195,-32.3026
38,10,99,-32.4646
28,0,217,-32.2857
26,0,199,-32.5025
28,4,192,-31.9531
27,1,185,-31.7892
32,0,185,-32.3622
27,0,86,-31.7791
36,0,182,-32.2418
28,0,93,-32.2581
20,0,99,-32.4848
31,0,169,-32.2367
34,0,182,-32.2857
20,0,175,-32.4114
28,0,103,-32.301
40,0,230,-31.9348
21,0,103,-32.0583
27,0,103,-31.6408
31,0,111,-32.0541
29,0,108,-32.6574
34,0,230,-32.4609
22,0,88,-32.3068
20,0,179,-32.2793
34,0,189,-32.1587
28,0,194,-32.0052
26,0,187,-32.3743
20,0,186,-32.3118
20,0,96,-32.3333
44,0,199,-32.2211
26,0,184,-32.7391
21,0,184,-32.2935
20,0,184,-32.3152
34,0,200,-32.255
32,0,183,-31.9344
24,0,167,-32.1257
26,0,169,-32.2367
33,0,96,-32.0833
39,0,193,-32.4974
31,0,201,-32.2687
33,0,104,-32.2692
20,0,176,-32.3977
31,0,177,-32.2712
39,0,181,-32.1713
25,0,160,-32.3875
22,0,187,-32.1444
45,0,182,-32.1538
27,0,178,-32.2809
25,0,95,-31.5579
33,0,195,-32.5282
26,0,105,-32.6667
21,0,94,-32.2766
36,0,178,-32.2697
25,0,107,-32.4112
33,0,184,-32.0272
34,0,176,-32.7102
28,0,181,-32.3646
50,0,199,-32.2814
34,0,104,-32.2308
21,0,204,-32.0784
39,0,177,-32.3898
20,0,184,-32.7337
22,0,177,-32.6384
28,0,164,-32.1463
26,0,179,-31.9944
27,0,173,-32.6647
42,0,174,-32.0805
40,0,195,-32.1846
31,0,190,-32.2737
37,0,186,-32.1559
24,0,197,-32.0355
38,0,95,-31.4632
33,0,185,-32.2811
32,0,193,-32.5855
30,0,187,-32.1604
35,0,199,-31.8844
31,0,103,-31.8738
24,0,178,-31.9101
26,0,193,-31.4715
52,0,202,-32.5545
34,0,177,-32.2881
30,0,181,-31.8287
29,0,193,-32.2176
34,0,201,-32.0348
25,0,187,-32.123
23,0,204,-32.1127
22,0,178,-32.2191
26,0,163,-32.5153
29,0,170,-32.0882
25,0,182,-32.033
23,0,189,-32.1693
22,0,186,-32.543
38,0,212,-32.3396
28,0,212,-32.2689
24,0,190,-32.6368
38,0,190,-32.3158
31,0,186,-32.1613
28,0,173,-32.659
25,0,168,-32.0833
23,0,198,-32.4394
33,0,197,-32.2944
48,0,182,-32.1758
36,0,203,-32.2562
23,0,194,-32.2732
25,0,191,-32.0995
27,0,88,-32.5568
23,0,187,-32.5989
33,0,202,-32.5149
30,0,181,-32.5691
34,0,176,-31.9659
34,0,188,-32
23,0,175,-32.2743
26,0,181,-32.2541
40,0,192,-31.9219
29,0,174,-32.5517
21,0,181,-32.2873
38,0,180,-32.5722
40,0,221,-32.0588
26,0,163,-32.3926
37,0,190,-31.9421
21,0,164,-32.3171
40,0,186,-32.543
29,0,180,-32.4167
36,0,194,-32.3093
43,0,186,-32.2473
28,0,168,-32.7321
27,0,197,-32.0711
32,0,174,-31.8966
21,0,185,-32.0595
42,0,198,-32.2121
35,0,180,-32.2056
49,0,391,-32.2327
30,0,189,-32.1958
46,0,224,-32.1473
34,0,194,-32.4021
50,0,194,-32.3144
33,0,199,-32.0553
20,0,213,-31.9718
33,0,174,-32.1839
22,0,208,-32.2356
32,0,200,-31.92
23,0,205,-32.1463
21,0,189,-32.0582
37,0,197,-32.5482
28,0,165,-32.3455
36,0,106,-31.9906
30,0,196,-32.2806
33,0,102,-31.6078
25,0,179,-32.3631
25,0,185,-32.1892
33,0,189,-32.0794
34,0,198,-32.303
38,0,181,-32.4807
35,0,200,-32.34
49,0,357,-32.3109
21,0,173,-32.2023
31,0,213,-32.4836
21,0,193,-32.1295
22,0,189,-32.6614
31,0,183,-32.4863
30,0,181,-32.3039
36,0,97,-32.0206
28,0,172,-32.5698
28,0,186,-32.2043
35,0,105,-31.9143
28,0,183,-32.5956
33,0,200,-32.25
21,0,184,-32.1141
43,0,227,-32.2643
40,0,203,-32.266
44,0,204,-32.3431
32,0,198,-32.404
43,0,211,-32.128
32,0,200,-32.135
30,0,183,-32.3224
49,0,185,-32.0595
33,0,86,-32.2674
47,0,204,-32.1667
46,0,187,-32.2995
29,0,184,-32.3859
30,0,112,-32.25
27,0,185,-32.3784
41,0,203,-32.1379
53,0,177,-32.2994
35,0,111,-31.973
43,0,218,-32.5642
33,0,93,-32.2796
41,0,206,-32.165
30,0,180,-32.1278
32,0,181,-32.4696
43,0,197,-31.8883
25,0,181,-32.2597
27,0,198,-32.101
39,0,195,-32.1385
62,0,200,-32.21
29,0,198,-32.3182
31,0,109,-32.4771
31,0,189,-32.4656
21,0,175,-32.3086
26,0,205,-32.5171
22,3,172,-32.7326
30,0,179,-32.2793
30,0,201,-32.3284
32,2,188,-32.2926
23,0,194,-32.1959
47,0,202,-32.2624
22,0,183,-32.235
20,0,185,-32.2
33,8,176,-32.1023
25,0,171,-32.4503
44,0,204,-31.6667
26,0,182,-32.3681
47,0,191,-32.2827
43,0,185,-31.8811
28,0,228,-32.0877
30,0,191,-32.3613
35,0,185,-32.2919
35,0,185,-32.373
25,0,95,-32.0737
40,0,98,-31.9694
38,0,144,-32.5069
20,0,102,-32.3824
40,0,179,-32.2179
50,0,229,-32.2052
43,0,196,-32.4592
30,0,230,-32.6826
52,0,218,-32.0413
20,0,94,-32.1489
30,0,105,-32.4667
27,0,199,-32.2915
44,0,199,-32.4171
29,0,179,-32.4581
30,0,103,-32.3592
28,0,80,-32.2875
24,0,190,-32.1842
26,0,136,-32.5074
47,0,195,-32.3795
37,0,195,-32.4872
40,0,205,-32.4049
37,0,92,-32.2826
32,0,201,-31.9701
41,0,99,-32.0808
55,0,208,-32.0817
21,0,169,-32.0178
41,0,193,-32.3212
27,0,177,-32.2881
39,0,100,-32.56
26,0,183,-32.2022
43,0,193,-32.2435
52,0,212,-32.4623
22,3,91,-32.2198
35,0,102,-32.1961
29,0,194,-32.2216
54,0,203,-31.931
51,0,194,-31.9381
37,0,218,-31.9587
25,3,177,-32.4972
39,0,203,-31.8473
21,0,179,-32.2402
30,0,205,-32.3171
33,0,189,-32.3968
24,0,201,-32.3582
33,0,200,-32.405
40,0,207,-32.2947
30,0,159,-32.2327
40,0,164,-32.3232
34,0,209,-32.0861
22,0,210,-32.0952
22,0,181,-32.2099
29,0,230,-32.4565
32,0,218,-31.9633
25,5,97,-32.1237
31,4,192,-32.0677
23,0,92,-31.6848
30,0,185,-32.0703
52,0,185,-32.2919
24,0,189,-32.3386
23,4,99,-32.3333
23,0,187,-32.4866
32,0,184,-32.2989
23,0,182,-32.1484
41,0,201,-32.199
27,0,101,-32.4257
24,0,181,-32.5912
25,0,187,-32.5187
34,0,187,-32.1872
44,0,205,-32.3707
26,0,187,-32.3797
49,0,201,-31.7612
29,0,213,-32.6197
70,0,199,-32.0754
47,0,187,-32.107
36,0,185,-31.9297
51,0,201,-31.9652
26,0,172,-32.3023
36,0,186,-32.1935
27,0,179,-32.1397
48,0,200,-32.095
23,0,172,-32.2267
47,0,300,-32.4
38,0,200,-32.17
46,0,205,-32.1659
42,0,213,-32.2254
34,0,92,-32.163
36,0,193,-32.3057
56,0,206,-32.267
63,0,216,-32.2315
34,0,205,-32.439
40,0,206,-32.4078
41,0,117,-32.3419
43,0,206,-32.3932
27,0,182,-32.2473
24,0,177,-32.2147
42,0,206,-32.5194
30,0,167,-32.4731
40,0,113,-32.0265
26,0,97,-32.3918
32,0,194,-32.3763
43,0,182,-32.3242
23,0,104,-32.3654
45,0,199,-32.005
40,0,195,-32.2718
49,0,179,-31.8045
38,0,183,-32.2514
34,0,221,-31.8824
20,0,189,-32.3175
48,0,187,-31.9412
37,0,181,-32.4696
21,0,109,-32.5413
21,0,180,-32.7
34,0,187,-32.5241
45,0,232,-32.4741
33,0,208,-32.1875
32,0,96,-32.8021
25,0,188,-32.3404
23,0,187,-32.5294
37,0,200,-32.145
46,0,184,-32.4946
26,0,208,-31.7163
23,0,197,-32.2741
32,0,194,-32.5619
22,0,173,-32.4566
41,0,187,-32.0267
20,0,171,-32.3392
29,0,197,-32.4873
22,0,89,-32.0787
25,0,96,-32.4479
43,0,188,-32.1223
48,0,204,-32.1716
21,0,171,-32.4211
40,0,196,-31.8571
29,0,181,-32.2597
23,0,189,-32.3968
48,0,196,-32.3061
27,0,204,-32.4755
58,0,199,-31.9749
28,0,174,-32.3161
22,0,209,-32.4306
41,0,213,-31.9343
34,0,175,-32.2457
29,0,190,-32.4263
35,0,198,-32.0202
46,0,191,-31.9791
46,0,204,-32.0882
38,0,178,-32.3258
49,0,193,-32.5285
39,0,107,-32.3271
37,0,178,-32.2921
32,0,155,-32.2387
47,0,197,-32.0609
26,0,207,-31.9758
25,0,89,-32.5955
37,0,184,-32.2554
56,0,202,-32.2475
57,0,179,-32.2179
22,0,173,-31.8613
32,0,164,-32.3293
39,0,210,-32.1095
25,0,166,-32.6988
34,0,183,-32.5355
43,0,184,-32.3641
38,0,193,-32.2021
29,0,100,-32.06
30,0,111,-32.5225
49,0,188,-31.984
50,0,202,-32.1386
48,0,205,-32.3268
29,0,179,-31.9106
33,0,209,-32.3923
60,0,228,-32.364
27,0,106,-32.5283
45,0,191,-32.1204
38,0,183,-31.9836
63,0,186,-31.9677
24,0,179,-32.5196
43,0,201,-32.3035
33,0,193,-32.3161
39,0,179,-32.3966
43,0,189,-32.4233
38,0,186,-32.4409
28,0,174,-32.1149
57,0,193,-32.3782
23,0,173,-32.659
35,0,195,-32.1897
53,0,193,-32.3834
24,0,204,-32.348
25,0,187,-32.2406
44,0,185,-32.3189
50,0,187,-32.6738
39,0,194,-32.1598
58,0,198,-32.1111
40,0,195,-32.2872
42,0,194,-32.232
23,0,192,-32.0938
40,0,209,-32.2153
39,0,183,-32.7158
26,0,193,-32.3057
27,0,174,-32.1609
29,0,111,-31.7568
37,0,115,-32.3478
27,0,217,-32.318
56,0,191,-31.7853
37,0,94,-32.8617
57,0,203,-32.1034
44,0,186,-32.3602
44,0,112,-32.2411
22,0,204,-32.4118
38,0,202,-32.302
35,0,195,-32.4
29,0,101,-32.1485
24,0,186,-32.2634
27,0,95,-32.1263
39,0,180,-32.5222
39,0,112,-32.2679
52,0,176,-32.1989
60,0,206,-32.3786
43,0,219,-32.3653
43,0,206,-31.9515
59,0,207,-32.372
39,0,111,-32.009
44,0,196,-31.9337
37,0,186,-32.2796
34,0,169,-32.6272
42,0,196,-32.0969
36,0,173,-31.9538
37,0,199,-31.9296
53,0,205,-32.3707
27,0,197,-32.3401
34,0,176,-32.1989
32,0,173,-32.1503
24,0,159,-32.4403
28,0,184,-31.837
38,0,175,-32.2629
41,0,181,-32.3757
20,0,184,-32.2065
43,0,194,-32.2371
36,0,189,-32.0794
30,0,218,-32.2156
33,0,176,-32.0739
35,0,174,-32.2989
24,0,107,-31.5981
40,0,207,-32.1836
31,0,114,-32.6316
45,0,175,-31.76
55,0,216,-31.9444
42,0,184,-32.1685
38,0,183,-32.0273
34,0,202,-32.1782
44,0,192,-32.1615
30,0,187,-32.1925
24,0,188,-32.5106
38,0,187,-32.2781
25,0,193,-32.4663
32,0,212,-32.3302
24,0,191,-31.9476
50,0,188,-32.1915
36,0,188,-32.4628
28,0,190,-32.4684
60,0,207,-31.9469
36,0,187,-32.1711
32,0,181,-32.2376
33,0,176,-32.0682
46,0,180,-32.4278
45,0,177,-32.1356
38,0,191,-32.4503
70,0,214,-32.4626
58,0,213,-31.7606
52,0,193,-32.0933
51,0,195,-32.2308
50,0,204,-32.2941
53,0,222,-32.0811
46,0,190,-32.4579
38,0,179,-32.4078
40,0,180,-32.1667
31,0,170,-32.3471
42,0,181,-32.3094
43,0,199,-32.201
37,0,178,-32.1067
44,0,191,-32.3979
45,0,191,-32.2304
42,0,194,-32.0773
35,0,191,-32.0785
34,0,183,-32.224
24,0,168,-32.4464
26,0,181,-32.453
41,0,192,-32.4792
38,0,177,-32.2825
37,0,195,-32.1487
39,0,196,-32.2092
32,0,184,-32.125
47,0,194,-32.1186
31,0,170,-32.3412
32,0,171,-32.2924
49,0,213,-32.2488
33,0,187,-32.1711
28,0,163,-32.3067
51,0,190,-32.2895
29,0,100,-32.1
65,0,216,-32.1574
23,0,175,-32.3943
42,0,195,-32.4205
35,0,203,-32.1576
68,0,201,-32
36,0,198,-32.096
26,0,203,-32.5123
42,0,189,-32.455
38,0,206,-32.4466
58,0,202,-32.203
38,0,177,-32.209
33,0,188,-32.3085
37,0,192,-32.2865
58,0,201,-32.0746
22,0,189,-32.4286
31,0,203,-31.6897
27,0,176,-32.4432
28,0,156,-32.4295
44,0,195,-32.1436
43,0,187,-32.4064
39,0,192,-31.9688
27,0,174,-32.2126
39,0,102,-31.7255
43,0,181,-32.2265
40,0,178,-32.118
54,0,197,-32.1218
60,0,212,-32.2311
35,0,177,-32.0169
43,0,201,-32.3234
44,0,204,-32.3873
37,0,167,-32.2515
41,0,187,-32.2406
38,0,173,-32.3468
33,0,170,-32.2353
45,0,181,-32.2818
40,0,209,-31.9665
46,0,204,-32.1471
43,0,181,-32.4033
41,0,192,-32.0938
36,0,171,-32.4795
37,0,186,-31.8602
40,0,94,-31.9787
38,0,205,-31.6
46,0,202,-32.1683
47,0,199,-32
37,0,192,-32.1562
35,0,236,-32.4449
40,0,154,-31.7532
45,0,189,-32.0317
27,0,187,-32.4064
32,0,188,-32.234
54,0,191,-32.2775
31,0,76,-32.4211
36,0,182,-32.0604
26,0,178,-32.2921
55,0,192,-32.3594
38,0,212,-32.4198
41,0,196,-32.2653
43,0,122,-31.8689
41,0,175,-32.5086
32,0,128,-32.0625
53,0,112,-32.1429
44,0,203,-32.3645
22,0,179,-32.5307
28,0,171,-32.3977
34,0,203,-32.3448
35,0,199,-31.7538
49,0,177,-32.1017
64,0,178,-31.9157
43,0,180,-32.0722
28,0,184,-32.2011
24,0,182,-32.3187
57,0,191,-32.0366
37,0,175,-32.2571
47,0,188,-32.1117
29,0,166,-32.4699
49,0,192,-32.1354
31,0,183,-32.0601
52,0,199,-32.1357
31,0,155,-31.9355
45,0,174,-32.092
41,0,187,-32.3155
51,0,199,-32.1256
34,0,184,-32.625
39,0,169,-32.2959
42,0,189,-31.873
35,0,191,-32.3351
35,0,181,-32.337
53,0,209,-32.3493
54,0,207,-32.0821
45,0,173,-32.4913
60,0,197,-32.1015
28,0,180,-32.5556
40,0,182,-32.1758
46,0,197,-32.2792
37,0,180,-32.15
38,0,171,-32.2047
30,0,184,-31.8696
41,0,202,-31.9703
38,0,163,-31.9632
52,0,200,-32.415
49,0,202,-32.4109
65,0,203,-32.4335
57,0,202,-31.8317
36,0,193,-32.2746
33,0,199,-32.6432
47,0,205,-32.4195
25,0,175,-32.3943
29,0,170,-32.3471
54,0,187,-32.2299
57,0,197,-31.9036
43,0,198,-32.2677
39,0,176,-31.9432
32,0,177,-32.2542
40,0,182,-32.5879
45,0,179,-32.3184
52,0,186,-32.2581
32,0,106,-31.6698
47,0,191,-32.089
39,0,176,-32.2841
41,0,186,-32.5699
38,0,187,-32.3904
24,0,178,-32.118
31,0,154,-32.3636
33,0,183,-32.5628
36,0,185,-32.3784
51,0,188,-32.0532
26,0,181,-32.5525
32,0,181,-32.3204
23,1,190,-32.8158
29,0,114,-32.4298
25,0,192,-32.0781
25,0,175,-32.3886
36,0,99,-31.5455
49,0,183,-31.9016
41,0,173,-32.2948
40,0,175,-32.2171
44,0,181,-31.9779
26,0,113,-32.3628
31,0,185,-32.1514
49,0,178,-32.5393
45,0,211,-32.0948
33,0,182,-32.2088
45,0,169,-32.1893
22,0,191,-32.2565
39,0,168,-32.5179
26,0,103,-32.3204
22,0,100,-32.51
54,0,194,-32.1856
57,0,106,-32.2075
45,0,198,-32.2828
46,0,103,-32.0583
53,0,190,-31.9895
29,0,178,-32.1011
44,0,111,-32.4505
30,0,190,-32.4895
51,0,103,-32.301
20,0,186,-32.1344
53,0,194,-31.9897
28,0,198,-32.3889
38,0,183,-32.5191
21,0,191,-32.2513
26,0,181,-32.4254
59,0,206,-32.1553
34,0,163,-32.4233
31,0,164,-32.1707
30,0,179,-32.162
52,0,183,-32.1585
25,0,105,-32.3048
40,0,156,-32.3013
40,0,212,-32.1509
49,0,194,-32.0464
38,0,110,-31.6636
28,0,170,-32.4412
61,0,191,-32.2513
41,0,181,-31.9448
44,0,212,-32.2123
23,0,115,-32.1652
27,0,208,-32.25
33,0,168,-32.244
45,0,188,-32.3138
53,0,206,-32.233
43,0,199,-31.9799
38,0,200,-32.125
28,0,234,-32.4915
78,0,206,-31.8641
34,0,180,-32.2611
25,0,210,-32.4619
29,0,112,-32.1875
24,0,173,-32.5202
47,0,186,-32.1989
47,0,221,-32.2624
24,0,167,-32.2695
20,0,182,-32.4231
26,0,152,-32.3553
46,0,206,-32.1456
38,0,190,-32.1947
40,0,205,-32.3707
68,0,211,-31.9431
41,0,188,-32.0532
42,0,186,-32.0108
23,0,170,-32.7059
42,0,174,-32.2816
53,0,191,-32.2408
48,0,193,-32.2124
56,0,204,-32.1422
21,0,189,-32.4339
30,0,183,-32.4699
39,0,187,-32.2888
60,0,187,-32.0963
40,0,176,-32.2784
25,0,103,-31.5534
51,0,206,-31.7913
21,0,127,-32.315
52,0,116,-32.2328
30,0,188,-32.7181
66,0,181,-32.2928
47,4,166,-32.3976
47,0,201,-32.5423
41,8,249,-32.8434
49,2,206,-32.0728
24,0,165,-32.4848
43,0,202,-32.3614
28,0,175,-31.9714
22,1,191,-32.1937
21,0,209,-32.1579
24,0,206,-32.2718
23,0,207,-31.6957
60,0,198,-32.1566
49,0,184,-32.4565
45,0,175,-32.2171
45,0,201,-32.0846
41,0,192,-32.2448
49,0,183,-32.0765
28,1,101,-32.5941
23,0,173,-32.2023
21,0,182,-31.978
41,0,215,-32.4326
46,0,193,-32.456
20,0,134,-32.6642
24,0,232,-32.1336
58,0,216,-31.9815
49,0,196,-32.2245
23,0,273,-32.6813
39,0,175,-32.2857
32,0,192,-32.4844
25,2,206,-32.1214
45,0,195,-32.5128
54,0,192,-32.4792
33,0,186,-32.3763
21,0,202,-32.297
21,0,159,-32.5094
26,0,210,-32.7524
55,0,202,-31.995
60,0,185,-32.173
33,0,196,-32.4949
50,0,103,-31.9515
30,0,95,-32.4211
48,0,206,-31.801
36,0,193,-31.9326
21,0,217,-32.4747
22,0,173,-32.5376
41,0,193,-32.114
56,0,185,-31.9189
70,0,203,-32.3744
49,0,193,-32.2694
39,0,94,-32.3617
20,0,184,-32.125
47,0,194,-32.3041
44,0,179,-32.3184
24,0,119,-32.7731
44,0,194,-32.3041
27,0,200,-32.745
37,0,192,-32.5208
35,0,211,-32.1706
72,0,215,-32.1023
52,0,201,-31.9751
59,0,175,-32.2229
45,0,185,-31.7514
20,0,90,-32.4333
25,0,191,-32.7749
45,0,193,-32.1969
23,0,180,-32.2111
42,0,195,-32.0923
62,0,195,-32.1436
50,0,215,-31.9814
49,0,207,-32.3768
25,0,181,-32.3757
53,0,211,-31.8626
56,0,193,-32.0311
35,0,182,-32.3297
54,0,189,-31.9841
27,0,143,-32.8671
57,0,204,-32.3039
25,0,107,-32.4766
