42,0,182,-32.5659
46,0,160,-32.0312
53,0,211,-32.5829
42,0,164,-32.5549
37,0,166,-32.253
48,0,171,-32.6374
26,0,125,-32.44
44,0,159,-32.3522
45,0,185,-32.2324
45,0,170,-31.8588
23,0,168,-32.7143
53,0,151,-32.1192
38,0,187,-32.016
37,0,170,-32.4647
50,0,195,-32.2051
34,0,151,-32.5298
47,0,184,-32.0924
36,0,178,-32.4607
36,0,171,-32.7135
48,0,167,-32.4012
35,0,218,-32.578
62,0,188,-32.633
43,0,172,-32.1744
57,0,187,-32.1551
60,0,161,-32.2422
64,0,217,-32.6636
37,0,146,-32.2055
47,0,194,-32.4742
51,0,188,-32.2447
46,0,161,-32.2919
39,0,164,-32.5488
55,0,166,-32.0422
32,0,160,-32.6313
56,0,174,-32.2816
64,0,185,-32.2486
40,0,153,-32.4444
47,0,166,-32.4337
35,0,180,-32.6778
30,0,171,-32.7895
43,0,178,-32.4157
27,0,176,-32.8693
37,0,174,-32.6667
51,0,175,-32.5829
63,0,168,-32.5774
51,0,153,-32.4444
53,0,169,-32.4852
41,0,148,-32.2905
44,0,173,-32.5491
44,0,172,-32.4942
62,0,166,-32.3373
42,0,172,-32.5291
47,0,178,-32.2753
22,0,189,-32.6085
45,0,171,-32.3918
52,0,170,-32.3647
49,0,182,-32.2637
61,0,188,-32.5585
31,0,175,-32.3143
61,0,162,-32.537
61,0,159,-32.4591
60,0,240,-32.2125
44,0,150,-32.6867
56,0,192,-32.2969
39,0,166,-32.6205
29,0,188,-32.6064
33,0,186,-32.1828
65,0,174,-31.7874
41,0,95,-32.4316
45,0,177,-32.2147
62,0,200,-31.845
43,0,155,-32.4581
35,0,175,-32.5771
54,3,179,-32.1564
54,12,164,-32.3476
28,3,151,-32.2185
53,2,146,-32.363
45,6,165,-32.2303
33,7,159,-32.7107
44,5,176,-32.3011
53,0,181,-32.6022
39,0,179,-32.5084
58,0,179,-32.2291
33,2,177,-32.6893
50,0,180,-32.5833
71,0,190,-32.4368
50,0,168,-32.369
21,1,169,-32.7456
63,8,170,-32.3353
33,0,137,-32.8759
51,2,178,-32.4663
32,0,154,-32.5325
27,0,241,-32.3693
70,13,166,-32.1386
76,20,186,-31.9731
30,0,159,-32.4528
38,3,170,-32.2941
50,14,167,-32.2455
49,4,195,-32.3436
43,9,137,-32.4964
46,0,361,-32.3657
47,8,183,-31.8743
42,0,157,-32.3057
52,0,164,-32.5488
37,0,155,-32.4903
37,16,140,-32.4857
24,3,160,-32.6125
54,10,185,-32.3081
49,0,158,-32.5696
32,0,161,-32.7888
26,0,134,-32.9701
22,0,168,-32.4226
49,0,155,-32.6129
56,0,177,-32.2938
28,0,182,-32.2802
35,0,168,-32.6429
20,1,172,-32.8547
36,2,164,-32.5732
43,2,197,-32.2995
37,0,153,-32.5098
25,0,175,-32.5371
44,0,178,-32.3539
69,0,177,-32.5254
21,0,158,-32.6899
43,0,179,-32.1117
51,0,183,-31.9672
72,0,182,-32.5659
29,0,157,-32.5732
42,0,178,-32.1461
27,0,174,-32.7931
64,0,165,-31.897
38,0,178,-32.2022
51,0,186,-32.129
31,0,157,-32.3376
27,0,157,-32.4459
74,0,162,-32.3025
33,0,165,-32.6364
26,0,137,-32.562
51,0,101,-32.2277
37,0,185,-32.2432
32,0,167,-32.2814
36,0,181,-32.3039
24,0,172,-32.7151
24,0,153,-32.5817
50,0,149,-32.7383
20,0,156,-32.5192
27,0,175,-32.5371
27,0,154,-32.3442
20,0,151,-32.7748
22,0,150,-32.9467
24,4,132,-32.7727
44,0,176,-32.3977
41,0,145,-32.9655
27,0,166,-32.5422
30,0,148,-32.5
53,0,174,-32.023
36,0,175,-32.5314
26,0,164,-32.4512
23,0,156,-32.5321
47,0,162,-32.7037
32,0,167,-32.4132
32,0,160,-32.4688
29,0,162,-32.6543
25,0,166,-32.494
23,0,193,-32.9585
56,0,175,-32.4743
46,0,147,-32.4626
23,0,151,-32.8609
47,0,182,-32.6044
21,0,150,-32.82
22,0,174,-32.7644
61,0,170,-32.1765
40,0,161,-32.8447
32,0,144,-32.5764
27,0,141,-32.6241
62,0,165,-32.1515
27,0,167,-32.6467
34,0,146,-32.4932
61,0,191,-32.4188
49,0,179,-32.7486
43,0,146,-32.6781
49,0,161,-32.3416
35,0,177,-32.2768
54,0,194,-32.2577
57,0,318,-32.478
54,0,322,-32.2547
32,0,165,-32.5697
49,0,147,-32.6599
35,0,139,-32.5899
35,0,161,-32.4348
28,0,137,-32.4088
42,0,173,-32.341
24,1,155,-32.471
22,2,184,-32.5163
20,1,192,-32.724
21,0,162,-32.716
21,0,143,-32.7063
32,0,168,-32.2857
32,0,138,-32.8333
42,0,166,-32.494
24,0,175,-32.8
42,0,171,-32.4912
31,0,183,-32.4262
45,0,168,-32.0595
58,0,177,-32.5989
49,0,173,-32.7399
44,0,182,-32.489
42,0,312,-32.6378
32,0,177,-32.2034
37,2,182,-32.6209
43,0,158,-32.3924
29,0,178,-32.6798
33,0,153,-32.0654
39,0,161,-32.7081
35,0,161,-32.472
66,0,175,-32.1657
51,0,168,-32.4286
27,0,103,-31.9223
32,0,189,-32.6561
38,0,170,-32.6
31,0,154,-32.5325
36,0,168,-31.994
33,0,133,-32.6541
28,0,158,-32.5949
38,0,184,-32.4511
53,0,166,-32.2892
33,0,159,-32.8553
44,0,163,-32.8896
47,0,166,-32.5663
29,0,155,-32.6516
45,0,154,-32.461
40,0,197,-32.5736
20,0,170,-32.5235
29,1,152,-32.2697
66,0,182,-32.0495
32,0,166,-32.4578
23,0,123,-32.3008
51,0,158,-32.3861
43,0,165,-32.6182
27,0,121,-32.5041
50,0,185,-32.3459
65,0,181,-32.1878
34,0,159,-32.8931
42,0,158,-32.1013
43,0,146,-32.726
43,0,166,-32.6928
21,0,150,-32.4533
64,0,180,-32.4444
48,0,159,-32.2201
59,0,189,-32.4815
62,0,167,-32.3892
39,0,160,-32.2875
31,0,136,-32.9412
40,0,178,-32.6348
31,0,171,-32.5439
54,0,168,-31.8452
25,0,141,-32.9291
31,0,175,-32.7314
69,0,164,-32.0671
29,0,148,-32.4662
63,0,179,-32.3128
36,0,168,-32.3095
32,0,148,-32.3176
39,0,156,-31.6346
52,0,185,-32.0378
55,0,161,-32.3789
62,0,359,-32.1226
25,0,155,-32.8065
53,0,178,-32.1854
59,0,178,-32.2303
31,0,156,-32.2051
33,0,159,-32.4969
55,0,189,-32.3175
27,0,145,-32.6069
61,0,162,-32.2099
26,0,165,-32.8182
45,0,154,-32.2143
26,0,138,-32.7899
25,0,153,-32.719
30,0,156,-32.6154
34,0,176,-32.4034
23,0,175,-32.8914
22,0,163,-32.6687
47,0,170,-31.9588
26,0,168,-32.4583
28,0,160,-32.6875
36,0,93,-32.3118
48,0,154,-32.3377
27,1,158,-32.6582
39,0,158,-32.6582
22,0,123,-32.9106
52,0,161,-32.2857
53,0,178,-32.2022
38,0,144,-32.1667
32,0,134,-32.5
40,0,150,-32.4067
47,0,161,-32.4907
41,0,157,-32.5541
34,0,148,-32.3243
30,0,171,-32.2164
42,0,155,-32.2839
55,0,167,-32.3413
27,0,135,-32.1556
30,0,193,-32.5181
29,2,155,-32.4645
36,0,185,-32.0865
34,0,183,-32.3497
49,0,166,-32.4036
39,6,178,-32.3146
36,0,185,-31.8649
48,0,179,-32.486
51,0,164,-32.1951
27,0,149,-32.0738
37,0,177,-31.9887
30,0,156,-32.4231
55,0,171,-32.3509
42,0,148,-32.5608
51,0,198,-32.4444
44,0,162,-32.5062
58,0,157,-32.0573
64,0,186,-32.3441
31,0,143,-32.4406
48,0,165,-32.4061
29,0,149,-32.2752
50,0,176,-32.5625
44,0,292,-32.5582
49,0,154,-32.5844
50,0,169,-32.0947
45,0,184,-32.5054
51,0,167,-32.3832
50,0,176,-32.4148
34,0,179,-32.2849
45,0,195,-32.3179
44,0,169,-32.6686
41,0,154,-32.3701
44,0,158,-32.2278
53,0,168,-32.5
34,0,156,-32.0128
55,0,200,-32.225
45,0,178,-32.7191
23,0,153,-32.8039
42,0,203,-32.4828
60,0,204,-32.5294
51,0,152,-32.4079
26,0,180,-32.4278
28,0,159,-32.4465
38,0,164,-32.4878
36,0,162,-32.5741
51,0,183,-32.4536
50,0,180,-32.4944
47,0,169,-32.4793
52,0,165,-32.4242
48,0,199,-32.5477
52,0,191,-32.0262
50,0,186,-32.586
35,0,170,-32.4941
22,0,127,-32.8189
23,0,166,-32.1747
31,0,124,-32.4597
25,0,179,-32.648
57,0,180,-31.9667
38,0,171,-32.4269
53,0,182,-32.0604
57,0,160,-32.4
45,0,155,-32.129
38,0,188,-32.3085
56,0,192,-32.1927
53,0,177,-32.1356
26,0,147,-32.3401
20,0,164,-32.5732
71,0,193,-32.0311
55,0,176,-32.4489
30,1,164,-32.4268
57,0,333,-32.4384
38,0,161,-32.528
68,0,195,-32.0923
26,2,131,-32.2443
63,0,188,-31.7606
36,0,188,-32.3138
31,3,175,-32.6171
22,0,169,-32.6864
58,0,178,-32.3315
48,0,181,-32.4365
38,0,144,-32.5278
64,0,195,-32.1026
49,0,169,-32.4675
58,0,171,-32.1637
58,0,182,-32.5
39,0,184,-32.0924
39,0,171,-32.3743
57,0,188,-32.1755
81,0,185,-32.2054
54,0,263,-32.3688
48,0,174,-32.2126
64,0,189,-32.0423
30,0,176,-32.4148
70,0,196,-32.2347
37,0,175,-32.2171
39,5,178,-32.0955
47,0,178,-32.4944
56,0,203,-32.3892
38,0,159,-32.7925
39,0,161,-32.6522
53,0,174,-32.1322
45,0,180,-32.3167
52,0,163,-32.2147
41,0,160,-32.4937
43,0,163,-32.5644
59,0,187,-31.9626
45,0,194,-32.5979
51,0,191,-32.6021
38,0,150,-32.5933
47,0,161,-32.1801
54,0,180,-32.5722
58,0,164,-32.0732
59,0,188,-32.016
22,0,152,-32.7895
70,0,180,-32.5722
65,0,167,-32.6228
22,0,190,-32.7947
38,0,323,-32.7183
44,0,147,-32.6122
59,0,187,-32.2086
35,0,167,-32.4491
29,0,131,-32.9237
20,0,152,-32.1447
27,0,178,-32.6124
29,0,158,-32.7089
51,0,188,-32.4149
56,0,175,-32.1886
29,0,184,-32.6359
50,0,171,-32.5439
52,0,165,-31.9333
33,0,162,-32.6296
30,0,157,-32.7389
23,0,156,-32.6859
35,0,152,-32.5132
73,0,200,-32.495
79,0,181,-32.1105
61,0,208,-32.6202
45,0,159,-31.8491
45,0,169,-32.3609
38,0,147,-32.9252
26,0,146,-32.2055
30,0,169,-31.8166
40,0,158,-32.1013
45,0,146,-32.5822
31,0,138,-32.3043
52,0,193,-32.399
27,0,159,-32.6855
55,0,182,-32.0934
23,0,104,-32.7596
39,0,178,-32.3483
36,0,316,-32.8323
47,0,187,-32.5989
64,0,167,-32.0419
28,3,146,-32.2329
32,3,157,-32.4522
25,0,188,-32.2606
40,0,182,-31.8297
30,0,148,-32.6149
32,0,172,-32.093
33,0,152,-32.7763
71,0,391,-32.156
38,0,147,-32.0952
44,0,157,-32.6943
35,0,168,-32.7679
35,0,137,-32.7153
49,0,171,-32.2456
65,0,206,-32.2136
49,0,181,-31.7735
42,0,175,-32.4229
55,0,198,-32.5606
36,0,174,-32.3161
38,2,160,-32.1313
54,0,189,-31.8942
60,6,169,-32.213
33,0,173,-32.4277
49,5,146,-32.3151
56,5,177,-32.2147
33,2,151,-32.5894
49,3,169,-32.5385
47,5,161,-32.7267
30,3,164,-32.7378
47,2,160,-32.4
47,0,170,-32.2118
38,0,179,-32.1341
45,0,154,-32.2792
31,0,197,-32.7766
29,0,144,-32.7639
23,0,140,-32.75
40,0,163,-32.7055
27,0,169,-32.5503
39,0,172,-32.4767
61,0,180,-32.4056
45,0,166,-32.5783
55,0,166,-32.259
44,0,163,-32.0307
69,0,176,-32.2898
36,0,190,-32.6105
55,0,184,-32.2228
34,0,191,-32.4188
69,0,163,-32.1288
36,0,163,-32.4847
50,0,349,-32.3324
31,0,149,-32.4899
27,0,135,-32.0519
63,2,178,-32.3989
54,9,181,-32.0497
27,0,142,-32.6197
30,0,162,-32.5494
35,0,157,-32.5924
36,0,157,-32.1847
37,0,202,-32.6287
34,0,183,-32.776
25,0,136,-32.3676
45,0,180,-32.3222
43,0,156,-32.5128
22,0,154,-32.9286
36,0,169,-32.5621
22,0,160,-32.7437
38,0,158,-32.6899
54,0,175,-31.96
38,0,162,-32.037
21,0,164,-32.628
37,0,151,-32.457
58,0,152,-32.25
31,0,155,-32.2194
31,0,167,-32.6647
49,2,163,-32.1595
32,0,176,-32.1023
45,0,163,-32.4601
34,0,151,-32.4503
37,0,137,-32.4234
45,0,149,-32.0067
47,0,177,-32.2599
41,0,159,-32.4403
38,0,160,-32.6688
51,0,162,-31.9012
45,0,171,-32.1754
29,0,82,-31.8902
40,0,166,-32.4639
33,0,369,-32.7751
38,0,170,-32.2471
36,0,164,-32.8659
33,0,172,-31.9477
33,0,164,-31.7317
37,0,160,-32.3687
48,0,190,-32.3105
43,0,156,-32.2179
47,0,157,-32.414
41,0,163,-32.5583
37,0,162,-32.7469
31,0,184,-31.8478
30,0,124,-32.3306
39,0,153,-32.3987
37,0,184,-32.8859
26,0,135,-32.5259
37,0,178,-32.6236
20,0,168,-32.8274
21,0,178,-32.7079
28,0,157,-32.4459
44,0,178,-32.5281
57,0,173,-32.3642
54,0,163,-32.4724
28,0,171,-32.5848
44,0,177,-32.2147
67,0,174,-32.4138
53,0,173,-32.5087
56,0,180,-32.5278
47,0,168,-31.7976
60,0,178,-32.5449
38,0,163,-32.5215
28,0,157,-32.465
43,0,176,-32.1364
41,0,160,-32.4813
48,0,151,-32.3046
26,0,161,-32.3727
53,3,158,-32.7152
27,3,155,-32.5484
54,2,195,-32.8103
35,0,163,-32.2638
47,0,185,-32.3946
29,0,145,-32.2069
37,0,168,-32.369
46,0,156,-32
34,0,151,-32.4106
49,0,155,-32.271
60,0,171,-32.3743
46,0,160,-32.4312
40,0,175,-32.5257
58,0,165,-32.3212
56,0,177,-31.8136
21,0,133,-32.985
36,0,147,-32.5442
57,0,169,-32.2663
43,0,134,-32.903
40,0,173,-32.2428
40,0,160,-32.4937
65,0,191,-31.9058
35,0,140,-32.5357
29,0,143,-31.6853
53,0,184,-32.3587
30,0,170,-32.4765
40,0,195,-32.6564
33,0,164,-32.5915
32,0,165,-32.3818
33,0,145,-32.0483
28,0,165,-32.6606
31,0,126,-32.6349
59,0,194,-32.2629
52,0,169,-32.5562
55,0,187,-32.1283
48,0,158,-32.557
28,4,176,-32.8125
41,0,89,-32.3146
31,0,142,-32.6056
54,0,193,-32.3472
39,0,174,-32.2586
46,0,169,-32.3373
26,0,162,-32.5062
68,0,182,-32.3022
29,0,142,-32.7113
25,1,158,-32.5823
50,0,181,-32.3867
30,0,144,-32.4514
37,0,162,-32.5123
45,0,162,-32.5988
49,0,189,-32.1376
36,0,169,-32.5799
34,0,150,-32.3733
34,0,134,-32.4104
67,0,189,-32.164
33,0,174,-32.2414
59,0,176,-32.3182
25,0,158,-32.6139
33,0,183,-32.7213
35,0,173,-32.5723
32,0,154,-32.9286
40,0,160,-32.2812
49,0,163,-32.362
32,0,163,-32.3681
52,0,169,-32.1183
24,0,176,-32.7557
23,3,167,-32.6048
58,0,186,-32.5161
52,0,158,-32.2215
38,0,181,-32.558
35,8,154,-32.487
35,0,163,-32.6994
51,5,169,-32.3787
34,0,156,-32.2628
24,0,140,-32.6143
41,0,159,-32.3899
26,0,152,-32.0724
38,1,177,-32.6158
26,0,162,-32.8395
31,0,233,-32.794
35,0,179,-32.5419
23,0,170,-32.0647
56,0,177,-32.3446
30,0,148,-32.6486
22,0,134,-32.8507
24,0,141,-32.6809
49,0,180,-32.3889
65,0,149,-32.1141
32,0,171,-32.2515
27,0,141,-32.6241
45,0,159,-32.4906
43,0,160,-32.6063
41,0,323,-32.7647
30,0,167,-32.9162
33,0,150,-32.16
23,0,138,-32.3696
61,0,163,-32.4049
32,0,185,-32.7784
59,0,182,-32.1703
29,0,183,-32.8852
56,0,169,-32.2071
45,0,173,-32.4798
45,0,174,-32.1379
49,0,166,-32.0482
53,0,257,-32.4669
22,0,145,-32.3655
37,0,171,-32.4678
21,0,178,-32.6236
34,0,172,-32.593
55,0,184,-32
27,0,145,-32.6828
44,0,190,-32.1737
48,0,135,-32.1037
43,0,141,-32.0922
53,0,168,-32.5179
35,0,175,-32.5029
58,0,186,-32.1774
21,0,180,-32.8889
58,0,189,-32.3862
29,0,161,-32.6273
49,0,150,-32.3467
41,0,175,-32.1886
36,0,147,-32.2313
48,0,138,-31.8261
36,0,151,-31.9007
37,0,165,-32.3818
57,0,187,-32.5508
30,0,158,-32.5759
60,0,167,-32.4132
28,0,162,-32.6728
49,0,166,-32.4277
37,0,159,-32.1572
56,0,177,-31.7853
54,0,177,-32.2429
42,0,182,-32.3681
52,0,168,-32.2917
47,0,170,-32.5941
35,0,152,-32.4342
50,0,185,-32.2
33,6,168,-32.6905
61,0,167,-32.3952
75,0,349,-32.1605
41,0,180,-32.6278
41,0,142,-32.1268
30,0,170,-32.3412
65,0,181,-32.1547
40,0,170,-32.1706
44,0,148,-32.2095
52,0,148,-32.3446
33,0,168,-32.2619
58,0,139,-32.4245
34,0,145,-32.7586
32,0,185,-32.7459
28,0,178,-32.6517
23,0,147,-32.551
52,0,175,-32.4686
63,0,169,-32.4675
60,0,191,-32.199
36,0,150,-32.5867
58,0,171,-32.1871
45,4,194,-32.4794
50,0,156,-32.5962
72,0,195,-32.1333
48,0,170,-32.1059
51,2,175,-32.2971
59,0,182,-32.1593
46,1,187,-32.4492
75,0,162,-32.2346
35,0,155,-32.3871
52,0,194,-32.5515
59,0,184,-32.0326
55,0,174,-32.3793
46,2,165,-32.1455
63,0,188,-31.9628
32,0,176,-32.642
36,0,148,-32.473
45,0,172,-32.4302
67,0,169,-31.9231
61,0,165,-32.4242
34,0,169,-32.4793
42,0,164,-32.6524
75,0,185,-32.5892
32,0,158,-32.8291
33,0,168,-32.6726
61,0,151,-32.4106
67,0,195,-32.2513
31,0,168,-32.4821
62,0,175,-31.9429
62,0,160,-32.1125
58,0,169,-32.432
63,0,165,-32.1576
52,0,173,-32.3179
66,0,170,-32.6824
53,0,157,-31.9618
59,0,192,-32.25
61,0,165,-32.6545
59,0,175,-31.8057
50,0,165,-32.3939
63,0,336,-32.5179
69,0,249,-32.6827
59,0,217,-32.0415
55,0,160,-32.3375
44,0,209,-32.7177
50,0,183,-32.7978
69,0,333,-32.5976
62,0,101,-31.2673
61,0,307,-32.3779
78,0,172,-32.1337
58,0,145,-32.5172
30,0,141,-32.6525
28,0,116,-32.8621
48,0,235,-32.3319
49,0,186,-32.2581
54,0,165,-32.4727
63,0,170,-32.3059
61,0,175,-32.4286
58,0,168,-32.4881
51,0,160,-32.3
72,0,164,-32.2378
56,0,178,-31.8258
60,0,188,-31.9894
59,0,176,-32.6364
66,0,180,-32.5389
72,0,186,-32.3333
79,0,175,-32.1029
74,0,163,-32.3006
45,0,149,-32.7785
63,0,189,-32.3545
64,0,187,-32.0963
46,0,163,-32.2577
45,2,192,-32.3438
28,0,164,-32.4146
28,0,124,-32.8548
43,0,163,-32.454
54,0,182,-32.4396
73,0,196,-32.3673
61,0,162,-31.8704
46,0,179,-32.486
53,0,179,-32.8045
52,0,150,-31.9267
50,0,182,-32.3791
34,0,168,-32.881
66,0,179,-32.162
83,0,172,-32.2733
65,0,181,-32.5083
28,0,153,-32.915
25,0,160,-32.6437
30,0,154,-32.974
54,0,175,-32.6114
70,0,170,-32.6
74,0,173,-31.8728
22,4,179,-32.6536
61,0,158,-32.7025
53,0,171,-32.5731
55,0,166,-32.5843
38,0,161,-32.4783
55,0,337,-32.3739
60,0,193,-32.0104
55,0,159,-32.3899
50,0,167,-32.1557
45,0,176,-32.7784
25,0,159,-32.6981
38,0,173,-32.6069
26,0,103,-32.3301
43,0,127,-32.685
72,0,160,-32.4
52,0,155,-32.0323
41,0,164,-32.1585
33,0,148,-32.527
74,0,175,-32.0857
76,0,170,-32.6176
65,0,182,-32.1868
40,0,166,-32.4036
71,0,185,-31.7946
62,0,175,-32.1371
74,0,177,-31.9096
54,0,197,-31.7157
52,0,174,-32.0805
40,0,168,-32.0774
28,0,158,-32.7911
72,0,185,-32.1243
67,0,178,-32.4438
50,0,162,-32.4198
65,0,155,-32.3355
58,0,155,-32.3032
66,0,158,-32.2911
51,0,164,-32.2622
41,0,167,-32.485
81,0,160,-32.2
70,0,337,-32.4273
30,0,153,-32.6078
45,0,157,-32.2675
21,0,149,-32.7315
31,0,131,-32.9847
28,5,155,-32.7484
50,0,183,-32.0765
35,0,165,-32.6909
53,0,151,-32.351
53,0,179,-32.2067
45,0,160,-32.2437
91,0,191,-32.3508
40,0,156,-32.2115
44,0,175,-32.4229
46,0,156,-32.4744
49,0,155,-31.7419
27,3,169,-32.6095
40,3,174,-32.2701
38,0,165,-32.4667
46,0,144,-32.2431
60,0,188,-32.0851
52,0,172,-32.2326
43,0,179,-32.1955
85,0,187,-32.2353
47,0,179,-32.2514
48,0,164,-32.2134
55,0,158,-32.443
63,0,159,-32.0629
33,0,138,-32.6232
65,0,170,-32.2412
28,0,123,-32.6911
48,0,155,-32.2
75,0,178,-31.9831
56,0,172,-32.1802
77,0,166,-32.2349
90,0,197,-32.2995
60,0,159,-32.3396
30,0,146,-32.4384
73,0,180,-32.2222
65,0,176,-32.3409
70,0,187,-32.1925
46,0,164,-32.2012
75,0,200,-32.32
40,0,166,-32.6446
46,0,169,-32.7456
39,0,176,-32.892
63,0,164,-31.9878
75,0,166,-32.3373
62,0,171,-32.0234
58,0,157,-32.586
35,0,157,-32.7325
68,0,184,-32.3587
43,0,146,-32.2877
29,0,148,-32.8041
84,0,169,-31.3728
31,0,180,-32.5722
68,0,158,-32.0633
73,0,175,-32.3829
29,0,138,-32.7246
67,0,172,-32.3953
58,0,162,-32.4259
69,0,184,-32.3696
47,0,148,-32.3581
35,0,165,-32.4667
20,0,159,-32.8679
22,0,153,-32.5948
38,0,174,-32.5805
33,6,157,-32.7834
36,0,140,-32.6071
49,0,181,-32.7348
32,0,137,-32.5474
32,0,164,-32.0793
31,0,161,-32.1988
53,0,161,-32.2609
57,0,183,-32.7322
41,0,145,-32.3103
46,0,187,-32.4011
47,0,176,-32.1932
27,0,156,-32.641
46,0,178,-32.7921
30,0,163,-32.8221
42,0,175,-32.6457
30,0,172,-32.2558
64,0,190,-32.0211
33,0,122,-32.4836
73,0,168,-32.2143
35,0,168,-32.6369
32,0,204,-32.598
32,0,153,-32.7712
58,0,180,-32.3833
64,0,177,-32.4294
27,0,156,-32.8782
28,0,148,-32.2568
56,0,174,-32.1494
29,0,155,-32.7613
28,0,170,-32.7529
27,0,172,-32.6047
36,0,171,-32.4912
43,0,146,-32.7534
26,0,143,-32.6993
34,0,157,-32.4713
29,0,151,-32.8146
38,0,190,-32.4316
45,0,144,-32.1667
27,0,159,-32.6415
50,0,157,-32.0828
44,0,166,-32.259
49,0,164,-31.8841
56,0,170,-31.9294
53,0,153,-32.6405
48,0,183,-32.3607
45,0,170,-32.4824
54,0,172,-32.2674
38,0,172,-32.6337
48,0,186,-32.2957
40,0,124,-32.4516
46,0,160,-32.0938
40,0,161,-32.0311
62,0,160,-32.1688
51,0,182,-32.5
33,0,148,-32.7568
41,0,171,-32.6433
42,0,151,-32.404
64,0,180,-32.2
50,0,147,-31.7551
47,0,180,-32.1667
43,0,204,-32.5245
69,0,179,-32.3352
55,0,252,-32.6151
58,0,170,-32.5
61,0,159,-32.3585
52,0,171,-32.2105
48,0,167,-32.6228
42,0,176,-32.3523
60,0,189,-32.0053
57,0,188,-32.2394
41,0,158,-32.2722
53,0,166,-32.2892
53,0,193,-32.5285
36,0,155,-32.6581
24,0,160,-32.2563
32,0,169,-32.6509
22,0,142,-32.669
34,0,146,-32.6918
38,0,164,-32.128
42,0,167,-32.3593
39,0,178,-32.264
31,0,163,-32.6258
21,0,182,-32.4725
20,0,164,-32.8415
38,0,170,-32.7765
48,0,165,-32.2182
52,0,164,-32.6037
31,1,176,-32.8466
22,1,195,-32.6462
22,1,206,-32.4223
23,1,167,-32.1078
29,0,182,-32.5275
38,0,165,-32.4485
26,0,193,-32.3886
32,0,179,-32.1173
47,0,181,-32.6188
53,0,139,-32.4892
26,0,156,-32.4359
66,0,167,-32.2275
59,0,175,-32.3371
55,0,157,-31.9427
55,3,186,-32.5108
52,3,199,-32.5628
49,0,194,-32.5361
42,3,190,-32.3263
49,0,171,-32.3801
38,0,165,-32.7212
40,0,150,-32.58
35,0,148,-32.5135
34,0,184,-32.4402
36,0,164,-32.4085
50,0,187,-32.246
40,2,175,-32.2629
27,0,168,-32.375
37,0,175,-32.1429
21,0,155,-32.7032
32,0,179,-32.3799
29,0,158,-32.6519
31,0,125,-32.976
61,0,187,-32.4599
28,0,144,-32.625
26,0,165,-32.7273
63,0,166,-32.3193
46,0,168,-32.5
57,0,169,-32.1479
27,0,165,-32.7515
29,0,154,-32.5844
39,0,158,-32.057
61,0,158,-32.0759
41,0,168,-32.5893
39,0,167,-32.5808
36,2,180,-32.3222
49,0,176,-32.4148
21,0,175,-32.7314
53,0,165,-32.5636
31,0,179,-32.676
20,1,167,-32.497
36,0,192,-32.75
37,0,178,-32.5787
28,0,169,-32.3609
21,0,191,-32.7696
62,0,186,-32.328
45,0,184,-32.5435
23,0,159,-32.6981
21,0,131,-32.3359
29,0,176,-32.6023
39,0,183,-32.1202
47,0,169,-32.4438
72,0,196,-32.6888
25,0,133,-32.7293
44,0,135,-31.8222
49,0,192,-32.4531
34,0,158,-32.1456
31,0,155,-32.2645
37,0,178,-32.618
48,0,180,-32.35
52,0,160,-32.0187
62,0,164,-32.1585
23,0,166,-32.5542
47,0,179,-32.2514
49,0,175,-32.12
52,0,164,-32.5305
31,0,204,-32.5049
58,0,184,-32.5652
78,0,195,-32.3077
56,0,167,-32.4132
31,0,196,-32.4337
45,0,183,-32.082
35,0,181,-32.3536
28,0,169,-32.5148
41,0,143,-32.3986
28,0,167,-32.6467
57,0,169,-32.426
33,0,166,-32.7169
45,0,176,-32.767
32,0,158,-31.9873
35,0,177,-32.3333
20,0,156,-32.9038
36,0,173,-32.7225
54,0,186,-32.629
42,0,182,-32.4835
25,0,147,-32.7755
35,0,178,-32.427
34,0,167,-32.5689
46,0,172,-32.4419
44,0,158,-32.6582
46,0,182,-32.8077
52,0,183,-31.9454
53,0,183,-32.3169
40,0,155,-32.7613
45,0,190,-32.4526
47,0,196,-32.6327
61,0,184,-32.5272
49,0,140,-32.0714
26,0,171,-32.4971
47,0,175,-32.3829
36,0,342,-32.6608
34,0,147,-32.585
30,0,174,-32.6437
34,0,167,-32.1257
40,0,104,-32.4327
42,0,174,-32.2874
49,0,185,-32.7946
48,0,153,-32.634
22,0,130,-32.7154
20,1,126,-32.9048
23,0,144,-32.8611
34,0,182,-32.2473
20,0,146,-32.2466
36,0,153,-32.3922
40,0,135,-32.6889
30,4,158,-32.6329
28,0,181,-32.5691
59,2,182,-32.4341
73,0,178,-32.1461
51,0,338,-32.497
63,0,170,-32.1412
51,0,174,-32.4368
36,0,168,-32.5476
55,0,169,-32.3432
45,2,179,-32.095
24,0,176,-32.625
23,2,156,-32.5064
32,0,182,-32.7967
21,3,164,-32.5488
42,0,182,-32.4505
46,0,320,-32.5281
37,0,161,-32.6584
53,0,243,-32.6996
30,0,159,-32.805
21,0,193,-32.9482
43,0,179,-32.4525
21,0,180,-32.6667
27,0,171,-32.4795
38,0,189,-32.3386
31,0,173,-32.6532
48,0,154,-32.3701
51,0,168,-32.2976
26,0,142,-32.6549
60,0,175,-32.1257
44,0,161,-32.4224
46,0,191,-32.6387
42,0,164,-32.4146
41,0,155,-32.4065
28,0,179,-32.5084
33,0,163,-32.7485
21,0,158,-32.2468
42,0,154,-32.5714
27,0,156,-32.4103
22,0,160,-32.6375
32,5,151,-32.5033
34,2,150,-32.52
26,1,144,-32.8681
44,0,175,-32.6743
50,0,205,-32.322
31,0,163,-32.8466
46,0,170,-32.2235
29,0,166,-32.6687
24,0,164,-32.7805
31,0,153,-32.6536
58,0,168,-32.2202
53,0,175,-32.3714
37,0,169,-32.568
49,0,179,-32.2346
42,0,328,-32.4878
30,0,172,-32.6802
26,0,73,-32.6575
44,0,169,-31.8935
30,0,148,-32.6622
48,0,186,-32.7151
64,0,175,-32.1829
69,0,167,-32.2994
31,0,157,-32.5669
56,0,187,-32.3957
35,0,99,-32.7879
47,0,168,-32.2262
47,0,161,-32.5404
49,0,163,-32.3129
81,0,183,-32.0984
61,0,133,-32.2105
30,0,71,-31.9437
81,0,184,-31.9783
48,0,158,-32.3038
50,0,163,-32.1472
64,0,158,-31.9937
41,0,144,-32.0833
74,0,179,-32.0056
66,0,187,-32.4118
48,0,160,-32.1375
33,0,136,-32.6544
54,0,170,-32.3588
94,0,169,-32.0473
64,0,173,-32.5896
70,0,159,-31.9497
45,0,322,-32.5683
45,0,174,-32.3103
42,0,169,-32.7751
41,0,186,-32.6075
54,0,166,-32.2651
65,0,176,-32.4545
68,0,175,-32.1886
67,0,208,-32.2644
72,0,165,-32.5152
53,0,177,-31.5989
51,0,154,-32.0844
67,0,191,-32.5288
45,0,84,-31.9643
61,0,157,-32.1783
62,0,153,-32.2026
77,0,163,-31.8282
60,0,173,-32.8844
62,0,165,-32.2545
58,0,155,-32.071
77,0,182,-32.033
64,0,182,-31.9505
55,0,161,-32.5839
68,0,185,-32.6
68,0,179,-32.2737
52,0,178,-32.4775
57,0,161,-32.3602
66,0,175,-32.2
73,0,172,-32.4302
83,0,168,-32.2679
62,0,186,-32.543
60,0,184,-32.1902
60,0,162,-32.1667
62,0,166,-32.494
52,0,170,-32.5647
79,0,187,-31.9037
54,0,180,-32.6722
55,0,167,-32.8743
29,0,224,-32.7366
52,0,120,-32.1667
67,0,192,-32.3542
33,0,162,-32.6296
33,0,132,-32.697
70,0,170,-32.0529
25,0,169,-32.8343
69,0,164,-32.2744
69,0,177,-31.9096
64,0,149,-32.3221
57,0,174,-32.6207
56,0,174,-32.1494
54,0,160,-32.0187
61,0,170,-32.2647
34,0,142,-32.5845
76,0,178,-32.2022
23,3,136,-31.8529
46,7,148,-32.2568
31,4,160,-32.6437
55,0,165,-32.3091
48,0,164,-32.7012
81,0,180,-32.3056
63,0,184,-32.4022
55,0,181,-32.5249
40,0,152,-32.7632
46,0,178,-32.573
59,0,176,-32.4489
82,0,169,-32.0947
82,0,167,-32.4311
30,0,153,-32.5948
32,0,206,-32.534
71,0,177,-32.2712
56,0,190,-32.4053
75,0,157,-32.3503
48,0,159,-32.3459
44,0,159,-32.3962
45,0,161,-32.4907
54,0,185,-32.2108
73,0,199,-32.005
65,0,179,-32.2626
67,0,184,-32.462
76,0,199,-32.5729
70,0,190,-32.6211
63,0,142,-32.2042
36,0,166,-32.4157
85,0,190,-32.1053
44,0,196,-32.801
48,0,167,-32.2036
49,0,165,-32.4303
61,0,181,-32.5083
59,0,175,-32.1886
54,0,183,-32.0219
72,0,146,-32.0411
55,0,181,-32.0276
58,0,180,-32.0278
60,0,157,-32.465
68,0,178,-32.4213
90,0,179,-31.8547
75,0,175,-32.4343
69,0,198,-32.2273
68,0,183,-32.0273
75,0,184,-32.0163
55,0,163,-32.3006
67,0,167,-32.2275
66,0,265,-32.5623
62,0,171,-32.5322
77,0,185,-32.1838
80,0,188,-32.2447
57,0,165,-32.8303
74,0,189,-32.3228
64,0,174,-32.0977
47,0,211,-32.4408
59,0,144,-32.2222
47,0,146,-32.3973
55,0,172,-31.9419
61,0,189,-32.1376
40,0,171,-32.0819
43,0,179,-32.0894
55,0,178,-31.7528
63,0,175,-32.2914
60,0,142,-32.2324
44,0,141,-32.0709
65,0,170,-32.4235
63,0,119,-31.7647
66,0,193,-32.2021
70,0,170,-32.2471
55,0,176,-31.9602
33,0,165,-32.6727
56,0,152,-32.2105
76,0,159,-32.1572
77,0,181,-32.5359
30,0,160,-32.2313
35,0,161,-32.6832
75,0,182,-32.6429
60,0,169,-32.1834
39,2,155,-32.5871
51,0,180,-32.1333
61,0,172,-32.6105
49,0,163,-32.2209
68,0,188,-31.7979
68,0,175,-32.1543
65,0,172,-32.3605
36,0,179,-32.6983
48,0,154,-32.0974
62,0,145,-31.8276
46,0,154,-32.4286
59,0,157,-32.1401
78,3,169,-32.1124
42,0,152,-32.5526
43,0,243,-32.3992
51,0,143,-32.4336
54,0,164,-32.0366
58,0,166,-32.494
44,0,165,-32.3697
72,0,187,-32.4973
50,0,140,-32.4643
37,0,148,-31.6149
27,0,160,-32.2687
56,0,170,-32.5588
56,0,168,-32.5298
41,0,166,-32.3916
36,0,150,-32.44
22,0,161,-32.8571
65,0,255,-32.498
62,0,177,-32.322
27,0,151,-32.1656
23,0,163,-32.9387
23,0,157,-32.4777
29,0,246,-32.8252
56,0,188,-32.3245
66,0,183,-32.3388
74,0,178,-32.5899
68,0,185,-32.2108
62,0,173,-32.2775
70,0,181,-32.3646
68,0,164,-32.2683
75,0,170,-32.0706
63,0,179,-32.2291
56,10,172,-32.4826
44,0,158,-32.4051
61,0,181,-32.105
33,0,170,-32.8647
54,0,176,-32.4205
45,0,160,-32.5063
26,0,164,-32.5366
38,0,152,-32.7171
75,0,183,-32.2896
53,0,161,-32.236
54,0,206,-32.4272
52,0,175,-32.6857
42,10,197,-32.665
25,0,149,-32.6913
47,0,156,-32.2308
23,0,150,-32.2533
27,0,137,-32.9708
25,0,139,-32.6187
58,0,176,-32.5625
59,0,170,-32.2529
65,0,163,-31.8957
83,0,176,-31.9489
59,0,163,-32.5828
66,0,182,-32.2033
53,0,149,-32.6242
42,0,167,-31.9401
21,0,161,-32.677
56,0,180,-32.2611
58,4,242,-31.9669
50,2,196,-32.4847
54,0,170,-32.5294
47,2,183,-32.1913
41,2,180,-31.9444
46,2,191,-32.2827
59,0,186,-32.2097
55,0,185,-32.7027
57,0,183,-32.5464
57,4,177,-32.4463
41,0,181,-32.1934
61,0,162,-32.0494
48,0,160,-32.45
37,0,165,-32.7091
56,0,163,-31.6196
25,4,170,-32.8176
59,0,167,-32.3593
54,0,188,-32.5798
61,0,218,-31.9587
40,0,239,-32.6653
48,0,171,-31.9708
35,0,148,-32.6081
33,2,138,-32.8116
70,8,152,-31.8816
30,4,121,-32.4215
42,8,162,-32.2716
25,0,155,-32.5484
21,0,134,-32.7687
24,0,162,-32.0864
53,0,179,-32.4413
42,0,156,-32.391
52,0,151,-32.6556
47,0,165,-32.3394
40,0,156,-32.2885
21,0,163,-32.411
42,0,149,-32.8591
32,0,145,-32.8621
25,0,191,-32.377
48,0,153,-32.4706
68,0,160,-32.4188
36,0,152,-32.8882
33,2,155,-32.7677
77,0,188,-32.3032
65,0,188,-32.2926
71,0,188,-32.0053
41,0,168,-32.3155
68,0,179,-32.1955
82,0,175,-32.4457
35,0,185,-32.5027
60,0,175,-31.9314
70,0,180,-32.3722
56,0,184,-32.4293
71,0,163,-32.2209
80,0,150,-31.96
56,0,177,-32.5141
74,0,187,-32.3155
48,0,152,-31.9013
57,0,189,-32.2963
44,0,174,-32.8506
68,0,171,-32.4327
56,0,162,-32.463
52,0,162,-32.7284
51,0,154,-32.6169
56,0,185,-32.5568
86,0,369,-32.0542
42,0,177,-32.1864
68,0,185,-32.0054
70,0,163,-32.1472
60,0,188,-32.3351
66,0,170,-32.4588
43,0,161,-32.1056
54,4,169,-32.2485
59,4,177,-32.2486
60,0,196,-32.1837
59,4,181,-32.0718
70,0,177,-32.435
64,3,177,-32.1073
75,0,166,-32.2892
55,0,162,-32.2099
40,2,150,-32.32
50,0,183,-32.7705
37,0,135,-32.437
59,0,179,-32.4749
40,0,148,-32.2703
20,0,128,-32.9453
20,1,169,-32.5917
23,0,162,-32.7222
40,0,168,-32.4702
50,0,188,-32.734
36,0,170,-32.8824
78,0,179,-31.6592
62,0,176,-32.2557
59,0,197,-32.4924
42,0,171,-32.3626
80,0,185,-32.0432
43,0,171,-32.2924
69,0,170,-32.4412
50,0,173,-32.3006
57,0,190,-32.4053
49,0,178,-32.5281
52,0,165,-32.0485
79,0,187,-32.2086
77,0,167,-31.4731
61,0,185,-32.2703
48,0,153,-32.5098
43,0,180,-32.4278
69,0,184,-32.2337
41,0,158,-32.6646
37,0,154,-32.4351
38,0,121,-32.6777
74,0,170,-32.0059
60,0,189,-32.4868
28,0,159,-32.5975
80,0,185,-32.0216
54,0,143,-31.9021
89,0,180,-32.3889
69,0,178,-32.1573
39,0,161,-32.8323
44,0,140,-32.3357
39,0,154,-32.1753
40,0,175,-32.2571
79,0,195,-32.2564
70,0,194,-32.4485
77,0,164,-32.4329
32,0,130,-32.4692
32,0,128,-32.4688
45,0,172,-32.3721
62,0,183,-32.1038
87,0,178,-31.9494
57,0,158,-32.0696
85,0,176,-31.9261
58,0,152,-32.2171
54,0,174,-32.3966
38,0,163,-32.2086
49,0,149,-32.0336
36,0,173,-32.185
80,0,168,-32.2083
55,0,180,-32.2667
72,0,185,-31.9135
72,0,191,-32.1571
67,2,167,-32.3952
62,0,164,-32.3049
46,0,168,-32.7024
29,4,139,-32.8417
31,2,206,-32.466
43,0,152,-32.4803
66,0,183,-32.2404
39,0,176,-32.4432
73,0,193,-31.9689
68,0,165,-32.5697
66,0,183,-32.3279
22,0,163,-32.3988
52,0,166,-32.1928
51,0,142,-32.338
67,0,173,-32.1214
27,4,155,-32.7097
40,0,145,-32.8276
37,0,129,-32.1318
56,0,163,-31.9325
60,0,163,-31.6994
28,0,162,-32.6296
61,0,158,-32.1266
33,0,170,-32.5765
35,0,147,-32.4626
55,3,191,-32.4607
43,0,157,-32.2166
41,0,164,-32.6037
72,0,152,-32.0395
73,0,180,-32.0667
45,0,155,-31.8323
41,0,166,-32.8434
52,0,154,-32.2727
43,0,163,-32.2515
76,0,174,-32.0172
42,0,176,-32.8693
67,0,185,-32.0757
74,0,192,-32.1823
63,0,152,-31.5855
57,0,171,-32.0234
57,0,185,-32.4054
75,0,172,-32.0698
63,0,180,-32.2444
61,0,155,-31.9806
77,0,192,-32.2188
46,0,162,-32.7346
42,0,150,-32.2067
56,0,156,-32.25
53,0,139,-32.4317
63,0,178,-32.1292
49,0,189,-32.4233
57,0,165,-31.6545
52,0,210,-32.2619
62,0,179,-32.3631
51,0,138,-32.4565
80,0,188,-32.1596
39,0,332,-32.5
72,0,170,-32.5
50,0,163,-32.4601
86,0,193,-32.0622
63,0,158,-32.1962
50,0,182,-32.3022
65,0,177,-32.2542
44,0,161,-32.5342
56,0,165,-32.2424
63,0,204,-32.1127
66,0,186,-32.2312
42,0,170,-32.4235
61,0,187,-32.4332
57,0,356,-32.4466
50,0,184,-32.3913
42,0,167,-32.485
44,0,158,-32.6772
61,0,175,-32.08
47,0,159,-32.4025
55,0,196,-32.4031
67,0,190,-32.5368
33,0,127,-32.5984
42,0,150,-32.24
43,0,167,-32.1138
48,0,165,-32.3515
43,0,170,-32.5
52,0,172,-32.314
48,0,177,-32.2655
73,0,171,-32.1228
45,0,143,-32.2587
45,0,177,-32.6836
24,0,174,-32.5977
31,0,157,-32.1465
38,0,178,-32.7921
61,0,173,-31.9653
39,0,201,-32.5124
54,0,182,-32.4615
50,0,175,-32.1771
45,0,156,-32.2372
43,0,184,-32.7283
68,0,183,-31.5464
66,0,137,-32.1606
49,0,170,-32.5294
75,0,161,-32.2795
80,0,175,-32.2343
45,0,174,-32.6207
28,0,155,-32.4258
69,0,156,-32.1538
68,0,179,-32.1117
24,2,174,-32.592
49,0,176,-32.7784
54,0,155,-31.6774
49,0,196,-32.5204
55,0,186,-32.3495
29,0,170,-32.4765
49,0,167,-32.4371
68,0,161,-32.2547
42,0,145,-32.8621
32,3,177,-32.3277
41,0,161,-32.3665
64,0,159,-32.3774
66,0,316,-32.4842
30,0,177,-32.4915
38,0,165,-32.2182
54,0,179,-31.933
45,0,189,-32.1481
46,2,158,-32.2342
21,1,191,-32.4921
80,0,188,-32.1011
51,0,190,-32.5842
47,0,167,-32.497
42,0,152,-32.5987
38,0,167,-32.5629
48,0,182,-32.5934
62,0,179,-32.3464
54,0,404,-32.703
20,0,183,-32.8361
44,0,149,-32.7315
36,15,177,-32.4181
24,0,135,-32.7407
55,0,160,-32.2625
58,0,177,-32.4407
88,0,201,-32.2338
52,0,169,-32.6331
68,0,168,-32.2679
55,0,143,-32.2657
57,2,168,-32.5417
67,0,165,-32.0424
42,0,171,-32.4678
35,0,160,-32.425
74,0,181,-32.1271
61,0,184,-32.4076
67,0,185,-32.0324
40,0,164,-32.4573
54,0,170,-31.9412
51,0,171,-32.6316
34,0,148,-32.6892
66,0,146,-31.9315
38,0,151,-32.5364
66,0,161,-32
24,2,135,-32.4815
29,0,126,-32.1746
49,0,166,-32.747
57,0,170,-32.1353
44,0,149,-32.6242
60,0,169,-32.2604
48,0,175,-32.36
24,0,178,-32.5843
55,0,314,-32.4236
52,0,170,-32.3294
49,0,191,-32.5969
58,0,192,-32.4427
44,0,156,-32.8654
65,0,154,-32.487
71,0,194,-31.9742
60,0,187,-32.1765
50,0,172,-32.343
51,0,481,-32.6112
63,0,170,-32.3412
39,0,158,-32.3671
55,0,185,-32.5135
52,0,166,-31.9699
53,0,147,-32.3741
43,0,195,-32.1026
50,0,251,-32.6494
43,0,177,-32.226
70,0,165,-31.9455
51,0,174,-32.454
47,0,147,-32.381
46,0,149,-32.6644
59,0,168,-32.1488
44,0,163,-32.3129
55,0,152,-32.5592
42,0,163,-32.681
60,0,200,-32.55
61,0,178,-32.0281
74,0,169,-32.1775
57,0,146,-31.8082
43,0,163,-32.3067
65,0,184,-31.9239
55,0,207,-32.5121
65,0,159,-31.9497
61,0,167,-31.7665
44,0,322,-32.5621
49,0,170,-32.3
55,0,167,-32.3353
45,0,158,-32.0253
58,0,157,-32.5541
56,0,345,-32.487
71,0,174,-32.3276
23,0,154,-32.9156
59,0,181,-32.5801
42,0,161,-32.354
47,0,143,-32.6154
58,0,176,-32.3352
43,0,155,-32.6
50,0,166,-31.9277
61,0,168,-32.5774
57,0,154,-31.4935
39,0,175,-32.2286
47,0,160,-32.45
55,0,163,-32.319
75,0,169,-31.9586
68,0,181,-32.337
59,0,166,-32.2048
57,0,172,-32.6221
65,0,175,-32.1371
57,0,174,-32.2184
21,0,105,-32.9333
30,2,160,-32.4438
33,1,189,-32.6296
36,0,167,-32.4072
31,5,176,-32.3466
59,0,180,-32.3389
61,0,182,-32.1209
54,0,174,-32.3793
32,2,143,-32.4545
55,0,174,-32.3678
42,0,299,-32.6421
31,0,151,-32.2252
45,0,187,-32.6096
48,0,160,-32.6437
53,0,165,-32.2303
50,0,163,-32.5215
35,0,179,-32.8156
44,0,168,-32.506
66,0,319,-32.5016
35,0,196,-32.9235
47,0,147,-32.0476
39,0,178,-32.5618
49,0,201,-32.597
21,0,152,-31.9539
63,0,146,-32.4041
48,0,160,-32.05
29,0,136,-32.6838
26,2,151,-32.8079
33,5,146,-32.0479
27,4,155,-32.9484
27,0,127,-32.9449
46,0,159,-32.4277
72,0,199,-32.0905
70,0,360,-32.2056
30,0,166,-32.6687
46,0,180,-32.0667
40,0,170,-32.2294
43,0,188,-32.5851
60,0,183,-32.2459
43,0,167,-32.485
64,0,198,-32.5101
30,0,166,-32.753
68,0,167,-32.4611
38,0,171,-32.5146
54,0,171,-32.5146
25,0,169,-32.7337
57,0,163,-32.0552
51,0,126,-32.6032
54,0,163,-32.2393
36,0,150,-32.2933
60,0,180,-32.5889
30,3,138,-32.8913
31,0,161,-32.4472
46,0,165,-32.3576
40,0,171,-32.5556
57,0,181,-32.6464
38,0,155,-32.5935
47,0,168,-32.4048
43,0,144,-31.9444
30,3,126,-32.5238
55,0,295,-32.8678
37,0,140,-32.3643
34,0,153,-32.5621
33,2,170,-32.6412
60,0,176,-32.5455
67,0,188,-32.4947
55,0,152,-31.7237
53,0,155,-32.6194
40,0,151,-32.6291
74,0,157,-32.0828
28,0,168,-32.8333
53,0,155,-32.3548
56,0,188,-31.8723
37,0,155,-32.5226
37,0,174,-32.6207
45,0,165,-32.5576
41,0,163,-32.7914
44,2,194,-32.2629
57,0,170,-32.5118
64,0,168,-32.3512
34,0,157,-32.2675
60,0,183,-32.3224
44,0,258,-32.624
78,0,166,-31.7048
56,0,168,-32.4643
43,0,170,-32.6059
44,0,180,-32.4556
32,4,167,-32.5988
25,0,189,-32.8201
45,0,175,-32.5943
21,0,136,-33
25,0,162,-32.9568
47,4,168,-32.4821
29,0,134,-32.903
31,2,167,-32.6467
33,3,154,-32.4416
27,0,160,-32.8
52,0,154,-32.474
45,0,134,-32.7015
41,0,164,-32.7927
48,0,219,-32.5342
25,0,149,-32.6711
65,0,181,-32.4199
54,0,136,-32.2353
75,0,178,-32.0393
46,0,147,-32.2449
41,0,149,-32.5034
36,0,167,-32.503
36,6,169,-32.3373
48,0,178,-32.882
25,0,188,-32.7021
76,0,318,-32.2987
60,0,149,-32.1409
39,0,118,-32.661
30,0,147,-32.4762
34,0,175,-32.4286
35,0,153,-32.2614
35,0,169,-32.4734
66,0,160,-32.45
60,0,137,-31.9708
67,0,155,-32.5548
47,0,160,-32.4937
54,0,169,-31.8521
35,0,166,-32.512
78,0,172,-32.1453
71,0,191,-32.3037
54,0,155,-32.071
65,0,176,-31.8977
68,0,163,-32.411
59,0,154,-32.3247
69,0,180,-32.6
80,0,177,-32.0339
60,0,150,-32.0867
72,0,167,-32.2395
65,0,170,-31.8941
59,0,165,-32.5394
79,0,165,-31.6303
64,0,156,-31.9744
39,0,149,-32.7114
40,0,147,-32.483
66,0,165,-31.8909
57,0,179,-32.0391
58,0,186,-32.3548
44,0,153,-32.6863
86,0,188,-32.2926
80,0,163,-32.2147
27,1,149,-32.9329
63,0,155,-31.9226
29,0,142,-32.7817
58,0,128,-32.3594
61,0,198,-31.9293
26,4,172,-32.5523
59,0,152,-32.0724
62,0,181,-32.3646
28,1,167,-32.3952
28,0,186,-32.5161
53,0,158,-32.0949
24,0,161,-32.8882
28,0,141,-32.6454
38,0,166,-32.2831
52,0,153,-32.2092
57,0,174,-32.4425
56,0,140,-32.4857
62,0,171,-32.0936
23,0,147,-32.6395
62,0,143,-32.2378
69,0,170,-32.2412
51,0,162,-31.8025
66,0,169,-32.2485
50,0,152,-32.0526
54,0,187,-32.4278
58,0,126,-32.3413
62,0,163,-32.7055
52,0,194,-32.2629
46,0,144,-32.3681
52,0,172,-32.3605
47,0,156,-32.4103
57,0,164,-32.561
75,0,174,-32.1149
70,0,166,-31.8554
55,0,160,-32.5125
34,0,183,-32.7978
44,0,155,-32.3484
67,0,175,-32.4229
75,0,180,-32.2667
75,0,327,-32.6514
65,0,162,-32.0679
56,0,175,-32.32
38,0,170,-32.4706
49,0,296,-32.5574
79,4,145,-32.7724
34,0,161,-32.2857
60,0,152,-32.4474
21,0,170,-32.8588
69,0,173,-32.0173
53,0,254,-32.4606
47,0,172,-32.25
30,0,158,-32.5633
53,0,158,-32.1646
30,0,160,-32.5312
50,0,144,-32.1736
46,0,183,-32.3716
33,0,131,-32.6412
44,2,164,-32.2927
41,0,167,-31.9581
41,0,203,-32.5764
43,0,137,-32.3358
46,0,155,-32.3161
46,0,161,-32.5466
69,0,174,-32.5632
33,0,174,-32.8103
55,0,214,-32.5421
61,0,195,-32.1282
80,0,187,-31.9037
52,0,127,-32.5118
71,0,159,-32.0063
31,2,238,-32.9706
58,0,166,-32.3434
57,0,166,-32.259
55,0,149,-32.0805
47,0,151,-32.4238
59,0,167,-32.485
57,0,157,-32.0127
38,0,148,-32.3176
55,0,149,-32.7718
23,1,173,-32.1503
51,0,153,-32.4771
36,2,188,-32.4255
51,3,171,-32.4269
46,1,150,-32.5067
23,0,148,-32.6419
70,0,166,-32.494
41,0,191,-32.6911
33,0,155,-32.5226
60,0,156,-32.2564
51,0,152,-32.7566
25,0,157,-32.5478
43,0,157,-32.7834
53,0,193,-32.2642
47,0,164,-32.0061
38,0,144,-32.4167
39,0,155,-32.3871
44,0,144,-32.2708
39,0,168,-32.8869
50,0,139,-32.6691
38,0,154,-32.6104
65,0,168,-32.3393
33,0,128,-32.7656
43,0,159,-32.6415
51,0,163,-32.2761
49,0,146,-32.6096
32,0,146,-32.7466
35,0,159,-32.5723
41,0,169,-32.7515
32,0,164,-32.378
32,0,129,-32.4264
23,0,136,-32.5294
32,0,142,-32.5986
51,0,182,-32.3571
45,10,154,-32.3182
29,0,164,-32.6341
29,0,158,-32.6772
80,0,187,-32.3529
24,0,155,-32.7806
64,0,199,-32.2261
63,0,190,-32.3842
25,0,145,-32.5034
36,0,149,-32.8188
26,0,149,-32.7047
27,0,130,-32.7769
31,0,160,-32.725
68,0,170,-31.8706
20,0,152,-32.0461
41,0,191,-32.5236
46,6,159,-32.3019
30,4,152,-32.5592
36,0,202,-32.6535
56,0,175,-32.1886
58,0,175,-32.3314
52,0,166,-32.2229
39,0,150,-32.6467
43,0,164,-32.25
44,0,160,-32.5063
26,0,172,-32.7326
32,0,173,-32.0867
45,0,166,-32.6024
37,0,157,-32.2675
42,0,154,-32.1429
25,0,140,-32.9143
75,0,188,-32.117
44,0,164,-32.5
72,0,168,-32.5
57,0,165,-32.4121
83,0,168,-32.5119
44,0,163,-32.1472
71,0,171,-32.4854
37,0,151,-32.7815
25,0,166,-32.9458
58,0,153,-32.0654
53,0,174,-32.6839
51,0,177,-32.2542
65,0,159,-32.3648
61,0,184,-32.4728
53,0,146,-32.4247
61,0,170,-32.6941
63,0,183,-32.6448
44,0,148,-32.5
34,0,186,-32.6452
47,0,163,-32.0675
74,0,158,-32.1329
67,0,171,-32.3801
58,0,154,-32.3182
48,0,184,-32.3913
46,0,175,-32.8857
37,0,146,-32.4178
50,0,100,-32.62
66,0,166,-32.2349
53,0,150,-32.2933
42,0,149,-32.2013
50,0,153,-32.3987
34,0,162,-32.6235
53,0,157,-32.2357
67,0,171,-32.2339
55,0,154,-32.5584
64,0,179,-32.2346
54,0,166,-32.3313
21,0,151,-32.9139
60,0,144,-32.0972
34,0,166,-32.5783
34,0,144,-32.6667
50,0,180,-32.6611
51,0,152,-32.5789
35,0,166,-32.1506
54,0,150,-32.3067
48,0,147,-32.5442
24,0,145,-32.4
64,0,161,-32.1739
54,0,153,-32.3072
50,0,130,-32.2538
68,0,168,-32.131
50,0,156,-32.1538
26,0,170,-32.6471
25,0,169,-32.9349
73,0,178,-32.0506
49,0,133,-32.4135
58,0,173,-32.5549
54,0,186,-32.1398
45,0,165,-32.3333
55,0,166,-32.4639
59,0,178,-32.4719
58,0,183,-32.5628
61,0,172,-32.2442
42,0,148,-32.3986
42,0,155,-32.2452
29,0,159,-32.761
85,0,186,-32.3441
29,0,139,-32.4029
33,3,157,-32.2166
39,0,148,-32.5811
35,0,153,-32.8366
39,0,159,-32.3082
45,10,153,-32.3922
47,20,257,-32.2335
33,2,166,-32.6928
36,0,151,-32.6954
45,0,143,-32.3636
57,0,168,-32.3631
31,0,162,-32.3951
41,0,159,-32.6918
41,0,202,-32.7624
54,0,153,-32.4379
46,0,155,-32.8
23,0,151,-32.6954
24,0,180,-32.6278
34,2,171,-32.0117
33,0,166,-32.3916
28,0,139,-32.5252
51,0,146,-32.6438
47,0,166,-32.6386
42,0,126,-32.5952
35,0,171,-32.6491
49,0,133,-32.4286
67,0,156,-31.6795
61,0,162,-32.0679
57,0,186,-32.4892
55,0,168,-32.2798
52,0,126,-32.0952
57,0,153,-32.6078
22,0,213,-32.385
53,0,175,-32.0229
47,0,164,-32.1524
28,0,166,-32.6265
34,0,140,-32.5357
42,2,194,-32.0309
20,1,147,-32.1293
60,0,200,-32.265
29,0,154,-32.3052
35,0,174,-32.8391
31,1,168,-32.6429
50,0,160,-32.7563
51,0,83,-31.5542
21,2,142,-32.5423
52,0,168,-32.244
39,0,168,-32.5119
62,0,177,-32.3729
50,0,198,-32.5152
29,0,173,-32.4566
59,0,170,-32.6294
70,0,185,-32.1459
60,0,177,-32.3277
38,0,148,-32.2095
34,0,161,-32.441
26,2,176,-32.625
25,0,147,-32.2585
22,0,79,-31.7595
52,0,179,-32.324
40,2,175,-32.6171
37,2,251,-32.5259
37,0,165,-32.3939
34,0,143,-32.6573
32,0,171,-32.7836
83,0,172,-32.1686
77,0,155,-32.0194
56,0,152,-32.3618
47,0,160,-32.9562
26,2,166,-32.7169
66,0,210,-32.3238
35,0,156,-32.1987
64,0,177,-32.565
49,0,170,-32.4647
28,0,181,-32.6409
24,1,178,-32.5112
61,0,161,-32.3727
46,0,161,-32.4472
36,0,158,-32.4304
23,0,214,-32.6869
67,0,171,-32.2982
41,0,171,-32.386
49,0,159,-32.1761
76,0,173,-32.0405
31,0,139,-32.5612
34,0,184,-32.5
22,0,172,-32.8372
37,0,192,-32.5365
51,0,182,-32.1868
37,0,153,-32.7778
32,0,185,-32.4054
23,0,184,-32.712
28,0,172,-32.2733
73,0,184,-32.5
42,0,142,-32.3451
57,0,402,-32.6418
68,0,181,-32.1934
28,0,309,-32.4854
81,0,155,-32.0194
54,0,164,-32.3537
70,0,186,-32.4032
63,0,205,-32.5073
49,0,174,-32.7011
43,0,186,-32.672
46,0,168,-32.0833
44,0,178,-32.309
28,0,167,-32.509
36,0,184,-32.3696
41,0,150,-32.6267
63,0,174,-32.2184
64,0,153,-32.183
69,0,181,-31.9448
55,0,181,-32.7293
33,0,168,-32.4167
45,0,159,-32.1132
60,0,179,-32.0447
47,0,161,-32.4099
53,0,176,-32.0795
37,0,167,-32.4551
63,0,177,-32.0113
37,0,159,-32.6541
41,0,181,-32.6298
54,0,165,-32.5758
54,0,165,-31.9091
65,0,153,-32.0131
51,0,298,-32.5705
60,0,156,-32.4808
46,0,183,-32.6339
25,0,149,-32.604
42,0,133,-32.3383
79,0,188,-32.2819
30,0,161,-32.5155
61,0,326,-32.0583
65,0,179,-31.9832
46,0,151,-32.702
39,0,86,-31.9884
38,0,140,-32.4214
51,0,163,-32.3436
80,0,198,-32.3232
67,0,127,-31.7008
24,0,167,-32.6707
40,4,161,-32.4348
41,2,129,-32.3333
77,0,163,-32.4785
59,0,183,-32.7486
37,5,166,-32.7952
75,0,151,-32.2781
57,0,171,-32.2865
38,0,150,-32.6467
40,0,168,-32.1607
62,0,181,-32.2541
56,0,152,-32.4342
62,0,152,-32.1382
40,0,189,-32.5714
53,0,178,-32.2416
28,0,137,-32.0803
35,0,150,-32.4133
22,0,141,-32.7305
20,1,142,-32.4014
34,0,125,-32.456
25,3,162,-32.1667
67,0,176,-32.4659
42,0,147,-32.4014
37,0,159,-32.1384
51,0,179,-32.648
45,0,183,-32.3388
32,0,143,-32.6434
69,0,184,-32.288
65,0,190,-32.6737
38,0,105,-32.2571
64,0,177,-32.0395
60,0,173,-32.5723
73,0,176,-32.2557
46,0,166,-32.8373
60,0,157,-32.0446
50,0,151,-31.9205
53,0,164,-31.75
29,0,172,-32.9128
35,0,138,-31.7319
50,0,164,-32.3476
51,0,173,-32.4913
37,0,196,-32.5867
49,0,188,-32.4681
68,0,215,-32.5581
63,0,171,-32.3158
74,0,190,-32.0526
49,0,184,-32.0435
81,0,152,-32.0724
59,0,173,-32.2717
79,0,148,-31.6554
79,0,172,-32.2558
71,0,171,-31.924
66,0,169,-32.1893
63,0,138,-32.3768
79,0,172,-32.0523
38,0,180,-32.8
72,0,173,-32.185
34,0,168,-32.2381
58,0,163,-32.3804
33,9,157,-32.6306
46,0,154,-32.4481
56,0,169,-32.4556
69,0,146,-32.0411
72,0,181,-32.0663
31,0,150,-31.9867
38,0,143,-32.4545
48,0,176,-32.2159
49,0,146,-32.1575
81,0,167,-32.0898
46,0,155,-32.3677
27,0,163,-32.6626
31,0,169,-32.6509
73,0,159,-32.3899
51,0,145,-32.3724
74,0,191,-32.4346
39,0,136,-32.6691
42,0,150,-32.7
41,0,169,-32.0888
39,0,155,-32.5419
52,0,164,-32.4085
44,0,153,-32.8039
82,0,183,-32.2295
40,0,149,-32.0201
57,0,170,-32.4294
25,0,147,-32.2313
45,0,159,-32.1761
34,7,170,-32.4588
38,6,160,-32.5812
39,0,152,-32.2829
38,0,158,-32.3861
34,0,635,-32.5937
38,0,185,-32.4054
22,5,151,-32.4503
30,4,156,-32.7436
50,0,154,-31.8961
63,0,180,-32.5556
27,0,165,-32.5212
62,0,169,-32.4793
50,0,179,-32.352
38,11,163,-32.4663
57,0,176,-32.3523
54,0,157,-32.3057
57,2,156,-32.1923
31,0,152,-32.6447
53,0,146,-32.8082
56,0,167,-32.7904
68,0,180,-32.4556
54,0,170,-32.4824
70,0,163,-31.9264
77,0,176,-32.0795
47,0,181,-32.1934
51,0,152,-32.0789
63,0,173,-31.7283
69,0,159,-32.2704
58,0,164,-32.4756
64,0,155,-31.9097
43,0,150,-32.82
69,0,176,-32.1534
33,5,135,-32.8222
32,0,151,-32.6424
46,0,164,-32.8171
64,0,168,-32.375
79,0,175,-32.1314
57,0,170,-32.5941
57,0,177,-32.5537
63,0,175,-31.9886
33,0,196,-32.8163
52,0,158,-32.2405
53,0,182,-32.4725
61,0,184,-32.375
25,0,154,-32.8182
72,0,173,-32.3295
45,0,150,-31.9133
48,0,184,-32.3641
53,0,188,-32.4894
53,0,178,-32.5
69,0,188,-31.9734
64,0,158,-32.2722
43,0,161,-32.4037
41,0,168,-32.3214
24,0,160,-32.725
64,0,182,-32.3297
36,0,181,-32.337
33,0,157,-32.9682
44,0,181,-32.2707
32,0,237,-32.4684
37,0,169,-32.5858
50,0,168,-32.5893
57,0,182,-32.3407
63,0,179,-31.9944
66,0,175,-32.4
35,0,96,-32.7917
64,0,189,-32.2116
78,0,169,-32.1716
54,0,174,-32.0287
43,0,181,-32.3425
47,0,164,-32.0549
44,0,138,-32.2536
55,0,209,-32.0861
68,0,194,-32.4485
48,0,342,-32.0731
68,0,165,-32.0545
59,0,153,-32.183
44,0,195,-32.041
38,0,201,-32.4876
79,0,185,-32.1838
53,0,193,-32.2176
61,0,161,-32.323
58,0,189,-32.3386
47,0,167,-32.497
40,0,133,-32.188
43,0,162,-32.3889
44,0,160,-32.5688
46,0,159,-32.5409
43,0,171,-32.4444
33,0,201,-32.4428
38,0,163,-32.2515
49,0,154,-32.2597
58,0,175,-32.2057
34,0,165,-32.3758
68,0,181,-31.9503
25,0,138,-32.8261
78,0,171,-32.117
59,0,198,-31.9141
59,0,187,-32.1658
47,0,163,-32.1166
36,0,182,-32.6099
57,0,185,-32.5081
51,0,165,-31.9636
53,0,182,-32.0934
23,0,145,-32.6414
28,0,121,-32.6198
53,0,157,-32.242
32,0,145,-32.5103
57,0,170,-32.2118
65,0,183,-31.918
43,0,175,-32.3657
34,0,177,-32.7175
65,0,172,-32.2791
36,0,161,-32.118
31,0,168,-32.7381
37,0,176,-32.8523
62,0,175,-32.0857
44,0,174,-32.6149
38,0,182,-32.3132
52,0,157,-32.3694
37,0,158,-32.6456
42,0,171,-32.1404
20,0,152,-32.8618
44,0,154,-32.5195
42,0,175,-32.1886
33,0,128,-32.2344
44,0,145,-32.4897
55,0,187,-32.5401
54,0,179,-32.1453
52,0,184,-32.2391
78,0,177,-32.2938
38,0,160,-32.375
41,0,170,-32.7588
48,0,166,-32.259
58,0,170,-31.8235
31,0,144,-32.7986
66,0,200,-31.895
51,0,193,-32.5699
40,0,174,-32.4828
42,0,167,-32.2335
35,0,124,-32.621
30,0,145,-32.5586
57,0,167,-32.1138
58,0,186,-32.371
32,0,158,-32.7215
40,0,173,-32.4682
49,0,182,-32.467
55,0,191,-32.1728
72,0,198,-32.3434
67,0,158,-32.038
38,0,243,-32.642
62,0,193,-32.1606
42,0,150,-32.5667
43,0,166,-32.4217
46,0,166,-32.1145
50,0,168,-32.1488
38,0,143,-32.7343
48,0,188,-32.5106
60,0,154,-32.5649
52,0,168,-32.5595
60,0,170,-32.2529
24,0,164,-32.5
35,0,189,-32.5185
61,0,175,-32.1829
49,0,190,-32.1474
42,0,163,-32.8037
55,0,182,-32.467
37,0,170,-32.4412
25,0,172,-32.407
55,0,178,-32.118
53,0,181,-32.3094
59,0,182,-32.5495
47,0,178,-32.3764
52,0,175,-32.4343
32,0,173,-32.5491
64,0,192,-32.3802
61,0,355,-32.3549
56,0,177,-32.2881
44,0,173,-32.5202
31,0,169,-32.6272
63,0,166,-32.0602
50,0,164,-32.5549
48,0,149,-32.3221
46,0,231,-32.4156
37,0,131,-32.4656
34,0,165,-32.3394
36,0,176,-32.5795
30,0,259,-32.417
23,0,158,-32.5253
44,0,169,-32.1538
28,0,168,-32.7143
38,0,157,-32.8981
44,0,169,-32.503
45,0,88,-32.3864
23,0,183,-32.776
58,0,188,-32.0319
43,0,191,-32.3508
44,0,177,-32.6102
35,0,177,-32.5537
57,0,236,-32.6568
65,0,171,-32.4912
74,0,190,-31.9421
51,0,180,-32.3611
51,0,165,-32.4242
52,0,167,-32.2874
41,0,171,-32.2749
49,0,160,-32.25
60,0,174,-32.2299
39,0,170,-32.3706
40,0,167,-31.9281
40,0,182,-32.3516
59,0,181,-32.2707
45,0,148,-32.4932
38,0,189,-32.3757
61,0,187,-32.2513
62,0,184,-32.3315
28,0,152,-32.6908
58,0,177,-32.3051
25,0,133,-32.7519
69,0,153,-32.4183
29,4,104,-32.3365
36,0,154,-32.6104
36,0,167,-32.1976
51,0,180,-32.3167
60,0,176,-32.375
36,0,151,-32.2318
38,0,151,-32.6026
28,0,181,-32.6409
27,0,159,-32.5346
44,0,181,-32.3702
36,0,143,-32.2098
44,0,176,-32.5511
22,0,176,-32.3295
51,0,176,-32.3523
31,0,169,-32.6805
41,0,169,-32.4201
39,0,145,-32.4552
36,0,154,-32.4026
45,0,166,-32.7771
32,0,164,-32.4695
20,0,157,-32.949
38,2,178,-32.3202
55,3,129,-32.4496
43,0,182,-32.5714
25,0,148,-32.4054
25,0,190,-32.3316
35,0,132,-32.2197
31,0,160,-32.325
23,0,176,-32.6818
26,2,173,-32.3006
32,0,158,-32.5696
21,0,146,-32.8699
36,0,171,-32.4795
21,0,185,-32.8054
40,0,348,-32.5287
60,0,181,-32.2983
46,0,171,-32.2047
40,0,335,-32.5015
55,0,185,-32.6486
47,0,153,-32.8366
22,0,182,-32.522
20,0,139,-32.8345
40,0,136,-32.7279
31,0,153,-32.5817
45,0,160,-32.5187
25,0,161,-32.1925
23,0,170,-32.8765
28,0,242,-32.7645
26,0,156,-32.2308
41,0,161,-32.3602
27,0,146,-32.5479
40,0,161,-32.5963
24,4,193,-32.5959
30,0,151,-32.8609
44,0,169,-32.6272
28,0,153,-32.8954
20,0,157,-32.4331
35,0,139,-32.8921
20,0,153,-32.5817
41,0,200,-32.83
45,0,150,-32.1733
31,0,139,-32.4892
20,0,189,-32.3968
24,0,175,-32.5714
43,0,134,-32.209
31,0,198,-32.5202
41,0,165,-32.7697
36,0,139,-32.705
57,0,260,-32.6615
39,5,141,-32.4894
35,9,171,-32.462
53,0,112,-32.5
32,0,162,-32.5926
54,0,181,-32.4751
30,0,150,-32.2533
37,2,172,-32.4942
33,0,167,-32.4132
24,0,158,-32.6013
45,0,196,-32.648
22,0,159,-32.5849
38,0,148,-32.6284
25,0,194,-32.6392
31,0,161,-32.5342
25,0,177,-32.661
36,0,154,-32.5779
23,0,163,-32.7117
32,0,165,-32.7394
21,0,153,-32.8497
23,0,157,-32.7707
23,3,172,-32.8837
58,0,182,-32.1813
39,0,171,-32.5906
40,0,195,-32.6103
23,0,160,-32.6313
27,2,150,-32.6933
55,0,158,-32.3418
36,0,156,-32.75
24,0,194,-32.8402
25,0,160,-32.45
34,0,163,-32.681
46,0,154,-32.5844
38,11,142,-32.4648
32,0,161,-32.4224
44,0,180,-32.2611
44,0,173,-31.9075
40,0,182,-32.6484
34,0,155,-32.6516
36,0,162,-32.5247
32,0,153,-32.7974
31,0,159,-32.7673
31,0,179,-32.6592
39,0,171,-32.1696
20,0,166,-32.753
35,0,163,-32.6196
44,0,181,-32.4254
22,0,155,-32.6516
40,0,181,-32.7514
42,0,166,-32.4036
41,0,170,-32.1529
61,0,202,-32.198
55,0,162,-32.6481
32,0,167,-32.5928
46,6,156,-32.7244
38,0,189,-32.455
54,0,162,-32.7407
59,0,165,-32.6182
81,0,187,-32.1979
55,0,172,-32.1047
57,0,166,-32.2771
44,0,154,-32.4286
63,0,158,-32.3418
53,0,141,-32.3688
67,0,162,-31.7099
69,0,184,-32.125
56,0,177,-32.3955
71,0,324,-32.3302
49,0,187,-32.6898
22,0,133,-32.6917
25,0,174,-32.5977
24,0,140,-32.9214
27,0,315,-32.8254
67,0,158,-32.4241
34,2,163,-32.9632
50,0,180,-32.6167
61,0,177,-32.1638
45,0,175,-32.4343
34,0,172,-32.6047
43,0,185,-32.5622
22,1,146,-32.7329
27,0,180,-32.8833
25,2,157,-32.7261
51,0,185,-32.2973
46,0,164,-32.6341
52,0,183,-32.4153
40,2,179,-32.6145
27,0,187,-32.7487
44,0,226,-32.5044
42,1,150,-32.7933
46,0,182,-32.5495
32,0,188,-32.8989
43,0,185,-32.6757
43,0,166,-32.3554
32,0,178,-32.7135
32,0,156,-32.7372
25,1,179,-32.7598
32,0,187,-32.7594
38,0,169,-32.5917
28,1,178,-32.5112
26,0,212,-32.4104
23,0,167,-32.7784
52,0,172,-32.4651
41,0,184,-32.5109
59,0,169,-32
33,0,158,-32.9873
49,0,157,-32.3121
39,0,184,-32.4076
30,0,137,-32.781
48,0,174,-32.2241
37,0,188,-32.6702
44,0,173,-32.7977
49,0,184,-32.3859
61,0,193,-32.5596
35,1,172,-32.9128
23,0,192,-32.6823
47,0,196,-32.6939
38,0,204,-32.5049
34,0,227,-32.9912
34,0,173,-32.5491
26,0,173,-32.6705
27,0,177,-32.8701
32,0,158,-32.7911
51,0,183,-32.4262
44,0,185,-32.3135
52,0,195,-32.6
37,0,207,-32.8792
22,2,137,-32.9635
43,0,195,-32.6513
58,0,160,-32.6938
73,4,187,-32.3583
53,0,191,-32.178
35,0,189,-32.5556
66,0,169,-32.497
35,4,180,-32.9278
39,0,193,-32.7202
45,0,175,-32.4457
39,0,173,-32.7803
48,0,216,-32.5093
37,0,154,-32.7338
34,0,175,-32.7543
41,0,192,-32.7396
30,0,153,-32.5948
49,0,174,-32.7414
58,0,181,-32.2873
60,0,173,-32.5087
61,0,193,-32.0259
30,1,185,-32.7297
53,0,157,-32.3439
31,1,245,-32.6082
41,0,164,-32.2378
48,0,168,-32.3095
37,0,172,-32.8953
47,0,167,-32.5629
31,0,190,-32.6105
37,0,168,-32.9524
27,0,176,-32.8239
61,0,187,-32.1016
41,0,182,-32.6978
25,0,166,-32.759
42,0,147,-32.1565
34,0,186,-32.672
49,0,174,-32.7011
55,0,195,-32.5282
67,0,161,-31.9441
50,0,181,-32.9834
38,0,140,-32.6
50,0,171,-32.3333
32,2,195,-32.5949
31,0,148,-32.9595
38,0,189,-32.4603
39,0,172,-32.1919
56,0,174,-32.4425
52,0,178,-32.7191
36,0,159,-32.7044
36,0,156,-32.8782
57,0,187,-32.4278
26,0,174,-32.8218
40,0,178,-32.0955
33,0,188,-32.7181
36,0,178,-31.9045
29,0,173,-32.7746
29,0,177,-32.7966
47,0,198,-32.7374
26,0,165,-32.5152
49,0,122,-32.4344
53,0,193,-32.4819
48,0,198,-32.4798
33,0,130,-32.4923
50,0,182,-32.4066
56,0,200,-32.305
47,0,195,-32.2462
41,0,181,-32.6575
51,0,171,-32.4854
55,0,165,-32.3697
36,0,149,-32.6242
46,0,187,-32.5134
33,3,190,-32.9211
55,0,198,-32.6566
38,0,171,-32.5556
26,0,163,-32.8773
71,0,180,-32.7778
61,0,198,-32.4697
24,0,165,-32.9879
44,0,192,-32.2656
47,0,381,-32.3097
29,1,191,-32.801
25,0,203,-32.6059
39,0,202,-32.6337
28,0,157,-32.3057
38,0,174,-32.092
60,0,184,-31.9293
36,0,175,-32.5029
31,0,162,-32.642
70,0,203,-32.1478
40,0,162,-32.7346
53,0,212,-32.0566
46,0,182,-32.4011
28,0,179,-32.6648
48,0,186,-32.6505
39,0,156,-32.4615
76,0,168,-31.9107
29,0,174,-32.7356
43,0,190,-32.4842
48,0,232,-32.6207
50,0,166,-32.512
52,0,187,-32.7594
52,0,189,-32.6614
53,0,185,-32.3189
49,2,186,-32.4677
36,0,186,-32.5591
61,0,218,-32.4174
65,0,165,-32.5758
38,0,199,-32.6633
43,0,196,-32.5357
45,0,184,-32.6902
28,0,170,-32.6471
22,0,168,-32.5476
36,0,349,-32.7507
49,0,117,-32.1795
24,0,169,-32.6982
29,0,139,-32.2878
35,0,199,-32.794
41,0,136,-32.7353
40,0,175,-32.5486
28,0,168,-32.2798
47,0,197,-32.7411
39,0,159,-32.6226
45,0,169,-32.7041
37,0,152,-32.1842
39,0,208,-32.5817
31,0,171,-32.8947
23,0,220,-32.6
36,0,181,-32.7845
21,1,168,-32.6845
23,0,175,-32.8629
45,0,194,-32.1546
32,2,154,-32.8571
25,0,160,-32.6625
56,0,195,-32.7026
55,0,179,-32.5419
47,0,157,-32.6306
55,2,172,-32.2733
38,1,128,-32.3594
35,0,153,-32.7647
67,0,185,-32.1243
69,0,199,-32.2814
55,0,177,-32.4181
68,0,171,-32.5789
56,2,201,-32.4179
75,0,182,-32.3187
28,0,182,-32.6703
20,0,181,-32.8729
31,0,178,-32.7247
36,0,170,-32.8176
58,0,190,-32.4684
30,0,160,-32.825
44,0,186,-32.7957
32,0,180,-32.4667
23,1,142,-32.6831
32,2,154,-32.6299
59,0,182,-32.4505
64,0,167,-32.6108
52,0,179,-32.4581
23,0,192,-32.5938
35,0,170,-32.5471
41,0,179,-32.3128
37,0,172,-32.686
23,0,183,-32.4973
36,4,184,-32.4511
34,1,189,-32.5026
38,0,183,-32.2842
41,0,174,-32.2126
29,0,176,-32.625
43,0,163,-32.865
27,2,174,-32.7759
36,0,173,-32.4682
29,0,197,-32.4924
27,0,167,-32.5449
39,0,183,-32.5628
26,2,188,-32.5745
22,0,180,-32.8222
33,0,191,-32.4555
43,0,195,-32.6205
55,0,167,-32.509
40,0,225,-32.48
35,2,154,-32.6299
32,0,198,-32.7424
27,0,177,-32.5311
58,0,158,-32.481
46,0,171,-32.0643
27,2,163,-32.8773
30,0,188,-32.6223
26,0,179,-32.7765
54,0,185,-32.4649
57,0,177,-31.9831
37,0,197,-32.6041
25,0,154,-32.6039
24,1,149,-32.5839
23,0,165,-32.5879
21,0,160,-32.2375
43,0,160,-32.2375
34,0,168,-32.4226
28,0,142,-32.5704
47,0,147,-32.6395
41,0,188,-32.6862
33,0,169,-32.8462
62,0,177,-32.435
34,0,177,-32.4802
38,0,189,-32.6984
39,0,173,-32.3468
32,0,153,-32.4314
29,3,172,-32.936
28,3,189,-32.746
24,3,157,-32.6752
24,0,156,-32.5128
37,0,184,-32.3967
50,0,171,-32.4152
30,0,202,-32.8663
42,0,186,-32.4731
49,0,178,-32.4719
34,0,175,-32.5029
36,4,146,-32.2123
27,0,199,-32.2864
32,1,154,-32.5325
55,0,187,-32.2406
31,0,98,-32.398
43,0,185,-32.4
26,0,169,-32.8343
47,0,184,-32.1957
37,0,179,-32.5475
45,0,193,-32.6114
35,1,189,-32.545
73,3,189,-32.3069
31,2,187,-32.5668
33,0,177,-32.6384
37,0,174,-32.6609
50,0,179,-32.8101
38,0,167,-32.1916
33,0,168,-32.5655
47,0,175,-32.3143
59,0,192,-31.9688
30,0,166,-32.6386
42,0,162,-32.6975
44,0,176,-32.1023
54,0,192,-32.3073
33,1,170,-32.3412
53,0,184,-32.1576
46,8,194,-32.3093
34,0,167,-32.8922
59,0,165,-32.6424
37,0,181,-32.663
33,1,165,-32.7515
39,0,169,-32.4083
52,0,199,-32.6231
66,2,157,-32.3312
35,2,190,-32.6579
24,0,191,-32.8691
42,4,175,-32.3657
42,0,174,-32.4023
28,0,195,-32.7282
38,0,167,-32.5988
49,0,192,-32.4896
41,0,184,-32.2228
42,0,177,-32.0678
53,0,188,-32.383
51,0,172,-32.6221
42,0,205,-32.761
49,0,194,-32.6186
27,0,187,-32.7701
37,0,175,-32.8971
33,0,194,-32.8505
25,0,152,-32.7895
38,0,175,-32.72
50,0,195,-32.6872
35,0,177,-32.661
43,0,223,-32.7265
44,0,163,-32.6012
34,1,168,-32.869
26,0,165,-32.3394
54,0,186,-32.4301
25,0,153,-32.6078
41,0,167,-32.5329
30,0,151,-32.3245
51,0,171,-32.4035
39,0,153,-32.1699
23,0,207,-32.5556
37,0,166,-32.753
39,0,191,-32.5916
35,0,188,-32.5691
44,0,191,-32.178
39,0,185,-32.1622
26,0,132,-32.6061
32,0,171,-32.5029
25,0,176,-32.8068
46,9,193,-32.544
49,12,152,-32.5066
22,1,188,-32.7872
20,0,169,-32.7101
47,0,164,-32.628
62,0,180,-32.7056
37,0,201,-32.4925
55,0,181,-32.4033
55,0,163,-31.6442
42,0,181,-32.2652
35,2,178,-32.5056
31,0,176,-32.9773
28,0,152,-32.9342
25,0,186,-32.7473
43,0,166,-32.4819
41,0,197,-32.4975
24,0,151,-32.702
41,0,181,-32.3204
28,0,168,-32.8452
23,0,135,-32.8519
54,0,244,-32.5533
41,0,188,-32.1489
29,0,185,-32.7568
27,0,163,-32.681
70,0,188,-32.3457
38,0,182,-32.5275
52,0,202,-32.4257
28,0,168,-32.4702
37,0,169,-32.716
48,0,186,-32.7688
60,0,191,-32.5969
50,0,193,-32.5337
39,0,165,-32.4727
45,0,171,-32.6667
49,0,149,-32.5034
34,8,247,-32.6802
23,0,181,-32.4475
47,0,196,-32.7092
50,0,182,-32.1099
32,0,164,-32.7744
53,0,142,-32.2394
43,0,159,-32.6289
38,0,188,-32.5319
55,0,161,-32.4348
67,0,199,-32.6985
25,0,170,-32.8765
49,0,195,-32.6462
35,9,149,-32.8322
26,5,159,-32.6792
73,0,183,-32.459
62,0,175,-32.7257
45,0,172,-32.0756
26,0,164,-32.6402
20,0,172,-32.8663
38,0,172,-32.1047
35,0,170,-32.5
35,0,221,-32.6742
45,0,199,-32.4121
21,0,154,-32.6104
47,0,197,-32.4873
25,0,171,-32.6374
59,0,197,-32.2589
29,0,187,-32.6096
36,0,251,-32.3825
39,0,152,-32.7697
61,0,179,-32.3352
34,0,178,-32.8427
38,4,140,-32.2929
46,5,195,-32.5026
53,0,211,-32.4455
34,0,141,-32.8227
25,0,188,-32.383
27,0,172,-32.6395
26,0,148,-32.5405
38,0,186,-32.7796
26,0,161,-32.528
47,0,177,-32.1412
30,0,167,-32.4012
26,0,149,-32.6846
60,0,190,-32.0421
24,0,168,-32.6369
56,0,189,-32.2698
59,0,162,-32.1173
47,0,343,-32.5627
22,0,135,-32.3852
53,0,175,-32.2686
41,0,177,-32.3729
48,0,151,-32
29,0,164,-32.4756
34,0,141,-32.2837
51,0,314,-32.6242
43,0,196,-32.0867
41,0,173,-32.3642
55,0,167,-32.1078
45,0,187,-32.7647
45,2,169,-32.3609
50,0,166,-32.6687
52,0,192,-32.4896
44,0,166,-32.2048
64,0,169,-32.0414
58,0,179,-32.4134
64,0,161,-32.3975
49,0,93,-32.5269
52,0,173,-32.3584
33,0,169,-32.432
49,0,126,-32.4841
55,0,161,-32.5093
24,0,154,-32.039
57,0,171,-32.0409
34,0,146,-32.3356
45,0,185,-32.4703
23,0,142,-32.9085
26,0,168,-32.0119
23,0,90,-32.2222
24,0,186,-32.629
23,1,161,-32.6273
39,2,194,-32.6392
28,1,173,-32.4624
25,0,171,-32.6316
24,0,140,-32.7429
37,0,174,-32.4138
45,0,171,-32.6023
33,0,137,-32.2044
23,0,159,-32.0314
25,0,165,-32.2909
55,0,344,-32.6977
23,0,126,-32.9286
23,0,185,-32.4541
34,0,170,-32.3765
39,0,170,-32.7588
38,0,162,-32.8395
20,1,150,-33
47,2,159,-32.2201
49,0,167,-31.4731
35,8,148,-32.6757
33,0,148,-32.25
21,0,124,-32.7742
47,0,170,-32.2824
59,0,159,-32.3145
53,0,163,-32.589
36,0,175,-32.8229
33,0,176,-32.733
38,0,153,-32.6732
44,0,153,-32.4379
34,0,156,-32.5705
50,0,170,-32.4235
38,0,176,-32.5966
39,1,183,-32.5574
23,0,165,-32.7818
22,0,134,-32.6791
23,0,162,-32.4136
41,0,153,-32.3268
20,0,168,-32.8095
25,0,179,-32.4749
24,0,144,-32.8194
23,2,146,-32.4726
32,0,403,-32.34
45,0,178,-32.7809
50,0,168,-32.1726
51,0,167,-32.2754
36,0,310,-32.6419
41,0,172,-32.2384
66,0,195,-32.3385
28,0,133,-32.3759
50,0,155,-32.2452
52,0,157,-32.4841
31,0,119,-32.7143
25,1,178,-32.6798
25,0,185,-32.4865
42,0,155,-32.4581
36,0,164,-32.5183
29,0,183,-32.4645
40,0,154,-32.7338
60,0,161,-32.1118
49,0,190,-32.5211
41,0,163,-32.0982
50,0,148,-32.4459
29,0,168,-32.506
46,0,148,-32.4324
27,3,157,-32.6369
27,0,85,-32.4353
36,2,151,-32.7351
31,6,167,-32.6707
33,0,147,-32.4694
37,0,156,-32.8333
46,0,153,-32.3791
24,2,174,-32.9368
40,0,142,-32.5915
54,0,171,-32.6082
63,0,177,-32.339
59,0,160,-31.8938
48,0,158,-32.3608
46,0,154,-32.3442
59,0,169,-32.1716
41,0,165,-32.697
20,0,147,-32.551
26,0,148,-32.6284
42,0,136,-32.3456
44,0,173,-32.0983
61,0,178,-32.2921
42,0,191,-32.089
25,5,157,-32.3185
45,2,169,-32.1953
39,0,151,-32.2185
30,0,173,-32.5665
55,0,163,-32.8221
33,0,159,-32.1509
38,0,146,-32.5
31,0,245,-32.4776
41,0,131,-32.374
22,0,143,-32.8811
49,0,151,-32.1987
40,0,137,-32.6569
43,0,176,-32.2102
29,0,167,-32.4731
23,0,172,-32.7151
51,0,170,-32.4706
25,0,143,-32.6713
37,0,144,-32.7639
28,0,172,-32.7733
31,0,150,-32.3533
34,0,219,-32.7397
36,3,163,-32.6012
49,0,160,-32.3625
21,0,157,-32.8408
35,2,149,-32.4161
30,0,158,-32.6329
48,0,176,-32.125
30,4,177,-32.209
46,0,167,-32.5569
33,0,160,-32.675
41,0,142,-32.5493
25,2,158,-32.8797
55,0,173,-32.0405
33,0,160,-32.925
21,3,156,-32.3718
24,0,144,-32.7708
32,0,89,-32.3596
35,0,174,-31.7931
42,0,157,-32.1146
34,0,152,-32.8618
37,0,159,-32.4654
30,0,171,-32.5965
25,0,202,-32.6238
40,0,173,-32.5202
31,0,171,-32.345
36,0,132,-32.6288
49,7,195,-32.2821
30,1,157,-32.5732
32,0,175,-32.3829
44,0,175,-32.4971
23,0,177,-32.5537
44,0,162,-32.1481
36,0,145,-31.9172
56,0,178,-32.5337
27,0,182,-32.6209
37,0,155,-32.5548
27,0,147,-32.8639
32,0,193,-32.6943
50,0,188,-32.6755
42,0,184,-32.5652
62,0,170,-32.2353
34,0,165,-32.097
23,0,160,-32.6938
43,0,168,-32.375
28,0,170,-32.4353
36,0,262,-32.8321
26,1,223,-32.3408
43,6,194,-32.0309
38,0,185,-32.4649
29,2,171,-32.1696
53,0,168,-32.0774
50,0,164,-32.3415
66,0,186,-32.3495
50,0,180,-32.45
57,0,185,-31.9622
31,0,207,-32.4831
59,0,179,-32.6201
24,0,146,-32.8699
25,1,172,-32.7907
50,0,179,-32.4022
48,0,173,-32.3757
51,18,168,-32.4107
24,2,429,-32.2564
35,0,159,-32.6604
23,0,171,-32.345
29,0,159,-32.2327
49,3,168,-32.1429
47,3,157,-32.586
56,0,188,-32.484
43,0,149,-32.6913
50,0,185,-32.4757
35,0,179,-32.257
29,0,229,-32.6987
35,0,132,-32.1288
38,0,194,-32.7062
26,0,161,-32.6273
40,0,156,-32.7885
21,0,99,-32.9192
48,0,174,-32.3276
26,0,148,-32.7162
22,0,125,-32.76
31,0,163,-32.6074
34,0,281,-32.8683
33,5,168,-32.8333
21,0,150,-32.9467
31,1,144,-32.6875
50,0,180,-32.7111
30,0,164,-32.3659
21,0,322,-32.4224
25,2,151,-32.6225
27,0,158,-32.7911
53,0,191,-32.3717
23,1,142,-32.8662
24,1,148,-32.6486
55,0,108,-31.8056
47,0,170,-32.3882
34,0,180,-32.7278
21,0,203,-32.8128
42,0,141,-32.617
33,0,152,-32.7632
31,0,180,-31.9889
31,0,173,-32.8497
31,0,174,-32.3793
34,0,169,-32.8166
40,0,168,-32.4643
48,0,158,-32.4367
28,3,184,-32.8152
44,0,167,-32.2515
41,0,153,-32.3987
23,0,164,-32.1829
21,0,179,-32.7765
20,0,174,-32.6954
22,0,137,-32.7153
26,0,143,-32.7413
25,1,198,-32.4444
22,0,177,-32.548
39,2,193,-32.456
27,5,146,-32.5685
42,0,184,-32.4674
41,0,174,-32.523
37,0,159,-32.1132
30,0,167,-32.7545
40,0,180,-32.3056
34,0,140,-32.6357
40,0,149,-32.4832
20,0,86,-32.4186
21,0,182,-32.4451
43,0,176,-32.6307
27,0,145,-32.8483
38,0,153,-32.0523
28,0,167,-32.4192
49,3,149,-32.1275
34,0,165,-32.8061
37,0,140,-32.5786
46,0,161,-32.0621
29,0,160,-32.3375
35,0,161,-32.2422
40,0,190,-32.2789
24,0,164,-32.7195
50,0,169,-32.0118
42,0,137,-32.073
56,0,168,-31.75
48,0,144,-32.2986
36,0,176,-32.4148
27,0,174,-32.3678
50,0,153,-32.5686
50,0,172,-32.5698
32,0,179,-32.5922
44,0,173,-32.6821
45,0,151,-32.6689
53,0,172,-32.2326
34,0,163,-32.4233
39,0,169,-32.7219
44,0,172,-32.5174
58,0,188,-32.3723
57,0,190,-32.5158
34,0,177,-32.8418
45,0,169,-32.1657
44,0,164,-32.4695
50,0,156,-32.1603
36,0,166,-32.2711
40,0,152,-32.4211
42,0,164,-32.2134
43,0,177,-32.4859
67,0,171,-32.3158
50,0,175,-32.52
29,0,186,-32.8978
20,0,200,-32.73
34,0,162,-32.6111
46,0,186,-32.0376
41,4,185,-32.6108
42,0,169,-32.6331
41,2,192,-32.526
28,0,146,-32.5822
50,0,169,-32.4852
22,0,173,-33
47,0,165,-32.6303
37,0,175,-32.2971
41,0,179,-32.6592
34,0,152,-32.7697
38,0,170,-32.5882
20,0,131,-32.8931
25,0,145,-32.6483
34,0,179,-32.6872
38,0,237,-32.5148
24,0,174,-32.5977
36,2,155,-32.5806
21,1,167,-32.485
21,0,161,-32.4969
27,0,175,-32.8686
29,2,192,-32.4688
32,0,170,-32.4824
40,2,175,-32.7829
20,0,166,-32.8012
20,0,193,-32.7617
21,0,170,-32.2824
47,0,191,-32.4503
35,0,161,-31.8323
30,0,150,-32.2533
28,0,160,-32.5312
34,0,163,-32.6074
51,0,131,-32.5878
25,0,151,-32.6821
41,0,152,-32.6645
57,0,175,-32.3257
24,0,145,-32.5448
43,0,175,-32.4857
48,0,179,-32.3017
30,0,141,-32.5106
46,0,176,-32.7727
51,0,177,-32.7627
48,0,176,-32.1818
40,0,173,-32.3468
50,0,177,-32.4294
34,0,168,-32.3869
45,0,164,-32.3171
32,0,168,-32.2143
32,0,164,-32.7012
20,0,159,-32.5975
42,0,165,-32.3212
34,0,145,-31.6276
45,0,173,-32.7746
25,0,192,-32.6354
24,0,169,-32.4201
45,0,169,-32.6331
59,0,196,-32.3571
42,0,170,-31.9529
69,0,178,-31.9719
64,0,187,-32.1337
30,0,172,-32.5058
20,0,167,-32.5329
31,3,137,-32.3139
23,0,148,-32.7162
27,0,145,-32.469
49,0,180,-32.2167
29,0,149,-32.5973
20,0,181,-32.768
48,0,161,-32.528
41,4,168,-32.1012
42,2,194,-32.4175
37,0,177,-32.4011
45,0,107,-31.8785
56,0,166,-32.5602
41,0,171,-32.3918
39,0,164,-32.5427
21,0,139,-32.9065
53,0,182,-32.5495
21,0,169,-32.5325
22,1,149,-32.3893
40,6,152,-32.8026
41,2,175,-32.4343
40,3,169,-32.2485
39,1,186,-32.4032
41,0,163,-32.1227
40,9,183,-32.612
20,2,196,-32.9439
47,0,148,-32.5473
42,0,172,-32.25
31,0,184,-32.4891
41,0,187,-32.1604
28,0,152,-32.3553
38,0,177,-32.5311
40,0,177,-32.322
50,0,190,-32.0474
37,0,169,-32.4852
43,0,175,-32.5143
23,0,141,-32.8298
29,0,169,-32.6095
37,0,167,-32.5749
53,0,200,-32.175
57,0,181,-32.221
35,2,145,-32.3379
38,0,148,-32.8649
55,0,171,-32.0994
58,0,178,-32.6348
35,0,216,-32.7824
34,0,135,-32.6074
41,0,181,-32.221
37,0,175,-32.3543
38,0,182,-32.6648
45,0,169,-32.2367
40,0,163,-32.4479
48,0,180,-32.8167
41,0,150,-32.24
44,0,182,-32.3462
45,0,157,-31.8535
45,0,179,-32.6089
55,0,193,-32.0518
58,0,196,-32.2755
39,0,149,-32.1007
64,0,178,-32.5112
47,0,170,-32.0353
42,0,158,-32.2468
30,0,182,-32.6044
57,0,154,-32.013
60,0,187,-32.5294
45,0,175,-32.24
38,0,172,-32.564
59,0,170,-32.3118
65,0,183,-32.1421
39,0,165,-32.5152
46,0,158,-32.4494
49,0,181,-32.2541
44,0,184,-31.9674
43,0,157,-32.4268
53,0,176,-32.0682
57,0,166,-32.2831
49,0,160,-32.575
38,0,170,-32.1941
40,0,102,-32.1275
34,0,222,-32.6667
59,0,169,-32.5799
48,0,170,-32.4294
63,0,183,-32.1749
42,0,163,-32.8712
43,0,180,-32.4056
64,0,172,-32.4593
40,2,164,-32.1341
38,0,159,-32.3711
41,0,163,-32.5276
45,0,186,-32.4785
39,0,146,-32.5479
62,17,192,-32.5
61,6,185,-32.0865
20,0,199,-32.9095
46,3,193,-32.7047
51,0,185,-32.1081
44,0,181,-32.7403
64,0,177,-32.6441
36,0,156,-32.3654
49,0,147,-32.5918
29,3,143,-32.8601
34,0,187,-32.7112
26,2,170,-32.7118
54,0,181,-32.3646
44,0,153,-31.9542
49,0,173,-32.0289
46,0,172,-32.5698
41,0,169,-32.432
52,0,172,-32.2558
45,0,162,-32.1728
47,0,182,-32.3407
25,0,143,-32.6434
31,8,175,-32.3829
22,1,150,-32.7467
53,0,180,-32.4722
46,0,171,-32.5439
50,15,168,-32.8393
58,0,174,-32.1839
53,0,178,-32.3708
51,2,148,-32.1486
34,0,144,-32.5
30,0,144,-32.3819
38,0,165,-32.3879
31,6,147,-32.4286
56,0,182,-32.3956
38,0,185,-32.7135
33,0,138,-32.3841
22,0,287,-32.5052
31,0,169,-32.7278
39,0,158,-32.7342
22,0,154,-32.6753
38,2,153,-32.7582
48,6,205,-32.4341
35,0,156,-32.4872
67,0,179,-32.3352
55,2,172,-32.3314
40,7,165,-32.4424
34,1,158,-32.7342
42,0,164,-32.4878
51,5,190,-32.2684
54,11,180,-32.7278
56,12,165,-32.3394
29,5,172,-32.7849
37,2,180,-32.2389
31,0,164,-32.8049
39,0,154,-32.039
35,0,137,-32.4234
26,0,169,-32.1953
53,0,194,-32.232
37,0,161,-32.236
49,0,180,-32.3444
25,0,156,-32.6667
53,0,177,-32.1412
69,0,199,-32.5327
33,0,176,-32.233
40,0,164,-32.4756
32,0,163,-32.4479
49,0,174,-32.4253
43,0,352,-32.625
34,1,177,-32.6497
29,0,153,-32.7386
27,0,154,-32.8377
40,0,176,-32.3125
29,3,94,-32.3298
46,3,169,-32.5266
33,0,179,-32.8101
44,0,172,-32.5291
53,0,179,-32.4302
32,2,143,-32.5524
46,0,176,-32.2614
53,0,163,-32.3558
39,0,186,-32.6398
33,0,169,-32.4911
60,0,176,-32.3807
42,0,170,-32.4941
27,0,142,-32.993
32,0,155,-32.3935
44,0,185,-32.0703
43,0,173,-32.5549
50,4,151,-32.5298
25,0,138,-32.3623
35,0,153,-32.4314
28,2,187,-32.4866
33,0,156,-32.4936
63,0,190,-32.4474
39,0,179,-32.162
49,0,170,-31.9882
32,0,179,-32.5698
59,0,158,-32.2152
47,0,175,-32.4571
40,2,194,-32.8969
41,0,156,-31.9679
40,0,169,-32.3964
44,0,178,-32.7753
29,0,172,-32.4302
38,0,172,-32.4244
50,0,166,-32.4518
48,0,176,-32.4716
55,0,180,-32.5944
47,0,170,-32.7059
54,0,167,-32.5569
53,0,167,-32.6048
52,0,194,-32.7371
20,0,300,-32.7467
35,0,164,-32.7378
34,0,172,-32.5116
45,0,183,-32.1421
74,0,171,-32.1345
57,0,173,-32.5607
73,0,157,-32.4076
96,0,195,-32.3538
61,0,347,-32.3285
25,0,172,-32.5407
39,0,172,-32.843
56,0,171,-32.2982
35,0,149,-32.6577
34,0,189,-32.6508
37,0,196,-32.3367
32,0,149,-32.6242
33,0,145,-32.3793
33,0,165,-32.8909
26,0,176,-32.0341
50,2,184,-32.4239
31,1,169,-32.8935
38,0,153,-32.7582
46,0,168,-32.4226
29,0,164,-32.3537
54,2,179,-32.3966
32,0,158,-32.3165
29,0,165,-32.7212
28,3,122,-32.1311
39,0,311,-32.3955
26,0,180,-32.3333
20,1,186,-32.7634
65,0,200,-32.615
34,2,172,-32.5058
30,0,176,-32.5284
29,0,173,-32.3873
35,0,262,-32.3588
54,0,159,-32.2704
56,0,157,-32.6815
42,1,169,-32.8047
51,0,158,-31.9684
38,1,202,-32.3515
41,0,152,-32.4868
63,0,195,-32.4923
38,2,166,-32.4036
41,2,170,-32.6235
79,0,184,-32.1467
47,0,141,-32.1915
44,0,170,-32.5706
61,0,182,-32.2308
34,0,161,-32.2547
33,2,149,-32.6644
44,0,158,-32.5823
31,0,165,-32.897
33,2,188,-32.6277
37,0,177,-32.5424
28,0,165,-32.5515
21,1,168,-32.9107
34,0,158,-32.4367
40,0,193,-32.5803
28,0,144,-32.5
30,0,193,-32.8135
22,0,205,-32.5707
30,0,177,-32.8192
29,0,172,-32.7035
37,0,171,-32.4035
30,0,182,-32.3956
66,0,196,-32.1582
32,1,171,-32.8246
40,0,154,-32.7532
33,0,165,-32.6788
52,0,185,-32.627
33,1,164,-32.689
28,0,179,-32.5531
33,5,256,-32.8281
28,0,157,-32.6879
42,0,149,-32.557
41,16,207,-32.8213
58,0,163,-32.6196
28,6,131,-32.6947
39,0,193,-32.9223
36,0,151,-32.8742
30,0,168,-31.9643
25,2,171,-32.7485
36,2,172,-32.686
37,2,172,-32.5581
28,0,170,-31.9765
24,0,182,-32.8352
55,0,174,-32.3333
28,0,158,-32.6139
31,0,151,-32.7616
42,2,181,-32.1657
20,0,146,-32.6438
25,0,180,-32.6333
29,0,206,-32.6748
33,0,179,-32.6872
33,0,143,-32.8322
26,5,198,-32.697
55,0,163,-31.5644
21,0,158,-32.9177
57,0,146,-32.3699
29,0,158,-32.8797
37,0,162,-32.7716
32,0,164,-32.7683
23,0,183,-32.4317
36,0,161,-32.5093
37,0,177,-32.6949
41,0,201,-32.791
31,0,174,-32.3506
27,0,148,-32.5811
23,0,156,-32.9744
44,0,147,-32.6463
61,0,148,-32.4122
66,0,194,-32.7371
62,0,166,-32.4217
30,0,201,-32.8458
62,0,174,-32.5977
30,0,177,-32.7062
29,0,163,-32.5951
20,0,157,-32.6688
48,0,161,-32.3913
36,0,177,-32.4802
21,0,159,-32.1069
30,0,192,-32.8281
32,0,182,-32.4505
28,0,166,-32.6205
33,0,161,-32.7143
30,0,151,-32.8609
29,0,155,-32.1484
40,0,171,-32.655
36,7,167,-32.4491
43,0,135,-32.7037
27,0,140,-32.5786
31,0,165,-32.6727
23,0,189,-32.8095
41,0,158,-32.7595
37,0,145,-32.5241
42,0,176,-32.75
32,0,176,-32.6477
50,0,176,-32.5909
47,0,188,-32.75
52,0,155,-32.4065
55,0,169,-32.213
34,0,149,-32.906
53,0,178,-32.6348
48,0,133,-32.2932
22,0,137,-32.9343
54,0,177,-32.3672
31,3,175,-32.7657
33,0,239,-32.5607
42,2,180,-32.6444
33,0,167,-32.7964
32,2,288,-32.3889
30,0,178,-32.309
45,0,171,-32.8538
53,0,162,-32.216
24,0,151,-32.755
25,0,166,-32.9639
51,0,175,-32.0571
47,0,175,-32.0514
43,0,190,-32.4632
48,0,160,-32.6938
30,0,183,-32.765
55,3,227,-32.9736
20,2,128,-32.7734
30,0,186,-32.5323
38,0,170,-32.4
43,0,156,-32.4615
34,0,155,-32.8194
28,0,142,-32.838
28,0,172,-32.4244
51,0,177,-32.1525
36,0,186,-32.6398
23,1,182,-32.9176
40,0,171,-32.3801
50,0,173,-32.7225
34,0,173,-32.3757
43,0,190,-32.6474
44,0,166,-32.6867
45,0,189,-32.6296
38,0,150,-32.4067
54,0,174,-32.2184
42,0,161,-32.6273
51,0,191,-32.5916
32,0,147,-32.7347
29,0,159,-32.8113
44,10,188,-32.4096
39,0,191,-32.4921
41,2,169,-31.9704
33,0,133,-32.5338
49,0,321,-32.7632
23,0,132,-32.5985
47,0,160,-32.5812
29,0,176,-32.483
41,0,162,-32.6975
37,0,162,-32.4753
31,0,200,-32.655
48,0,165,-32.1455
49,0,185,-32.3027
39,0,162,-32.642
46,0,191,-32.2513
41,1,208,-32.4519
25,0,136,-32.6765
30,0,162,-32.5062
36,0,153,-32.2484
35,0,158,-32.3671
31,0,145,-32.6552
38,0,204,-32.6716
20,0,182,-32.5714
49,0,148,-32.4122
28,0,192,-32.4948
26,0,188,-32.4521
30,0,156,-32.9551
29,1,163,-32.6748
22,0,157,-32.3567
25,0,166,-32.5663
37,0,161,-32.6894
26,0,168,-32.3393
67,0,187,-32.3529
40,0,193,-32.6736
22,0,149,-32.906
20,0,153,-32.8497
27,0,176,-32.6023
27,0,187,-32.615
35,0,188,-32.2926
52,0,189,-32.2116
45,0,173,-32.2601
34,0,132,-32.7652
25,0,165,-32.8121
31,0,181,-32.4696
24,0,187,-32.6417
42,0,182,-32.5714
39,0,168,-32.4821
57,0,173,-32.5954
29,0,201,-32.9502
25,0,159,-33
28,0,168,-32.744
41,0,172,-32.5174
39,0,167,-32.7844
35,0,172,-32.3547
42,0,148,-32.7027
24,0,183,-32.7923
25,0,163,-32.7301
41,0,176,-32.6648
44,0,194,-32.3557
42,0,192,-32.5833
44,0,182,-32.7088
23,0,232,-32.7198
37,0,161,-32.677
23,0,193,-32.6528
48,0,164,-32.061
41,0,187,-32.0909
31,0,191,-32.5602
21,0,162,-32.6296
39,0,191,-32.6806
40,0,176,-32.5057
35,0,148,-32.7568
22,0,114,-32.6667
31,0,167,-32.6108
26,0,150,-32.7933
34,0,168,-32.4643
28,3,191,-32.6021
48,0,172,-32.3605
24,0,195,-32.6513
48,0,158,-32.3291
37,0,182,-32.4176
32,0,168,-32.6667
23,4,299,-32.8127
55,0,175,-32.6457
55,7,179,-32.7374
48,0,164,-32.4146
25,0,145,-32.3034
46,5,181,-32.3481
33,0,146,-32.3082
35,0,203,-32.6502
21,0,179,-32.8045
44,0,93,-31.9892
55,0,172,-32.186
42,0,135,-32.3037
42,0,162,-32.5494
35,0,163,-32.5521
57,0,169,-32.1361
43,0,342,-32.5
36,0,152,-32.9145
29,0,165,-32.6848
46,0,168,-32.1845
54,0,178,-31.9157
37,2,148,-32.4527
40,0,158,-32.4873
25,0,244,-32.7705
42,0,172,-32.4942
67,0,182,-32.4945
31,0,147,-32.7007
25,0,154,-32.2922
35,0,169,-32.5621
52,0,153,-32.3856
43,0,194,-32.3093
67,0,164,-32.372
36,2,171,-32.5263
31,0,158,-32.7025
42,0,168,-32.2202
46,0,170,-32.3
35,0,148,-32.527
29,0,148,-32.6216
35,0,187,-32.3797
50,0,188,-32.3989
35,0,165,-32.5818
42,0,182,-32.9011
42,0,156,-32.5449
37,0,164,-32.628
37,1,155,-32.6258
37,0,173,-32.9017
24,0,139,-32.8849
28,0,194,-32.0619
51,0,177,-32.2486
70,0,188,-32.5798
43,0,153,-32.8105
49,0,163,-32.2454
68,0,363,-32.314
38,0,168,-32.4226
55,0,161,-32.1366
35,0,144,-32.6944
28,4,165,-32.8364
59,0,180,-32.2722
25,0,167,-32.479
40,0,95,-31.9579
53,0,172,-32.1163
57,0,175,-32.6114
24,6,153,-32.9673
27,0,169,-32.7988
37,0,158,-31.8924
42,0,174,-32.5345
21,0,179,-32.8659
35,0,287,-32.547
31,0,163,-32.3926
32,0,183,-32.5847
47,0,187,-32.5936
46,0,185,-32.1351
58,0,168,-32.3214
40,0,179,-32.4469
37,0,140,-32.6714
56,0,165,-32.4667
38,2,176,-32.767
39,0,135,-32.2148
31,0,154,-32.7662
50,0,159,-32.2893
40,0,156,-32.0705
43,0,179,-32.2849
32,0,122,-32.3443
29,0,182,-32.8901
26,2,164,-32.4207
33,0,166,-32.488
31,2,171,-32.1813
40,0,178,-32.2079
20,0,170,-32.3706
46,0,164,-32.4451
20,0,166,-32.5663
27,0,149,-32.7114
33,0,163,-32.319
24,0,155,-32.2903
22,0,179,-32.7654
39,0,192,-32.5365
23,0,156,-32.5
26,0,251,-32.6295
34,0,176,-32.3182
26,0,159,-32.1698
48,0,173,-32.3237
32,0,163,-32.4785
22,0,186,-32.6613
32,0,161,-32.1677
20,0,188,-32.7021
50,0,166,-32.2048
49,0,167,-32.6048
38,0,166,-32.6145
22,0,166,-32.8012
33,0,156,-32.6603
26,0,129,-32.7907
27,0,148,-32.6014
20,0,163,-32.6871
32,0,164,-32.2805
48,0,167,-32.6228
31,0,185,-32.7946
33,0,171,-32.6725
24,0,194,-32.6289
32,0,219,-32.6393
46,0,183,-32.3989
34,0,164,-32.3841
37,0,186,-32.5269
53,0,158,-32.4051
47,0,165,-32.1636
54,0,191,-32.2827
46,0,171,-32.5088
25,2,181,-32.5912
22,0,194,-32.8557
22,0,170,-32.2235
26,0,72,-32.1944
29,0,132,-32.3712
20,0,140,-32.85
25,0,189,-32.5238
32,0,152,-32.4803
29,0,173,-32.0809
49,0,183,-32.4863
36,0,180,-32.3333
27,0,172,-32.6105
23,0,144,-32.7778
49,0,172,-32.3895
29,0,185,-32.8054
44,0,188,-32.4362
42,0,171,-32.4971
27,0,147,-32.5646
40,0,162,-32.3951
20,0,174,-32.6724
41,2,170,-32.0765
37,0,187,-32.2139
29,0,146,-32.7877
43,0,197,-32.3807
26,0,171,-32.7135
29,0,192,-32.9479
20,0,158,-32.7595
34,0,179,-32.1117
28,1,171,-32.614
24,0,165,-32.7394
34,0,154,-32.5455
30,0,152,-32.3816
35,0,197,-32.5279
48,0,181,-32.3315
51,0,192,-32.6771
28,0,150,-32.5
52,0,164,-32.5854
31,0,182,-32.2033
26,0,159,-32.8365
48,0,188,-32.1223
37,0,356,-32.5393
27,0,195,-32.5077
59,0,156,-32.3654
28,0,175,-32.4514
26,0,175,-32.4229
21,1,128,-32.7109
27,0,146,-32.6233
42,0,161,-32.2112
43,0,122,-32.5492
45,0,203,-32.601
46,0,162,-32.3827
37,0,162,-32.821
35,0,176,-32.8466
46,0,171,-32.2865
21,0,168,-32.8274
51,0,184,-32.5435
33,0,166,-32.6747
34,0,181,-32.779
40,1,169,-32.6213
24,2,218,-32.4954
38,0,173,-32.5145
37,0,152,-32.2632
31,0,180,-32.4889
49,0,181,-32.4033
32,0,173,-32.5549
39,0,189,-32.3704
23,0,140,-32.8071
25,0,320,-32.875
31,0,146,-32.5342
34,0,151,-32.5629
38,0,166,-32.6386
57,0,187,-32.2781
50,0,350,-32.7286
34,0,174,-31.8563
35,0,163,-32.362
28,0,172,-32.8547
50,0,141,-32.2695
40,0,162,-32.5741
31,0,152,-32.3224
48,0,186,-32.1774
38,0,154,-32.4221
36,0,159,-32.7862
35,0,163,-32.5153
43,0,178,-32.3876
28,0,140,-32.7929
43,0,159,-32.3019
22,0,154,-32.6234
38,0,150,-32
35,0,160,-32.5688
41,0,167,-31.8563
58,0,170,-32.4706
42,0,168,-32.6964
35,0,159,-32.3082
56,0,157,-32.2548
35,0,161,-32.2857
45,0,169,-32.568
45,0,143,-32.5385
35,0,164,-32.75
30,0,173,-32.659
29,0,166,-31.6627
26,0,140,-32.8071
26,0,120,-32.45
27,0,152,-32.7039
32,0,160,-32.3813
22,0,163,-32.773
48,0,159,-32.3522
46,0,165,-31.9091
36,0,160,-32.525
38,0,165,-32.4121
34,0,144,-32.3125
28,0,178,-32.6629
59,0,178,-32.3652
27,0,158,-32.6646
30,0,150,-31.8733
43,0,144,-32.4236
26,0,147,-32.6939
50,0,156,-32.2885
37,0,141,-32.4894
33,0,150,-32.4867
48,0,160,-32.2313
22,0,124,-32.8629
28,0,292,-32.7877
48,0,149,-32.3423
44,0,184,-32.3098
41,0,154,-32.1234
48,0,168,-32.3095
63,0,185,-32.6216
34,0,163,-32.7301
31,0,154,-32.0714
23,1,166,-32.7048
28,0,136,-32.9485
21,0,147,-32.5714
23,0,175,-32.6057
29,0,173,-32.4798
57,0,174,-32.6092
26,0,142,-32.669
38,0,162,-32.5864
40,0,172,-32.5407
33,0,161,-32.8696
37,0,193,-32.3472
43,0,172,-32.4884
27,0,152,-32.3882
42,0,171,-32.7661
26,0,148,-33
65,0,194,-32.3763
41,0,167,-32.5749
35,0,159,-32.7107
39,0,177,-32.2034
41,0,174,-32.546
55,0,170,-32.3882
40,0,156,-32.2372
27,0,165,-32.8485
25,0,142,-32.5915
31,0,158,-32.3608
26,0,114,-32.9825
27,0,122,-31.9918
26,0,152,-32.5461
62,0,202,-32.401
43,0,175,-32.6171
35,0,157,-32.4586
27,0,178,-32.5225
24,0,171,-32.2222
27,0,199,-33
52,0,173,-32.5838
27,0,147,-32.8027
49,0,174,-32.6609
28,1,166,-32.5301
50,0,189,-32.0847
27,0,163,-32.9755
26,0,178,-32.8258
45,0,183,-32.1803
41,0,174,-32.4425
45,0,161,-32.3043
20,2,157,-32.7834
58,0,341,-32.5279
42,3,160,-31.9187
51,0,165,-31.6545
41,0,169,-32.574
40,0,176,-32.3125
31,0,158,-32.0316
49,2,196,-32.4694
53,2,179,-32.3631
28,0,168,-32.2857
31,0,140,-32.4143
24,0,156,-32.859
29,0,182,-32.5879
25,0,148,-32.4189
26,0,158,-32.9557
29,0,141,-33
23,0,153,-32.9216
36,0,182,-31.956
46,0,187,-32.754
37,0,171,-32.3509
26,0,157,-32.5223
22,0,177,-32.7006
43,2,176,-32.7614
32,2,171,-32.5263
55,0,156,-32.141
52,0,174,-32.4483
59,0,169,-32.1834
67,0,183,-31.9672
53,0,172,-32.3314
69,0,170,-32.0294
59,0,130,-32.6846
52,0,199,-32.2613
61,0,165,-32.0788
34,0,160,-32.2313
86,0,190,-32.3053
85,0,177,-32.0339
73,0,185,-32.7459
40,0,138,-32.6449
67,0,236,-32.3263
79,0,195,-32.2821
69,0,204,-32.299
41,0,174,-32.4195
64,0,178,-32.3315
49,0,159,-32.2767
68,0,191,-31.9581
40,0,254,-32.4449
73,0,191,-32.4031
48,0,152,-31.3882
60,0,181,-32.5028
44,0,163,-32.3804
43,0,148,-32.2432
32,0,208,-32.7308
30,0,186,-32.586
51,0,163,-32.5521
53,0,180,-32.6889
61,0,179,-32.095
24,0,168,-32.506
29,0,171,-32
26,1,321,-32.6729
28,1,172,-32.8779
64,0,168,-32.5952
58,0,159,-31.8931
55,0,173,-32.474
71,0,181,-32.5028
62,0,191,-32.1518
60,0,176,-32.1989
38,0,176,-32.733
35,0,153,-31.7451
38,0,148,-32.4054
58,0,193,-32.4663
60,0,155,-32.5226
89,0,182,-32.2308
58,0,186,-32.4677
57,0,182,-32.4615
68,0,178,-32.0506
80,0,175,-32.16
35,0,168,-32.4405
49,0,164,-31.8659
53,0,184,-32.5217
34,0,170,-32.5353
59,0,194,-32.2887
47,0,174,-32.4713
29,0,158,-31.6392
69,0,170,-32.3706
66,0,156,-32.2115
53,0,186,-32.5215
49,0,155,-32.3032
41,0,196,-32.7398
65,0,182,-32.2473
52,0,198,-32.6364
55,0,153,-32.0523
53,0,162,-32.5
56,0,155,-32.4
89,0,183,-32.3443
62,0,189,-32.1693
66,0,175,-32.0457
56,0,149,-32.3758
57,0,151,-32.4437
67,0,187,-32.5401
57,0,179,-32.1788
49,0,160,-32.2687
49,0,190,-32.2789
45,0,176,-32.6534
53,0,161,-32.5528
49,0,172,-32.3547
42,0,151,-32.0795
59,0,163,-32.4356
42,0,167,-32.6826
77,0,184,-32.6359
62,0,166,-32.3313
62,0,185,-32.3514
65,0,177,-32.1638
35,0,138,-32.9058
68,0,176,-32.0568
71,0,186,-32.4516
64,0,200,-31.82
47,0,151,-32.5563
69,0,170,-32.0765
20,0,125,-32.608
55,0,164,-32.1159
45,0,166,-32.5663
60,0,204,-32.7255
41,0,195,-32.5231
78,0,181,-32.0276
49,0,166,-32.5241
75,0,168,-32.3929
51,0,178,-32.4494
60,0,170,-32.3588
51,0,172,-32.7384
29,0,179,-32.5922
61,0,178,-32.073
69,0,193,-32.4197
57,0,172,-32.1453
50,0,153,-31.915
67,0,183,-32.153
33,0,163,-32.8405
31,0,162,-32.8086
48,0,197,-32.4365
33,0,173,-32.6185
29,0,183,-32.3989
44,0,184,-32.4185
37,0,179,-32.3687
29,0,160,-32.6313
83,0,180,-32.0889
51,0,153,-32.6209
77,0,189,-31.8995
30,0,175,-32.7314
79,0,197,-32.2893
95,0,181,-32.3149
65,0,175,-32.32
51,0,165,-32.4121
82,0,183,-32.1639
72,0,152,-32.2566
82,0,172,-32.0988
62,0,178,-32.6798
78,0,167,-32.3293
47,0,195,-32.3795
44,0,175,-32.56
82,0,186,-32.0968
64,0,170,-32.0706
34,0,148,-31.9797
81,0,182,-32.044
68,0,176,-32.4205
49,0,181,-31.989
80,0,193,-32.2383
75,0,189,-32.381
72,0,189,-32.3968
62,0,157,-32.3503
70,0,186,-32.5108
64,0,201,-32.0398
28,0,176,-32.608
73,0,178,-31.8034
65,0,171,-32.5263
60,0,157,-32.2994
22,0,157,-32.5732
49,0,174,-32.6724
41,0,134,-32.5448
60,0,179,-32.5419
68,0,186,-32.629
64,0,167,-32.1737
48,0,163,-31.9571
44,0,176,-32.0398
82,0,188,-32.2021
57,0,172,-32.6163
37,0,173,-32.5723
80,0,183,-32.3388
79,0,189,-32.455
20,0,158,-32.943
78,0,201,-32.3134
23,0,194,-32.6907
41,0,194,-32.6701
55,0,186,-32.5484
61,0,177,-32.2599
69,0,171,-32.2515
40,0,164,-32.622
52,0,159,-32.1447
50,0,166,-32.1024
75,0,160,-32.475
54,0,173,-32.2832
57,0,161,-32.2733
65,0,187,-32.3957
55,0,175,-32.5257
35,0,164,-32.3476
74,0,171,-32.4269
39,0,131,-32.4885
62,0,195,-32.5949
57,0,191,-32.356
36,0,160,-32.5688
55,0,180,-31.9667
62,0,176,-32.4545
83,0,211,-32.1185
47,0,163,-32.5706
59,0,164,-32.6341
21,0,165,-32.5879
